"../../../Engine/Plugins/2D/Paper2D/Content/PlaceholderTextures/DummySpriteTexture.ubulk" 0
"../../../Engine/Plugins/2D/Paper2D/Content/PlaceholderTextures/DummySpriteTexture.uasset" 1
"../../../Engine/Plugins/2D/Paper2D/Content/PlaceholderTextures/DummySpriteTexture.uexp" 2
"../../../Engine/Plugins/2D/Paper2D/Content/DummySprite.uasset" 3
"../../../Engine/Plugins/2D/Paper2D/Content/DummySprite.uexp" 4
"../../../Engine/Plugins/2D/Paper2D/Content/DefaultPaperTerrainMaterial.uasset" 5
"../../../Engine/Plugins/2D/Paper2D/Content/DefaultPaperTerrainMaterial.uexp" 6
"../../../Engine/Plugins/Animation/ACLPlugin/Content/ACLAnimBoneCompressionSettings.uasset" 7
"../../../Engine/Plugins/Animation/ACLPlugin/Content/ACLAnimBoneCompressionSettings.uexp" 8
"../../../Engine/Content/Animation/DefaultRecorderBoneCompression.uasset" 9
"../../../Engine/Content/Animation/DefaultRecorderBoneCompression.uexp" 10
"../../../Engine/Plugins/Interchange/Runtime/Content/Pipelines/DefaultTexturePipeline.uasset" 11
"../../../Engine/Plugins/Interchange/Runtime/Content/Pipelines/DefaultTexturePipeline.uexp" 12
"../../../Engine/Plugins/Interchange/Runtime/Content/Pipelines/DefaultSceneLevelPipeline.uasset" 13
"../../../Engine/Plugins/Interchange/Runtime/Content/Pipelines/DefaultSceneLevelPipeline.uexp" 14
"../../../Engine/Plugins/Interchange/Runtime/Content/Pipelines/DefaultSceneAssetsPipeline.uasset" 15
"../../../Engine/Plugins/Interchange/Runtime/Content/Pipelines/DefaultSceneAssetsPipeline.uexp" 16
"../../../Engine/Plugins/Interchange/Runtime/Content/Pipelines/DefaultMaterialXPipeline.uasset" 17
"../../../Engine/Plugins/Interchange/Runtime/Content/Pipelines/DefaultMaterialXPipeline.uexp" 18
"../../../Engine/Plugins/Interchange/Runtime/Content/Pipelines/DefaultMaterialPipeline.uasset" 19
"../../../Engine/Plugins/Interchange/Runtime/Content/Pipelines/DefaultMaterialPipeline.uexp" 20
"../../../Engine/Plugins/Interchange/Runtime/Content/Pipelines/DefaultGLTFSceneAssetsPipeline.uasset" 21
"../../../Engine/Plugins/Interchange/Runtime/Content/Pipelines/DefaultGLTFSceneAssetsPipeline.uexp" 22
"../../../Engine/Plugins/Interchange/Runtime/Content/Pipelines/DefaultGLTFPipeline.uasset" 23
"../../../Engine/Plugins/Interchange/Runtime/Content/Pipelines/DefaultGLTFPipeline.uexp" 24
"../../../Engine/Plugins/Interchange/Runtime/Content/Pipelines/DefaultGLTFAssetsPipeline.uasset" 25
"../../../Engine/Plugins/Interchange/Runtime/Content/Pipelines/DefaultGLTFAssetsPipeline.uexp" 26
"../../../Engine/Plugins/Interchange/Runtime/Content/Pipelines/DefaultAssetsPipeline.uasset" 27
"../../../Engine/Plugins/Interchange/Runtime/Content/Pipelines/DefaultAssetsPipeline.uexp" 28
"../../../Engine/Plugins/Experimental/Water/Content/Waves/GerstnerWaves_Ocean.uasset" 29
"../../../Engine/Plugins/Experimental/Water/Content/Waves/GerstnerWaves_Ocean.uexp" 30
"../../../Engine/Plugins/Experimental/Water/Content/Waves/GerstnerWaves_Lake.uasset" 31
"../../../Engine/Plugins/Experimental/Water/Content/Waves/GerstnerWaves_Lake.uexp" 32
"../../../Engine/Content/EngineSounds/Master.uasset" 33
"../../../Engine/Content/EngineSounds/Master.uexp" 34
"../../../Engine/Content/EngineMaterials/DefaultDestructiblePhysicalMaterial.uasset" 35
"../../../Engine/Content/EngineMaterials/DefaultDestructiblePhysicalMaterial.uexp" 36
"../../../Engine/Content/EngineFonts/Faces/DroidSansFallback.uexp" 37
"../../../Engine/Content/EngineFonts/Faces/DroidSansFallback.uasset" 38
"../../../Engine/Content/EngineFonts/Faces/DroidSansFallback.ufont" 39
"../../../Engine/Content/EngineFonts/Faces/RobotoBold.uexp" 40
"../../../Engine/Content/EngineFonts/Faces/RobotoBold.uasset" 41
"../../../Engine/Content/EngineFonts/Faces/RobotoBold.ufont" 42
"../../../Engine/Content/EngineFonts/Faces/RobotoBoldItalic.uexp" 43
"../../../Engine/Content/EngineFonts/Faces/RobotoBoldItalic.uasset" 44
"../../../Engine/Content/EngineFonts/Faces/RobotoBoldItalic.ufont" 45
"../../../Engine/Content/EngineFonts/Faces/RobotoItalic.uexp" 46
"../../../Engine/Content/EngineFonts/Faces/RobotoItalic.uasset" 47
"../../../Engine/Content/EngineFonts/Faces/RobotoItalic.ufont" 48
"../../../Engine/Content/EngineFonts/Faces/RobotoLight.uexp" 49
"../../../Engine/Content/EngineFonts/Faces/RobotoLight.uasset" 50
"../../../Engine/Content/EngineFonts/Faces/RobotoLight.ufont" 51
"../../../Engine/Content/EngineFonts/Faces/RobotoRegular.uexp" 52
"../../../Engine/Content/EngineFonts/Faces/RobotoRegular.uasset" 53
"../../../Engine/Content/EngineFonts/Faces/RobotoRegular.ufont" 54
"../../../Engine/Content/EngineFonts/Roboto.uasset" 55
"../../../Engine/Content/EngineFonts/Roboto.uexp" 56
"../../../Engine/Content/EngineFonts/Faces/DroidSansMono.uexp" 57
"../../../Engine/Content/EngineFonts/Faces/DroidSansMono.uasset" 58
"../../../Engine/Content/EngineFonts/Faces/DroidSansMono.ufont" 59
"../../../Engine/Content/EngineFonts/DroidSansMono.uasset" 60
"../../../Engine/Content/EngineFonts/DroidSansMono.uexp" 61
"../../../Engine/Content/EngineMaterials/Good64x64TilingNoiseHighFreq.uasset" 62
"../../../Engine/Content/EngineMaterials/Good64x64TilingNoiseHighFreq.uexp" 63
"../../../Engine/Content/Functions/Engine_MaterialFunctions02/Texturing/ScreenAlignedPixelToPixelUVs.uasset" 64
"../../../Engine/Content/Functions/Engine_MaterialFunctions02/Texturing/ScreenAlignedPixelToPixelUVs.uexp" 65
"../../../Engine/Content/Functions/Engine_MaterialFunctions02/Utility/DitherTemporalAA.uasset" 66
"../../../Engine/Content/Functions/Engine_MaterialFunctions02/Utility/DitherTemporalAA.uexp" 67
"D:/CodingProjects/Game Project/WeLeftTheLightsOn/Content/Stylized_Tree_Pack/Wind/MP_Wind.uasset" 68
"D:/CodingProjects/Game Project/WeLeftTheLightsOn/Content/Stylized_Tree_Pack/Wind/MP_Wind.uexp" 69
"D:/CodingProjects/Game Project/WeLeftTheLightsOn/Content/Stylized_Tree_Pack/Textures/T_Snow_Normal.ubulk" 70
"D:/CodingProjects/Game Project/WeLeftTheLightsOn/Content/Stylized_Tree_Pack/Textures/T_Snow_Normal.uasset" 71
"D:/CodingProjects/Game Project/WeLeftTheLightsOn/Content/Stylized_Tree_Pack/Textures/T_Snow_Normal.uexp" 72
"D:/CodingProjects/Game Project/WeLeftTheLightsOn/Content/Stylized_Tree_Pack/Textures/T_Moss_Normal.ubulk" 73
"D:/CodingProjects/Game Project/WeLeftTheLightsOn/Content/Stylized_Tree_Pack/Textures/T_Moss_Normal.uasset" 74
"D:/CodingProjects/Game Project/WeLeftTheLightsOn/Content/Stylized_Tree_Pack/Textures/T_Moss_Normal.uexp" 75
"../../../Engine/Content/Functions/Engine_MaterialFunctions01/AlphaBlend/WorldAlignedBlend.uasset" 76
"../../../Engine/Content/Functions/Engine_MaterialFunctions01/AlphaBlend/WorldAlignedBlend.uexp" 77
"D:/CodingProjects/Game Project/WeLeftTheLightsOn/Content/Stylized_Tree_Pack/Textures/Stylized_Bark_Texture/T_Stylized_Bark_1_NORM.ubulk" 78
"D:/CodingProjects/Game Project/WeLeftTheLightsOn/Content/Stylized_Tree_Pack/Textures/Stylized_Bark_Texture/T_Stylized_Bark_1_NORM.uasset" 79
"D:/CodingProjects/Game Project/WeLeftTheLightsOn/Content/Stylized_Tree_Pack/Textures/Stylized_Bark_Texture/T_Stylized_Bark_1_NORM.uexp" 80
"D:/CodingProjects/Game Project/WeLeftTheLightsOn/Content/Stylized_Tree_Pack/Textures/Stylized_Bark_Texture/T_Stylized_Bark_1_COLOR.ubulk" 81
"D:/CodingProjects/Game Project/WeLeftTheLightsOn/Content/Stylized_Tree_Pack/Textures/Stylized_Bark_Texture/T_Stylized_Bark_1_COLOR.uasset" 82
"D:/CodingProjects/Game Project/WeLeftTheLightsOn/Content/Stylized_Tree_Pack/Textures/Stylized_Bark_Texture/T_Stylized_Bark_1_COLOR.uexp" 83
"D:/CodingProjects/Game Project/WeLeftTheLightsOn/Content/Stylized_Tree_Pack/Materials/Master_Materials/M_Bark.uasset" 84
"D:/CodingProjects/Game Project/WeLeftTheLightsOn/Content/Stylized_Tree_Pack/Materials/Master_Materials/M_Bark.uexp" 85
"D:/CodingProjects/Game Project/WeLeftTheLightsOn/Content/Stylized_Tree_Pack/Materials/Material_Instances/Bark/MI_Bark_04.uasset" 86
"D:/CodingProjects/Game Project/WeLeftTheLightsOn/Content/Stylized_Tree_Pack/Materials/Material_Instances/Bark/MI_Bark_04.uexp" 87
"../../../Engine/Content/Functions/Engine_MaterialFunctions02/Utility/BreakOutFloat2Components.uasset" 88
"../../../Engine/Content/Functions/Engine_MaterialFunctions02/Utility/BreakOutFloat2Components.uexp" 89
"../../../Engine/Content/Functions/Engine_MaterialFunctions02/Utility/MakeFloat3.uasset" 90
"../../../Engine/Content/Functions/Engine_MaterialFunctions02/Utility/MakeFloat3.uexp" 91
"../../../Engine/Content/Functions/Engine_MaterialFunctions02/Utility/VectorLength.uasset" 92
"../../../Engine/Content/Functions/Engine_MaterialFunctions02/Utility/VectorLength.uexp" 93
"../../../Engine/Content/Functions/Engine_MaterialFunctions01/WorldPositionOffset/SimpleGrassWind.uasset" 94
"../../../Engine/Content/Functions/Engine_MaterialFunctions01/WorldPositionOffset/SimpleGrassWind.uexp" 95
"../../../Engine/Content/Functions/Engine_MaterialFunctions02/WorldPositionOffset/ObjectPivotPoint.uasset" 96
"../../../Engine/Content/Functions/Engine_MaterialFunctions02/WorldPositionOffset/ObjectPivotPoint.uexp" 97
"D:/CodingProjects/Game Project/WeLeftTheLightsOn/Content/Stylized_Tree_Pack/Textures/T_WhiteBlack_Gradient.ubulk" 98
"D:/CodingProjects/Game Project/WeLeftTheLightsOn/Content/Stylized_Tree_Pack/Textures/T_WhiteBlack_Gradient.uasset" 99
"D:/CodingProjects/Game Project/WeLeftTheLightsOn/Content/Stylized_Tree_Pack/Textures/T_WhiteBlack_Gradient.uexp" 100
"D:/CodingProjects/Game Project/WeLeftTheLightsOn/Content/Stylized_Tree_Pack/Textures/Leaf_Textures/T_Leaf_Texture_Willow.ubulk" 101
"D:/CodingProjects/Game Project/WeLeftTheLightsOn/Content/Stylized_Tree_Pack/Textures/Leaf_Textures/T_Leaf_Texture_Willow.uasset" 102
"D:/CodingProjects/Game Project/WeLeftTheLightsOn/Content/Stylized_Tree_Pack/Textures/Leaf_Textures/T_Leaf_Texture_Willow.uexp" 103
"D:/CodingProjects/Game Project/WeLeftTheLightsOn/Content/Stylized_Tree_Pack/Materials/Master_Materials/M_Leaf.uasset" 104
"D:/CodingProjects/Game Project/WeLeftTheLightsOn/Content/Stylized_Tree_Pack/Materials/Master_Materials/M_Leaf.uexp" 105
"D:/CodingProjects/Game Project/WeLeftTheLightsOn/Content/Stylized_Tree_Pack/Textures/Leaf_Textures/T_Leaf_Texture_Joshua.ubulk" 106
"D:/CodingProjects/Game Project/WeLeftTheLightsOn/Content/Stylized_Tree_Pack/Textures/Leaf_Textures/T_Leaf_Texture_Joshua.uasset" 107
"D:/CodingProjects/Game Project/WeLeftTheLightsOn/Content/Stylized_Tree_Pack/Textures/Leaf_Textures/T_Leaf_Texture_Joshua.uexp" 108
"D:/CodingProjects/Game Project/WeLeftTheLightsOn/Content/Stylized_Tree_Pack/Materials/Material_Instances/Joshua/MI_Leaf_Joshua_02.uasset" 109
"D:/CodingProjects/Game Project/WeLeftTheLightsOn/Content/Stylized_Tree_Pack/Materials/Material_Instances/Joshua/MI_Leaf_Joshua_02.uexp" 110
"D:/CodingProjects/Game Project/WeLeftTheLightsOn/Content/Stylized_Tree_Pack/Meshes/Joshua/SM_Stylized_Tree_Joshua_10.ubulk" 111
"D:/CodingProjects/Game Project/WeLeftTheLightsOn/Content/Stylized_Tree_Pack/Meshes/Joshua/SM_Stylized_Tree_Joshua_10.uasset" 112
"D:/CodingProjects/Game Project/WeLeftTheLightsOn/Content/Stylized_Tree_Pack/Meshes/Joshua/SM_Stylized_Tree_Joshua_10.uexp" 113
"D:/CodingProjects/Game Project/WeLeftTheLightsOn/Content/Stylized_Tree_Pack/Meshes/Joshua/SM_Stylized_Tree_Joshua_10_FoliageType.uasset" 114
"D:/CodingProjects/Game Project/WeLeftTheLightsOn/Content/Stylized_Tree_Pack/Meshes/Joshua/SM_Stylized_Tree_Joshua_10_FoliageType.uexp" 115
"D:/CodingProjects/Game Project/WeLeftTheLightsOn/Content/Stylized_Tree_Pack/Materials/Material_Instances/Bark/MI_Bark_01.uasset" 116
"D:/CodingProjects/Game Project/WeLeftTheLightsOn/Content/Stylized_Tree_Pack/Materials/Material_Instances/Bark/MI_Bark_01.uexp" 117
"D:/CodingProjects/Game Project/WeLeftTheLightsOn/Content/Stylized_Tree_Pack/Materials/Material_Instances/Joshua/MI_Leaf_Joshua_03.uasset" 118
"D:/CodingProjects/Game Project/WeLeftTheLightsOn/Content/Stylized_Tree_Pack/Materials/Material_Instances/Joshua/MI_Leaf_Joshua_03.uexp" 119
"D:/CodingProjects/Game Project/WeLeftTheLightsOn/Content/Stylized_Tree_Pack/Meshes/Joshua/SM_Stylized_Tree_Joshua_09.ubulk" 120
"D:/CodingProjects/Game Project/WeLeftTheLightsOn/Content/Stylized_Tree_Pack/Meshes/Joshua/SM_Stylized_Tree_Joshua_09.uasset" 121
"D:/CodingProjects/Game Project/WeLeftTheLightsOn/Content/Stylized_Tree_Pack/Meshes/Joshua/SM_Stylized_Tree_Joshua_09.uexp" 122
"D:/CodingProjects/Game Project/WeLeftTheLightsOn/Content/Stylized_Tree_Pack/Meshes/Joshua/SM_Stylized_Tree_Joshua_09_FoliageType.uasset" 123
"D:/CodingProjects/Game Project/WeLeftTheLightsOn/Content/Stylized_Tree_Pack/Meshes/Joshua/SM_Stylized_Tree_Joshua_09_FoliageType.uexp" 124
"D:/CodingProjects/Game Project/WeLeftTheLightsOn/Content/Stylized_Tree_Pack/Materials/Material_Instances/Joshua/MI_Leaf_Joshua_04.uasset" 125
"D:/CodingProjects/Game Project/WeLeftTheLightsOn/Content/Stylized_Tree_Pack/Materials/Material_Instances/Joshua/MI_Leaf_Joshua_04.uexp" 126
"D:/CodingProjects/Game Project/WeLeftTheLightsOn/Content/Stylized_Tree_Pack/Meshes/Joshua/SM_Stylized_Tree_Joshua_08.ubulk" 127
"D:/CodingProjects/Game Project/WeLeftTheLightsOn/Content/Stylized_Tree_Pack/Meshes/Joshua/SM_Stylized_Tree_Joshua_08.uasset" 128
"D:/CodingProjects/Game Project/WeLeftTheLightsOn/Content/Stylized_Tree_Pack/Meshes/Joshua/SM_Stylized_Tree_Joshua_08.uexp" 129
"D:/CodingProjects/Game Project/WeLeftTheLightsOn/Content/Stylized_Tree_Pack/Meshes/Joshua/SM_Stylized_Tree_Joshua_08_FoliageType.uasset" 130
"D:/CodingProjects/Game Project/WeLeftTheLightsOn/Content/Stylized_Tree_Pack/Meshes/Joshua/SM_Stylized_Tree_Joshua_08_FoliageType.uexp" 131
"D:/CodingProjects/Game Project/WeLeftTheLightsOn/Content/Stylized_Tree_Pack/Materials/Material_Instances/Bark/MI_Bark_02.uasset" 132
"D:/CodingProjects/Game Project/WeLeftTheLightsOn/Content/Stylized_Tree_Pack/Materials/Material_Instances/Bark/MI_Bark_02.uexp" 133
"D:/CodingProjects/Game Project/WeLeftTheLightsOn/Content/Stylized_Tree_Pack/Meshes/Joshua/SM_Stylized_Tree_Joshua_07.ubulk" 134
"D:/CodingProjects/Game Project/WeLeftTheLightsOn/Content/Stylized_Tree_Pack/Meshes/Joshua/SM_Stylized_Tree_Joshua_07.uasset" 135
"D:/CodingProjects/Game Project/WeLeftTheLightsOn/Content/Stylized_Tree_Pack/Meshes/Joshua/SM_Stylized_Tree_Joshua_07.uexp" 136
"D:/CodingProjects/Game Project/WeLeftTheLightsOn/Content/Stylized_Tree_Pack/Meshes/Joshua/SM_Stylized_Tree_Joshua_07_FoliageType.uasset" 137
"D:/CodingProjects/Game Project/WeLeftTheLightsOn/Content/Stylized_Tree_Pack/Meshes/Joshua/SM_Stylized_Tree_Joshua_07_FoliageType.uexp" 138
"D:/CodingProjects/Game Project/WeLeftTheLightsOn/Content/Stylized_Tree_Pack/Materials/Material_Instances/Joshua/MI_Leaf_Joshua_05.uasset" 139
"D:/CodingProjects/Game Project/WeLeftTheLightsOn/Content/Stylized_Tree_Pack/Materials/Material_Instances/Joshua/MI_Leaf_Joshua_05.uexp" 140
"D:/CodingProjects/Game Project/WeLeftTheLightsOn/Content/Stylized_Tree_Pack/Meshes/Joshua/SM_Stylized_Tree_Joshua_06.ubulk" 141
"D:/CodingProjects/Game Project/WeLeftTheLightsOn/Content/Stylized_Tree_Pack/Meshes/Joshua/SM_Stylized_Tree_Joshua_06.uasset" 142
"D:/CodingProjects/Game Project/WeLeftTheLightsOn/Content/Stylized_Tree_Pack/Meshes/Joshua/SM_Stylized_Tree_Joshua_06.uexp" 143
"D:/CodingProjects/Game Project/WeLeftTheLightsOn/Content/Stylized_Tree_Pack/Meshes/Joshua/SM_Stylized_Tree_Joshua_06_FoliageType.uasset" 144
"D:/CodingProjects/Game Project/WeLeftTheLightsOn/Content/Stylized_Tree_Pack/Meshes/Joshua/SM_Stylized_Tree_Joshua_06_FoliageType.uexp" 145
"D:/CodingProjects/Game Project/WeLeftTheLightsOn/Content/Stylized_Tree_Pack/Meshes/Joshua/SM_Stylized_Tree_Joshua_05.ubulk" 146
"D:/CodingProjects/Game Project/WeLeftTheLightsOn/Content/Stylized_Tree_Pack/Meshes/Joshua/SM_Stylized_Tree_Joshua_05.uasset" 147
"D:/CodingProjects/Game Project/WeLeftTheLightsOn/Content/Stylized_Tree_Pack/Meshes/Joshua/SM_Stylized_Tree_Joshua_05.uexp" 148
"D:/CodingProjects/Game Project/WeLeftTheLightsOn/Content/Stylized_Tree_Pack/Meshes/Joshua/SM_Stylized_Tree_Joshua_05_FoliageType.uasset" 149
"D:/CodingProjects/Game Project/WeLeftTheLightsOn/Content/Stylized_Tree_Pack/Meshes/Joshua/SM_Stylized_Tree_Joshua_05_FoliageType.uexp" 150
"D:/CodingProjects/Game Project/WeLeftTheLightsOn/Content/Stylized_Tree_Pack/Meshes/Joshua/SM_Stylized_Tree_Joshua_04.ubulk" 151
"D:/CodingProjects/Game Project/WeLeftTheLightsOn/Content/Stylized_Tree_Pack/Meshes/Joshua/SM_Stylized_Tree_Joshua_04.uasset" 152
"D:/CodingProjects/Game Project/WeLeftTheLightsOn/Content/Stylized_Tree_Pack/Meshes/Joshua/SM_Stylized_Tree_Joshua_04.uexp" 153
"D:/CodingProjects/Game Project/WeLeftTheLightsOn/Content/Stylized_Tree_Pack/Meshes/Joshua/SM_Stylized_Tree_Joshua_04_FoliageType.uasset" 154
"D:/CodingProjects/Game Project/WeLeftTheLightsOn/Content/Stylized_Tree_Pack/Meshes/Joshua/SM_Stylized_Tree_Joshua_04_FoliageType.uexp" 155
"D:/CodingProjects/Game Project/WeLeftTheLightsOn/Content/Stylized_Tree_Pack/Meshes/Joshua/SM_Stylized_Tree_Joshua_03.ubulk" 156
"D:/CodingProjects/Game Project/WeLeftTheLightsOn/Content/Stylized_Tree_Pack/Meshes/Joshua/SM_Stylized_Tree_Joshua_03.uasset" 157
"D:/CodingProjects/Game Project/WeLeftTheLightsOn/Content/Stylized_Tree_Pack/Meshes/Joshua/SM_Stylized_Tree_Joshua_03.uexp" 158
"D:/CodingProjects/Game Project/WeLeftTheLightsOn/Content/Stylized_Tree_Pack/Meshes/Joshua/SM_Stylized_Tree_Joshua_03_FoliageType.uasset" 159
"D:/CodingProjects/Game Project/WeLeftTheLightsOn/Content/Stylized_Tree_Pack/Meshes/Joshua/SM_Stylized_Tree_Joshua_03_FoliageType.uexp" 160
"D:/CodingProjects/Game Project/WeLeftTheLightsOn/Content/Stylized_Tree_Pack/Meshes/Joshua/SM_Stylized_Tree_Joshua_02.ubulk" 161
"D:/CodingProjects/Game Project/WeLeftTheLightsOn/Content/Stylized_Tree_Pack/Meshes/Joshua/SM_Stylized_Tree_Joshua_02.uasset" 162
"D:/CodingProjects/Game Project/WeLeftTheLightsOn/Content/Stylized_Tree_Pack/Meshes/Joshua/SM_Stylized_Tree_Joshua_02.uexp" 163
"D:/CodingProjects/Game Project/WeLeftTheLightsOn/Content/Stylized_Tree_Pack/Meshes/Joshua/SM_Stylized_Tree_Joshua_02_FoliageType.uasset" 164
"D:/CodingProjects/Game Project/WeLeftTheLightsOn/Content/Stylized_Tree_Pack/Meshes/Joshua/SM_Stylized_Tree_Joshua_02_FoliageType.uexp" 165
"D:/CodingProjects/Game Project/WeLeftTheLightsOn/Content/Stylized_Tree_Pack/Materials/Material_Instances/Joshua/MI_Leaf_Joshua_01.uasset" 166
"D:/CodingProjects/Game Project/WeLeftTheLightsOn/Content/Stylized_Tree_Pack/Materials/Material_Instances/Joshua/MI_Leaf_Joshua_01.uexp" 167
"D:/CodingProjects/Game Project/WeLeftTheLightsOn/Content/Stylized_Tree_Pack/Meshes/Joshua/SM_Stylized_Tree_Joshua_01.ubulk" 168
"D:/CodingProjects/Game Project/WeLeftTheLightsOn/Content/Stylized_Tree_Pack/Meshes/Joshua/SM_Stylized_Tree_Joshua_01.uasset" 169
"D:/CodingProjects/Game Project/WeLeftTheLightsOn/Content/Stylized_Tree_Pack/Meshes/Joshua/SM_Stylized_Tree_Joshua_01.uexp" 170
"D:/CodingProjects/Game Project/WeLeftTheLightsOn/Content/Stylized_Tree_Pack/Meshes/Joshua/SM_Stylized_Tree_Joshua_01_FoliageType.uasset" 171
"D:/CodingProjects/Game Project/WeLeftTheLightsOn/Content/Stylized_Tree_Pack/Meshes/Joshua/SM_Stylized_Tree_Joshua_01_FoliageType.uexp" 172
"D:/CodingProjects/Game Project/WeLeftTheLightsOn/Content/Stylized_Tree_Pack/Materials/Material_Instances/Bark/MI_Bark_03.uasset" 173
"D:/CodingProjects/Game Project/WeLeftTheLightsOn/Content/Stylized_Tree_Pack/Materials/Material_Instances/Bark/MI_Bark_03.uexp" 174
"D:/CodingProjects/Game Project/WeLeftTheLightsOn/Content/Stylized_Tree_Pack/Materials/Material_Instances/Willow/MI_Leaf_Willow_02.uasset" 175
"D:/CodingProjects/Game Project/WeLeftTheLightsOn/Content/Stylized_Tree_Pack/Materials/Material_Instances/Willow/MI_Leaf_Willow_02.uexp" 176
"D:/CodingProjects/Game Project/WeLeftTheLightsOn/Content/Stylized_Tree_Pack/Meshes/Willow/SM_Stylized_Tree_Willow_10.ubulk" 177
"D:/CodingProjects/Game Project/WeLeftTheLightsOn/Content/Stylized_Tree_Pack/Meshes/Willow/SM_Stylized_Tree_Willow_10.uasset" 178
"D:/CodingProjects/Game Project/WeLeftTheLightsOn/Content/Stylized_Tree_Pack/Meshes/Willow/SM_Stylized_Tree_Willow_10.uexp" 179
"D:/CodingProjects/Game Project/WeLeftTheLightsOn/Content/Stylized_Tree_Pack/Meshes/Willow/SM_Stylized_Tree_Willow_10_FoliageType.uasset" 180
"D:/CodingProjects/Game Project/WeLeftTheLightsOn/Content/Stylized_Tree_Pack/Meshes/Willow/SM_Stylized_Tree_Willow_10_FoliageType.uexp" 181
"D:/CodingProjects/Game Project/WeLeftTheLightsOn/Content/Stylized_Tree_Pack/Materials/Material_Instances/Willow/MI_Leaf_Willow_03.uasset" 182
"D:/CodingProjects/Game Project/WeLeftTheLightsOn/Content/Stylized_Tree_Pack/Materials/Material_Instances/Willow/MI_Leaf_Willow_03.uexp" 183
"D:/CodingProjects/Game Project/WeLeftTheLightsOn/Content/Stylized_Tree_Pack/Meshes/Willow/SM_Stylized_Tree_Willow_09.ubulk" 184
"D:/CodingProjects/Game Project/WeLeftTheLightsOn/Content/Stylized_Tree_Pack/Meshes/Willow/SM_Stylized_Tree_Willow_09.uasset" 185
"D:/CodingProjects/Game Project/WeLeftTheLightsOn/Content/Stylized_Tree_Pack/Meshes/Willow/SM_Stylized_Tree_Willow_09.uexp" 186
"D:/CodingProjects/Game Project/WeLeftTheLightsOn/Content/Stylized_Tree_Pack/Meshes/Willow/SM_Stylized_Tree_Willow_09_FoliageType.uasset" 187
"D:/CodingProjects/Game Project/WeLeftTheLightsOn/Content/Stylized_Tree_Pack/Meshes/Willow/SM_Stylized_Tree_Willow_09_FoliageType.uexp" 188
"D:/CodingProjects/Game Project/WeLeftTheLightsOn/Content/Stylized_Tree_Pack/Meshes/Willow/SM_Stylized_Tree_Willow_08.ubulk" 189
"D:/CodingProjects/Game Project/WeLeftTheLightsOn/Content/Stylized_Tree_Pack/Meshes/Willow/SM_Stylized_Tree_Willow_08.uasset" 190
"D:/CodingProjects/Game Project/WeLeftTheLightsOn/Content/Stylized_Tree_Pack/Meshes/Willow/SM_Stylized_Tree_Willow_08.uexp" 191
"D:/CodingProjects/Game Project/WeLeftTheLightsOn/Content/Stylized_Tree_Pack/Meshes/Willow/SM_Stylized_Tree_Willow_08_FoliageType.uasset" 192
"D:/CodingProjects/Game Project/WeLeftTheLightsOn/Content/Stylized_Tree_Pack/Meshes/Willow/SM_Stylized_Tree_Willow_08_FoliageType.uexp" 193
"D:/CodingProjects/Game Project/WeLeftTheLightsOn/Content/Stylized_Tree_Pack/Materials/Material_Instances/Willow/MI_Leaf_Willow_01.uasset" 194
"D:/CodingProjects/Game Project/WeLeftTheLightsOn/Content/Stylized_Tree_Pack/Materials/Material_Instances/Willow/MI_Leaf_Willow_01.uexp" 195
"D:/CodingProjects/Game Project/WeLeftTheLightsOn/Content/Stylized_Tree_Pack/Meshes/Willow/SM_Stylized_Tree_Willow_07.ubulk" 196
"D:/CodingProjects/Game Project/WeLeftTheLightsOn/Content/Stylized_Tree_Pack/Meshes/Willow/SM_Stylized_Tree_Willow_07.uasset" 197
"D:/CodingProjects/Game Project/WeLeftTheLightsOn/Content/Stylized_Tree_Pack/Meshes/Willow/SM_Stylized_Tree_Willow_07.uexp" 198
"D:/CodingProjects/Game Project/WeLeftTheLightsOn/Content/Stylized_Tree_Pack/Meshes/Willow/SM_Stylized_Tree_Willow_07_FoliageType.uasset" 199
"D:/CodingProjects/Game Project/WeLeftTheLightsOn/Content/Stylized_Tree_Pack/Meshes/Willow/SM_Stylized_Tree_Willow_07_FoliageType.uexp" 200
"D:/CodingProjects/Game Project/WeLeftTheLightsOn/Content/Stylized_Tree_Pack/Meshes/Willow/SM_Stylized_Tree_Willow_06.ubulk" 201
"D:/CodingProjects/Game Project/WeLeftTheLightsOn/Content/Stylized_Tree_Pack/Meshes/Willow/SM_Stylized_Tree_Willow_06.uasset" 202
"D:/CodingProjects/Game Project/WeLeftTheLightsOn/Content/Stylized_Tree_Pack/Meshes/Willow/SM_Stylized_Tree_Willow_06.uexp" 203
"D:/CodingProjects/Game Project/WeLeftTheLightsOn/Content/Stylized_Tree_Pack/Meshes/Willow/SM_Stylized_Tree_Willow_06_FoliageType.uasset" 204
"D:/CodingProjects/Game Project/WeLeftTheLightsOn/Content/Stylized_Tree_Pack/Meshes/Willow/SM_Stylized_Tree_Willow_06_FoliageType.uexp" 205
"D:/CodingProjects/Game Project/WeLeftTheLightsOn/Content/Stylized_Tree_Pack/Materials/Material_Instances/Willow/MI_Leaf_Willow_04.uasset" 206
"D:/CodingProjects/Game Project/WeLeftTheLightsOn/Content/Stylized_Tree_Pack/Materials/Material_Instances/Willow/MI_Leaf_Willow_04.uexp" 207
"D:/CodingProjects/Game Project/WeLeftTheLightsOn/Content/Stylized_Tree_Pack/Meshes/Willow/SM_Stylized_Tree_Willow_05.ubulk" 208
"D:/CodingProjects/Game Project/WeLeftTheLightsOn/Content/Stylized_Tree_Pack/Meshes/Willow/SM_Stylized_Tree_Willow_05.uasset" 209
"D:/CodingProjects/Game Project/WeLeftTheLightsOn/Content/Stylized_Tree_Pack/Meshes/Willow/SM_Stylized_Tree_Willow_05.uexp" 210
"D:/CodingProjects/Game Project/WeLeftTheLightsOn/Content/Stylized_Tree_Pack/Meshes/Willow/SM_Stylized_Tree_Willow_05_FoliageType.uasset" 211
"D:/CodingProjects/Game Project/WeLeftTheLightsOn/Content/Stylized_Tree_Pack/Meshes/Willow/SM_Stylized_Tree_Willow_05_FoliageType.uexp" 212
"D:/CodingProjects/Game Project/WeLeftTheLightsOn/Content/Stylized_Tree_Pack/Meshes/Willow/SM_Stylized_Tree_Willow_04.ubulk" 213
"D:/CodingProjects/Game Project/WeLeftTheLightsOn/Content/Stylized_Tree_Pack/Meshes/Willow/SM_Stylized_Tree_Willow_04.uasset" 214
"D:/CodingProjects/Game Project/WeLeftTheLightsOn/Content/Stylized_Tree_Pack/Meshes/Willow/SM_Stylized_Tree_Willow_04.uexp" 215
"D:/CodingProjects/Game Project/WeLeftTheLightsOn/Content/Stylized_Tree_Pack/Meshes/Willow/SM_Stylized_Tree_Willow_04_FoliageType.uasset" 216
"D:/CodingProjects/Game Project/WeLeftTheLightsOn/Content/Stylized_Tree_Pack/Meshes/Willow/SM_Stylized_Tree_Willow_04_FoliageType.uexp" 217
"D:/CodingProjects/Game Project/WeLeftTheLightsOn/Content/Stylized_Tree_Pack/Meshes/Willow/SM_Stylized_Tree_Willow_03.ubulk" 218
"D:/CodingProjects/Game Project/WeLeftTheLightsOn/Content/Stylized_Tree_Pack/Meshes/Willow/SM_Stylized_Tree_Willow_03.uasset" 219
"D:/CodingProjects/Game Project/WeLeftTheLightsOn/Content/Stylized_Tree_Pack/Meshes/Willow/SM_Stylized_Tree_Willow_03.uexp" 220
"D:/CodingProjects/Game Project/WeLeftTheLightsOn/Content/Stylized_Tree_Pack/Meshes/Willow/SM_Stylized_Tree_Willow_03_FoliageType.uasset" 221
"D:/CodingProjects/Game Project/WeLeftTheLightsOn/Content/Stylized_Tree_Pack/Meshes/Willow/SM_Stylized_Tree_Willow_03_FoliageType.uexp" 222
"D:/CodingProjects/Game Project/WeLeftTheLightsOn/Content/Stylized_Tree_Pack/Meshes/Willow/SM_Stylized_Tree_Willow_02.ubulk" 223
"D:/CodingProjects/Game Project/WeLeftTheLightsOn/Content/Stylized_Tree_Pack/Meshes/Willow/SM_Stylized_Tree_Willow_02.uasset" 224
"D:/CodingProjects/Game Project/WeLeftTheLightsOn/Content/Stylized_Tree_Pack/Meshes/Willow/SM_Stylized_Tree_Willow_02.uexp" 225
"D:/CodingProjects/Game Project/WeLeftTheLightsOn/Content/Stylized_Tree_Pack/Meshes/Willow/SM_Stylized_Tree_Willow_02_FoliageType.uasset" 226
"D:/CodingProjects/Game Project/WeLeftTheLightsOn/Content/Stylized_Tree_Pack/Meshes/Willow/SM_Stylized_Tree_Willow_02_FoliageType.uexp" 227
"D:/CodingProjects/Game Project/WeLeftTheLightsOn/Content/Stylized_Tree_Pack/Meshes/Willow/SM_Stylized_Tree_Willow_01.ubulk" 228
"D:/CodingProjects/Game Project/WeLeftTheLightsOn/Content/Stylized_Tree_Pack/Meshes/Willow/SM_Stylized_Tree_Willow_01.uasset" 229
"D:/CodingProjects/Game Project/WeLeftTheLightsOn/Content/Stylized_Tree_Pack/Meshes/Willow/SM_Stylized_Tree_Willow_01.uexp" 230
"D:/CodingProjects/Game Project/WeLeftTheLightsOn/Content/Stylized_Tree_Pack/Meshes/Willow/SM_Stylized_Tree_Willow_01_FoliageType.uasset" 231
"D:/CodingProjects/Game Project/WeLeftTheLightsOn/Content/Stylized_Tree_Pack/Meshes/Willow/SM_Stylized_Tree_Willow_01_FoliageType.uexp" 232
"../../../Engine/Content/EngineResources/GradientTexture0.uasset" 233
"../../../Engine/Content/EngineResources/GradientTexture0.uexp" 234
"../../../Engine/Content/EditorResources/S_Actor.ubulk" 235
"../../../Engine/Content/EditorResources/S_Actor.uasset" 236
"../../../Engine/Content/EditorResources/S_Actor.uexp" 237
"../../../Engine/Plugins/Runtime/CommonUI/Content/DefaultMediaTexture.uasset" 238
"../../../Engine/Plugins/Runtime/CommonUI/Content/DefaultMediaTexture.uexp" 239
"../../../Engine/Plugins/Runtime/CommonUI/Content/VideoPlayerMaterial.uasset" 240
"../../../Engine/Plugins/Runtime/CommonUI/Content/VideoPlayerMaterial.uexp" 241
"../../../Engine/Plugins/NNE/NNEDenoiser/Content/NNEDTOM_Output_Default.uasset" 242
"../../../Engine/Plugins/NNE/NNEDenoiser/Content/NNEDTOM_Output_Default.uexp" 243
"../../../Engine/Plugins/NNE/NNEDenoiser/Content/NNEDTOM_Output_Alpha.uasset" 244
"../../../Engine/Plugins/NNE/NNEDenoiser/Content/NNEDTOM_Output_Alpha.uexp" 245
"../../../Engine/Plugins/NNE/NNEDenoiser/Content/NNEDTIM_ColorAlbedoNormal_Default.uasset" 246
"../../../Engine/Plugins/NNE/NNEDenoiser/Content/NNEDTIM_ColorAlbedoNormal_Default.uexp" 247
"../../../Engine/Plugins/NNE/NNEDenoiser/Content/NNEDTIM_ColorAlbedoNormal_Alpha.uasset" 248
"../../../Engine/Plugins/NNE/NNEDenoiser/Content/NNEDTIM_ColorAlbedoNormal_Alpha.uexp" 249
"../../../Engine/Plugins/NNE/NNEDenoiser/Content/NNEDOM_Output_Default.uasset" 250
"../../../Engine/Plugins/NNE/NNEDenoiser/Content/NNEDOM_Output_Default.uexp" 251
"../../../Engine/Plugins/NNE/NNEDenoiser/Content/NNEDOM_Output_Alpha.uasset" 252
"../../../Engine/Plugins/NNE/NNEDenoiser/Content/NNEDOM_Output_Alpha.uexp" 253
"../../../Engine/Plugins/NNE/NNEDenoiser/Content/NNEDIM_HighQuality_Default.uasset" 254
"../../../Engine/Plugins/NNE/NNEDenoiser/Content/NNEDIM_HighQuality_Default.uexp" 255
"../../../Engine/Plugins/NNE/NNEDenoiser/Content/NNEDIM_HighQuality_Alpha.uasset" 256
"../../../Engine/Plugins/NNE/NNEDenoiser/Content/NNEDIM_HighQuality_Alpha.uexp" 257
"../../../Engine/Plugins/NNE/NNEDenoiser/Content/NNEDIM_ColorAlbedoNormal_Default.uasset" 258
"../../../Engine/Plugins/NNE/NNEDenoiser/Content/NNEDIM_ColorAlbedoNormal_Default.uexp" 259
"../../../Engine/Plugins/NNE/NNEDenoiser/Content/NNEDIM_ColorAlbedoNormal_Alpha.uasset" 260
"../../../Engine/Plugins/NNE/NNEDenoiser/Content/NNEDIM_ColorAlbedoNormal_Alpha.uexp" 261
"../../../Engine/Content/Functions/Engine_MaterialFunctions02/WorldPositionOffset/CameraOffset.uasset" 262
"../../../Engine/Content/Functions/Engine_MaterialFunctions02/WorldPositionOffset/CameraOffset.uexp" 263
"../../../Engine/Plugins/Animation/ControlRig/Content/M_Manip.uasset" 264
"../../../Engine/Plugins/Animation/ControlRig/Content/M_Manip.uexp" 265
"../../../Engine/Content/EditorResources/S_TriggerSphere.uasset" 266
"../../../Engine/Content/EditorResources/S_TriggerSphere.uexp" 267
"../../../Engine/Content/EditorResources/S_TriggerCapsule.uasset" 268
"../../../Engine/Content/EditorResources/S_TriggerCapsule.uexp" 269
"../../../Engine/Content/EditorResources/S_TriggerBox.uasset" 270
"../../../Engine/Content/EditorResources/S_TriggerBox.uexp" 271
"../../../Engine/Content/EditorResources/S_Trigger.ubulk" 272
"../../../Engine/Content/EditorResources/S_Trigger.uasset" 273
"../../../Engine/Content/EditorResources/S_Trigger.uexp" 274
"../../../Engine/Content/EditorResources/S_Solver.ubulk" 275
"../../../Engine/Content/EditorResources/S_Solver.uasset" 276
"../../../Engine/Content/EditorResources/S_Solver.uexp" 277
"../../../Engine/Content/EditorResources/S_BoxReflectionCapture.uasset" 278
"../../../Engine/Content/EditorResources/S_BoxReflectionCapture.uexp" 279
"../../../Engine/Content/EditorResources/BSPVertex.uasset" 280
"../../../Engine/Content/EditorResources/BSPVertex.uexp" 281
"../../../Engine/Content/EditorMaterials/PreviewShadowIndicator.ubulk" 282
"../../../Engine/Content/EditorMaterials/PreviewShadowIndicator.uasset" 283
"../../../Engine/Content/EditorMaterials/PreviewShadowIndicator.uexp" 284
"../../../Engine/Content/EditorMaterials/PreviewShadowIndicatorMaterial.uasset" 285
"../../../Engine/Content/EditorMaterials/PreviewShadowIndicatorMaterial.uexp" 286
"../../../Engine/Content/EditorMaterials/PhAT_UnselectedMaterial.uasset" 287
"../../../Engine/Content/EditorMaterials/PhAT_UnselectedMaterial.uexp" 288
"../../../Engine/Content/EditorMaterials/PhAT_NoCollisionMaterial.uasset" 289
"../../../Engine/Content/EditorMaterials/PhAT_NoCollisionMaterial.uexp" 290
"../../../Engine/Content/EditorLandscapeResources/WhiteSquareTexture.uasset" 291
"../../../Engine/Content/EditorLandscapeResources/WhiteSquareTexture.uexp" 292
"../../../Engine/Content/EditorLandscapeResources/LayerVisMaterial.uasset" 293
"../../../Engine/Content/EditorLandscapeResources/LayerVisMaterial.uexp" 294
"../../../Engine/Content/Functions/Engine_MaterialFunctions01/Texturing/ScaleUVsByCenter.uasset" 295
"../../../Engine/Content/Functions/Engine_MaterialFunctions01/Texturing/ScaleUVsByCenter.uexp" 296
"../../../Engine/Content/Functions/Engine_MaterialFunctions02/WorldPositionOffset/LocalPosition.uasset" 297
"../../../Engine/Content/Functions/Engine_MaterialFunctions02/WorldPositionOffset/LocalPosition.uexp" 298
"../../../Engine/Content/EngineMaterials/DefaultDiffuse.ubulk" 299
"../../../Engine/Content/EngineMaterials/DefaultDiffuse.uasset" 300
"../../../Engine/Content/EngineMaterials/DefaultDiffuse.uexp" 301
"../../../Engine/Content/Functions/Engine_MaterialFunctions01/Texturing/TextureCropping.uasset" 302
"../../../Engine/Content/Functions/Engine_MaterialFunctions01/Texturing/TextureCropping.uexp" 303
"../../../Engine/Content/Functions/Engine_MaterialFunctions02/ExampleContent/DebugNumberStrip.uasset" 304
"../../../Engine/Content/Functions/Engine_MaterialFunctions02/ExampleContent/DebugNumberStrip.uexp" 305
"../../../Engine/Content/Functions/Engine_MaterialFunctions01/Debug/DebugIntValues.uasset" 306
"../../../Engine/Content/Functions/Engine_MaterialFunctions01/Debug/DebugIntValues.uexp" 307
"../../../Engine/Content/EditorLandscapeResources/LandscapeLayerUsageMaterial.uasset" 308
"../../../Engine/Content/EditorLandscapeResources/LandscapeLayerUsageMaterial.uexp" 309
"../../../Engine/Content/EditorLandscapeResources/DefaultAlphaTexture.uasset" 310
"../../../Engine/Content/EditorLandscapeResources/DefaultAlphaTexture.uexp" 311
"../../../Engine/Content/EditorLandscapeResources/LandscapeDirtyMaterial.uasset" 312
"../../../Engine/Content/EditorLandscapeResources/LandscapeDirtyMaterial.uexp" 313
"../../../Engine/Plugins/VirtualProduction/CameraCalibrationCore/Content/Materials/M_DefaultOddSquare.uasset" 314
"../../../Engine/Plugins/VirtualProduction/CameraCalibrationCore/Content/Materials/M_DefaultOddSquare.uexp" 315
"../../../Engine/Plugins/VirtualProduction/CameraCalibrationCore/Content/Materials/M_DefaultEvenSquare.uasset" 316
"../../../Engine/Plugins/VirtualProduction/CameraCalibrationCore/Content/Materials/M_DefaultEvenSquare.uexp" 317
"../../../Engine/Plugins/Runtime/HairStrands/Content/Materials/HairMeshesDefaultMaterial.uasset" 318
"../../../Engine/Plugins/Runtime/HairStrands/Content/Materials/HairMeshesDefaultMaterial.uexp" 319
"../../../Engine/Plugins/Runtime/HairStrands/Content/Materials/HairDefaultMaterial.uasset" 320
"../../../Engine/Plugins/Runtime/HairStrands/Content/Materials/HairDefaultMaterial.uexp" 321
"../../../Engine/Content/Functions/Engine_MaterialFunctions02/Utility/MakeFloat2.uasset" 322
"../../../Engine/Content/Functions/Engine_MaterialFunctions02/Utility/MakeFloat2.uexp" 323
"../../../Engine/Plugins/Runtime/HairStrands/Content/Materials/HairGroupColors.uasset" 324
"../../../Engine/Plugins/Runtime/HairStrands/Content/Materials/HairGroupColors.uexp" 325
"../../../Engine/Content/EngineMaterials/HairColorMap.uasset" 326
"../../../Engine/Content/EngineMaterials/HairColorMap.uexp" 327
"../../../Engine/Content/EngineMaterials/HairDebugColor.uasset" 328
"../../../Engine/Content/EngineMaterials/HairDebugColor.uexp" 329
"../../../Engine/Plugins/Runtime/HairStrands/Content/Materials/HairDebugMaterial.uasset" 330
"../../../Engine/Plugins/Runtime/HairStrands/Content/Materials/HairDebugMaterial.uexp" 331
"../../../Engine/Plugins/Runtime/HairStrands/Content/Materials/HairCardsDefaultMaterial.uasset" 332
"../../../Engine/Plugins/Runtime/HairStrands/Content/Materials/HairCardsDefaultMaterial.uexp" 333
"../../../Engine/Plugins/Runtime/AudioWidgets/Content/Resources/ScrubHandleDown_Clamped.uasset" 334
"../../../Engine/Plugins/Runtime/AudioWidgets/Content/Resources/ScrubHandleDown_Clamped.uexp" 335
"../../../Engine/Plugins/Interchange/Assets/Content/Functions/MX_UsdPreviewSurface.uasset" 336
"../../../Engine/Plugins/Interchange/Assets/Content/Functions/MX_UsdPreviewSurface.uexp" 337
"../../../Engine/Plugins/Interchange/Assets/Content/Functions/MX_UniformEDF.uasset" 338
"../../../Engine/Plugins/Interchange/Assets/Content/Functions/MX_UniformEDF.uexp" 339
"../../../Engine/Plugins/Interchange/Assets/Content/Functions/MX_TranslucentBSDF.uasset" 340
"../../../Engine/Plugins/Interchange/Assets/Content/Functions/MX_TranslucentBSDF.uexp" 341
"../../../Engine/Plugins/Interchange/Assets/Content/Functions/MX_ThinFilmBSDF.uasset" 342
"../../../Engine/Plugins/Interchange/Assets/Content/Functions/MX_ThinFilmBSDF.uexp" 343
"../../../Engine/Plugins/Interchange/Assets/Content/Functions/MX_SurfaceUnlit.uasset" 344
"../../../Engine/Plugins/Interchange/Assets/Content/Functions/MX_SurfaceUnlit.uexp" 345
"../../../Engine/Plugins/Interchange/Assets/Content/Functions/MX_Surface.uasset" 346
"../../../Engine/Plugins/Interchange/Assets/Content/Functions/MX_Surface.uexp" 347
"../../../Engine/Plugins/Interchange/Assets/Content/Functions/MX_SubsurfaceBSDF.uasset" 348
"../../../Engine/Plugins/Interchange/Assets/Content/Functions/MX_SubsurfaceBSDF.uexp" 349
"../../../Engine/Plugins/Interchange/Assets/Content/Functions/MX_SheenBSDF.uasset" 350
"../../../Engine/Plugins/Interchange/Assets/Content/Functions/MX_SheenBSDF.uexp" 351
"../../../Engine/Plugins/Interchange/Assets/Content/Functions/MX_OrenNayarBSDF.uasset" 352
"../../../Engine/Plugins/Interchange/Assets/Content/Functions/MX_OrenNayarBSDF.uexp" 353
"../../../Engine/Plugins/Interchange/Assets/Content/Functions/MF_IridescenceNoLUT.uasset" 354
"../../../Engine/Plugins/Interchange/Assets/Content/Functions/MF_IridescenceNoLUT.uexp" 355
"../../../Engine/Plugins/Interchange/Assets/Content/Functions/MX_StandardSurface.uasset" 356
"../../../Engine/Plugins/Interchange/Assets/Content/Functions/MX_StandardSurface.uexp" 357
"../../../Engine/Plugins/Interchange/Assets/Content/Functions/MX_TransmissionSurface.uasset" 358
"../../../Engine/Plugins/Interchange/Assets/Content/Functions/MX_TransmissionSurface.uexp" 359
"../../../Engine/Plugins/Interchange/Assets/Content/Functions/MX_OpenPBR_Translucent.uasset" 360
"../../../Engine/Plugins/Interchange/Assets/Content/Functions/MX_OpenPBR_Translucent.uexp" 361
"../../../Engine/Plugins/Interchange/Assets/Content/Functions/MX_OpenPBR_Opaque.uasset" 362
"../../../Engine/Plugins/Interchange/Assets/Content/Functions/MX_OpenPBR_Opaque.uexp" 363
"../../../Engine/Plugins/Interchange/Assets/Content/Functions/MX_MeasuredEDF.uasset" 364
"../../../Engine/Plugins/Interchange/Assets/Content/Functions/MX_MeasuredEDF.uexp" 365
"../../../Engine/Plugins/Interchange/Assets/Content/Functions/MX_GeneralizedSchlickBSDF.uasset" 366
"../../../Engine/Plugins/Interchange/Assets/Content/Functions/MX_GeneralizedSchlickBSDF.uexp" 367
"../../../Engine/Content/Functions/Engine_MaterialFunctions02/Utility/BlendAngleCorrectedNormals.uasset" 368
"../../../Engine/Content/Functions/Engine_MaterialFunctions02/Utility/BlendAngleCorrectedNormals.uexp" 369
"../../../Engine/Plugins/Interchange/Assets/Content/Functions/MX_Displacement.uasset" 370
"../../../Engine/Plugins/Interchange/Assets/Content/Functions/MX_Displacement.uexp" 371
"../../../Engine/Plugins/Interchange/Assets/Content/Functions/MX_DielectricBSDF.uasset" 372
"../../../Engine/Plugins/Interchange/Assets/Content/Functions/MX_DielectricBSDF.uexp" 373
"../../../Engine/Plugins/Interchange/Assets/Content/Functions/MX_ConicalEDF.uasset" 374
"../../../Engine/Plugins/Interchange/Assets/Content/Functions/MX_ConicalEDF.uexp" 375
"../../../Engine/Plugins/Interchange/Assets/Content/Functions/MX_ConductorBSDF.uasset" 376
"../../../Engine/Plugins/Interchange/Assets/Content/Functions/MX_ConductorBSDF.uexp" 377
"../../../Engine/Plugins/Interchange/Assets/Content/Functions/MX_BurleyDiffuseBSDF.uasset" 378
"../../../Engine/Plugins/Interchange/Assets/Content/Functions/MX_BurleyDiffuseBSDF.uexp" 379
"../../../Engine/Plugins/Interchange/Assets/Content/Functions/MX_AnisotropicVDF.uasset" 380
"../../../Engine/Plugins/Interchange/Assets/Content/Functions/MX_AnisotropicVDF.uexp" 381
"../../../Engine/Plugins/Interchange/Assets/Content/Functions/MX_AbsorptionVDF.uasset" 382
"../../../Engine/Plugins/Interchange/Assets/Content/Functions/MX_AbsorptionVDF.uexp" 383
"../../../Engine/Plugins/Experimental/Water/Content/Icons/WaterZoneActorSprite.ubulk" 384
"../../../Engine/Plugins/Experimental/Water/Content/Icons/WaterZoneActorSprite.uasset" 385
"../../../Engine/Plugins/Experimental/Water/Content/Icons/WaterZoneActorSprite.uexp" 386
"../../../Engine/Plugins/Experimental/Water/Content/Icons/WaterSprite.uasset" 387
"../../../Engine/Plugins/Experimental/Water/Content/Icons/WaterSprite.uexp" 388
"../../../Engine/Plugins/Experimental/Water/Content/Icons/WaterLandscapeBrushSprite.ubulk" 389
"../../../Engine/Plugins/Experimental/Water/Content/Icons/WaterLandscapeBrushSprite.uasset" 390
"../../../Engine/Plugins/Experimental/Water/Content/Icons/WaterLandscapeBrushSprite.uexp" 391
"../../../Engine/Plugins/Experimental/Water/Content/Icons/WaterErrorSprite.ubulk" 392
"../../../Engine/Plugins/Experimental/Water/Content/Icons/WaterErrorSprite.uasset" 393
"../../../Engine/Plugins/Experimental/Water/Content/Icons/WaterErrorSprite.uexp" 394
"../../../Engine/Plugins/Experimental/Water/Content/Icons/WaterBodyIslandSprite.uasset" 395
"../../../Engine/Plugins/Experimental/Water/Content/Icons/WaterBodyIslandSprite.uexp" 396
"../../../Engine/Plugins/Experimental/Water/Content/Icons/WaterBodyExclusionVolumeSprite.uasset" 397
"../../../Engine/Plugins/Experimental/Water/Content/Icons/WaterBodyExclusionVolumeSprite.uexp" 398
"../../../Engine/Content/Functions/Engine_MaterialFunctions02/Utility/BreakOutFloat3Components.uasset" 399
"../../../Engine/Content/Functions/Engine_MaterialFunctions02/Utility/BreakOutFloat3Components.uexp" 400
"../../../Engine/Content/Functions/Engine_MaterialFunctions02/WorldPositionOffset/ObjectScale.uasset" 401
"../../../Engine/Content/Functions/Engine_MaterialFunctions02/WorldPositionOffset/ObjectScale.uexp" 402
"../../../Engine/Content/Functions/Engine_MaterialFunctions02/SafeNormalize.uasset" 403
"../../../Engine/Content/Functions/Engine_MaterialFunctions02/SafeNormalize.uexp" 404
"../../../Engine/Plugins/Editor/SpeedTreeImporter/Content/SpeedTree9/UnpackInteger3.uasset" 405
"../../../Engine/Plugins/Editor/SpeedTreeImporter/Content/SpeedTree9/UnpackInteger3.uexp" 406
"../../../Engine/Plugins/Editor/SpeedTreeImporter/Content/SpeedTree9/UnpackDirection.uasset" 407
"../../../Engine/Plugins/Editor/SpeedTreeImporter/Content/SpeedTree9/UnpackDirection.uexp" 408
"../../../Engine/Plugins/Editor/SpeedTreeImporter/Content/SpeedTree9/game_wind_noise.ubulk" 409
"../../../Engine/Plugins/Editor/SpeedTreeImporter/Content/SpeedTree9/game_wind_noise.uasset" 410
"../../../Engine/Plugins/Editor/SpeedTreeImporter/Content/SpeedTree9/game_wind_noise.uexp" 411
"../../../Engine/Plugins/Editor/SpeedTreeImporter/Content/SpeedTree9/SpeedTreeWindMotion.uasset" 412
"../../../Engine/Plugins/Editor/SpeedTreeImporter/Content/SpeedTree9/SpeedTreeWindMotion.uexp" 413
"../../../Engine/Plugins/Editor/SpeedTreeImporter/Content/SpeedTree9/SpeedTreeBranchMotion.uasset" 414
"../../../Engine/Plugins/Editor/SpeedTreeImporter/Content/SpeedTree9/SpeedTreeBranchMotion.uexp" 415
"../../../Engine/Content/Functions/Engine_MaterialFunctions02/ObjectLocalBounds.uasset" 416
"../../../Engine/Content/Functions/Engine_MaterialFunctions02/ObjectLocalBounds.uexp" 417
"../../../Engine/Content/Functions/Engine_MaterialFunctions02/UVs/BoundingBoxBased_0-1_UVW.uasset" 418
"../../../Engine/Content/Functions/Engine_MaterialFunctions02/UVs/BoundingBoxBased_0-1_UVW.uexp" 419
"../../../Engine/Plugins/Editor/SpeedTreeImporter/Content/SpeedTree9/SpeedTreeWind.uasset" 420
"../../../Engine/Plugins/Editor/SpeedTreeImporter/Content/SpeedTree9/SpeedTreeWind.uexp" 421
"../../../Engine/Plugins/Editor/SpeedTreeImporter/Content/SpeedTree9/SpeedTreeCameraFacing.uasset" 422
"../../../Engine/Plugins/Editor/SpeedTreeImporter/Content/SpeedTree9/SpeedTreeCameraFacing.uexp" 423
"../../../Engine/Plugins/Editor/SpeedTreeImporter/Content/SpeedTree9/Empty.uasset" 424
"../../../Engine/Plugins/Editor/SpeedTreeImporter/Content/SpeedTree9/Empty.uexp" 425
"../../../Engine/Plugins/Editor/SpeedTreeImporter/Content/SpeedTree9/EmptyNormal.uasset" 426
"../../../Engine/Plugins/Editor/SpeedTreeImporter/Content/SpeedTree9/EmptyNormal.uexp" 427
"../../../Engine/Plugins/Editor/SpeedTreeImporter/Content/SpeedTree9/SpeedTreeMaster.uasset" 428
"../../../Engine/Plugins/Editor/SpeedTreeImporter/Content/SpeedTree9/SpeedTreeMaster.uexp" 429
"../../../Engine/Plugins/Editor/SpeedTreeImporter/Content/SpeedTree9/SpeedTreeBillboard.uasset" 430
"../../../Engine/Plugins/Editor/SpeedTreeImporter/Content/SpeedTree9/SpeedTreeBillboard.uexp" 431
"../../../Engine/Plugins/Editor/SpeedTreeImporter/Content/SpeedTree9/SpeedTreeBillboardMaster.uasset" 432
"../../../Engine/Plugins/Editor/SpeedTreeImporter/Content/SpeedTree9/SpeedTreeBillboardMaster.uexp" 433
"../../../Engine/Plugins/Animation/ControlRig/Content/Controls/ControlRigXRayMaterial.uasset" 434
"../../../Engine/Plugins/Animation/ControlRig/Content/Controls/ControlRigXRayMaterial.uexp" 435
"../../../Engine/Plugins/Animation/ControlRig/Content/Controls/ControlRigGizmoMaterial.uasset" 436
"../../../Engine/Plugins/Animation/ControlRig/Content/Controls/ControlRigGizmoMaterial.uexp" 437
"../../../Engine/Content/EngineSky/M_SimpleSkyDome.uasset" 438
"../../../Engine/Content/EngineSky/M_SimpleSkyDome.uexp" 439
"../../../Engine/Content/EngineMaterials/RemoveSurfaceMaterial.uasset" 440
"../../../Engine/Content/EngineMaterials/RemoveSurfaceMaterial.uexp" 441
"../../../Engine/Content/EngineMaterials/PreintegratedSkinBRDF.uasset" 442
"../../../Engine/Content/EngineMaterials/PreintegratedSkinBRDF.uexp" 443
"../../../Engine/Content/EngineMaterials/DefaultCalibrationGrayscale.uasset" 444
"../../../Engine/Content/EngineMaterials/DefaultCalibrationGrayscale.uexp" 445
"../../../Engine/Content/EngineMaterials/PPM_DefaultCalibrationGrayscale.uasset" 446
"../../../Engine/Content/EngineMaterials/PPM_DefaultCalibrationGrayscale.uexp" 447
"../../../Engine/Content/EngineMaterials/DefaultCalibrationColor.uasset" 448
"../../../Engine/Content/EngineMaterials/DefaultCalibrationColor.uexp" 449
"../../../Engine/Content/EngineMaterials/PPM_DefaultCalibrationColor.uasset" 450
"../../../Engine/Content/EngineMaterials/PPM_DefaultCalibrationColor.uexp" 451
"../../../Engine/Content/EngineMaterials/PhAT_JointLimitMaterial.uasset" 452
"../../../Engine/Content/EngineMaterials/PhAT_JointLimitMaterial.uexp" 453
"../../../Engine/Content/EngineMaterials/NaniteHiddenSectionMaterial.uasset" 454
"../../../Engine/Content/EngineMaterials/NaniteHiddenSectionMaterial.uexp" 455
"../../../Engine/Content/EngineMaterials/InvalidLightmapSettings.ubulk" 456
"../../../Engine/Content/EngineMaterials/InvalidLightmapSettings.uasset" 457
"../../../Engine/Content/EngineMaterials/InvalidLightmapSettings.uexp" 458
"../../../Engine/Content/EngineMaterials/M_InvalidLightmapSettings.uasset" 459
"../../../Engine/Content/EngineMaterials/M_InvalidLightmapSettings.uexp" 460
"../../../Engine/Content/EngineMaterials/MiniFont.uasset" 461
"../../../Engine/Content/EngineMaterials/MiniFont.uexp" 462
"../../../Engine/Content/EngineMaterials/GizmoMaterial.uasset" 463
"../../../Engine/Content/EngineMaterials/GizmoMaterial.uexp" 464
"../../../Engine/Content/EngineMaterials/BaseFlattenDiffuseMap_VT.ubulk" 465
"../../../Engine/Content/EngineMaterials/BaseFlattenDiffuseMap_VT.uasset" 466
"../../../Engine/Content/EngineMaterials/BaseFlattenDiffuseMap_VT.uexp" 467
"../../../Engine/Content/EngineMaterials/BaseFlattenEmissiveMap_VT.ubulk" 468
"../../../Engine/Content/EngineMaterials/BaseFlattenEmissiveMap_VT.uasset" 469
"../../../Engine/Content/EngineMaterials/BaseFlattenEmissiveMap_VT.uexp" 470
"../../../Engine/Content/EngineMaterials/BaseFlattenGrayscaleMap_VT.ubulk" 471
"../../../Engine/Content/EngineMaterials/BaseFlattenGrayscaleMap_VT.uasset" 472
"../../../Engine/Content/EngineMaterials/BaseFlattenGrayscaleMap_VT.uexp" 473
"../../../Engine/Content/EngineMaterials/BaseFlattenLinearColor_VT.ubulk" 474
"../../../Engine/Content/EngineMaterials/BaseFlattenLinearColor_VT.uasset" 475
"../../../Engine/Content/EngineMaterials/BaseFlattenLinearColor_VT.uexp" 476
"../../../Engine/Content/EngineMaterials/BaseFlattenNormalMap_VT.ubulk" 477
"../../../Engine/Content/EngineMaterials/BaseFlattenNormalMap_VT.uasset" 478
"../../../Engine/Content/EngineMaterials/BaseFlattenNormalMap_VT.uexp" 479
"../../../Engine/Content/EngineMaterials/Black_1x1_EXR_Texture_VT.ubulk" 480
"../../../Engine/Content/EngineMaterials/Black_1x1_EXR_Texture_VT.uasset" 481
"../../../Engine/Content/EngineMaterials/Black_1x1_EXR_Texture_VT.uexp" 482
"../../../Engine/Content/EngineMaterials/FlattenMaterial_WS_Normal_VT.uasset" 483
"../../../Engine/Content/EngineMaterials/FlattenMaterial_WS_Normal_VT.uexp" 484
"../../../Engine/Content/EngineMaterials/FlattenMaterial_VT.uasset" 485
"../../../Engine/Content/EngineMaterials/FlattenMaterial_VT.uexp" 486
"../../../Engine/Content/EngineMaterials/BaseFlattenLinearColor.uasset" 487
"../../../Engine/Content/EngineMaterials/BaseFlattenLinearColor.uexp" 488
"../../../Engine/Content/EngineMaterials/BaseFlattenNormalMap.uasset" 489
"../../../Engine/Content/EngineMaterials/BaseFlattenNormalMap.uexp" 490
"../../../Engine/Content/EngineMaterials/BaseFlattenDiffuseMap.uasset" 491
"../../../Engine/Content/EngineMaterials/BaseFlattenDiffuseMap.uexp" 492
"../../../Engine/Content/EngineMaterials/BaseFlattenEmissiveMap.uasset" 493
"../../../Engine/Content/EngineMaterials/BaseFlattenEmissiveMap.uexp" 494
"../../../Engine/Content/EngineMaterials/BaseFlattenGrayscaleMap.uasset" 495
"../../../Engine/Content/EngineMaterials/BaseFlattenGrayscaleMap.uexp" 496
"../../../Engine/Content/Functions/Engine_MaterialFunctions02/PivotPainter2/Black_1x1_EXR_Texture.uasset" 497
"../../../Engine/Content/Functions/Engine_MaterialFunctions02/PivotPainter2/Black_1x1_EXR_Texture.uexp" 498
"../../../Engine/Content/EngineMaterials/FlattenMaterial.uasset" 499
"../../../Engine/Content/EngineMaterials/FlattenMaterial.uexp" 500
"../../../Engine/Content/EngineMaterials/FastBlueNoise_vec2_128x128x64.uasset" 501
"../../../Engine/Content/EngineMaterials/FastBlueNoise_vec2_128x128x64.uexp" 502
"../../../Engine/Content/EngineMaterials/FastBlueNoise_scalar_128x128x8.uasset" 503
"../../../Engine/Content/EngineMaterials/FastBlueNoise_scalar_128x128x8.uexp" 504
"../../../Engine/Content/EngineMaterials/FastBlueNoise_scalar_128x128x64.uasset" 505
"../../../Engine/Content/EngineMaterials/FastBlueNoise_scalar_128x128x64.uexp" 506
"../../../Engine/Content/EngineMaterials/DefaultWhiteGrid_Low.uasset" 507
"../../../Engine/Content/EngineMaterials/DefaultWhiteGrid_Low.uexp" 508
"../../../Engine/Content/EngineMaterials/EmissiveMeshMaterial.uasset" 509
"../../../Engine/Content/EngineMaterials/EmissiveMeshMaterial.uexp" 510
"../../../Engine/Content/EngineMaterials/DefaultWhiteGrid.ubulk" 511
"../../../Engine/Content/EngineMaterials/DefaultWhiteGrid.uasset" 512
"../../../Engine/Content/EngineMaterials/DefaultWhiteGrid.uexp" 513
"../../../Engine/Content/EngineFonts/RobotoDistanceField.uasset" 514
"../../../Engine/Content/EngineFonts/RobotoDistanceField.uexp" 515
"../../../Engine/Content/EngineMaterials/DefaultTextMaterialOpaque.uasset" 516
"../../../Engine/Content/EngineMaterials/DefaultTextMaterialOpaque.uexp" 517
"../../../Engine/Content/EngineMaterials/DefaultPostProcessMaterial.uasset" 518
"../../../Engine/Content/EngineMaterials/DefaultPostProcessMaterial.uexp" 519
"../../../Engine/Content/EngineMaterials/DefaultLightFunctionMaterial.uasset" 520
"../../../Engine/Content/EngineMaterials/DefaultLightFunctionMaterial.uexp" 521
"../../../Engine/Content/EngineMaterials/DefaultDeferredDecalMaterial.uasset" 522
"../../../Engine/Content/EngineMaterials/DefaultDeferredDecalMaterial.uexp" 523
"../../../Engine/Content/EngineMaterials/DefaultBokeh.uasset" 524
"../../../Engine/Content/EngineMaterials/DefaultBokeh.uexp" 525
"../../../Engine/Content/EngineMaterials/DefaultBloomKernel.uasset" 526
"../../../Engine/Content/EngineMaterials/DefaultBloomKernel.uexp" 527
"../../../Engine/Content/Functions/Engine_MaterialFunctions02/Utility/CameraDirectionVector.uasset" 528
"../../../Engine/Content/Functions/Engine_MaterialFunctions02/Utility/CameraDirectionVector.uexp" 529
"../../../Engine/Content/EngineDebugMaterials/VolumeToRender.uasset" 530
"../../../Engine/Content/EngineDebugMaterials/VolumeToRender.uexp" 531
"../../../Engine/Content/EngineDebugMaterials/M_VolumeRenderSphereTracePP.uasset" 532
"../../../Engine/Content/EngineDebugMaterials/M_VolumeRenderSphereTracePP.uexp" 533
"../../../Engine/Content/EngineDebugMaterials/M_SimpleUnlitTranslucent.uasset" 534
"../../../Engine/Content/EngineDebugMaterials/M_SimpleUnlitTranslucent.uexp" 535
"../../../Engine/Content/EngineDebugMaterials/DebugMeshMaterial.uasset" 536
"../../../Engine/Content/EngineDebugMaterials/DebugMeshMaterial.uexp" 537
"../../../Engine/Content/EngineDebugMaterials/DebugEditorMaterial.uasset" 538
"../../../Engine/Content/EngineDebugMaterials/DebugEditorMaterial.uexp" 539
"../../../Engine/Content/EngineDamageTypes/DmgTypeBP_Environmental.uasset" 540
"../../../Engine/Content/EngineDamageTypes/DmgTypeBP_Environmental.uexp" 541
"../../../Engine/Content/EditorResources/SequenceRecorder/RecordingIndicator.uasset" 542
"../../../Engine/Content/EditorResources/SequenceRecorder/RecordingIndicator.uexp" 543
"../../../Engine/Content/EditorResources/SequenceRecorder/Countdown.uasset" 544
"../../../Engine/Content/EditorResources/SequenceRecorder/Countdown.uexp" 545
"../../../Engine/Content/EditorMaterials/ParticleSystems/PSysThumbnail_OOD.ubulk" 546
"../../../Engine/Content/EditorMaterials/ParticleSystems/PSysThumbnail_OOD.uasset" 547
"../../../Engine/Content/EditorMaterials/ParticleSystems/PSysThumbnail_OOD.uexp" 548
"../../../Engine/Content/EditorMaterials/ParticleSystems/PSysThumbnail_NoImage.ubulk" 549
"../../../Engine/Content/EditorMaterials/ParticleSystems/PSysThumbnail_NoImage.uasset" 550
"../../../Engine/Content/EditorMaterials/ParticleSystems/PSysThumbnail_NoImage.uexp" 551
"../../../Engine/Content/EditorMaterials/Dataflow/DataflowVertexMaterial.uasset" 552
"../../../Engine/Content/EditorMaterials/Dataflow/DataflowVertexMaterial.uexp" 553
"../../../Engine/Content/EditorMaterials/Dataflow/DataflowTwoSidedVertexMaterial.uasset" 554
"../../../Engine/Content/EditorMaterials/Dataflow/DataflowTwoSidedVertexMaterial.uexp" 555
"../../../Engine/Plugins/Experimental/Water/Content/Materials/WaterInfo/DrawWaterInfo.uasset" 556
"../../../Engine/Plugins/Experimental/Water/Content/Materials/WaterInfo/DrawWaterInfo.uexp" 557
"../../../Engine/Content/Functions/Engine_MaterialFunctions01/Texturing/ComputeMipLevel.uasset" 558
"../../../Engine/Content/Functions/Engine_MaterialFunctions01/Texturing/ComputeMipLevel.uexp" 559
"../../../Engine/Content/Functions/Engine_MaterialFunctions02/ExampleContent/Textures/DebugNumberPeriod.uasset" 560
"../../../Engine/Content/Functions/Engine_MaterialFunctions02/ExampleContent/Textures/DebugNumberPeriod.uexp" 561
"../../../Engine/Content/Functions/Engine_MaterialFunctions02/Utility/DebugScalarValues.uasset" 562
"../../../Engine/Content/Functions/Engine_MaterialFunctions02/Utility/DebugScalarValues.uexp" 563
"../../../Engine/Plugins/Experimental/Water/Content/Textures/BlackTexture2DArray.uasset" 564
"../../../Engine/Plugins/Experimental/Water/Content/Textures/BlackTexture2DArray.uexp" 565
"../../../Engine/Plugins/Experimental/Water/Content/Materials/Functions/HighQualityTextureFiltering.uasset" 566
"../../../Engine/Plugins/Experimental/Water/Content/Materials/Functions/HighQualityTextureFiltering.uexp" 567
"../../../Engine/Plugins/Experimental/Water/Content/Materials/Functions/WaterZoneData.uasset" 568
"../../../Engine/Plugins/Experimental/Water/Content/Materials/Functions/WaterZoneData.uexp" 569
"../../../Engine/Plugins/Experimental/Water/Content/Materials/Functions/SampleBakedFluidSimulation.uasset" 570
"../../../Engine/Plugins/Experimental/Water/Content/Materials/Functions/SampleBakedFluidSimulation.uexp" 571
"../../../Engine/Plugins/Experimental/Water/Content/Materials/Functions/WaterBodyData.uasset" 572
"../../../Engine/Plugins/Experimental/Water/Content/Materials/Functions/WaterBodyData.uexp" 573
"../../../Engine/Plugins/Experimental/Water/Content/Materials/MPC/MPC_Water.uasset" 574
"../../../Engine/Plugins/Experimental/Water/Content/Materials/MPC/MPC_Water.uexp" 575
"../../../Engine/Plugins/Experimental/Water/Content/Materials/Functions/GetWaterTime.uasset" 576
"../../../Engine/Plugins/Experimental/Water/Content/Materials/Functions/GetWaterTime.uexp" 577
"../../../Engine/Plugins/Experimental/Water/Content/Materials/Functions/ComputeWavesAttenuationFactor.uasset" 578
"../../../Engine/Plugins/Experimental/Water/Content/Materials/Functions/ComputeWavesAttenuationFactor.uexp" 579
"../../../Engine/Plugins/Experimental/Water/Content/Materials/Functions/WaveDepthFalloff_Overrides.uasset" 580
"../../../Engine/Plugins/Experimental/Water/Content/Materials/Functions/WaveDepthFalloff_Overrides.uexp" 581
"../../../Engine/Plugins/Experimental/Water/Content/Materials/Functions/ComputeGerstnerWaves.uasset" 582
"../../../Engine/Plugins/Experimental/Water/Content/Materials/Functions/ComputeGerstnerWaves.uexp" 583
"../../../Engine/Content/Functions/Engine_MaterialFunctions01/Volumetrics/SchlickPhase.uasset" 584
"../../../Engine/Content/Functions/Engine_MaterialFunctions01/Volumetrics/SchlickPhase.uexp" 585
"../../../Engine/Plugins/Experimental/Water/Content/Materials/PostProcessing/M_UnderWater_PostProcess_Volume.uasset" 586
"../../../Engine/Plugins/Experimental/Water/Content/Materials/PostProcessing/M_UnderWater_PostProcess_Volume.uexp" 587
"../../../Engine/Content/EngineResources/FilmGrains/Marcie_Grain_v3_128_M2_000.uasset" 588
"../../../Engine/Content/EngineResources/FilmGrains/Marcie_Grain_v3_128_M2_000.uexp" 589
"../../../Engine/Content/EngineResources/Development/ZenLogo_64.uasset" 590
"../../../Engine/Content/EngineResources/Development/ZenLogo_64.uexp" 591
"../../../Engine/Content/EngineMaterials/LTC/Sheen_LTC.uasset" 592
"../../../Engine/Content/EngineMaterials/LTC/Sheen_LTC.uexp" 593
"../../../Engine/Content/EngineMaterials/LTC/GGX_LTCMat.uasset" 594
"../../../Engine/Content/EngineMaterials/LTC/GGX_LTCMat.uexp" 595
"../../../Engine/Content/EngineMaterials/LTC/GGX_LTCAmp.uasset" 596
"../../../Engine/Content/EngineMaterials/LTC/GGX_LTCAmp.uexp" 597
"../../../Engine/Content/EngineMaterials/EnergyConservation/Sheen_Energy.uasset" 598
"../../../Engine/Content/EngineMaterials/EnergyConservation/Sheen_Energy.uexp" 599
"../../../Engine/Content/EngineMaterials/EnergyConservation/SheenLegacy_Energy.uasset" 600
"../../../Engine/Content/EngineMaterials/EnergyConservation/SheenLegacy_Energy.uexp" 601
"../../../Engine/Content/EngineMaterials/EnergyConservation/GGX_TransmissionEnergyArray.uasset" 602
"../../../Engine/Content/EngineMaterials/EnergyConservation/GGX_TransmissionEnergyArray.uexp" 603
"../../../Engine/Content/EngineMaterials/EnergyConservation/GGX_ReflectionEnergy.uasset" 604
"../../../Engine/Content/EngineMaterials/EnergyConservation/GGX_ReflectionEnergy.uexp" 605
"../../../Engine/Content/EngineMaterials/EnergyConservation/Diffuse_Energy.uasset" 606
"../../../Engine/Content/EngineMaterials/EnergyConservation/Diffuse_Energy.uexp" 607
"../../../Engine/Content/EngineMaterials/WeightMapPlaceholderTexture.uasset" 608
"../../../Engine/Content/EngineMaterials/WeightMapPlaceholderTexture.uexp" 609
"../../../Engine/Content/EngineMaterials/WeightMapArrayPlaceholderTexture.uasset" 610
"../../../Engine/Content/EngineMaterials/WeightMapArrayPlaceholderTexture.uexp" 611
"D:/CodingProjects/Game Project/WeLeftTheLightsOn/Content/Fab/Megascans/Surfaces/Mossy_Rocky_Ground_vcqhcig/Medium/vcqhcig_tier_2/Textures/T_vcqhcig_2K_N.ubulk" 612
"D:/CodingProjects/Game Project/WeLeftTheLightsOn/Content/Fab/Megascans/Surfaces/Mossy_Rocky_Ground_vcqhcig/Medium/vcqhcig_tier_2/Textures/T_vcqhcig_2K_N.uasset" 613
"D:/CodingProjects/Game Project/WeLeftTheLightsOn/Content/Fab/Megascans/Surfaces/Mossy_Rocky_Ground_vcqhcig/Medium/vcqhcig_tier_2/Textures/T_vcqhcig_2K_N.uexp" 614
"D:/CodingProjects/Game Project/WeLeftTheLightsOn/Content/Fab/Megascans/Surfaces/Mossy_Rocky_Ground_vcqhcig/Medium/vcqhcig_tier_2/Textures/T_vcqhcig_2K_B.ubulk" 615
"D:/CodingProjects/Game Project/WeLeftTheLightsOn/Content/Fab/Megascans/Surfaces/Mossy_Rocky_Ground_vcqhcig/Medium/vcqhcig_tier_2/Textures/T_vcqhcig_2K_B.uasset" 616
"D:/CodingProjects/Game Project/WeLeftTheLightsOn/Content/Fab/Megascans/Surfaces/Mossy_Rocky_Ground_vcqhcig/Medium/vcqhcig_tier_2/Textures/T_vcqhcig_2K_B.uexp" 617
"D:/CodingProjects/Game Project/WeLeftTheLightsOn/Content/Fab/Megascans/Surfaces/Uncut_Grass_oeeb70/High/oeeb70_tier_1/Textures/T_oeeb70_4K_B.ubulk" 618
"D:/CodingProjects/Game Project/WeLeftTheLightsOn/Content/Fab/Megascans/Surfaces/Uncut_Grass_oeeb70/High/oeeb70_tier_1/Textures/T_oeeb70_4K_B.uasset" 619
"D:/CodingProjects/Game Project/WeLeftTheLightsOn/Content/Fab/Megascans/Surfaces/Uncut_Grass_oeeb70/High/oeeb70_tier_1/Textures/T_oeeb70_4K_B.uexp" 620
"D:/CodingProjects/Game Project/WeLeftTheLightsOn/Content/Fab/Megascans/Surfaces/Uncut_Grass_oeeb70/High/oeeb70_tier_1/Textures/T_oeeb70_4K_N.ubulk" 621
"D:/CodingProjects/Game Project/WeLeftTheLightsOn/Content/Fab/Megascans/Surfaces/Uncut_Grass_oeeb70/High/oeeb70_tier_1/Textures/T_oeeb70_4K_N.uasset" 622
"D:/CodingProjects/Game Project/WeLeftTheLightsOn/Content/Fab/Megascans/Surfaces/Uncut_Grass_oeeb70/High/oeeb70_tier_1/Textures/T_oeeb70_4K_N.uexp" 623
"D:/CodingProjects/Game Project/WeLeftTheLightsOn/Content/Fab/Megascans/Surfaces/M_Landscape_Paint.uasset" 624
"D:/CodingProjects/Game Project/WeLeftTheLightsOn/Content/Fab/Megascans/Surfaces/M_Landscape_Paint.uexp" 625
"../../../Engine/Content/EngineMaterials/T_Default_Material_Grid_M.ubulk" 626
"../../../Engine/Content/EngineMaterials/T_Default_Material_Grid_M.uasset" 627
"../../../Engine/Content/EngineMaterials/T_Default_Material_Grid_M.uexp" 628
"../../../Engine/Content/Functions/Engine_MaterialFunctions01/Opacity/CameraDepthFade.uasset" 629
"../../../Engine/Content/Functions/Engine_MaterialFunctions01/Opacity/CameraDepthFade.uexp" 630
"../../../Engine/Content/EngineMaterials/T_Default_Material_Grid_N.ubulk" 631
"../../../Engine/Content/EngineMaterials/T_Default_Material_Grid_N.uasset" 632
"../../../Engine/Content/EngineMaterials/T_Default_Material_Grid_N.uexp" 633
"../../../Engine/Content/EngineMaterials/DefaultMaterial.uasset" 634
"../../../Engine/Content/EngineMaterials/DefaultMaterial.uexp" 635
"../../../Engine/Content/BasicShapes/Cylinder.ubulk" 636
"../../../Engine/Content/BasicShapes/Cylinder.uasset" 637
"../../../Engine/Content/BasicShapes/Cylinder.uexp" 638
"D:/CodingProjects/Game Project/WeLeftTheLightsOn/Content/Utils/BPFL_Logging.uasset" 639
"D:/CodingProjects/Game Project/WeLeftTheLightsOn/Content/Utils/BPFL_Logging.uexp" 640
"D:/CodingProjects/Game Project/WeLeftTheLightsOn/Content/Players/EffectsSystem/Data/EN_EffectType.uasset" 641
"D:/CodingProjects/Game Project/WeLeftTheLightsOn/Content/Players/EffectsSystem/Data/EN_EffectType.uexp" 642
"D:/CodingProjects/Game Project/WeLeftTheLightsOn/Content/Players/StatSystem/EN_PlayerStatType.uasset" 643
"D:/CodingProjects/Game Project/WeLeftTheLightsOn/Content/Players/StatSystem/EN_PlayerStatType.uexp" 644
"D:/CodingProjects/Game Project/WeLeftTheLightsOn/Content/Players/EffectsSystem/Data/EN_StatModifierType.uasset" 645
"D:/CodingProjects/Game Project/WeLeftTheLightsOn/Content/Players/EffectsSystem/Data/EN_StatModifierType.uexp" 646
"D:/CodingProjects/Game Project/WeLeftTheLightsOn/Content/Players/EffectsSystem/Data/ST_StatModifier.uasset" 647
"D:/CodingProjects/Game Project/WeLeftTheLightsOn/Content/Players/EffectsSystem/Data/ST_StatModifier.uexp" 648
"D:/CodingProjects/Game Project/WeLeftTheLightsOn/Content/Players/EffectsSystem/Data/DA_EffectDefinition.uasset" 649
"D:/CodingProjects/Game Project/WeLeftTheLightsOn/Content/Players/EffectsSystem/Data/DA_EffectDefinition.uexp" 650
"D:/CodingProjects/Game Project/WeLeftTheLightsOn/Content/Players/EffectsSystem/Data/ST_EffectDataRow.uasset" 651
"D:/CodingProjects/Game Project/WeLeftTheLightsOn/Content/Players/EffectsSystem/Data/ST_EffectDataRow.uexp" 652
"D:/CodingProjects/Game Project/WeLeftTheLightsOn/Content/Players/EffectsSystem/Data/ST_ActiveEffect.uasset" 653
"D:/CodingProjects/Game Project/WeLeftTheLightsOn/Content/Players/EffectsSystem/Data/ST_ActiveEffect.uexp" 654
"D:/CodingProjects/Game Project/WeLeftTheLightsOn/Content/Players/StatSystem/ST_PlayerStat.uasset" 655
"D:/CodingProjects/Game Project/WeLeftTheLightsOn/Content/Players/StatSystem/ST_PlayerStat.uexp" 656
"D:/CodingProjects/Game Project/WeLeftTheLightsOn/Content/Players/EffectsSystem/BPFL_EffectService.uasset" 657
"D:/CodingProjects/Game Project/WeLeftTheLightsOn/Content/Players/EffectsSystem/BPFL_EffectService.uexp" 658
"D:/CodingProjects/Game Project/WeLeftTheLightsOn/Content/Players/EffectsSystem/Assets/schneeflocke.uasset" 659
"D:/CodingProjects/Game Project/WeLeftTheLightsOn/Content/Players/EffectsSystem/Assets/schneeflocke.uexp" 660
"D:/CodingProjects/Game Project/WeLeftTheLightsOn/Content/Players/EffectsSystem/Data/EffectDefinitions/DA_Freezing.uasset" 661
"D:/CodingProjects/Game Project/WeLeftTheLightsOn/Content/Players/EffectsSystem/Data/EffectDefinitions/DA_Freezing.uexp" 662
"D:/CodingProjects/Game Project/WeLeftTheLightsOn/Content/Players/EffectsSystem/Assets/heisses-wetter.uasset" 663
"D:/CodingProjects/Game Project/WeLeftTheLightsOn/Content/Players/EffectsSystem/Assets/heisses-wetter.uexp" 664
"D:/CodingProjects/Game Project/WeLeftTheLightsOn/Content/Players/EffectsSystem/Data/EffectDefinitions/DA_Heat.uasset" 665
"D:/CodingProjects/Game Project/WeLeftTheLightsOn/Content/Players/EffectsSystem/Data/EffectDefinitions/DA_Heat.uexp" 666
"D:/CodingProjects/Game Project/WeLeftTheLightsOn/Content/Players/EffectsSystem/Assets/gift.uasset" 667
"D:/CodingProjects/Game Project/WeLeftTheLightsOn/Content/Players/EffectsSystem/Assets/gift.uexp" 668
"D:/CodingProjects/Game Project/WeLeftTheLightsOn/Content/Players/EffectsSystem/Data/EffectDefinitions/DA_Poison.uasset" 669
"D:/CodingProjects/Game Project/WeLeftTheLightsOn/Content/Players/EffectsSystem/Data/EffectDefinitions/DA_Poison.uexp" 670
"D:/CodingProjects/Game Project/WeLeftTheLightsOn/Content/Players/EffectsSystem/Assets/nuclear.uasset" 671
"D:/CodingProjects/Game Project/WeLeftTheLightsOn/Content/Players/EffectsSystem/Assets/nuclear.uexp" 672
"D:/CodingProjects/Game Project/WeLeftTheLightsOn/Content/Players/EffectsSystem/Data/EffectDefinitions/DA_Radiation.uasset" 673
"D:/CodingProjects/Game Project/WeLeftTheLightsOn/Content/Players/EffectsSystem/Data/EffectDefinitions/DA_Radiation.uexp" 674
"D:/CodingProjects/Game Project/WeLeftTheLightsOn/Content/Players/EffectsSystem/DT_Effects.uasset" 675
"D:/CodingProjects/Game Project/WeLeftTheLightsOn/Content/Players/EffectsSystem/DT_Effects.uexp" 676
"D:/CodingProjects/Game Project/WeLeftTheLightsOn/Content/Audio/Player/hut_grunt.ubulk" 677
"D:/CodingProjects/Game Project/WeLeftTheLightsOn/Content/Audio/Player/hut_grunt.uasset" 678
"D:/CodingProjects/Game Project/WeLeftTheLightsOn/Content/Audio/Player/hut_grunt.uexp" 679
"D:/CodingProjects/Game Project/WeLeftTheLightsOn/Content/Players/StatSystem/BPFL_PlayerStatService.uasset" 680
"D:/CodingProjects/Game Project/WeLeftTheLightsOn/Content/Players/StatSystem/BPFL_PlayerStatService.uexp" 681
"D:/CodingProjects/Game Project/WeLeftTheLightsOn/Content/Players/StatSystem/ST_PlayerStatsRow.uasset" 682
"D:/CodingProjects/Game Project/WeLeftTheLightsOn/Content/Players/StatSystem/ST_PlayerStatsRow.uexp" 683
"D:/CodingProjects/Game Project/WeLeftTheLightsOn/Content/Players/StatSystem/DT_PlayerStats.uasset" 684
"D:/CodingProjects/Game Project/WeLeftTheLightsOn/Content/Players/StatSystem/DT_PlayerStats.uexp" 685
"D:/CodingProjects/Game Project/WeLeftTheLightsOn/Content/Players/BP_PlayerState.uasset" 686
"D:/CodingProjects/Game Project/WeLeftTheLightsOn/Content/Players/BP_PlayerState.uexp" 687
"D:/CodingProjects/Game Project/WeLeftTheLightsOn/Content/Systems/ST_InventorySlot_WIP.uasset" 688
"D:/CodingProjects/Game Project/WeLeftTheLightsOn/Content/Systems/ST_InventorySlot_WIP.uexp" 689
"D:/CodingProjects/Game Project/WeLeftTheLightsOn/Content/Systems/Jobs/EN_ObjectiveType.uasset" 690
"D:/CodingProjects/Game Project/WeLeftTheLightsOn/Content/Systems/Jobs/EN_ObjectiveType.uexp" 691
"D:/CodingProjects/Game Project/WeLeftTheLightsOn/Content/Systems/Jobs/JobStructs/ST_CompletionDetails.uasset" 692
"D:/CodingProjects/Game Project/WeLeftTheLightsOn/Content/Systems/Jobs/JobStructs/ST_CompletionDetails.uexp" 693
"D:/CodingProjects/Game Project/WeLeftTheLightsOn/Content/Systems/Jobs/JobStructs/ST_Reward.uasset" 694
"D:/CodingProjects/Game Project/WeLeftTheLightsOn/Content/Systems/Jobs/JobStructs/ST_Reward.uexp" 695
"D:/CodingProjects/Game Project/WeLeftTheLightsOn/Content/Systems/Jobs/JobStructs/ST_Objective.uasset" 696
"D:/CodingProjects/Game Project/WeLeftTheLightsOn/Content/Systems/Jobs/JobStructs/ST_Objective.uexp" 697
"D:/CodingProjects/Game Project/WeLeftTheLightsOn/Content/Systems/Jobs/JobStructs/ST_Job.uasset" 698
"D:/CodingProjects/Game Project/WeLeftTheLightsOn/Content/Systems/Jobs/JobStructs/ST_Job.uexp" 699
"D:/CodingProjects/Game Project/WeLeftTheLightsOn/Content/Systems/Jobs/ST_JobState.uasset" 700
"D:/CodingProjects/Game Project/WeLeftTheLightsOn/Content/Systems/Jobs/ST_JobState.uexp" 701
"D:/CodingProjects/Game Project/WeLeftTheLightsOn/Content/Systems/Ship/ST_ShipState.uasset" 702
"D:/CodingProjects/Game Project/WeLeftTheLightsOn/Content/Systems/Ship/ST_ShipState.uexp" 703
"D:/CodingProjects/Game Project/WeLeftTheLightsOn/Content/Systems/BP_GameStateBase.uasset" 704
"D:/CodingProjects/Game Project/WeLeftTheLightsOn/Content/Systems/BP_GameStateBase.uexp" 705
"D:/CodingProjects/Game Project/WeLeftTheLightsOn/Content/Utils/BPFL_Operations.uasset" 706
"D:/CodingProjects/Game Project/WeLeftTheLightsOn/Content/Utils/BPFL_Operations.uexp" 707
"D:/CodingProjects/Game Project/WeLeftTheLightsOn/Content/Input/Actions/IA_Move.uasset" 708
"D:/CodingProjects/Game Project/WeLeftTheLightsOn/Content/Input/Actions/IA_Move.uexp" 709
"D:/CodingProjects/Game Project/WeLeftTheLightsOn/Content/Input/Actions/IA_Look.uasset" 710
"D:/CodingProjects/Game Project/WeLeftTheLightsOn/Content/Input/Actions/IA_Look.uexp" 711
"D:/CodingProjects/Game Project/WeLeftTheLightsOn/Content/Input/Actions/IA_Jump.uasset" 712
"D:/CodingProjects/Game Project/WeLeftTheLightsOn/Content/Input/Actions/IA_Jump.uexp" 713
"D:/CodingProjects/Game Project/WeLeftTheLightsOn/Content/Input/Actions/IA_ToggleInventory.uasset" 714
"D:/CodingProjects/Game Project/WeLeftTheLightsOn/Content/Input/Actions/IA_ToggleInventory.uexp" 715
"D:/CodingProjects/Game Project/WeLeftTheLightsOn/Content/Input/Actions/IA_Interact.uasset" 716
"D:/CodingProjects/Game Project/WeLeftTheLightsOn/Content/Input/Actions/IA_Interact.uexp" 717
"D:/CodingProjects/Game Project/WeLeftTheLightsOn/Content/Input/Actions/IA_DropItem.uasset" 718
"D:/CodingProjects/Game Project/WeLeftTheLightsOn/Content/Input/Actions/IA_DropItem.uexp" 719
"D:/CodingProjects/Game Project/WeLeftTheLightsOn/Content/Input/Actions/IA_Consume.uasset" 720
"D:/CodingProjects/Game Project/WeLeftTheLightsOn/Content/Input/Actions/IA_Consume.uexp" 721
"D:/CodingProjects/Game Project/WeLeftTheLightsOn/Content/Input/IMC_Default.uasset" 722
"D:/CodingProjects/Game Project/WeLeftTheLightsOn/Content/Input/IMC_Default.uexp" 723
"D:/CodingProjects/Game Project/WeLeftTheLightsOn/Content/Systems/UI/E_UIType.uasset" 724
"D:/CodingProjects/Game Project/WeLeftTheLightsOn/Content/Systems/UI/E_UIType.uexp" 725
"D:/CodingProjects/Game Project/WeLeftTheLightsOn/Content/Systems/UI/BPI_Interactable.uasset" 726
"D:/CodingProjects/Game Project/WeLeftTheLightsOn/Content/Systems/UI/BPI_Interactable.uexp" 727
"D:/CodingProjects/Game Project/WeLeftTheLightsOn/Content/Systems/UI/BPI_Interactor.uasset" 728
"D:/CodingProjects/Game Project/WeLeftTheLightsOn/Content/Systems/UI/BPI_Interactor.uexp" 729
"D:/CodingProjects/Game Project/WeLeftTheLightsOn/Content/Systems/UI/Data/E_UIActionType.uasset" 730
"D:/CodingProjects/Game Project/WeLeftTheLightsOn/Content/Systems/UI/Data/E_UIActionType.uexp" 731
"D:/CodingProjects/Game Project/WeLeftTheLightsOn/Content/Systems/UI/S_UIAction.uasset" 732
"D:/CodingProjects/Game Project/WeLeftTheLightsOn/Content/Systems/UI/S_UIAction.uexp" 733
"D:/CodingProjects/Game Project/WeLeftTheLightsOn/Content/Systems/Items/Data/ST_HoldableItemData.uasset" 734
"D:/CodingProjects/Game Project/WeLeftTheLightsOn/Content/Systems/Items/Data/ST_HoldableItemData.uexp" 735
"D:/CodingProjects/Game Project/WeLeftTheLightsOn/Content/Systems/Items/Data/DA_ItemDefinition.uasset" 736
"D:/CodingProjects/Game Project/WeLeftTheLightsOn/Content/Systems/Items/Data/DA_ItemDefinition.uexp" 737
"D:/CodingProjects/Game Project/WeLeftTheLightsOn/Content/Systems/Items/Data/EN_ItemType.uasset" 738
"D:/CodingProjects/Game Project/WeLeftTheLightsOn/Content/Systems/Items/Data/EN_ItemType.uexp" 739
"D:/CodingProjects/Game Project/WeLeftTheLightsOn/Content/Systems/Items/Data/ST_ItemData.uasset" 740
"D:/CodingProjects/Game Project/WeLeftTheLightsOn/Content/Systems/Items/Data/ST_ItemData.uexp" 741
"D:/CodingProjects/Game Project/WeLeftTheLightsOn/Content/Systems/Inventory/Data/ST_InventoryItem.uasset" 742
"D:/CodingProjects/Game Project/WeLeftTheLightsOn/Content/Systems/Inventory/Data/ST_InventoryItem.uexp" 743
"D:/CodingProjects/Game Project/WeLeftTheLightsOn/Content/Systems/Ship/BPFL_ShipService.uasset" 744
"D:/CodingProjects/Game Project/WeLeftTheLightsOn/Content/Systems/Ship/BPFL_ShipService.uexp" 745
"D:/CodingProjects/Game Project/WeLeftTheLightsOn/Content/Systems/Items/Blueprints/BPI_ItemInteractionReceiver.uasset" 746
"D:/CodingProjects/Game Project/WeLeftTheLightsOn/Content/Systems/Items/Blueprints/BPI_ItemInteractionReceiver.uexp" 747
"D:/CodingProjects/Game Project/WeLeftTheLightsOn/Content/Systems/UI/Widgets/WBP_SingleInteractionPrompt.uasset" 748
"D:/CodingProjects/Game Project/WeLeftTheLightsOn/Content/Systems/UI/Widgets/WBP_SingleInteractionPrompt.uexp" 749
"D:/CodingProjects/Game Project/WeLeftTheLightsOn/Content/Systems/UI/Widgets/WBP_MultiInteractionPrompt.uasset" 750
"D:/CodingProjects/Game Project/WeLeftTheLightsOn/Content/Systems/UI/Widgets/WBP_MultiInteractionPrompt.uexp" 751
"D:/CodingProjects/Game Project/WeLeftTheLightsOn/Content/Systems/UI/BP_InteractableActor.uasset" 752
"D:/CodingProjects/Game Project/WeLeftTheLightsOn/Content/Systems/UI/BP_InteractableActor.uexp" 753
"D:/CodingProjects/Game Project/WeLeftTheLightsOn/Content/Systems/Items/Data/EN_ItemState.uasset" 754
"D:/CodingProjects/Game Project/WeLeftTheLightsOn/Content/Systems/Items/Data/EN_ItemState.uexp" 755
"D:/CodingProjects/Game Project/WeLeftTheLightsOn/Content/Systems/Items/Components/ST_ItemInteractionsMapValue.uasset" 756
"D:/CodingProjects/Game Project/WeLeftTheLightsOn/Content/Systems/Items/Components/ST_ItemInteractionsMapValue.uexp" 757
"D:/CodingProjects/Game Project/WeLeftTheLightsOn/Content/Systems/Items/Components/ST_ItemInteractionsMap.uasset" 758
"D:/CodingProjects/Game Project/WeLeftTheLightsOn/Content/Systems/Items/Components/ST_ItemInteractionsMap.uexp" 759
"D:/CodingProjects/Game Project/WeLeftTheLightsOn/Content/Systems/Items/Components/AC_ItemComponent.uasset" 760
"D:/CodingProjects/Game Project/WeLeftTheLightsOn/Content/Systems/Items/Components/AC_ItemComponent.uexp" 761
"D:/CodingProjects/Game Project/WeLeftTheLightsOn/Content/Systems/Items/Components/AC_InteractableItemComponent.uasset" 762
"D:/CodingProjects/Game Project/WeLeftTheLightsOn/Content/Systems/Items/Components/AC_InteractableItemComponent.uexp" 763
"D:/CodingProjects/Game Project/WeLeftTheLightsOn/Content/Systems/Items/Blueprints/BP_Item.uasset" 764
"D:/CodingProjects/Game Project/WeLeftTheLightsOn/Content/Systems/Items/Blueprints/BP_Item.uexp" 765
"D:/CodingProjects/Game Project/WeLeftTheLightsOn/Content/Audio/Player/pickup_item.ubulk" 766
"D:/CodingProjects/Game Project/WeLeftTheLightsOn/Content/Audio/Player/pickup_item.uasset" 767
"D:/CodingProjects/Game Project/WeLeftTheLightsOn/Content/Audio/Player/pickup_item.uexp" 768
"D:/CodingProjects/Game Project/WeLeftTheLightsOn/Content/Systems/Items/Components/BehaviorComponents/AC_Pickup.uasset" 769
"D:/CodingProjects/Game Project/WeLeftTheLightsOn/Content/Systems/Items/Components/BehaviorComponents/AC_Pickup.uexp" 770
"D:/CodingProjects/Game Project/WeLeftTheLightsOn/Content/Systems/Items/Components/BehaviorComponents/AC_Consume.uasset" 771
"D:/CodingProjects/Game Project/WeLeftTheLightsOn/Content/Systems/Items/Components/BehaviorComponents/AC_Consume.uexp" 772
"D:/CodingProjects/Game Project/WeLeftTheLightsOn/Content/Systems/Items/Components/BehaviorComponents/AC_Equip.uasset" 773
"D:/CodingProjects/Game Project/WeLeftTheLightsOn/Content/Systems/Items/Components/BehaviorComponents/AC_Equip.uexp" 774
"../../../Engine/Plugins/Interchange/Assets/Content/Utilities/New_LUT.uasset" 775
"../../../Engine/Plugins/Interchange/Assets/Content/Utilities/New_LUT.uexp" 776
"../../../Engine/Content/Functions/Engine_MaterialFunctions03/Math/RemapValueRange.uasset" 777
"../../../Engine/Content/Functions/Engine_MaterialFunctions03/Math/RemapValueRange.uexp" 778
"../../../Engine/Plugins/Interchange/Assets/Content/Functions/MF_Iridescence.uasset" 779
"../../../Engine/Plugins/Interchange/Assets/Content/Functions/MF_Iridescence.uexp" 780
"../../../Engine/Plugins/Interchange/Assets/Content/gltf/Textures/T_White_srgb.uasset" 781
"../../../Engine/Plugins/Interchange/Assets/Content/gltf/Textures/T_White_srgb.uexp" 782
"../../../Engine/Plugins/Interchange/Assets/Content/gltf/MaterialFunctions/MF_BaseColor.uasset" 783
"../../../Engine/Plugins/Interchange/Assets/Content/gltf/MaterialFunctions/MF_BaseColor.uexp" 784
"../../../Engine/Plugins/Interchange/Assets/Content/gltf/MaterialFunctions/MF_RotateV2.uasset" 785
"../../../Engine/Plugins/Interchange/Assets/Content/gltf/MaterialFunctions/MF_RotateV2.uexp" 786
"../../../Engine/Plugins/Interchange/Assets/Content/gltf/MaterialFunctions/MF_TransformUVs.uasset" 787
"../../../Engine/Plugins/Interchange/Assets/Content/gltf/MaterialFunctions/MF_TransformUVs.uexp" 788
"../../../Engine/Plugins/Interchange/Assets/Content/gltf/MaterialFunctions/MF_IOR.uasset" 789
"../../../Engine/Plugins/Interchange/Assets/Content/gltf/MaterialFunctions/MF_IOR.uexp" 790
"../../../Engine/Plugins/Interchange/Assets/Content/gltf/MaterialFunctions/MF_Iridescence.uasset" 791
"../../../Engine/Plugins/Interchange/Assets/Content/gltf/MaterialFunctions/MF_Iridescence.uexp" 792
"../../../Engine/Plugins/Interchange/Assets/Content/gltf/Textures/T_White_Linear.uasset" 793
"../../../Engine/Plugins/Interchange/Assets/Content/gltf/Textures/T_White_Linear.uexp" 794
"../../../Engine/Plugins/Interchange/Assets/Content/gltf/MaterialFunctions/MF_MetallicRoughness.uasset" 795
"../../../Engine/Plugins/Interchange/Assets/Content/gltf/MaterialFunctions/MF_MetallicRoughness.uexp" 796
"../../../Engine/Content/Functions/Engine_MaterialFunctions02/Math/Transform3x3Matrix.uasset" 797
"../../../Engine/Content/Functions/Engine_MaterialFunctions02/Math/Transform3x3Matrix.uexp" 798
"../../../Engine/Plugins/Interchange/Assets/Content/gltf/MaterialFunctions/MF_RotateNormals_TS.uasset" 799
"../../../Engine/Plugins/Interchange/Assets/Content/gltf/MaterialFunctions/MF_RotateNormals_TS.uexp" 800
"../../../Engine/Plugins/Interchange/Assets/Content/gltf/MaterialFunctions/MF_ScaleNormal.uasset" 801
"../../../Engine/Plugins/Interchange/Assets/Content/gltf/MaterialFunctions/MF_ScaleNormal.uexp" 802
"../../../Engine/Plugins/Interchange/Assets/Content/gltf/Textures/T_Generic_N.uasset" 803
"../../../Engine/Plugins/Interchange/Assets/Content/gltf/Textures/T_Generic_N.uexp" 804
"../../../Engine/Plugins/Interchange/Assets/Content/gltf/MaterialFunctions/MF_Normals.uasset" 805
"../../../Engine/Plugins/Interchange/Assets/Content/gltf/MaterialFunctions/MF_Normals.uexp" 806
"../../../Engine/Plugins/Interchange/Assets/Content/gltf/MaterialFunctions/MF_Occlusion.uasset" 807
"../../../Engine/Plugins/Interchange/Assets/Content/gltf/MaterialFunctions/MF_Occlusion.uexp" 808
"../../../Engine/Plugins/Interchange/Assets/Content/gltf/MaterialFunctions/MF_Specular.uasset" 809
"../../../Engine/Plugins/Interchange/Assets/Content/gltf/MaterialFunctions/MF_Specular.uexp" 810
"../../../Engine/Plugins/Interchange/Assets/Content/gltf/Textures/T_Anisotropy_Direction_Linear.uasset" 811
"../../../Engine/Plugins/Interchange/Assets/Content/gltf/Textures/T_Anisotropy_Direction_Linear.uexp" 812
"../../../Engine/Plugins/Interchange/Assets/Content/gltf/MaterialFunctions/MF_SpecularAnisotropy.uasset" 813
"../../../Engine/Plugins/Interchange/Assets/Content/gltf/MaterialFunctions/MF_SpecularAnisotropy.uexp" 814
"../../../Engine/Plugins/Interchange/Assets/Content/gltf/MaterialFunctions/MF_Emissive.uasset" 815
"../../../Engine/Plugins/Interchange/Assets/Content/gltf/MaterialFunctions/MF_Emissive.uexp" 816
"../../../Engine/Plugins/Interchange/Assets/Content/gltf/MaterialBodies/MF_Default_Body.uasset" 817
"../../../Engine/Plugins/Interchange/Assets/Content/gltf/MaterialBodies/MF_Default_Body.uexp" 818
"../../../Engine/Plugins/Interchange/Assets/Content/gltf/M_Default.uasset" 819
"../../../Engine/Plugins/Interchange/Assets/Content/gltf/M_Default.uexp" 820
"../../../Engine/Plugins/Interchange/Assets/Content/gltf/MaterialInstances/MI_Default_Opaque_DS.uasset" 821
"../../../Engine/Plugins/Interchange/Assets/Content/gltf/MaterialInstances/MI_Default_Opaque_DS.uexp" 822
"D:/CodingProjects/Game Project/WeLeftTheLightsOn/Content/Systems/Items/Models/medkit_voxel/Materials/Voxel_mat8.uasset" 823
"D:/CodingProjects/Game Project/WeLeftTheLightsOn/Content/Systems/Items/Models/medkit_voxel/Materials/Voxel_mat8.uexp" 824
"D:/CodingProjects/Game Project/WeLeftTheLightsOn/Content/Systems/Items/Models/medkit_voxel/Materials/Voxel_mat50.uasset" 825
"D:/CodingProjects/Game Project/WeLeftTheLightsOn/Content/Systems/Items/Models/medkit_voxel/Materials/Voxel_mat50.uexp" 826
"D:/CodingProjects/Game Project/WeLeftTheLightsOn/Content/Systems/Items/Models/medkit_voxel/Materials/Voxel_mat2.uasset" 827
"D:/CodingProjects/Game Project/WeLeftTheLightsOn/Content/Systems/Items/Models/medkit_voxel/Materials/Voxel_mat2.uexp" 828
"D:/CodingProjects/Game Project/WeLeftTheLightsOn/Content/Systems/Items/Models/medkit_voxel/Materials/Voxel_mat16.uasset" 829
"D:/CodingProjects/Game Project/WeLeftTheLightsOn/Content/Systems/Items/Models/medkit_voxel/Materials/Voxel_mat16.uexp" 830
"D:/CodingProjects/Game Project/WeLeftTheLightsOn/Content/Systems/Items/Models/medkit_voxel/Materials/Voxel_mat15.uasset" 831
"D:/CodingProjects/Game Project/WeLeftTheLightsOn/Content/Systems/Items/Models/medkit_voxel/Materials/Voxel_mat15.uexp" 832
"D:/CodingProjects/Game Project/WeLeftTheLightsOn/Content/Systems/Items/Models/medkit_voxel/Materials/Voxel_mat10.uasset" 833
"D:/CodingProjects/Game Project/WeLeftTheLightsOn/Content/Systems/Items/Models/medkit_voxel/Materials/Voxel_mat10.uexp" 834
"D:/CodingProjects/Game Project/WeLeftTheLightsOn/Content/Systems/Items/Models/medkit_voxel/StaticMeshes/medkit_voxel.ubulk" 835
"D:/CodingProjects/Game Project/WeLeftTheLightsOn/Content/Systems/Items/Models/medkit_voxel/StaticMeshes/medkit_voxel.uasset" 836
"D:/CodingProjects/Game Project/WeLeftTheLightsOn/Content/Systems/Items/Models/medkit_voxel/StaticMeshes/medkit_voxel.uexp" 837
"D:/CodingProjects/Game Project/WeLeftTheLightsOn/Content/Systems/Items/Data/Assets/DA_MediKit.uasset" 838
"D:/CodingProjects/Game Project/WeLeftTheLightsOn/Content/Systems/Items/Data/Assets/DA_MediKit.uexp" 839
"../../../Engine/Plugins/Interchange/Assets/Content/gltf/MaterialInstances/MI_Default_Opaque.uasset" 840
"../../../Engine/Plugins/Interchange/Assets/Content/gltf/MaterialInstances/MI_Default_Opaque.uexp" 841
"D:/CodingProjects/Game Project/WeLeftTheLightsOn/Content/Systems/Items/Models/chicken_nuggets/Materials/material.uasset" 842
"D:/CodingProjects/Game Project/WeLeftTheLightsOn/Content/Systems/Items/Models/chicken_nuggets/Materials/material.uexp" 843
"../../../Engine/Plugins/Interchange/Assets/Content/gltf/MaterialInstances/MI_Default_Blend.uasset" 844
"../../../Engine/Plugins/Interchange/Assets/Content/gltf/MaterialInstances/MI_Default_Blend.uexp" 845
"D:/CodingProjects/Game Project/WeLeftTheLightsOn/Content/Systems/Items/Models/chicken_nuggets/Materials/edge_color000255.uasset" 846
"D:/CodingProjects/Game Project/WeLeftTheLightsOn/Content/Systems/Items/Models/chicken_nuggets/Materials/edge_color000255.uexp" 847
"D:/CodingProjects/Game Project/WeLeftTheLightsOn/Content/Systems/Items/Models/chicken_nuggets/Textures/chicken_nuggets_texture_0.ubulk" 848
"D:/CodingProjects/Game Project/WeLeftTheLightsOn/Content/Systems/Items/Models/chicken_nuggets/Textures/chicken_nuggets_texture_0.uasset" 849
"D:/CodingProjects/Game Project/WeLeftTheLightsOn/Content/Systems/Items/Models/chicken_nuggets/Textures/chicken_nuggets_texture_0.uexp" 850
"D:/CodingProjects/Game Project/WeLeftTheLightsOn/Content/Systems/Items/Models/chicken_nuggets/Materials/auto.uasset" 851
"D:/CodingProjects/Game Project/WeLeftTheLightsOn/Content/Systems/Items/Models/chicken_nuggets/Materials/auto.uexp" 852
"D:/CodingProjects/Game Project/WeLeftTheLightsOn/Content/Systems/Items/Models/chicken_nuggets/Textures/chicken_nuggets_texture_1.ubulk" 853
"D:/CodingProjects/Game Project/WeLeftTheLightsOn/Content/Systems/Items/Models/chicken_nuggets/Textures/chicken_nuggets_texture_1.uasset" 854
"D:/CodingProjects/Game Project/WeLeftTheLightsOn/Content/Systems/Items/Models/chicken_nuggets/Textures/chicken_nuggets_texture_1.uexp" 855
"D:/CodingProjects/Game Project/WeLeftTheLightsOn/Content/Systems/Items/Models/chicken_nuggets/Materials/auto_1.uasset" 856
"D:/CodingProjects/Game Project/WeLeftTheLightsOn/Content/Systems/Items/Models/chicken_nuggets/Materials/auto_1.uexp" 857
"D:/CodingProjects/Game Project/WeLeftTheLightsOn/Content/Systems/Items/Models/chicken_nuggets/Textures/chicken_nuggets_texture_2.ubulk" 858
"D:/CodingProjects/Game Project/WeLeftTheLightsOn/Content/Systems/Items/Models/chicken_nuggets/Textures/chicken_nuggets_texture_2.uasset" 859
"D:/CodingProjects/Game Project/WeLeftTheLightsOn/Content/Systems/Items/Models/chicken_nuggets/Textures/chicken_nuggets_texture_2.uexp" 860
"D:/CodingProjects/Game Project/WeLeftTheLightsOn/Content/Systems/Items/Models/chicken_nuggets/Materials/auto_2.uasset" 861
"D:/CodingProjects/Game Project/WeLeftTheLightsOn/Content/Systems/Items/Models/chicken_nuggets/Materials/auto_2.uexp" 862
"D:/CodingProjects/Game Project/WeLeftTheLightsOn/Content/Systems/Items/Models/chicken_nuggets/Textures/chicken_nuggets_texture_3.ubulk" 863
"D:/CodingProjects/Game Project/WeLeftTheLightsOn/Content/Systems/Items/Models/chicken_nuggets/Textures/chicken_nuggets_texture_3.uasset" 864
"D:/CodingProjects/Game Project/WeLeftTheLightsOn/Content/Systems/Items/Models/chicken_nuggets/Textures/chicken_nuggets_texture_3.uexp" 865
"D:/CodingProjects/Game Project/WeLeftTheLightsOn/Content/Systems/Items/Models/chicken_nuggets/Materials/auto_4.uasset" 866
"D:/CodingProjects/Game Project/WeLeftTheLightsOn/Content/Systems/Items/Models/chicken_nuggets/Materials/auto_4.uexp" 867
"D:/CodingProjects/Game Project/WeLeftTheLightsOn/Content/Systems/Items/Models/chicken_nuggets/Textures/chicken_nuggets_texture_4.ubulk" 868
"D:/CodingProjects/Game Project/WeLeftTheLightsOn/Content/Systems/Items/Models/chicken_nuggets/Textures/chicken_nuggets_texture_4.uasset" 869
"D:/CodingProjects/Game Project/WeLeftTheLightsOn/Content/Systems/Items/Models/chicken_nuggets/Textures/chicken_nuggets_texture_4.uexp" 870
"D:/CodingProjects/Game Project/WeLeftTheLightsOn/Content/Systems/Items/Models/chicken_nuggets/Materials/auto_5.uasset" 871
"D:/CodingProjects/Game Project/WeLeftTheLightsOn/Content/Systems/Items/Models/chicken_nuggets/Materials/auto_5.uexp" 872
"D:/CodingProjects/Game Project/WeLeftTheLightsOn/Content/Systems/Items/Models/chicken_nuggets/Textures/chicken_nuggets_texture_5.uasset" 873
"D:/CodingProjects/Game Project/WeLeftTheLightsOn/Content/Systems/Items/Models/chicken_nuggets/Textures/chicken_nuggets_texture_5.uexp" 874
"D:/CodingProjects/Game Project/WeLeftTheLightsOn/Content/Systems/Items/Models/chicken_nuggets/Materials/auto_6.uasset" 875
"D:/CodingProjects/Game Project/WeLeftTheLightsOn/Content/Systems/Items/Models/chicken_nuggets/Materials/auto_6.uexp" 876
"D:/CodingProjects/Game Project/WeLeftTheLightsOn/Content/Systems/Items/Models/chicken_nuggets/Textures/chicken_nuggets_texture_6.ubulk" 877
"D:/CodingProjects/Game Project/WeLeftTheLightsOn/Content/Systems/Items/Models/chicken_nuggets/Textures/chicken_nuggets_texture_6.uasset" 878
"D:/CodingProjects/Game Project/WeLeftTheLightsOn/Content/Systems/Items/Models/chicken_nuggets/Textures/chicken_nuggets_texture_6.uexp" 879
"D:/CodingProjects/Game Project/WeLeftTheLightsOn/Content/Systems/Items/Models/chicken_nuggets/Materials/auto_7.uasset" 880
"D:/CodingProjects/Game Project/WeLeftTheLightsOn/Content/Systems/Items/Models/chicken_nuggets/Materials/auto_7.uexp" 881
"D:/CodingProjects/Game Project/WeLeftTheLightsOn/Content/Systems/Items/Models/chicken_nuggets/Textures/chicken_nuggets_texture_7.uasset" 882
"D:/CodingProjects/Game Project/WeLeftTheLightsOn/Content/Systems/Items/Models/chicken_nuggets/Textures/chicken_nuggets_texture_7.uexp" 883
"D:/CodingProjects/Game Project/WeLeftTheLightsOn/Content/Systems/Items/Models/chicken_nuggets/Materials/auto_8.uasset" 884
"D:/CodingProjects/Game Project/WeLeftTheLightsOn/Content/Systems/Items/Models/chicken_nuggets/Materials/auto_8.uexp" 885
"D:/CodingProjects/Game Project/WeLeftTheLightsOn/Content/Systems/Items/Models/chicken_nuggets/StaticMeshes/chicken_nuggets.ubulk" 886
"D:/CodingProjects/Game Project/WeLeftTheLightsOn/Content/Systems/Items/Models/chicken_nuggets/StaticMeshes/chicken_nuggets.uasset" 887
"D:/CodingProjects/Game Project/WeLeftTheLightsOn/Content/Systems/Items/Models/chicken_nuggets/StaticMeshes/chicken_nuggets.uexp" 888
"D:/CodingProjects/Game Project/WeLeftTheLightsOn/Content/Systems/Items/Data/Assets/DA_ChickenNuggets.uasset" 889
"D:/CodingProjects/Game Project/WeLeftTheLightsOn/Content/Systems/Items/Data/Assets/DA_ChickenNuggets.uexp" 890
"D:/CodingProjects/Game Project/WeLeftTheLightsOn/Content/Systems/Items/Models/water_bottle_low_poly/Textures/water_bottle_low_poly_texture_1.uasset" 891
"D:/CodingProjects/Game Project/WeLeftTheLightsOn/Content/Systems/Items/Models/water_bottle_low_poly/Textures/water_bottle_low_poly_texture_1.uexp" 892
"D:/CodingProjects/Game Project/WeLeftTheLightsOn/Content/Systems/Items/Models/water_bottle_low_poly/Materials/Matriau_001.uasset" 893
"D:/CodingProjects/Game Project/WeLeftTheLightsOn/Content/Systems/Items/Models/water_bottle_low_poly/Materials/Matriau_001.uexp" 894
"D:/CodingProjects/Game Project/WeLeftTheLightsOn/Content/Systems/Items/Models/water_bottle_low_poly/Textures/water_bottle_low_poly_texture_0.ubulk" 895
"D:/CodingProjects/Game Project/WeLeftTheLightsOn/Content/Systems/Items/Models/water_bottle_low_poly/Textures/water_bottle_low_poly_texture_0.uasset" 896
"D:/CodingProjects/Game Project/WeLeftTheLightsOn/Content/Systems/Items/Models/water_bottle_low_poly/Textures/water_bottle_low_poly_texture_0.uexp" 897
"D:/CodingProjects/Game Project/WeLeftTheLightsOn/Content/Systems/Items/Models/water_bottle_low_poly/Materials/Matriau.uasset" 898
"D:/CodingProjects/Game Project/WeLeftTheLightsOn/Content/Systems/Items/Models/water_bottle_low_poly/Materials/Matriau.uexp" 899
"D:/CodingProjects/Game Project/WeLeftTheLightsOn/Content/Systems/Items/Models/water_bottle_low_poly/StaticMeshes/water_bottle_low_poly.ubulk" 900
"D:/CodingProjects/Game Project/WeLeftTheLightsOn/Content/Systems/Items/Models/water_bottle_low_poly/StaticMeshes/water_bottle_low_poly.uasset" 901
"D:/CodingProjects/Game Project/WeLeftTheLightsOn/Content/Systems/Items/Models/water_bottle_low_poly/StaticMeshes/water_bottle_low_poly.uexp" 902
"D:/CodingProjects/Game Project/WeLeftTheLightsOn/Content/Systems/Items/Data/Assets/DA_WaterBottle.uasset" 903
"D:/CodingProjects/Game Project/WeLeftTheLightsOn/Content/Systems/Items/Data/Assets/DA_WaterBottle.uexp" 904
"D:/CodingProjects/Game Project/WeLeftTheLightsOn/Content/Systems/Items/Models/medic_gun_from_team_fortress_2/Materials/Material_010.uasset" 905
"D:/CodingProjects/Game Project/WeLeftTheLightsOn/Content/Systems/Items/Models/medic_gun_from_team_fortress_2/Materials/Material_010.uexp" 906
"D:/CodingProjects/Game Project/WeLeftTheLightsOn/Content/Systems/Items/Models/medic_gun_from_team_fortress_2/Materials/Material_009.uasset" 907
"D:/CodingProjects/Game Project/WeLeftTheLightsOn/Content/Systems/Items/Models/medic_gun_from_team_fortress_2/Materials/Material_009.uexp" 908
"D:/CodingProjects/Game Project/WeLeftTheLightsOn/Content/Systems/Items/Models/medic_gun_from_team_fortress_2/Materials/Material_008.uasset" 909
"D:/CodingProjects/Game Project/WeLeftTheLightsOn/Content/Systems/Items/Models/medic_gun_from_team_fortress_2/Materials/Material_008.uexp" 910
"D:/CodingProjects/Game Project/WeLeftTheLightsOn/Content/Systems/Items/Models/medic_gun_from_team_fortress_2/Materials/Material_007.uasset" 911
"D:/CodingProjects/Game Project/WeLeftTheLightsOn/Content/Systems/Items/Models/medic_gun_from_team_fortress_2/Materials/Material_007.uexp" 912
"D:/CodingProjects/Game Project/WeLeftTheLightsOn/Content/Systems/Items/Models/medic_gun_from_team_fortress_2/Materials/Material_006.uasset" 913
"D:/CodingProjects/Game Project/WeLeftTheLightsOn/Content/Systems/Items/Models/medic_gun_from_team_fortress_2/Materials/Material_006.uexp" 914
"D:/CodingProjects/Game Project/WeLeftTheLightsOn/Content/Systems/Items/Models/medic_gun_from_team_fortress_2/Materials/Material_005.uasset" 915
"D:/CodingProjects/Game Project/WeLeftTheLightsOn/Content/Systems/Items/Models/medic_gun_from_team_fortress_2/Materials/Material_005.uexp" 916
"D:/CodingProjects/Game Project/WeLeftTheLightsOn/Content/Systems/Items/Models/medic_gun_from_team_fortress_2/Materials/Material_004.uasset" 917
"D:/CodingProjects/Game Project/WeLeftTheLightsOn/Content/Systems/Items/Models/medic_gun_from_team_fortress_2/Materials/Material_004.uexp" 918
"D:/CodingProjects/Game Project/WeLeftTheLightsOn/Content/Systems/Items/Models/medic_gun_from_team_fortress_2/StaticMeshes/medic_gun_from_team_fortress_2.ubulk" 919
"D:/CodingProjects/Game Project/WeLeftTheLightsOn/Content/Systems/Items/Models/medic_gun_from_team_fortress_2/StaticMeshes/medic_gun_from_team_fortress_2.uasset" 920
"D:/CodingProjects/Game Project/WeLeftTheLightsOn/Content/Systems/Items/Models/medic_gun_from_team_fortress_2/StaticMeshes/medic_gun_from_team_fortress_2.uexp" 921
"D:/CodingProjects/Game Project/WeLeftTheLightsOn/Content/Systems/Items/Data/Assets/DA_Beacon.uasset" 922
"D:/CodingProjects/Game Project/WeLeftTheLightsOn/Content/Systems/Items/Data/Assets/DA_Beacon.uexp" 923
"../../../Engine/Plugins/Interchange/Assets/Content/gltf/MaterialBodies/MF_Unlit_Body.uasset" 924
"../../../Engine/Plugins/Interchange/Assets/Content/gltf/MaterialBodies/MF_Unlit_Body.uexp" 925
"../../../Engine/Plugins/Interchange/Assets/Content/gltf/M_Unlit.uasset" 926
"../../../Engine/Plugins/Interchange/Assets/Content/gltf/M_Unlit.uexp" 927
"../../../Engine/Plugins/Interchange/Assets/Content/gltf/MaterialInstances/MI_Unlit_Opaque_DS.uasset" 928
"../../../Engine/Plugins/Interchange/Assets/Content/gltf/MaterialInstances/MI_Unlit_Opaque_DS.uexp" 929
"D:/CodingProjects/Game Project/WeLeftTheLightsOn/Content/Systems/Items/Models/Diskette_box/diskette_box/Textures/diskette_box_texture_0.ubulk" 930
"D:/CodingProjects/Game Project/WeLeftTheLightsOn/Content/Systems/Items/Models/Diskette_box/diskette_box/Textures/diskette_box_texture_0.uasset" 931
"D:/CodingProjects/Game Project/WeLeftTheLightsOn/Content/Systems/Items/Models/Diskette_box/diskette_box/Textures/diskette_box_texture_0.uexp" 932
"D:/CodingProjects/Game Project/WeLeftTheLightsOn/Content/Systems/Items/Models/Diskette_box/diskette_box/Materials/material0.uasset" 933
"D:/CodingProjects/Game Project/WeLeftTheLightsOn/Content/Systems/Items/Models/Diskette_box/diskette_box/Materials/material0.uexp" 934
"D:/CodingProjects/Game Project/WeLeftTheLightsOn/Content/Systems/Items/Models/Diskette_box/diskette_box/StaticMeshes/diskette_box.ubulk" 935
"D:/CodingProjects/Game Project/WeLeftTheLightsOn/Content/Systems/Items/Models/Diskette_box/diskette_box/StaticMeshes/diskette_box.uasset" 936
"D:/CodingProjects/Game Project/WeLeftTheLightsOn/Content/Systems/Items/Models/Diskette_box/diskette_box/StaticMeshes/diskette_box.uexp" 937
"D:/CodingProjects/Game Project/WeLeftTheLightsOn/Content/Systems/Items/Data/Assets/DA_DVDBox.uasset" 938
"D:/CodingProjects/Game Project/WeLeftTheLightsOn/Content/Systems/Items/Data/Assets/DA_DVDBox.uexp" 939
"../../../Engine/Plugins/Interchange/Assets/Content/gltf/MaterialFunctions/MF_Fresnel_DS.uasset" 940
"../../../Engine/Plugins/Interchange/Assets/Content/gltf/MaterialFunctions/MF_Fresnel_DS.uexp" 941
"../../../Engine/Plugins/Interchange/Assets/Content/gltf/MaterialFunctions/MF_Temporal_Blur.uasset" 942
"../../../Engine/Plugins/Interchange/Assets/Content/gltf/MaterialFunctions/MF_Temporal_Blur.uexp" 943
"../../../Engine/Plugins/Interchange/Assets/Content/gltf/MaterialFunctions/MF_Transmission.uasset" 944
"../../../Engine/Plugins/Interchange/Assets/Content/gltf/MaterialFunctions/MF_Transmission.uexp" 945
"../../../Engine/Plugins/Interchange/Assets/Content/gltf/MaterialBodies/MF_Transmission_Body.uasset" 946
"../../../Engine/Plugins/Interchange/Assets/Content/gltf/MaterialBodies/MF_Transmission_Body.uexp" 947
"../../../Engine/Plugins/Interchange/Assets/Content/gltf/M_Transmission.uasset" 948
"../../../Engine/Plugins/Interchange/Assets/Content/gltf/M_Transmission.uexp" 949
"../../../Engine/Plugins/Interchange/Assets/Content/gltf/MaterialInstances/MI_Transmission_DS.uasset" 950
"../../../Engine/Plugins/Interchange/Assets/Content/gltf/MaterialInstances/MI_Transmission_DS.uexp" 951
"D:/CodingProjects/Game Project/WeLeftTheLightsOn/Content/Systems/Items/Models/loveheart_potion_stylized/Textures/loveheart_potion_stylized_texture_0.ubulk" 952
"D:/CodingProjects/Game Project/WeLeftTheLightsOn/Content/Systems/Items/Models/loveheart_potion_stylized/Textures/loveheart_potion_stylized_texture_0.uasset" 953
"D:/CodingProjects/Game Project/WeLeftTheLightsOn/Content/Systems/Items/Models/loveheart_potion_stylized/Textures/loveheart_potion_stylized_texture_0.uexp" 954
"D:/CodingProjects/Game Project/WeLeftTheLightsOn/Content/Systems/Items/Models/loveheart_potion_stylized/Materials/glass_005.uasset" 955
"D:/CodingProjects/Game Project/WeLeftTheLightsOn/Content/Systems/Items/Models/loveheart_potion_stylized/Materials/glass_005.uexp" 956
"../../../Engine/Content/Functions/Engine_MaterialFunctions01/Texturing/FlattenNormal.uasset" 957
"../../../Engine/Content/Functions/Engine_MaterialFunctions01/Texturing/FlattenNormal.uexp" 958
"../../../Engine/Plugins/Interchange/Assets/Content/gltf/MaterialFunctions/MF_Clearcoat.uasset" 959
"../../../Engine/Plugins/Interchange/Assets/Content/gltf/MaterialFunctions/MF_Clearcoat.uexp" 960
"../../../Engine/Plugins/Interchange/Assets/Content/gltf/MaterialBodies/MF_ClearCoat_Body.uasset" 961
"../../../Engine/Plugins/Interchange/Assets/Content/gltf/MaterialBodies/MF_ClearCoat_Body.uexp" 962
"../../../Engine/Plugins/Interchange/Assets/Content/gltf/M_ClearCoat.uasset" 963
"../../../Engine/Plugins/Interchange/Assets/Content/gltf/M_ClearCoat.uexp" 964
"../../../Engine/Plugins/Interchange/Assets/Content/gltf/MaterialInstances/MI_ClearCoat_Opaque_DS.uasset" 965
"../../../Engine/Plugins/Interchange/Assets/Content/gltf/MaterialInstances/MI_ClearCoat_Opaque_DS.uexp" 966
"D:/CodingProjects/Game Project/WeLeftTheLightsOn/Content/Systems/Items/Models/loveheart_potion_stylized/Materials/glass_003.uasset" 967
"D:/CodingProjects/Game Project/WeLeftTheLightsOn/Content/Systems/Items/Models/loveheart_potion_stylized/Materials/glass_003.uexp" 968
"D:/CodingProjects/Game Project/WeLeftTheLightsOn/Content/Systems/Items/Models/loveheart_potion_stylized/Materials/glass_002.uasset" 969
"D:/CodingProjects/Game Project/WeLeftTheLightsOn/Content/Systems/Items/Models/loveheart_potion_stylized/Materials/glass_002.uexp" 970
"D:/CodingProjects/Game Project/WeLeftTheLightsOn/Content/Systems/Items/Models/loveheart_potion_stylized/StaticMeshes/loveheart_potion_stylized.ubulk" 971
"D:/CodingProjects/Game Project/WeLeftTheLightsOn/Content/Systems/Items/Models/loveheart_potion_stylized/StaticMeshes/loveheart_potion_stylized.uasset" 972
"D:/CodingProjects/Game Project/WeLeftTheLightsOn/Content/Systems/Items/Models/loveheart_potion_stylized/StaticMeshes/loveheart_potion_stylized.uexp" 973
"D:/CodingProjects/Game Project/WeLeftTheLightsOn/Content/Systems/Items/Data/Assets/DA_Blood.uasset" 974
"D:/CodingProjects/Game Project/WeLeftTheLightsOn/Content/Systems/Items/Data/Assets/DA_Blood.uexp" 975
"D:/CodingProjects/Game Project/WeLeftTheLightsOn/Content/Systems/Items/Models/Floppy_Disk/floppy_disk/Textures/floppy_disk_texture_0.ubulk" 976
"D:/CodingProjects/Game Project/WeLeftTheLightsOn/Content/Systems/Items/Models/Floppy_Disk/floppy_disk/Textures/floppy_disk_texture_0.uasset" 977
"D:/CodingProjects/Game Project/WeLeftTheLightsOn/Content/Systems/Items/Models/Floppy_Disk/floppy_disk/Textures/floppy_disk_texture_0.uexp" 978
"D:/CodingProjects/Game Project/WeLeftTheLightsOn/Content/Systems/Items/Models/Floppy_Disk/floppy_disk/Materials/white_paper.uasset" 979
"D:/CodingProjects/Game Project/WeLeftTheLightsOn/Content/Systems/Items/Models/Floppy_Disk/floppy_disk/Materials/white_paper.uexp" 980
"D:/CodingProjects/Game Project/WeLeftTheLightsOn/Content/Systems/Items/Models/Floppy_Disk/floppy_disk/Textures/floppy_disk_texture_1.ubulk" 981
"D:/CodingProjects/Game Project/WeLeftTheLightsOn/Content/Systems/Items/Models/Floppy_Disk/floppy_disk/Textures/floppy_disk_texture_1.uasset" 982
"D:/CodingProjects/Game Project/WeLeftTheLightsOn/Content/Systems/Items/Models/Floppy_Disk/floppy_disk/Textures/floppy_disk_texture_1.uexp" 983
"D:/CodingProjects/Game Project/WeLeftTheLightsOn/Content/Systems/Items/Models/Floppy_Disk/floppy_disk/Materials/slide.uasset" 984
"D:/CodingProjects/Game Project/WeLeftTheLightsOn/Content/Systems/Items/Models/Floppy_Disk/floppy_disk/Materials/slide.uexp" 985
"D:/CodingProjects/Game Project/WeLeftTheLightsOn/Content/Systems/Items/Models/Floppy_Disk/floppy_disk/Materials/metal.uasset" 986
"D:/CodingProjects/Game Project/WeLeftTheLightsOn/Content/Systems/Items/Models/Floppy_Disk/floppy_disk/Materials/metal.uexp" 987
"D:/CodingProjects/Game Project/WeLeftTheLightsOn/Content/Systems/Items/Models/Floppy_Disk/floppy_disk/Textures/floppy_disk_texture_2.ubulk" 988
"D:/CodingProjects/Game Project/WeLeftTheLightsOn/Content/Systems/Items/Models/Floppy_Disk/floppy_disk/Textures/floppy_disk_texture_2.uasset" 989
"D:/CodingProjects/Game Project/WeLeftTheLightsOn/Content/Systems/Items/Models/Floppy_Disk/floppy_disk/Textures/floppy_disk_texture_2.uexp" 990
"D:/CodingProjects/Game Project/WeLeftTheLightsOn/Content/Systems/Items/Models/Floppy_Disk/floppy_disk/Materials/made_by.uasset" 991
"D:/CodingProjects/Game Project/WeLeftTheLightsOn/Content/Systems/Items/Models/Floppy_Disk/floppy_disk/Materials/made_by.uexp" 992
"D:/CodingProjects/Game Project/WeLeftTheLightsOn/Content/Systems/Items/Models/Floppy_Disk/floppy_disk/Materials/black_plastic.uasset" 993
"D:/CodingProjects/Game Project/WeLeftTheLightsOn/Content/Systems/Items/Models/Floppy_Disk/floppy_disk/Materials/black_plastic.uexp" 994
"D:/CodingProjects/Game Project/WeLeftTheLightsOn/Content/Systems/Items/Models/Floppy_Disk/floppy_disk/StaticMeshes/floppy_disk.ubulk" 995
"D:/CodingProjects/Game Project/WeLeftTheLightsOn/Content/Systems/Items/Models/Floppy_Disk/floppy_disk/StaticMeshes/floppy_disk.uasset" 996
"D:/CodingProjects/Game Project/WeLeftTheLightsOn/Content/Systems/Items/Models/Floppy_Disk/floppy_disk/StaticMeshes/floppy_disk.uexp" 997
"D:/CodingProjects/Game Project/WeLeftTheLightsOn/Content/Systems/Items/Data/Assets/DA_Disk.uasset" 998
"D:/CodingProjects/Game Project/WeLeftTheLightsOn/Content/Systems/Items/Data/Assets/DA_Disk.uexp" 999
"D:/CodingProjects/Game Project/WeLeftTheLightsOn/Content/Systems/Items/Models/small_mushroom_lamp/Textures/small_mushroom_lamp_texture_0.ubulk" 1000
"D:/CodingProjects/Game Project/WeLeftTheLightsOn/Content/Systems/Items/Models/small_mushroom_lamp/Textures/small_mushroom_lamp_texture_0.uasset" 1001
"D:/CodingProjects/Game Project/WeLeftTheLightsOn/Content/Systems/Items/Models/small_mushroom_lamp/Textures/small_mushroom_lamp_texture_0.uexp" 1002
"D:/CodingProjects/Game Project/WeLeftTheLightsOn/Content/Systems/Items/Models/small_mushroom_lamp/Textures/small_mushroom_lamp_texture_1.ubulk" 1003
"D:/CodingProjects/Game Project/WeLeftTheLightsOn/Content/Systems/Items/Models/small_mushroom_lamp/Textures/small_mushroom_lamp_texture_1.uasset" 1004
"D:/CodingProjects/Game Project/WeLeftTheLightsOn/Content/Systems/Items/Models/small_mushroom_lamp/Textures/small_mushroom_lamp_texture_1.uexp" 1005
"D:/CodingProjects/Game Project/WeLeftTheLightsOn/Content/Systems/Items/Models/small_mushroom_lamp/Textures/small_mushroom_lamp_texture_2.ubulk" 1006
"D:/CodingProjects/Game Project/WeLeftTheLightsOn/Content/Systems/Items/Models/small_mushroom_lamp/Textures/small_mushroom_lamp_texture_2.uasset" 1007
"D:/CodingProjects/Game Project/WeLeftTheLightsOn/Content/Systems/Items/Models/small_mushroom_lamp/Textures/small_mushroom_lamp_texture_2.uexp" 1008
"D:/CodingProjects/Game Project/WeLeftTheLightsOn/Content/Systems/Items/Models/small_mushroom_lamp/Materials/LampTexture.uasset" 1009
"D:/CodingProjects/Game Project/WeLeftTheLightsOn/Content/Systems/Items/Models/small_mushroom_lamp/Materials/LampTexture.uexp" 1010
"D:/CodingProjects/Game Project/WeLeftTheLightsOn/Content/Systems/Items/Models/small_mushroom_lamp/StaticMeshes/small_mushroom_lamp.ubulk" 1011
"D:/CodingProjects/Game Project/WeLeftTheLightsOn/Content/Systems/Items/Models/small_mushroom_lamp/StaticMeshes/small_mushroom_lamp.uasset" 1012
"D:/CodingProjects/Game Project/WeLeftTheLightsOn/Content/Systems/Items/Models/small_mushroom_lamp/StaticMeshes/small_mushroom_lamp.uexp" 1013
"D:/CodingProjects/Game Project/WeLeftTheLightsOn/Content/Systems/Items/Data/Assets/DA_Shroom.uasset" 1014
"D:/CodingProjects/Game Project/WeLeftTheLightsOn/Content/Systems/Items/Data/Assets/DA_Shroom.uexp" 1015
"../../../Engine/Plugins/Interchange/Assets/Content/gltf/MaterialInstances/MI_Default_Blend_DS.uasset" 1016
"../../../Engine/Plugins/Interchange/Assets/Content/gltf/MaterialInstances/MI_Default_Blend_DS.uexp" 1017
"D:/CodingProjects/Game Project/WeLeftTheLightsOn/Content/Systems/Items/Models/seijins_fresnel_lens_free_version/Materials/lambert1.uasset" 1018
"D:/CodingProjects/Game Project/WeLeftTheLightsOn/Content/Systems/Items/Models/seijins_fresnel_lens_free_version/Materials/lambert1.uexp" 1019
"D:/CodingProjects/Game Project/WeLeftTheLightsOn/Content/Systems/Items/Models/seijins_fresnel_lens_free_version/StaticMeshes/seijins_fresnel_lens_free_version.ubulk" 1020
"D:/CodingProjects/Game Project/WeLeftTheLightsOn/Content/Systems/Items/Models/seijins_fresnel_lens_free_version/StaticMeshes/seijins_fresnel_lens_free_version.uasset" 1021
"D:/CodingProjects/Game Project/WeLeftTheLightsOn/Content/Systems/Items/Models/seijins_fresnel_lens_free_version/StaticMeshes/seijins_fresnel_lens_free_version.uexp" 1022
"D:/CodingProjects/Game Project/WeLeftTheLightsOn/Content/Systems/Items/Data/Assets/DA_Lens.uasset" 1023
"D:/CodingProjects/Game Project/WeLeftTheLightsOn/Content/Systems/Items/Data/Assets/DA_Lens.uexp" 1024
"D:/CodingProjects/Game Project/WeLeftTheLightsOn/Content/Systems/Items/Models/energy_sphere_game_prop/Materials/light.uasset" 1025
"D:/CodingProjects/Game Project/WeLeftTheLightsOn/Content/Systems/Items/Models/energy_sphere_game_prop/Materials/light.uexp" 1026
"D:/CodingProjects/Game Project/WeLeftTheLightsOn/Content/Systems/Items/Models/energy_sphere_game_prop/Textures/energy_sphere_game_prop_texture_0.ubulk" 1027
"D:/CodingProjects/Game Project/WeLeftTheLightsOn/Content/Systems/Items/Models/energy_sphere_game_prop/Textures/energy_sphere_game_prop_texture_0.uasset" 1028
"D:/CodingProjects/Game Project/WeLeftTheLightsOn/Content/Systems/Items/Models/energy_sphere_game_prop/Textures/energy_sphere_game_prop_texture_0.uexp" 1029
"D:/CodingProjects/Game Project/WeLeftTheLightsOn/Content/Systems/Items/Models/energy_sphere_game_prop/Textures/energy_sphere_game_prop_texture_1.ubulk" 1030
"D:/CodingProjects/Game Project/WeLeftTheLightsOn/Content/Systems/Items/Models/energy_sphere_game_prop/Textures/energy_sphere_game_prop_texture_1.uasset" 1031
"D:/CodingProjects/Game Project/WeLeftTheLightsOn/Content/Systems/Items/Models/energy_sphere_game_prop/Textures/energy_sphere_game_prop_texture_1.uexp" 1032
"D:/CodingProjects/Game Project/WeLeftTheLightsOn/Content/Systems/Items/Models/energy_sphere_game_prop/Textures/energy_sphere_game_prop_texture_2.ubulk" 1033
"D:/CodingProjects/Game Project/WeLeftTheLightsOn/Content/Systems/Items/Models/energy_sphere_game_prop/Textures/energy_sphere_game_prop_texture_2.uasset" 1034
"D:/CodingProjects/Game Project/WeLeftTheLightsOn/Content/Systems/Items/Models/energy_sphere_game_prop/Textures/energy_sphere_game_prop_texture_2.uexp" 1035
"D:/CodingProjects/Game Project/WeLeftTheLightsOn/Content/Systems/Items/Models/energy_sphere_game_prop/Materials/body.uasset" 1036
"D:/CodingProjects/Game Project/WeLeftTheLightsOn/Content/Systems/Items/Models/energy_sphere_game_prop/Materials/body.uexp" 1037
"D:/CodingProjects/Game Project/WeLeftTheLightsOn/Content/Systems/Items/Models/energy_sphere_game_prop/StaticMeshes/energy_sphere_game_prop.ubulk" 1038
"D:/CodingProjects/Game Project/WeLeftTheLightsOn/Content/Systems/Items/Models/energy_sphere_game_prop/StaticMeshes/energy_sphere_game_prop.uasset" 1039
"D:/CodingProjects/Game Project/WeLeftTheLightsOn/Content/Systems/Items/Models/energy_sphere_game_prop/StaticMeshes/energy_sphere_game_prop.uexp" 1040
"D:/CodingProjects/Game Project/WeLeftTheLightsOn/Content/Systems/Items/Data/Assets/DA_Energy_Core.uasset" 1041
"D:/CodingProjects/Game Project/WeLeftTheLightsOn/Content/Systems/Items/Data/Assets/DA_Energy_Core.uexp" 1042
"D:/CodingProjects/Game Project/WeLeftTheLightsOn/Content/Systems/Items/Models/ai_texturing_coin_high_poly/Textures/ai_texturing_coin_high_poly_texture_0.ubulk" 1043
"D:/CodingProjects/Game Project/WeLeftTheLightsOn/Content/Systems/Items/Models/ai_texturing_coin_high_poly/Textures/ai_texturing_coin_high_poly_texture_0.uasset" 1044
"D:/CodingProjects/Game Project/WeLeftTheLightsOn/Content/Systems/Items/Models/ai_texturing_coin_high_poly/Textures/ai_texturing_coin_high_poly_texture_0.uexp" 1045
"D:/CodingProjects/Game Project/WeLeftTheLightsOn/Content/Systems/Items/Models/ai_texturing_coin_high_poly/Textures/ai_texturing_coin_high_poly_texture_1.ubulk" 1046
"D:/CodingProjects/Game Project/WeLeftTheLightsOn/Content/Systems/Items/Models/ai_texturing_coin_high_poly/Textures/ai_texturing_coin_high_poly_texture_1.uasset" 1047
"D:/CodingProjects/Game Project/WeLeftTheLightsOn/Content/Systems/Items/Models/ai_texturing_coin_high_poly/Textures/ai_texturing_coin_high_poly_texture_1.uexp" 1048
"D:/CodingProjects/Game Project/WeLeftTheLightsOn/Content/Systems/Items/Models/ai_texturing_coin_high_poly/Textures/ai_texturing_coin_high_poly_texture_2.ubulk" 1049
"D:/CodingProjects/Game Project/WeLeftTheLightsOn/Content/Systems/Items/Models/ai_texturing_coin_high_poly/Textures/ai_texturing_coin_high_poly_texture_2.uasset" 1050
"D:/CodingProjects/Game Project/WeLeftTheLightsOn/Content/Systems/Items/Models/ai_texturing_coin_high_poly/Textures/ai_texturing_coin_high_poly_texture_2.uexp" 1051
"D:/CodingProjects/Game Project/WeLeftTheLightsOn/Content/Systems/Items/Models/ai_texturing_coin_high_poly/Materials/Mat_1.uasset" 1052
"D:/CodingProjects/Game Project/WeLeftTheLightsOn/Content/Systems/Items/Models/ai_texturing_coin_high_poly/Materials/Mat_1.uexp" 1053
"D:/CodingProjects/Game Project/WeLeftTheLightsOn/Content/Systems/Items/Models/ai_texturing_coin_high_poly/StaticMeshes/ai_texturing_coin_high_poly.ubulk" 1054
"D:/CodingProjects/Game Project/WeLeftTheLightsOn/Content/Systems/Items/Models/ai_texturing_coin_high_poly/StaticMeshes/ai_texturing_coin_high_poly.uasset" 1055
"D:/CodingProjects/Game Project/WeLeftTheLightsOn/Content/Systems/Items/Models/ai_texturing_coin_high_poly/StaticMeshes/ai_texturing_coin_high_poly.uexp" 1056
"D:/CodingProjects/Game Project/WeLeftTheLightsOn/Content/Systems/Items/Data/Assets/DA_Token.uasset" 1057
"D:/CodingProjects/Game Project/WeLeftTheLightsOn/Content/Systems/Items/Data/Assets/DA_Token.uexp" 1058
"D:/CodingProjects/Game Project/WeLeftTheLightsOn/Content/Systems/Items/Models/punto_de_venta_n82-pos/Materials/Material_007.uasset" 1059
"D:/CodingProjects/Game Project/WeLeftTheLightsOn/Content/Systems/Items/Models/punto_de_venta_n82-pos/Materials/Material_007.uexp" 1060
"D:/CodingProjects/Game Project/WeLeftTheLightsOn/Content/Systems/Items/Models/punto_de_venta_n82-pos/Materials/Material_005.uasset" 1061
"D:/CodingProjects/Game Project/WeLeftTheLightsOn/Content/Systems/Items/Models/punto_de_venta_n82-pos/Materials/Material_005.uexp" 1062
"D:/CodingProjects/Game Project/WeLeftTheLightsOn/Content/Systems/Items/Models/punto_de_venta_n82-pos/Materials/Material_004.uasset" 1063
"D:/CodingProjects/Game Project/WeLeftTheLightsOn/Content/Systems/Items/Models/punto_de_venta_n82-pos/Materials/Material_004.uexp" 1064
"D:/CodingProjects/Game Project/WeLeftTheLightsOn/Content/Systems/Items/Models/punto_de_venta_n82-pos/Materials/Material_003.uasset" 1065
"D:/CodingProjects/Game Project/WeLeftTheLightsOn/Content/Systems/Items/Models/punto_de_venta_n82-pos/Materials/Material_003.uexp" 1066
"D:/CodingProjects/Game Project/WeLeftTheLightsOn/Content/Systems/Items/Models/punto_de_venta_n82-pos/Materials/Material_001.uasset" 1067
"D:/CodingProjects/Game Project/WeLeftTheLightsOn/Content/Systems/Items/Models/punto_de_venta_n82-pos/Materials/Material_001.uexp" 1068
"D:/CodingProjects/Game Project/WeLeftTheLightsOn/Content/Systems/Items/Models/punto_de_venta_n82-pos/StaticMeshes/punto_de_venta_n82-pos.ubulk" 1069
"D:/CodingProjects/Game Project/WeLeftTheLightsOn/Content/Systems/Items/Models/punto_de_venta_n82-pos/StaticMeshes/punto_de_venta_n82-pos.uasset" 1070
"D:/CodingProjects/Game Project/WeLeftTheLightsOn/Content/Systems/Items/Models/punto_de_venta_n82-pos/StaticMeshes/punto_de_venta_n82-pos.uexp" 1071
"D:/CodingProjects/Game Project/WeLeftTheLightsOn/Content/Systems/Items/Data/Assets/DA_Drive.uasset" 1072
"D:/CodingProjects/Game Project/WeLeftTheLightsOn/Content/Systems/Items/Data/Assets/DA_Drive.uexp" 1073
"D:/CodingProjects/Game Project/WeLeftTheLightsOn/Content/Systems/Items/Models/eschers_artifact/Materials/Neon-White_001.uasset" 1074
"D:/CodingProjects/Game Project/WeLeftTheLightsOn/Content/Systems/Items/Models/eschers_artifact/Materials/Neon-White_001.uexp" 1075
"../../../Engine/Plugins/Interchange/Assets/Content/gltf/MaterialInstances/MI_Transmission.uasset" 1076
"../../../Engine/Plugins/Interchange/Assets/Content/gltf/MaterialInstances/MI_Transmission.uexp" 1077
"D:/CodingProjects/Game Project/WeLeftTheLightsOn/Content/Systems/Items/Models/eschers_artifact/Materials/material.uasset" 1078
"D:/CodingProjects/Game Project/WeLeftTheLightsOn/Content/Systems/Items/Models/eschers_artifact/Materials/material.uexp" 1079
"D:/CodingProjects/Game Project/WeLeftTheLightsOn/Content/Systems/Items/Models/eschers_artifact/Textures/eschers_artifact_texture_0.ubulk" 1080
"D:/CodingProjects/Game Project/WeLeftTheLightsOn/Content/Systems/Items/Models/eschers_artifact/Textures/eschers_artifact_texture_0.uasset" 1081
"D:/CodingProjects/Game Project/WeLeftTheLightsOn/Content/Systems/Items/Models/eschers_artifact/Textures/eschers_artifact_texture_0.uexp" 1082
"D:/CodingProjects/Game Project/WeLeftTheLightsOn/Content/Systems/Items/Models/eschers_artifact/Textures/eschers_artifact_texture_1.ubulk" 1083
"D:/CodingProjects/Game Project/WeLeftTheLightsOn/Content/Systems/Items/Models/eschers_artifact/Textures/eschers_artifact_texture_1.uasset" 1084
"D:/CodingProjects/Game Project/WeLeftTheLightsOn/Content/Systems/Items/Models/eschers_artifact/Textures/eschers_artifact_texture_1.uexp" 1085
"D:/CodingProjects/Game Project/WeLeftTheLightsOn/Content/Systems/Items/Models/eschers_artifact/Textures/eschers_artifact_texture_2.ubulk" 1086
"D:/CodingProjects/Game Project/WeLeftTheLightsOn/Content/Systems/Items/Models/eschers_artifact/Textures/eschers_artifact_texture_2.uasset" 1087
"D:/CodingProjects/Game Project/WeLeftTheLightsOn/Content/Systems/Items/Models/eschers_artifact/Textures/eschers_artifact_texture_2.uexp" 1088
"D:/CodingProjects/Game Project/WeLeftTheLightsOn/Content/Systems/Items/Models/eschers_artifact/Materials/Marble-Mix_005.uasset" 1089
"D:/CodingProjects/Game Project/WeLeftTheLightsOn/Content/Systems/Items/Models/eschers_artifact/Materials/Marble-Mix_005.uexp" 1090
"D:/CodingProjects/Game Project/WeLeftTheLightsOn/Content/Systems/Items/Models/eschers_artifact/Textures/eschers_artifact_texture_3.ubulk" 1091
"D:/CodingProjects/Game Project/WeLeftTheLightsOn/Content/Systems/Items/Models/eschers_artifact/Textures/eschers_artifact_texture_3.uasset" 1092
"D:/CodingProjects/Game Project/WeLeftTheLightsOn/Content/Systems/Items/Models/eschers_artifact/Textures/eschers_artifact_texture_3.uexp" 1093
"D:/CodingProjects/Game Project/WeLeftTheLightsOn/Content/Systems/Items/Models/eschers_artifact/Textures/eschers_artifact_texture_4.ubulk" 1094
"D:/CodingProjects/Game Project/WeLeftTheLightsOn/Content/Systems/Items/Models/eschers_artifact/Textures/eschers_artifact_texture_4.uasset" 1095
"D:/CodingProjects/Game Project/WeLeftTheLightsOn/Content/Systems/Items/Models/eschers_artifact/Textures/eschers_artifact_texture_4.uexp" 1096
"D:/CodingProjects/Game Project/WeLeftTheLightsOn/Content/Systems/Items/Models/eschers_artifact/Textures/eschers_artifact_texture_5.ubulk" 1097
"D:/CodingProjects/Game Project/WeLeftTheLightsOn/Content/Systems/Items/Models/eschers_artifact/Textures/eschers_artifact_texture_5.uasset" 1098
"D:/CodingProjects/Game Project/WeLeftTheLightsOn/Content/Systems/Items/Models/eschers_artifact/Textures/eschers_artifact_texture_5.uexp" 1099
"D:/CodingProjects/Game Project/WeLeftTheLightsOn/Content/Systems/Items/Models/eschers_artifact/Materials/Marble-Green_005.uasset" 1100
"D:/CodingProjects/Game Project/WeLeftTheLightsOn/Content/Systems/Items/Models/eschers_artifact/Materials/Marble-Green_005.uexp" 1101
"D:/CodingProjects/Game Project/WeLeftTheLightsOn/Content/Systems/Items/Models/eschers_artifact/Textures/eschers_artifact_texture_6.ubulk" 1102
"D:/CodingProjects/Game Project/WeLeftTheLightsOn/Content/Systems/Items/Models/eschers_artifact/Textures/eschers_artifact_texture_6.uasset" 1103
"D:/CodingProjects/Game Project/WeLeftTheLightsOn/Content/Systems/Items/Models/eschers_artifact/Textures/eschers_artifact_texture_6.uexp" 1104
"D:/CodingProjects/Game Project/WeLeftTheLightsOn/Content/Systems/Items/Models/eschers_artifact/Textures/eschers_artifact_texture_7.ubulk" 1105
"D:/CodingProjects/Game Project/WeLeftTheLightsOn/Content/Systems/Items/Models/eschers_artifact/Textures/eschers_artifact_texture_7.uasset" 1106
"D:/CodingProjects/Game Project/WeLeftTheLightsOn/Content/Systems/Items/Models/eschers_artifact/Textures/eschers_artifact_texture_7.uexp" 1107
"D:/CodingProjects/Game Project/WeLeftTheLightsOn/Content/Systems/Items/Models/eschers_artifact/Textures/eschers_artifact_texture_8.ubulk" 1108
"D:/CodingProjects/Game Project/WeLeftTheLightsOn/Content/Systems/Items/Models/eschers_artifact/Textures/eschers_artifact_texture_8.uasset" 1109
"D:/CodingProjects/Game Project/WeLeftTheLightsOn/Content/Systems/Items/Models/eschers_artifact/Textures/eschers_artifact_texture_8.uexp" 1110
"D:/CodingProjects/Game Project/WeLeftTheLightsOn/Content/Systems/Items/Models/eschers_artifact/Materials/Marble-Black_012.uasset" 1111
"D:/CodingProjects/Game Project/WeLeftTheLightsOn/Content/Systems/Items/Models/eschers_artifact/Materials/Marble-Black_012.uexp" 1112
"D:/CodingProjects/Game Project/WeLeftTheLightsOn/Content/Systems/Items/Models/eschers_artifact/Materials/Base_011.uasset" 1113
"D:/CodingProjects/Game Project/WeLeftTheLightsOn/Content/Systems/Items/Models/eschers_artifact/Materials/Base_011.uexp" 1114
"D:/CodingProjects/Game Project/WeLeftTheLightsOn/Content/Systems/Items/Models/eschers_artifact/StaticMeshes/eschers_artifact.ubulk" 1115
"D:/CodingProjects/Game Project/WeLeftTheLightsOn/Content/Systems/Items/Models/eschers_artifact/StaticMeshes/eschers_artifact.uasset" 1116
"D:/CodingProjects/Game Project/WeLeftTheLightsOn/Content/Systems/Items/Models/eschers_artifact/StaticMeshes/eschers_artifact.uexp" 1117
"D:/CodingProjects/Game Project/WeLeftTheLightsOn/Content/Systems/Items/Data/Assets/DA_Simple_Relic.uasset" 1118
"D:/CodingProjects/Game Project/WeLeftTheLightsOn/Content/Systems/Items/Data/Assets/DA_Simple_Relic.uexp" 1119
"D:/CodingProjects/Game Project/WeLeftTheLightsOn/Content/Systems/Items/Data/DT_ItemData.uasset" 1120
"D:/CodingProjects/Game Project/WeLeftTheLightsOn/Content/Systems/Items/Data/DT_ItemData.uexp" 1121
"D:/CodingProjects/Game Project/WeLeftTheLightsOn/Content/Systems/Jobs/Data/EN_JobPlaceholders.uasset" 1122
"D:/CodingProjects/Game Project/WeLeftTheLightsOn/Content/Systems/Jobs/Data/EN_JobPlaceholders.uexp" 1123
"D:/CodingProjects/Game Project/WeLeftTheLightsOn/Content/Systems/Jobs/Data/Resolver/DA_JobTextResolver.uasset" 1124
"D:/CodingProjects/Game Project/WeLeftTheLightsOn/Content/Systems/Jobs/Data/Resolver/DA_JobTextResolver.uexp" 1125
"D:/CodingProjects/Game Project/WeLeftTheLightsOn/Content/Systems/Jobs/Data/ST_JobData.uasset" 1126
"D:/CodingProjects/Game Project/WeLeftTheLightsOn/Content/Systems/Jobs/Data/ST_JobData.uexp" 1127
"D:/CodingProjects/Game Project/WeLeftTheLightsOn/Content/Systems/Jobs/Data/Resolver/ST_ReplacementList.uasset" 1128
"D:/CodingProjects/Game Project/WeLeftTheLightsOn/Content/Systems/Jobs/Data/Resolver/ST_ReplacementList.uexp" 1129
"D:/CodingProjects/Game Project/WeLeftTheLightsOn/Content/Systems/Jobs/Data/Resolver/DA_IntegerResolver.uasset" 1130
"D:/CodingProjects/Game Project/WeLeftTheLightsOn/Content/Systems/Jobs/Data/Resolver/DA_IntegerResolver.uexp" 1131
"D:/CodingProjects/Game Project/WeLeftTheLightsOn/Content/Systems/Jobs/Data/Resolver/DA_ObjectiveTypeResolver.uasset" 1132
"D:/CodingProjects/Game Project/WeLeftTheLightsOn/Content/Systems/Jobs/Data/Resolver/DA_ObjectiveTypeResolver.uexp" 1133
"D:/CodingProjects/Game Project/WeLeftTheLightsOn/Content/Systems/Jobs/BPFL_JobService.uasset" 1134
"D:/CodingProjects/Game Project/WeLeftTheLightsOn/Content/Systems/Jobs/BPFL_JobService.uexp" 1135
"D:/CodingProjects/Game Project/WeLeftTheLightsOn/Content/Systems/Items/BP_ItemSpawnPoint.uasset" 1136
"D:/CodingProjects/Game Project/WeLeftTheLightsOn/Content/Systems/Items/BP_ItemSpawnPoint.uexp" 1137
"D:/CodingProjects/Game Project/WeLeftTheLightsOn/Content/Systems/Inventory/BPO_InventoryService.uasset" 1138
"D:/CodingProjects/Game Project/WeLeftTheLightsOn/Content/Systems/Inventory/BPO_InventoryService.uexp" 1139
"D:/CodingProjects/Game Project/WeLeftTheLightsOn/Content/Audio/Player/unequip_gear.ubulk" 1140
"D:/CodingProjects/Game Project/WeLeftTheLightsOn/Content/Audio/Player/unequip_gear.uasset" 1141
"D:/CodingProjects/Game Project/WeLeftTheLightsOn/Content/Audio/Player/unequip_gear.uexp" 1142
"D:/CodingProjects/Game Project/WeLeftTheLightsOn/Content/Audio/Player/equip_gear.ubulk" 1143
"D:/CodingProjects/Game Project/WeLeftTheLightsOn/Content/Audio/Player/equip_gear.uasset" 1144
"D:/CodingProjects/Game Project/WeLeftTheLightsOn/Content/Audio/Player/equip_gear.uexp" 1145
"D:/CodingProjects/Game Project/WeLeftTheLightsOn/Content/Audio/Player/drop_item.ubulk" 1146
"D:/CodingProjects/Game Project/WeLeftTheLightsOn/Content/Audio/Player/drop_item.uasset" 1147
"D:/CodingProjects/Game Project/WeLeftTheLightsOn/Content/Audio/Player/drop_item.uexp" 1148
"D:/CodingProjects/Game Project/WeLeftTheLightsOn/Content/Systems/Items/Components/AC_ItemManager.uasset" 1149
"D:/CodingProjects/Game Project/WeLeftTheLightsOn/Content/Systems/Items/Components/AC_ItemManager.uexp" 1150
"D:/CodingProjects/Game Project/WeLeftTheLightsOn/Content/Systems/Inventory/Widgets/WBP_InventorySlot.uasset" 1151
"D:/CodingProjects/Game Project/WeLeftTheLightsOn/Content/Systems/Inventory/Widgets/WBP_InventorySlot.uexp" 1152
"D:/CodingProjects/Game Project/WeLeftTheLightsOn/Content/Systems/Inventory/Widgets/WBP_InventoryUI.uasset" 1153
"D:/CodingProjects/Game Project/WeLeftTheLightsOn/Content/Systems/Inventory/Widgets/WBP_InventoryUI.uexp" 1154
"D:/CodingProjects/Game Project/WeLeftTheLightsOn/Content/Systems/Inventory/Widgets/CUI_InventoryMenu.uasset" 1155
"D:/CodingProjects/Game Project/WeLeftTheLightsOn/Content/Systems/Inventory/Widgets/CUI_InventoryMenu.uexp" 1156
"D:/CodingProjects/Game Project/WeLeftTheLightsOn/Content/Systems/Jobs/Data/ReplacementAssets/DA_ObjectiveDefaultReplacements.uasset" 1157
"D:/CodingProjects/Game Project/WeLeftTheLightsOn/Content/Systems/Jobs/Data/ReplacementAssets/DA_ObjectiveDefaultReplacements.uexp" 1158
"D:/CodingProjects/Game Project/WeLeftTheLightsOn/Content/Systems/Jobs/Data/DT_JobData.uasset" 1159
"D:/CodingProjects/Game Project/WeLeftTheLightsOn/Content/Systems/Jobs/Data/DT_JobData.uexp" 1160
"D:/CodingProjects/Game Project/WeLeftTheLightsOn/Content/Systems/Ship/Terminal/scifi_terminal_2/Textures/scifi_terminal_2_texture_0.ubulk" 1161
"D:/CodingProjects/Game Project/WeLeftTheLightsOn/Content/Systems/Ship/Terminal/scifi_terminal_2/Textures/scifi_terminal_2_texture_0.uasset" 1162
"D:/CodingProjects/Game Project/WeLeftTheLightsOn/Content/Systems/Ship/Terminal/scifi_terminal_2/Textures/scifi_terminal_2_texture_0.uexp" 1163
"D:/CodingProjects/Game Project/WeLeftTheLightsOn/Content/Systems/Ship/Terminal/scifi_terminal_2/Textures/scifi_terminal_2_texture_1.ubulk" 1164
"D:/CodingProjects/Game Project/WeLeftTheLightsOn/Content/Systems/Ship/Terminal/scifi_terminal_2/Textures/scifi_terminal_2_texture_1.uasset" 1165
"D:/CodingProjects/Game Project/WeLeftTheLightsOn/Content/Systems/Ship/Terminal/scifi_terminal_2/Textures/scifi_terminal_2_texture_1.uexp" 1166
"D:/CodingProjects/Game Project/WeLeftTheLightsOn/Content/Systems/Ship/Terminal/scifi_terminal_2/Textures/scifi_terminal_2_texture_2.ubulk" 1167
"D:/CodingProjects/Game Project/WeLeftTheLightsOn/Content/Systems/Ship/Terminal/scifi_terminal_2/Textures/scifi_terminal_2_texture_2.uasset" 1168
"D:/CodingProjects/Game Project/WeLeftTheLightsOn/Content/Systems/Ship/Terminal/scifi_terminal_2/Textures/scifi_terminal_2_texture_2.uexp" 1169
"D:/CodingProjects/Game Project/WeLeftTheLightsOn/Content/Systems/Ship/Terminal/scifi_terminal_2/Textures/scifi_terminal_2_texture_3.ubulk" 1170
"D:/CodingProjects/Game Project/WeLeftTheLightsOn/Content/Systems/Ship/Terminal/scifi_terminal_2/Textures/scifi_terminal_2_texture_3.uasset" 1171
"D:/CodingProjects/Game Project/WeLeftTheLightsOn/Content/Systems/Ship/Terminal/scifi_terminal_2/Textures/scifi_terminal_2_texture_3.uexp" 1172
"D:/CodingProjects/Game Project/WeLeftTheLightsOn/Content/Systems/Ship/Terminal/scifi_terminal_2/Materials/T_Terminal.uasset" 1173
"D:/CodingProjects/Game Project/WeLeftTheLightsOn/Content/Systems/Ship/Terminal/scifi_terminal_2/Materials/T_Terminal.uexp" 1174
"D:/CodingProjects/Game Project/WeLeftTheLightsOn/Content/Systems/Ship/Terminal/scifi_terminal_2/StaticMeshes/scifi_terminal_2.ubulk" 1175
"D:/CodingProjects/Game Project/WeLeftTheLightsOn/Content/Systems/Ship/Terminal/scifi_terminal_2/StaticMeshes/scifi_terminal_2.uasset" 1176
"D:/CodingProjects/Game Project/WeLeftTheLightsOn/Content/Systems/Ship/Terminal/scifi_terminal_2/StaticMeshes/scifi_terminal_2.uexp" 1177
"D:/CodingProjects/Game Project/WeLeftTheLightsOn/Content/Systems/Ship/Terminal/BP_Terminal.uasset" 1178
"D:/CodingProjects/Game Project/WeLeftTheLightsOn/Content/Systems/Ship/Terminal/BP_Terminal.uexp" 1179
"D:/CodingProjects/Game Project/WeLeftTheLightsOn/Content/Systems/Ship/Terminal/Widgets/WBP_TerminalTabStore.uasset" 1180
"D:/CodingProjects/Game Project/WeLeftTheLightsOn/Content/Systems/Ship/Terminal/Widgets/WBP_TerminalTabStore.uexp" 1181
"D:/CodingProjects/Game Project/WeLeftTheLightsOn/Content/Systems/Ship/Terminal/Widgets/WBP_TerminalTabDataBase.uasset" 1182
"D:/CodingProjects/Game Project/WeLeftTheLightsOn/Content/Systems/Ship/Terminal/Widgets/WBP_TerminalTabDataBase.uexp" 1183
"D:/CodingProjects/Game Project/WeLeftTheLightsOn/Content/Systems/Ship/Terminal/Widgets/WBP_NavButton.uasset" 1184
"D:/CodingProjects/Game Project/WeLeftTheLightsOn/Content/Systems/Ship/Terminal/Widgets/WBP_NavButton.uexp" 1185
"D:/CodingProjects/Game Project/WeLeftTheLightsOn/Content/Systems/Ship/Terminal/Widgets/WBP_Badge.uasset" 1186
"D:/CodingProjects/Game Project/WeLeftTheLightsOn/Content/Systems/Ship/Terminal/Widgets/WBP_Badge.uexp" 1187
"D:/CodingProjects/Game Project/WeLeftTheLightsOn/Content/Systems/Ship/Terminal/Widgets/TabJobs/WBP_ObjectiveItem.uasset" 1188
"D:/CodingProjects/Game Project/WeLeftTheLightsOn/Content/Systems/Ship/Terminal/Widgets/TabJobs/WBP_ObjectiveItem.uexp" 1189
"D:/CodingProjects/Game Project/WeLeftTheLightsOn/Content/Systems/Ship/Terminal/Widgets/TabJobs/WBP_SmallBadge.uasset" 1190
"D:/CodingProjects/Game Project/WeLeftTheLightsOn/Content/Systems/Ship/Terminal/Widgets/TabJobs/WBP_SmallBadge.uexp" 1191
"D:/CodingProjects/Game Project/WeLeftTheLightsOn/Content/Systems/Ship/Terminal/Widgets/TabJobs/WBP_JobItem.uasset" 1192
"D:/CodingProjects/Game Project/WeLeftTheLightsOn/Content/Systems/Ship/Terminal/Widgets/TabJobs/WBP_JobItem.uexp" 1193
"D:/CodingProjects/Game Project/WeLeftTheLightsOn/Content/Systems/Ship/Terminal/Widgets/TabJobs/WBP_JobDescription.uasset" 1194
"D:/CodingProjects/Game Project/WeLeftTheLightsOn/Content/Systems/Ship/Terminal/Widgets/TabJobs/WBP_JobDescription.uexp" 1195
"D:/CodingProjects/Game Project/WeLeftTheLightsOn/Content/Systems/Ship/Terminal/Widgets/TabJobs/WBP_TerminalTabJobs.uasset" 1196
"D:/CodingProjects/Game Project/WeLeftTheLightsOn/Content/Systems/Ship/Terminal/Widgets/TabJobs/WBP_TerminalTabJobs.uexp" 1197
"D:/CodingProjects/Game Project/WeLeftTheLightsOn/Content/Systems/Ship/Terminal/Widgets/TabJobs/WBP_TerminalTabActiveJob.uasset" 1198
"D:/CodingProjects/Game Project/WeLeftTheLightsOn/Content/Systems/Ship/Terminal/Widgets/TabJobs/WBP_TerminalTabActiveJob.uexp" 1199
"D:/CodingProjects/Game Project/WeLeftTheLightsOn/Content/Systems/Ship/Terminal/Widgets/CUI_Terminal.uasset" 1200
"D:/CodingProjects/Game Project/WeLeftTheLightsOn/Content/Systems/Ship/Terminal/Widgets/CUI_Terminal.uexp" 1201
"D:/CodingProjects/Game Project/WeLeftTheLightsOn/Content/Systems/UI/AC_UIManager.uasset" 1202
"D:/CodingProjects/Game Project/WeLeftTheLightsOn/Content/Systems/UI/AC_UIManager.uexp" 1203
"../../../Engine/Content/EngineMaterials/WorldGridMaterial.uasset" 1204
"../../../Engine/Content/EngineMaterials/WorldGridMaterial.uexp" 1205
"../../../Engine/Content/BasicShapes/Plane.ubulk" 1206
"../../../Engine/Content/BasicShapes/Plane.uasset" 1207
"../../../Engine/Content/BasicShapes/Plane.uexp" 1208
"../../../Engine/Content/BasicShapes/BasicShapeMaterial.uasset" 1209
"../../../Engine/Content/BasicShapes/BasicShapeMaterial.uexp" 1210
"D:/CodingProjects/Game Project/WeLeftTheLightsOn/Content/Audio/Player/SpecialDeliverySoundEffect.ubulk" 1211
"D:/CodingProjects/Game Project/WeLeftTheLightsOn/Content/Audio/Player/SpecialDeliverySoundEffect.uasset" 1212
"D:/CodingProjects/Game Project/WeLeftTheLightsOn/Content/Audio/Player/SpecialDeliverySoundEffect.uexp" 1213
"D:/CodingProjects/Game Project/WeLeftTheLightsOn/Content/Systems/DropOffZone/BP_DropOffZone.uasset" 1214
"D:/CodingProjects/Game Project/WeLeftTheLightsOn/Content/Systems/DropOffZone/BP_DropOffZone.uexp" 1215
"D:/CodingProjects/Game Project/WeLeftTheLightsOn/Content/Players/HUD/thirst_icon.uasset" 1216
"D:/CodingProjects/Game Project/WeLeftTheLightsOn/Content/Players/HUD/thirst_icon.uexp" 1217
"D:/CodingProjects/Game Project/WeLeftTheLightsOn/Content/Players/HUD/hunger_icon.uasset" 1218
"D:/CodingProjects/Game Project/WeLeftTheLightsOn/Content/Players/HUD/hunger_icon.uexp" 1219
"D:/CodingProjects/Game Project/WeLeftTheLightsOn/Content/Utils/BPFL_ParamNames.uasset" 1220
"D:/CodingProjects/Game Project/WeLeftTheLightsOn/Content/Utils/BPFL_ParamNames.uexp" 1221
"../../../Engine/Content/Functions/Engine_MaterialFunctions02/Texturing/CustomRotator.uasset" 1222
"../../../Engine/Content/Functions/Engine_MaterialFunctions02/Texturing/CustomRotator.uexp" 1223
"../../../Engine/Content/Functions/Engine_MaterialFunctions01/Density/ExponentialDensity.uasset" 1224
"../../../Engine/Content/Functions/Engine_MaterialFunctions01/Density/ExponentialDensity.uexp" 1225
"../../../Engine/Content/Functions/Engine_MaterialFunctions01/Gradient/RadialGradientExponential.uasset" 1226
"../../../Engine/Content/Functions/Engine_MaterialFunctions01/Gradient/RadialGradientExponential.uexp" 1227
"../../../Engine/Content/Functions/Engine_MaterialFunctions02/Utility/VectorToRadialValue.uasset" 1228
"../../../Engine/Content/Functions/Engine_MaterialFunctions02/Utility/VectorToRadialValue.uexp" 1229
"D:/CodingProjects/Game Project/WeLeftTheLightsOn/Content/Players/HUD/CircularProgressBar/M_CIrcularProgressBar.uasset" 1230
"D:/CodingProjects/Game Project/WeLeftTheLightsOn/Content/Players/HUD/CircularProgressBar/M_CIrcularProgressBar.uexp" 1231
"D:/CodingProjects/Game Project/WeLeftTheLightsOn/Content/Players/HUD/CircularProgressBar/M_CIrcularProgressBar_Inst.uasset" 1232
"D:/CodingProjects/Game Project/WeLeftTheLightsOn/Content/Players/HUD/CircularProgressBar/M_CIrcularProgressBar_Inst.uexp" 1233
"D:/CodingProjects/Game Project/WeLeftTheLightsOn/Content/Players/HUD/CircularProgressBar/WBP_CircularProgressBar.uasset" 1234
"D:/CodingProjects/Game Project/WeLeftTheLightsOn/Content/Players/HUD/CircularProgressBar/WBP_CircularProgressBar.uexp" 1235
"D:/CodingProjects/Game Project/WeLeftTheLightsOn/Content/Players/HUD/WBP_PlayerHUD.uasset" 1236
"D:/CodingProjects/Game Project/WeLeftTheLightsOn/Content/Players/HUD/WBP_PlayerHUD.uexp" 1237
"D:/CodingProjects/Game Project/WeLeftTheLightsOn/Content/FirstPerson/Blueprints/BP_FP_CameraManager.uasset" 1238
"D:/CodingProjects/Game Project/WeLeftTheLightsOn/Content/FirstPerson/Blueprints/BP_FP_CameraManager.uexp" 1239
"D:/CodingProjects/Game Project/WeLeftTheLightsOn/Content/FirstPerson/Blueprints/BP_FirstPersonPlayerController.uasset" 1240
"D:/CodingProjects/Game Project/WeLeftTheLightsOn/Content/FirstPerson/Blueprints/BP_FirstPersonPlayerController.uexp" 1241
"D:/CodingProjects/Game Project/WeLeftTheLightsOn/Content/FirstPerson/Blueprints/GM_FirstPerson.uasset" 1242
"D:/CodingProjects/Game Project/WeLeftTheLightsOn/Content/FirstPerson/Blueprints/GM_FirstPerson.uexp" 1243
"D:/CodingProjects/Game Project/WeLeftTheLightsOn/Content/Input/Actions/IA_MouseLook.uasset" 1244
"D:/CodingProjects/Game Project/WeLeftTheLightsOn/Content/Input/Actions/IA_MouseLook.uexp" 1245
"D:/CodingProjects/Game Project/WeLeftTheLightsOn/Content/Input/IMC_MouseLook.uasset" 1246
"D:/CodingProjects/Game Project/WeLeftTheLightsOn/Content/Input/IMC_MouseLook.uexp" 1247
"../../../Engine/Content/MobileResources/HUD/VirtualJoystick_Thumb.uasset" 1248
"../../../Engine/Content/MobileResources/HUD/VirtualJoystick_Thumb.uexp" 1249
"D:/CodingProjects/Game Project/WeLeftTheLightsOn/Content/Input/Touch/BPI_TouchInterface.uasset" 1250
"D:/CodingProjects/Game Project/WeLeftTheLightsOn/Content/Input/Touch/BPI_TouchInterface.uexp" 1251
"../../../Engine/Content/MobileResources/HUD/VirtualJoystick_Background.uasset" 1252
"../../../Engine/Content/MobileResources/HUD/VirtualJoystick_Background.uexp" 1253
"D:/CodingProjects/Game Project/WeLeftTheLightsOn/Content/Input/Touch/UI_Thumbstick.uasset" 1254
"D:/CodingProjects/Game Project/WeLeftTheLightsOn/Content/Input/Touch/UI_Thumbstick.uexp" 1255
"D:/CodingProjects/Game Project/WeLeftTheLightsOn/Content/Input/Touch/UI_TouchSimple.uasset" 1256
"D:/CodingProjects/Game Project/WeLeftTheLightsOn/Content/Input/Touch/UI_TouchSimple.uexp" 1257
"D:/CodingProjects/Game Project/WeLeftTheLightsOn/Content/Characters/Mannequins/Meshes/SK_Mannequin.uasset" 1258
"D:/CodingProjects/Game Project/WeLeftTheLightsOn/Content/Characters/Mannequins/Meshes/SK_Mannequin.uexp" 1259
"D:/CodingProjects/Game Project/WeLeftTheLightsOn/Content/Characters/Mannequins/Rigs/PA_Mannequin.uasset" 1260
"D:/CodingProjects/Game Project/WeLeftTheLightsOn/Content/Characters/Mannequins/Rigs/PA_Mannequin.uexp" 1261
"D:/CodingProjects/Game Project/WeLeftTheLightsOn/Content/Characters/Mannequins/Textures/Shared/T_UE_Logo_M.uasset" 1262
"D:/CodingProjects/Game Project/WeLeftTheLightsOn/Content/Characters/Mannequins/Textures/Shared/T_UE_Logo_M.uexp" 1263
"D:/CodingProjects/Game Project/WeLeftTheLightsOn/Content/Characters/Mannequins/Textures/Manny/T_Manny_01_MRA.ubulk" 1264
"D:/CodingProjects/Game Project/WeLeftTheLightsOn/Content/Characters/Mannequins/Textures/Manny/T_Manny_01_MRA.uasset" 1265
"D:/CodingProjects/Game Project/WeLeftTheLightsOn/Content/Characters/Mannequins/Textures/Manny/T_Manny_01_MRA.uexp" 1266
"D:/CodingProjects/Game Project/WeLeftTheLightsOn/Content/Characters/Mannequins/Textures/Manny/T_Manny_01_D.ubulk" 1267
"D:/CodingProjects/Game Project/WeLeftTheLightsOn/Content/Characters/Mannequins/Textures/Manny/T_Manny_01_D.uasset" 1268
"D:/CodingProjects/Game Project/WeLeftTheLightsOn/Content/Characters/Mannequins/Textures/Manny/T_Manny_01_D.uexp" 1269
"D:/CodingProjects/Game Project/WeLeftTheLightsOn/Content/Characters/Mannequins/Textures/Manny/T_Manny_01_BN.ubulk" 1270
"D:/CodingProjects/Game Project/WeLeftTheLightsOn/Content/Characters/Mannequins/Textures/Manny/T_Manny_01_BN.uasset" 1271
"D:/CodingProjects/Game Project/WeLeftTheLightsOn/Content/Characters/Mannequins/Textures/Manny/T_Manny_01_BN.uexp" 1272
"D:/CodingProjects/Game Project/WeLeftTheLightsOn/Content/Characters/Mannequins/Materials/M_Mannequin.uasset" 1273
"D:/CodingProjects/Game Project/WeLeftTheLightsOn/Content/Characters/Mannequins/Materials/M_Mannequin.uexp" 1274
"D:/CodingProjects/Game Project/WeLeftTheLightsOn/Content/Characters/Mannequins/Materials/Manny/MI_Manny_01_New.uasset" 1275
"D:/CodingProjects/Game Project/WeLeftTheLightsOn/Content/Characters/Mannequins/Materials/Manny/MI_Manny_01_New.uexp" 1276
"D:/CodingProjects/Game Project/WeLeftTheLightsOn/Content/Characters/Mannequins/Textures/Manny/T_Manny_02_MRA.ubulk" 1277
"D:/CodingProjects/Game Project/WeLeftTheLightsOn/Content/Characters/Mannequins/Textures/Manny/T_Manny_02_MRA.uasset" 1278
"D:/CodingProjects/Game Project/WeLeftTheLightsOn/Content/Characters/Mannequins/Textures/Manny/T_Manny_02_MRA.uexp" 1279
"D:/CodingProjects/Game Project/WeLeftTheLightsOn/Content/Characters/Mannequins/Textures/Manny/T_Manny_02_D.ubulk" 1280
"D:/CodingProjects/Game Project/WeLeftTheLightsOn/Content/Characters/Mannequins/Textures/Manny/T_Manny_02_D.uasset" 1281
"D:/CodingProjects/Game Project/WeLeftTheLightsOn/Content/Characters/Mannequins/Textures/Manny/T_Manny_02_D.uexp" 1282
"D:/CodingProjects/Game Project/WeLeftTheLightsOn/Content/Characters/Mannequins/Textures/Manny/T_Manny_02_BN.ubulk" 1283
"D:/CodingProjects/Game Project/WeLeftTheLightsOn/Content/Characters/Mannequins/Textures/Manny/T_Manny_02_BN.uasset" 1284
"D:/CodingProjects/Game Project/WeLeftTheLightsOn/Content/Characters/Mannequins/Textures/Manny/T_Manny_02_BN.uexp" 1285
"D:/CodingProjects/Game Project/WeLeftTheLightsOn/Content/Characters/Mannequins/Materials/Manny/MI_Manny_02_New.uasset" 1286
"D:/CodingProjects/Game Project/WeLeftTheLightsOn/Content/Characters/Mannequins/Materials/Manny/MI_Manny_02_New.uexp" 1287
"D:/CodingProjects/Game Project/WeLeftTheLightsOn/Content/Characters/Mannequins/Meshes/SKM_Manny_Simple.uasset" 1288
"D:/CodingProjects/Game Project/WeLeftTheLightsOn/Content/Characters/Mannequins/Meshes/SKM_Manny_Simple.uexp" 1289
"../../../Engine/Plugins/Animation/ControlRig/Content/Controls/DefaultGizmoLibraryNormalized.uasset" 1290
"../../../Engine/Plugins/Animation/ControlRig/Content/Controls/DefaultGizmoLibraryNormalized.uexp" 1291
"D:/CodingProjects/Game Project/WeLeftTheLightsOn/Content/FirstPerson/Anims/CtrlRig_FPWarp.uasset" 1292
"D:/CodingProjects/Game Project/WeLeftTheLightsOn/Content/FirstPerson/Anims/CtrlRig_FPWarp.uexp" 1293
"D:/CodingProjects/Game Project/WeLeftTheLightsOn/Content/FirstPerson/Anims/ABP_FP_Copy.uasset" 1294
"D:/CodingProjects/Game Project/WeLeftTheLightsOn/Content/FirstPerson/Anims/ABP_FP_Copy.uexp" 1295
"D:/CodingProjects/Game Project/WeLeftTheLightsOn/Content/Characters/Mannequins/Rigs/CR_Mannequin_FootIK.uasset" 1296
"D:/CodingProjects/Game Project/WeLeftTheLightsOn/Content/Characters/Mannequins/Rigs/CR_Mannequin_FootIK.uexp" 1297
"../../../Engine/Content/Animation/DefaultVariableFrameStrippingSettings.uasset" 1298
"../../../Engine/Content/Animation/DefaultVariableFrameStrippingSettings.uexp" 1299
"../../../Engine/Content/Animation/DefaultAnimCurveCompressionSettings.uasset" 1300
"../../../Engine/Content/Animation/DefaultAnimCurveCompressionSettings.uexp" 1301
"../../../Engine/Content/Animation/DefaultAnimBoneCompressionSettings.uasset" 1302
"../../../Engine/Content/Animation/DefaultAnimBoneCompressionSettings.uexp" 1303
"D:/CodingProjects/Game Project/WeLeftTheLightsOn/Content/Characters/Mannequins/Anims/Unarmed/MM_Idle.uasset" 1304
"D:/CodingProjects/Game Project/WeLeftTheLightsOn/Content/Characters/Mannequins/Anims/Unarmed/MM_Idle.uexp" 1305
"D:/CodingProjects/Game Project/WeLeftTheLightsOn/Content/Characters/Mannequins/Anims/Unarmed/Jog/MF_Unarmed_Jog_Fwd.uasset" 1306
"D:/CodingProjects/Game Project/WeLeftTheLightsOn/Content/Characters/Mannequins/Anims/Unarmed/Jog/MF_Unarmed_Jog_Fwd.uexp" 1307
"../../../Engine/Plugins/Animation/ACLPlugin/Content/ACLAnimCurveCompressionSettings.uasset" 1308
"../../../Engine/Plugins/Animation/ACLPlugin/Content/ACLAnimCurveCompressionSettings.uexp" 1309
"D:/CodingProjects/Game Project/WeLeftTheLightsOn/Content/Characters/Mannequins/Anims/Unarmed/Walk/MF_Unarmed_Walk_Right.uasset" 1310
"D:/CodingProjects/Game Project/WeLeftTheLightsOn/Content/Characters/Mannequins/Anims/Unarmed/Walk/MF_Unarmed_Walk_Right.uexp" 1311
"D:/CodingProjects/Game Project/WeLeftTheLightsOn/Content/Characters/Mannequins/Anims/Unarmed/Walk/MF_Unarmed_Walk_Left.uasset" 1312
"D:/CodingProjects/Game Project/WeLeftTheLightsOn/Content/Characters/Mannequins/Anims/Unarmed/Walk/MF_Unarmed_Walk_Left.uexp" 1313
"D:/CodingProjects/Game Project/WeLeftTheLightsOn/Content/Characters/Mannequins/Anims/Unarmed/Walk/MF_Unarmed_Walk_Fwd.uasset" 1314
"D:/CodingProjects/Game Project/WeLeftTheLightsOn/Content/Characters/Mannequins/Anims/Unarmed/Walk/MF_Unarmed_Walk_Fwd.uexp" 1315
"D:/CodingProjects/Game Project/WeLeftTheLightsOn/Content/Characters/Mannequins/Anims/Unarmed/Walk/MF_Unarmed_Walk_Bwd.uasset" 1316
"D:/CodingProjects/Game Project/WeLeftTheLightsOn/Content/Characters/Mannequins/Anims/Unarmed/Walk/MF_Unarmed_Walk_Bwd.uexp" 1317
"D:/CodingProjects/Game Project/WeLeftTheLightsOn/Content/Characters/Mannequins/Anims/Unarmed/Jog/MF_Unarmed_Jog_Right.uasset" 1318
"D:/CodingProjects/Game Project/WeLeftTheLightsOn/Content/Characters/Mannequins/Anims/Unarmed/Jog/MF_Unarmed_Jog_Right.uexp" 1319
"D:/CodingProjects/Game Project/WeLeftTheLightsOn/Content/Characters/Mannequins/Anims/Unarmed/Jog/MF_Unarmed_Jog_Left.uasset" 1320
"D:/CodingProjects/Game Project/WeLeftTheLightsOn/Content/Characters/Mannequins/Anims/Unarmed/Jog/MF_Unarmed_Jog_Left.uexp" 1321
"D:/CodingProjects/Game Project/WeLeftTheLightsOn/Content/Characters/Mannequins/Anims/Unarmed/Jog/MF_Unarmed_Jog_Bwd.uasset" 1322
"D:/CodingProjects/Game Project/WeLeftTheLightsOn/Content/Characters/Mannequins/Anims/Unarmed/Jog/MF_Unarmed_Jog_Bwd.uexp" 1323
"D:/CodingProjects/Game Project/WeLeftTheLightsOn/Content/Characters/Mannequins/Anims/Unarmed/BS_Idle_Walk_Run.uasset" 1324
"D:/CodingProjects/Game Project/WeLeftTheLightsOn/Content/Characters/Mannequins/Anims/Unarmed/BS_Idle_Walk_Run.uexp" 1325
"D:/CodingProjects/Game Project/WeLeftTheLightsOn/Content/Characters/Mannequins/Anims/Unarmed/Jump/MM_Fall_Loop.uasset" 1326
"D:/CodingProjects/Game Project/WeLeftTheLightsOn/Content/Characters/Mannequins/Anims/Unarmed/Jump/MM_Fall_Loop.uexp" 1327
"D:/CodingProjects/Game Project/WeLeftTheLightsOn/Content/Characters/Mannequins/Anims/Unarmed/Jump/MM_Jump.uasset" 1328
"D:/CodingProjects/Game Project/WeLeftTheLightsOn/Content/Characters/Mannequins/Anims/Unarmed/Jump/MM_Jump.uexp" 1329
"D:/CodingProjects/Game Project/WeLeftTheLightsOn/Content/Characters/Mannequins/Anims/Unarmed/Jump/MM_Land.uasset" 1330
"D:/CodingProjects/Game Project/WeLeftTheLightsOn/Content/Characters/Mannequins/Anims/Unarmed/Jump/MM_Land.uexp" 1331
"D:/CodingProjects/Game Project/WeLeftTheLightsOn/Content/Characters/Mannequins/Anims/Unarmed/ABP_Unarmed.uasset" 1332
"D:/CodingProjects/Game Project/WeLeftTheLightsOn/Content/Characters/Mannequins/Anims/Unarmed/ABP_Unarmed.uexp" 1333
"D:/CodingProjects/Game Project/WeLeftTheLightsOn/Content/FirstPerson/Blueprints/BP_FirstPersonCharacter.uasset" 1334
"D:/CodingProjects/Game Project/WeLeftTheLightsOn/Content/FirstPerson/Blueprints/BP_FirstPersonCharacter.uexp" 1335
"D:/CodingProjects/Game Project/WeLeftTheLightsOn/Content/Players/EffectsSystem/Zone/M_ZoneTransparent.uasset" 1336
"D:/CodingProjects/Game Project/WeLeftTheLightsOn/Content/Players/EffectsSystem/Zone/M_ZoneTransparent.uexp" 1337
"D:/CodingProjects/Game Project/WeLeftTheLightsOn/Content/Players/EffectsSystem/Zone/BP_CylindricalZone.uasset" 1338
"D:/CodingProjects/Game Project/WeLeftTheLightsOn/Content/Players/EffectsSystem/Zone/BP_CylindricalZone.uexp" 1339
"D:/CodingProjects/Game Project/WeLeftTheLightsOn/Content/Audio/Player/whoosh-heal-choir.ubulk" 1340
"D:/CodingProjects/Game Project/WeLeftTheLightsOn/Content/Audio/Player/whoosh-heal-choir.uasset" 1341
"D:/CodingProjects/Game Project/WeLeftTheLightsOn/Content/Audio/Player/whoosh-heal-choir.uexp" 1342
"D:/CodingProjects/Game Project/WeLeftTheLightsOn/Content/Systems/Ship/MedStation/med_bay_table/Textures/med_bay_table_texture_0.ubulk" 1343
"D:/CodingProjects/Game Project/WeLeftTheLightsOn/Content/Systems/Ship/MedStation/med_bay_table/Textures/med_bay_table_texture_0.uasset" 1344
"D:/CodingProjects/Game Project/WeLeftTheLightsOn/Content/Systems/Ship/MedStation/med_bay_table/Textures/med_bay_table_texture_0.uexp" 1345
"D:/CodingProjects/Game Project/WeLeftTheLightsOn/Content/Systems/Ship/MedStation/med_bay_table/Textures/med_bay_table_texture_1.ubulk" 1346
"D:/CodingProjects/Game Project/WeLeftTheLightsOn/Content/Systems/Ship/MedStation/med_bay_table/Textures/med_bay_table_texture_1.uasset" 1347
"D:/CodingProjects/Game Project/WeLeftTheLightsOn/Content/Systems/Ship/MedStation/med_bay_table/Textures/med_bay_table_texture_1.uexp" 1348
"D:/CodingProjects/Game Project/WeLeftTheLightsOn/Content/Systems/Ship/MedStation/med_bay_table/Textures/med_bay_table_texture_2.ubulk" 1349
"D:/CodingProjects/Game Project/WeLeftTheLightsOn/Content/Systems/Ship/MedStation/med_bay_table/Textures/med_bay_table_texture_2.uasset" 1350
"D:/CodingProjects/Game Project/WeLeftTheLightsOn/Content/Systems/Ship/MedStation/med_bay_table/Textures/med_bay_table_texture_2.uexp" 1351
"D:/CodingProjects/Game Project/WeLeftTheLightsOn/Content/Systems/Ship/MedStation/med_bay_table/Textures/med_bay_table_texture_3.ubulk" 1352
"D:/CodingProjects/Game Project/WeLeftTheLightsOn/Content/Systems/Ship/MedStation/med_bay_table/Textures/med_bay_table_texture_3.uasset" 1353
"D:/CodingProjects/Game Project/WeLeftTheLightsOn/Content/Systems/Ship/MedStation/med_bay_table/Textures/med_bay_table_texture_3.uexp" 1354
"D:/CodingProjects/Game Project/WeLeftTheLightsOn/Content/Systems/Ship/MedStation/med_bay_table/Materials/Med_Bay_Table.uasset" 1355
"D:/CodingProjects/Game Project/WeLeftTheLightsOn/Content/Systems/Ship/MedStation/med_bay_table/Materials/Med_Bay_Table.uexp" 1356
"D:/CodingProjects/Game Project/WeLeftTheLightsOn/Content/Systems/Ship/MedStation/med_bay_table/StaticMeshes/med_bay_table.ubulk" 1357
"D:/CodingProjects/Game Project/WeLeftTheLightsOn/Content/Systems/Ship/MedStation/med_bay_table/StaticMeshes/med_bay_table.uasset" 1358
"D:/CodingProjects/Game Project/WeLeftTheLightsOn/Content/Systems/Ship/MedStation/med_bay_table/StaticMeshes/med_bay_table.uexp" 1359
"D:/CodingProjects/Game Project/WeLeftTheLightsOn/Content/Systems/Ship/MedStation/BP_MedStation.uasset" 1360
"D:/CodingProjects/Game Project/WeLeftTheLightsOn/Content/Systems/Ship/MedStation/BP_MedStation.uexp" 1361
"../../../Engine/Content/Functions/Engine_MaterialFunctions01/Shading/PowerToRoughness.uasset" 1362
"../../../Engine/Content/Functions/Engine_MaterialFunctions01/Shading/PowerToRoughness.uexp" 1363
"../../../Engine/Content/Functions/Engine_MaterialFunctions01/Shading/ConvertFromDiffSpec.uasset" 1364
"../../../Engine/Content/Functions/Engine_MaterialFunctions01/Shading/ConvertFromDiffSpec.uexp" 1365
"../../../Engine/Content/Functions/Engine_MaterialFunctions02/WorldPositionOffset/ComponentPivotLocation.uasset" 1366
"../../../Engine/Content/Functions/Engine_MaterialFunctions02/WorldPositionOffset/ComponentPivotLocation.uexp" 1367
"../../../Engine/Content/Functions/Engine_MaterialFunctions02/WorldPositionOffset/V2/ObjectScale.uasset" 1368
"../../../Engine/Content/Functions/Engine_MaterialFunctions02/WorldPositionOffset/V2/ObjectScale.uexp" 1369
"../../../Engine/Content/EditorResources/S_Terrain.ubulk" 1370
"../../../Engine/Content/EditorResources/S_Terrain.uasset" 1371
"../../../Engine/Content/EditorResources/S_Terrain.uexp" 1372
"../../../Engine/Content/Functions/Engine_MaterialFunctions02/WorldPositionOffset/Sprite.uasset" 1373
"../../../Engine/Content/Functions/Engine_MaterialFunctions02/WorldPositionOffset/Sprite.uexp" 1374
"../../../Engine/Plugins/Experimental/Landmass/Content/Landscape/BlueprintBrushes/Materials/Sprite/M_BrushSprite_01.uasset" 1375
"../../../Engine/Plugins/Experimental/Landmass/Content/Landscape/BlueprintBrushes/Materials/Sprite/M_BrushSprite_01.uexp" 1376
"../../../Engine/Content/EngineResources/Black_Low.uasset" 1377
"../../../Engine/Content/EngineResources/Black_Low.uexp" 1378
"../../../Engine/Content/EngineMaterials/BlendFunc_DefBlend.uasset" 1379
"../../../Engine/Content/EngineMaterials/BlendFunc_DefBlend.uexp" 1380
"../../../Engine/Content/EngineMaterials/BlendFunc_DefBase.uasset" 1381
"../../../Engine/Content/EngineMaterials/BlendFunc_DefBase.uexp" 1382
"../../../Engine/Content/Functions/Engine_MaterialFunctions03/Procedurals/ComputeFilterWidth.uasset" 1383
"../../../Engine/Content/Functions/Engine_MaterialFunctions03/Procedurals/ComputeFilterWidth.uexp" 1384
"../../../Engine/Content/EditorMaterials/TilingAALineIntegral.uasset" 1385
"../../../Engine/Content/EditorMaterials/TilingAALineIntegral.uexp" 1386
"../../../Engine/Content/EditorMaterials/TilingAALineBoxFiltered.uasset" 1387
"../../../Engine/Content/EditorMaterials/TilingAALineBoxFiltered.uexp" 1388
"../../../Engine/Content/Functions/Engine_MaterialFunctions03/Blends/Blend_Screen.uasset" 1389
"../../../Engine/Content/Functions/Engine_MaterialFunctions03/Blends/Blend_Screen.uexp" 1390
"../../../Engine/Content/EditorMaterials/TilingAAGrid.uasset" 1391
"../../../Engine/Content/EditorMaterials/TilingAAGrid.uexp" 1392
"../../../Engine/Plugins/Experimental/Landmass/Content/Landscape/BlueprintBrushes/MPC/MPC_Landscape.uasset" 1393
"../../../Engine/Plugins/Experimental/Landmass/Content/Landscape/BlueprintBrushes/MPC/MPC_Landscape.uexp" 1394
"../../../Engine/Content/Functions/Engine_MaterialFunctions01/ImageAdjustment/SCurve.uasset" 1395
"../../../Engine/Content/Functions/Engine_MaterialFunctions01/ImageAdjustment/SCurve.uexp" 1396
"../../../Engine/Plugins/Experimental/Landmass/Content/Landscape/BlueprintBrushes/MF/PointSampleLandscapeUVs.uasset" 1397
"../../../Engine/Plugins/Experimental/Landmass/Content/Landscape/BlueprintBrushes/MF/PointSampleLandscapeUVs.uexp" 1398
"../../../Engine/Content/ArtTools/RenderToTexture/Textures/T_EV_BlankWhite_01.uasset" 1399
"../../../Engine/Content/ArtTools/RenderToTexture/Textures/T_EV_BlankWhite_01.uexp" 1400
"../../../Engine/Plugins/Experimental/Landmass/Content/Landscape/OldPrototype_BP/Mats/MF/UnpackRG8Height.uasset" 1401
"../../../Engine/Plugins/Experimental/Landmass/Content/Landscape/OldPrototype_BP/Mats/MF/UnpackRG8Height.uexp" 1402
"../../../Engine/Plugins/Experimental/Landmass/Content/Landscape/BlueprintBrushes/MF/LandmassBrush_UVs.uasset" 1403
"../../../Engine/Plugins/Experimental/Landmass/Content/Landscape/BlueprintBrushes/MF/LandmassBrush_UVs.uexp" 1404
"../../../Engine/Plugins/Experimental/Landmass/Content/Landscape/BlueprintBrushes/MF/Landmass_BrushTilt.uasset" 1405
"../../../Engine/Plugins/Experimental/Landmass/Content/Landscape/BlueprintBrushes/MF/Landmass_BrushTilt.uexp" 1406
"../../../Engine/Plugins/Experimental/Landmass/Content/Landscape/BlueprintBrushes/MF/LandmassBrush_Noise.uasset" 1407
"../../../Engine/Plugins/Experimental/Landmass/Content/Landscape/BlueprintBrushes/MF/LandmassBrush_Noise.uexp" 1408
"../../../Engine/Plugins/Experimental/Landmass/Content/Landscape/BlueprintBrushes/MF/LandmassBrush_EdgeFalloff.uasset" 1409
"../../../Engine/Plugins/Experimental/Landmass/Content/Landscape/BlueprintBrushes/MF/LandmassBrush_EdgeFalloff.uexp" 1410
"../../../Engine/Plugins/Experimental/Landmass/Content/Landscape/BlueprintBrushes/Materials/BrushMaterials/BasicFunctions/LandmassBrush_ShapeMask.uasset" 1411
"../../../Engine/Plugins/Experimental/Landmass/Content/Landscape/BlueprintBrushes/Materials/BrushMaterials/BasicFunctions/LandmassBrush_ShapeMask.uexp" 1412
"../../../Engine/Plugins/Experimental/Landmass/Content/Landscape/BlueprintBrushes/Materials/Internal/BrushBounds.uasset" 1413
"../../../Engine/Plugins/Experimental/Landmass/Content/Landscape/BlueprintBrushes/Materials/Internal/BrushBounds.uexp" 1414
"../../../Engine/Content/EngineMaterials/DefaultPhysicalMaterial.uasset" 1415
"../../../Engine/Content/EngineMaterials/DefaultPhysicalMaterial.uexp" 1416
"../../../Engine/Content/BasicShapes/Cube.ubulk" 1417
"../../../Engine/Content/BasicShapes/Cube.uasset" 1418
"../../../Engine/Content/BasicShapes/Cube.uexp" 1419
"D:/CodingProjects/Game Project/WeLeftTheLightsOn/Content/Systems/Hazards/Explosion/GC_Cube_Explosion.uasset" 1420
"D:/CodingProjects/Game Project/WeLeftTheLightsOn/Content/Systems/Hazards/Explosion/GC_Cube_Explosion.uexp" 1421
"D:/CodingProjects/Game Project/WeLeftTheLightsOn/Content/Systems/Hazards/Data/EN_HazardType.uasset" 1422
"D:/CodingProjects/Game Project/WeLeftTheLightsOn/Content/Systems/Hazards/Data/EN_HazardType.uexp" 1423
"D:/CodingProjects/Game Project/WeLeftTheLightsOn/Content/Systems/Hazards/Data/EN_TriggerType.uasset" 1424
"D:/CodingProjects/Game Project/WeLeftTheLightsOn/Content/Systems/Hazards/Data/EN_TriggerType.uexp" 1425
"D:/CodingProjects/Game Project/WeLeftTheLightsOn/Content/Systems/Hazards/Data/ST_HazardData.uasset" 1426
"D:/CodingProjects/Game Project/WeLeftTheLightsOn/Content/Systems/Hazards/Data/ST_HazardData.uexp" 1427
"D:/CodingProjects/Game Project/WeLeftTheLightsOn/Content/Audio/Hazards/Explosion_Sound_Effect.ubulk" 1428
"D:/CodingProjects/Game Project/WeLeftTheLightsOn/Content/Audio/Hazards/Explosion_Sound_Effect.uasset" 1429
"D:/CodingProjects/Game Project/WeLeftTheLightsOn/Content/Audio/Hazards/Explosion_Sound_Effect.uexp" 1430
"D:/CodingProjects/Game Project/WeLeftTheLightsOn/Content/Systems/Hazards/Data/DT_HazardData.uasset" 1431
"D:/CodingProjects/Game Project/WeLeftTheLightsOn/Content/Systems/Hazards/Data/DT_HazardData.uexp" 1432
"D:/CodingProjects/Game Project/WeLeftTheLightsOn/Content/Systems/Hazards/Explosion/Blueprints/BP_ExplosionBase.uasset" 1433
"D:/CodingProjects/Game Project/WeLeftTheLightsOn/Content/Systems/Hazards/Explosion/Blueprints/BP_ExplosionBase.uexp" 1434
"D:/CodingProjects/Game Project/WeLeftTheLightsOn/Content/Maps/Assets/buchanka_snow_glider/Textures/buchanka_snow_glider_texture_7.ubulk" 1435
"D:/CodingProjects/Game Project/WeLeftTheLightsOn/Content/Maps/Assets/buchanka_snow_glider/Textures/buchanka_snow_glider_texture_7.uasset" 1436
"D:/CodingProjects/Game Project/WeLeftTheLightsOn/Content/Maps/Assets/buchanka_snow_glider/Textures/buchanka_snow_glider_texture_7.uexp" 1437
"D:/CodingProjects/Game Project/WeLeftTheLightsOn/Content/Maps/Assets/buchanka_snow_glider/Textures/buchanka_snow_glider_texture_8.ubulk" 1438
"D:/CodingProjects/Game Project/WeLeftTheLightsOn/Content/Maps/Assets/buchanka_snow_glider/Textures/buchanka_snow_glider_texture_8.uasset" 1439
"D:/CodingProjects/Game Project/WeLeftTheLightsOn/Content/Maps/Assets/buchanka_snow_glider/Textures/buchanka_snow_glider_texture_8.uexp" 1440
"D:/CodingProjects/Game Project/WeLeftTheLightsOn/Content/Maps/Assets/buchanka_snow_glider/Textures/buchanka_snow_glider_texture_9.ubulk" 1441
"D:/CodingProjects/Game Project/WeLeftTheLightsOn/Content/Maps/Assets/buchanka_snow_glider/Textures/buchanka_snow_glider_texture_9.uasset" 1442
"D:/CodingProjects/Game Project/WeLeftTheLightsOn/Content/Maps/Assets/buchanka_snow_glider/Textures/buchanka_snow_glider_texture_9.uexp" 1443
"D:/CodingProjects/Game Project/WeLeftTheLightsOn/Content/Maps/Assets/buchanka_snow_glider/Materials/small_props.uasset" 1444
"D:/CodingProjects/Game Project/WeLeftTheLightsOn/Content/Maps/Assets/buchanka_snow_glider/Materials/small_props.uexp" 1445
"D:/CodingProjects/Game Project/WeLeftTheLightsOn/Content/Maps/Assets/buchanka_snow_glider/Textures/buchanka_snow_glider_texture_20.ubulk" 1446
"D:/CodingProjects/Game Project/WeLeftTheLightsOn/Content/Maps/Assets/buchanka_snow_glider/Textures/buchanka_snow_glider_texture_20.uasset" 1447
"D:/CodingProjects/Game Project/WeLeftTheLightsOn/Content/Maps/Assets/buchanka_snow_glider/Textures/buchanka_snow_glider_texture_20.uexp" 1448
"D:/CodingProjects/Game Project/WeLeftTheLightsOn/Content/Maps/Assets/buchanka_snow_glider/Textures/buchanka_snow_glider_texture_21.ubulk" 1449
"D:/CodingProjects/Game Project/WeLeftTheLightsOn/Content/Maps/Assets/buchanka_snow_glider/Textures/buchanka_snow_glider_texture_21.uasset" 1450
"D:/CodingProjects/Game Project/WeLeftTheLightsOn/Content/Maps/Assets/buchanka_snow_glider/Textures/buchanka_snow_glider_texture_21.uexp" 1451
"D:/CodingProjects/Game Project/WeLeftTheLightsOn/Content/Maps/Assets/buchanka_snow_glider/Textures/buchanka_snow_glider_texture_22.ubulk" 1452
"D:/CodingProjects/Game Project/WeLeftTheLightsOn/Content/Maps/Assets/buchanka_snow_glider/Textures/buchanka_snow_glider_texture_22.uasset" 1453
"D:/CodingProjects/Game Project/WeLeftTheLightsOn/Content/Maps/Assets/buchanka_snow_glider/Textures/buchanka_snow_glider_texture_22.uexp" 1454
"D:/CodingProjects/Game Project/WeLeftTheLightsOn/Content/Maps/Assets/buchanka_snow_glider/Materials/interior.uasset" 1455
"D:/CodingProjects/Game Project/WeLeftTheLightsOn/Content/Maps/Assets/buchanka_snow_glider/Materials/interior.uexp" 1456
"D:/CodingProjects/Game Project/WeLeftTheLightsOn/Content/Maps/Assets/buchanka_snow_glider/Textures/buchanka_snow_glider_texture_10.ubulk" 1457
"D:/CodingProjects/Game Project/WeLeftTheLightsOn/Content/Maps/Assets/buchanka_snow_glider/Textures/buchanka_snow_glider_texture_10.uasset" 1458
"D:/CodingProjects/Game Project/WeLeftTheLightsOn/Content/Maps/Assets/buchanka_snow_glider/Textures/buchanka_snow_glider_texture_10.uexp" 1459
"D:/CodingProjects/Game Project/WeLeftTheLightsOn/Content/Maps/Assets/buchanka_snow_glider/Textures/buchanka_snow_glider_texture_11.ubulk" 1460
"D:/CodingProjects/Game Project/WeLeftTheLightsOn/Content/Maps/Assets/buchanka_snow_glider/Textures/buchanka_snow_glider_texture_11.uasset" 1461
"D:/CodingProjects/Game Project/WeLeftTheLightsOn/Content/Maps/Assets/buchanka_snow_glider/Textures/buchanka_snow_glider_texture_11.uexp" 1462
"D:/CodingProjects/Game Project/WeLeftTheLightsOn/Content/Maps/Assets/buchanka_snow_glider/Textures/buchanka_snow_glider_texture_12.ubulk" 1463
"D:/CodingProjects/Game Project/WeLeftTheLightsOn/Content/Maps/Assets/buchanka_snow_glider/Textures/buchanka_snow_glider_texture_12.uasset" 1464
"D:/CodingProjects/Game Project/WeLeftTheLightsOn/Content/Maps/Assets/buchanka_snow_glider/Textures/buchanka_snow_glider_texture_12.uexp" 1465
"D:/CodingProjects/Game Project/WeLeftTheLightsOn/Content/Maps/Assets/buchanka_snow_glider/Materials/gliders.uasset" 1466
"D:/CodingProjects/Game Project/WeLeftTheLightsOn/Content/Maps/Assets/buchanka_snow_glider/Materials/gliders.uexp" 1467
"D:/CodingProjects/Game Project/WeLeftTheLightsOn/Content/Maps/Assets/buchanka_snow_glider/Textures/buchanka_snow_glider_texture_17.ubulk" 1468
"D:/CodingProjects/Game Project/WeLeftTheLightsOn/Content/Maps/Assets/buchanka_snow_glider/Textures/buchanka_snow_glider_texture_17.uasset" 1469
"D:/CodingProjects/Game Project/WeLeftTheLightsOn/Content/Maps/Assets/buchanka_snow_glider/Textures/buchanka_snow_glider_texture_17.uexp" 1470
"D:/CodingProjects/Game Project/WeLeftTheLightsOn/Content/Maps/Assets/buchanka_snow_glider/Textures/buchanka_snow_glider_texture_18.ubulk" 1471
"D:/CodingProjects/Game Project/WeLeftTheLightsOn/Content/Maps/Assets/buchanka_snow_glider/Textures/buchanka_snow_glider_texture_18.uasset" 1472
"D:/CodingProjects/Game Project/WeLeftTheLightsOn/Content/Maps/Assets/buchanka_snow_glider/Textures/buchanka_snow_glider_texture_18.uexp" 1473
"D:/CodingProjects/Game Project/WeLeftTheLightsOn/Content/Maps/Assets/buchanka_snow_glider/Textures/buchanka_snow_glider_texture_19.ubulk" 1474
"D:/CodingProjects/Game Project/WeLeftTheLightsOn/Content/Maps/Assets/buchanka_snow_glider/Textures/buchanka_snow_glider_texture_19.uasset" 1475
"D:/CodingProjects/Game Project/WeLeftTheLightsOn/Content/Maps/Assets/buchanka_snow_glider/Textures/buchanka_snow_glider_texture_19.uexp" 1476
"D:/CodingProjects/Game Project/WeLeftTheLightsOn/Content/Maps/Assets/buchanka_snow_glider/Materials/glass.uasset" 1477
"D:/CodingProjects/Game Project/WeLeftTheLightsOn/Content/Maps/Assets/buchanka_snow_glider/Materials/glass.uexp" 1478
"D:/CodingProjects/Game Project/WeLeftTheLightsOn/Content/Maps/Assets/buchanka_snow_glider/Textures/buchanka_snow_glider_texture_4.ubulk" 1479
"D:/CodingProjects/Game Project/WeLeftTheLightsOn/Content/Maps/Assets/buchanka_snow_glider/Textures/buchanka_snow_glider_texture_4.uasset" 1480
"D:/CodingProjects/Game Project/WeLeftTheLightsOn/Content/Maps/Assets/buchanka_snow_glider/Textures/buchanka_snow_glider_texture_4.uexp" 1481
"D:/CodingProjects/Game Project/WeLeftTheLightsOn/Content/Maps/Assets/buchanka_snow_glider/Textures/buchanka_snow_glider_texture_5.ubulk" 1482
"D:/CodingProjects/Game Project/WeLeftTheLightsOn/Content/Maps/Assets/buchanka_snow_glider/Textures/buchanka_snow_glider_texture_5.uasset" 1483
"D:/CodingProjects/Game Project/WeLeftTheLightsOn/Content/Maps/Assets/buchanka_snow_glider/Textures/buchanka_snow_glider_texture_5.uexp" 1484
"D:/CodingProjects/Game Project/WeLeftTheLightsOn/Content/Maps/Assets/buchanka_snow_glider/Textures/buchanka_snow_glider_texture_6.ubulk" 1485
"D:/CodingProjects/Game Project/WeLeftTheLightsOn/Content/Maps/Assets/buchanka_snow_glider/Textures/buchanka_snow_glider_texture_6.uasset" 1486
"D:/CodingProjects/Game Project/WeLeftTheLightsOn/Content/Maps/Assets/buchanka_snow_glider/Textures/buchanka_snow_glider_texture_6.uexp" 1487
"D:/CodingProjects/Game Project/WeLeftTheLightsOn/Content/Maps/Assets/buchanka_snow_glider/Materials/engine.uasset" 1488
"D:/CodingProjects/Game Project/WeLeftTheLightsOn/Content/Maps/Assets/buchanka_snow_glider/Materials/engine.uexp" 1489
"D:/CodingProjects/Game Project/WeLeftTheLightsOn/Content/Maps/Assets/buchanka_snow_glider/Textures/buchanka_snow_glider_texture_0.ubulk" 1490
"D:/CodingProjects/Game Project/WeLeftTheLightsOn/Content/Maps/Assets/buchanka_snow_glider/Textures/buchanka_snow_glider_texture_0.uasset" 1491
"D:/CodingProjects/Game Project/WeLeftTheLightsOn/Content/Maps/Assets/buchanka_snow_glider/Textures/buchanka_snow_glider_texture_0.uexp" 1492
"D:/CodingProjects/Game Project/WeLeftTheLightsOn/Content/Maps/Assets/buchanka_snow_glider/Textures/buchanka_snow_glider_texture_1.ubulk" 1493
"D:/CodingProjects/Game Project/WeLeftTheLightsOn/Content/Maps/Assets/buchanka_snow_glider/Textures/buchanka_snow_glider_texture_1.uasset" 1494
"D:/CodingProjects/Game Project/WeLeftTheLightsOn/Content/Maps/Assets/buchanka_snow_glider/Textures/buchanka_snow_glider_texture_1.uexp" 1495
"D:/CodingProjects/Game Project/WeLeftTheLightsOn/Content/Maps/Assets/buchanka_snow_glider/Textures/buchanka_snow_glider_texture_2.ubulk" 1496
"D:/CodingProjects/Game Project/WeLeftTheLightsOn/Content/Maps/Assets/buchanka_snow_glider/Textures/buchanka_snow_glider_texture_2.uasset" 1497
"D:/CodingProjects/Game Project/WeLeftTheLightsOn/Content/Maps/Assets/buchanka_snow_glider/Textures/buchanka_snow_glider_texture_2.uexp" 1498
"D:/CodingProjects/Game Project/WeLeftTheLightsOn/Content/Maps/Assets/buchanka_snow_glider/Textures/buchanka_snow_glider_texture_3.ubulk" 1499
"D:/CodingProjects/Game Project/WeLeftTheLightsOn/Content/Maps/Assets/buchanka_snow_glider/Textures/buchanka_snow_glider_texture_3.uasset" 1500
"D:/CodingProjects/Game Project/WeLeftTheLightsOn/Content/Maps/Assets/buchanka_snow_glider/Textures/buchanka_snow_glider_texture_3.uexp" 1501
"D:/CodingProjects/Game Project/WeLeftTheLightsOn/Content/Maps/Assets/buchanka_snow_glider/Materials/details.uasset" 1502
"D:/CodingProjects/Game Project/WeLeftTheLightsOn/Content/Maps/Assets/buchanka_snow_glider/Materials/details.uexp" 1503
"D:/CodingProjects/Game Project/WeLeftTheLightsOn/Content/Maps/Assets/buchanka_snow_glider/Textures/buchanka_snow_glider_texture_13.ubulk" 1504
"D:/CodingProjects/Game Project/WeLeftTheLightsOn/Content/Maps/Assets/buchanka_snow_glider/Textures/buchanka_snow_glider_texture_13.uasset" 1505
"D:/CodingProjects/Game Project/WeLeftTheLightsOn/Content/Maps/Assets/buchanka_snow_glider/Textures/buchanka_snow_glider_texture_13.uexp" 1506
"D:/CodingProjects/Game Project/WeLeftTheLightsOn/Content/Maps/Assets/buchanka_snow_glider/Textures/buchanka_snow_glider_texture_14.ubulk" 1507
"D:/CodingProjects/Game Project/WeLeftTheLightsOn/Content/Maps/Assets/buchanka_snow_glider/Textures/buchanka_snow_glider_texture_14.uasset" 1508
"D:/CodingProjects/Game Project/WeLeftTheLightsOn/Content/Maps/Assets/buchanka_snow_glider/Textures/buchanka_snow_glider_texture_14.uexp" 1509
"D:/CodingProjects/Game Project/WeLeftTheLightsOn/Content/Maps/Assets/buchanka_snow_glider/Textures/buchanka_snow_glider_texture_15.ubulk" 1510
"D:/CodingProjects/Game Project/WeLeftTheLightsOn/Content/Maps/Assets/buchanka_snow_glider/Textures/buchanka_snow_glider_texture_15.uasset" 1511
"D:/CodingProjects/Game Project/WeLeftTheLightsOn/Content/Maps/Assets/buchanka_snow_glider/Textures/buchanka_snow_glider_texture_15.uexp" 1512
"D:/CodingProjects/Game Project/WeLeftTheLightsOn/Content/Maps/Assets/buchanka_snow_glider/Textures/buchanka_snow_glider_texture_16.ubulk" 1513
"D:/CodingProjects/Game Project/WeLeftTheLightsOn/Content/Maps/Assets/buchanka_snow_glider/Textures/buchanka_snow_glider_texture_16.uasset" 1514
"D:/CodingProjects/Game Project/WeLeftTheLightsOn/Content/Maps/Assets/buchanka_snow_glider/Textures/buchanka_snow_glider_texture_16.uexp" 1515
"D:/CodingProjects/Game Project/WeLeftTheLightsOn/Content/Maps/Assets/buchanka_snow_glider/Materials/body.uasset" 1516
"D:/CodingProjects/Game Project/WeLeftTheLightsOn/Content/Maps/Assets/buchanka_snow_glider/Materials/body.uexp" 1517
"D:/CodingProjects/Game Project/WeLeftTheLightsOn/Content/Maps/Assets/buchanka_snow_glider/StaticMeshes/buchanka_snow_glider.ubulk" 1518
"D:/CodingProjects/Game Project/WeLeftTheLightsOn/Content/Maps/Assets/buchanka_snow_glider/StaticMeshes/buchanka_snow_glider.uasset" 1519
"D:/CodingProjects/Game Project/WeLeftTheLightsOn/Content/Maps/Assets/buchanka_snow_glider/StaticMeshes/buchanka_snow_glider.uexp" 1520
"D:/CodingProjects/Game Project/WeLeftTheLightsOn/Content/Maps/Assets/cyber_crate_yellow/Textures/cyber_crate_yellow_texture_3.ubulk" 1521
"D:/CodingProjects/Game Project/WeLeftTheLightsOn/Content/Maps/Assets/cyber_crate_yellow/Textures/cyber_crate_yellow_texture_3.uasset" 1522
"D:/CodingProjects/Game Project/WeLeftTheLightsOn/Content/Maps/Assets/cyber_crate_yellow/Textures/cyber_crate_yellow_texture_3.uexp" 1523
"D:/CodingProjects/Game Project/WeLeftTheLightsOn/Content/Maps/Assets/cyber_crate_yellow/Textures/cyber_crate_yellow_texture_4.ubulk" 1524
"D:/CodingProjects/Game Project/WeLeftTheLightsOn/Content/Maps/Assets/cyber_crate_yellow/Textures/cyber_crate_yellow_texture_4.uasset" 1525
"D:/CodingProjects/Game Project/WeLeftTheLightsOn/Content/Maps/Assets/cyber_crate_yellow/Textures/cyber_crate_yellow_texture_4.uexp" 1526
"D:/CodingProjects/Game Project/WeLeftTheLightsOn/Content/Maps/Assets/cyber_crate_yellow/Materials/Material_002.uasset" 1527
"D:/CodingProjects/Game Project/WeLeftTheLightsOn/Content/Maps/Assets/cyber_crate_yellow/Materials/Material_002.uexp" 1528
"D:/CodingProjects/Game Project/WeLeftTheLightsOn/Content/Maps/Assets/cyber_crate_yellow/Textures/cyber_crate_yellow_texture_5.ubulk" 1529
"D:/CodingProjects/Game Project/WeLeftTheLightsOn/Content/Maps/Assets/cyber_crate_yellow/Textures/cyber_crate_yellow_texture_5.uasset" 1530
"D:/CodingProjects/Game Project/WeLeftTheLightsOn/Content/Maps/Assets/cyber_crate_yellow/Textures/cyber_crate_yellow_texture_5.uexp" 1531
"D:/CodingProjects/Game Project/WeLeftTheLightsOn/Content/Maps/Assets/cyber_crate_yellow/Textures/cyber_crate_yellow_texture_6.ubulk" 1532
"D:/CodingProjects/Game Project/WeLeftTheLightsOn/Content/Maps/Assets/cyber_crate_yellow/Textures/cyber_crate_yellow_texture_6.uasset" 1533
"D:/CodingProjects/Game Project/WeLeftTheLightsOn/Content/Maps/Assets/cyber_crate_yellow/Textures/cyber_crate_yellow_texture_6.uexp" 1534
"D:/CodingProjects/Game Project/WeLeftTheLightsOn/Content/Maps/Assets/cyber_crate_yellow/Textures/cyber_crate_yellow_texture_7.ubulk" 1535
"D:/CodingProjects/Game Project/WeLeftTheLightsOn/Content/Maps/Assets/cyber_crate_yellow/Textures/cyber_crate_yellow_texture_7.uasset" 1536
"D:/CodingProjects/Game Project/WeLeftTheLightsOn/Content/Maps/Assets/cyber_crate_yellow/Textures/cyber_crate_yellow_texture_7.uexp" 1537
"D:/CodingProjects/Game Project/WeLeftTheLightsOn/Content/Maps/Assets/cyber_crate_yellow/Materials/Material_001.uasset" 1538
"D:/CodingProjects/Game Project/WeLeftTheLightsOn/Content/Maps/Assets/cyber_crate_yellow/Materials/Material_001.uexp" 1539
"D:/CodingProjects/Game Project/WeLeftTheLightsOn/Content/Maps/Assets/cyber_crate_yellow/Textures/cyber_crate_yellow_texture_0.ubulk" 1540
"D:/CodingProjects/Game Project/WeLeftTheLightsOn/Content/Maps/Assets/cyber_crate_yellow/Textures/cyber_crate_yellow_texture_0.uasset" 1541
"D:/CodingProjects/Game Project/WeLeftTheLightsOn/Content/Maps/Assets/cyber_crate_yellow/Textures/cyber_crate_yellow_texture_0.uexp" 1542
"D:/CodingProjects/Game Project/WeLeftTheLightsOn/Content/Maps/Assets/cyber_crate_yellow/Textures/cyber_crate_yellow_texture_1.ubulk" 1543
"D:/CodingProjects/Game Project/WeLeftTheLightsOn/Content/Maps/Assets/cyber_crate_yellow/Textures/cyber_crate_yellow_texture_1.uasset" 1544
"D:/CodingProjects/Game Project/WeLeftTheLightsOn/Content/Maps/Assets/cyber_crate_yellow/Textures/cyber_crate_yellow_texture_1.uexp" 1545
"D:/CodingProjects/Game Project/WeLeftTheLightsOn/Content/Maps/Assets/cyber_crate_yellow/Textures/cyber_crate_yellow_texture_2.ubulk" 1546
"D:/CodingProjects/Game Project/WeLeftTheLightsOn/Content/Maps/Assets/cyber_crate_yellow/Textures/cyber_crate_yellow_texture_2.uasset" 1547
"D:/CodingProjects/Game Project/WeLeftTheLightsOn/Content/Maps/Assets/cyber_crate_yellow/Textures/cyber_crate_yellow_texture_2.uexp" 1548
"D:/CodingProjects/Game Project/WeLeftTheLightsOn/Content/Maps/Assets/cyber_crate_yellow/Materials/Material.uasset" 1549
"D:/CodingProjects/Game Project/WeLeftTheLightsOn/Content/Maps/Assets/cyber_crate_yellow/Materials/Material.uexp" 1550
"D:/CodingProjects/Game Project/WeLeftTheLightsOn/Content/Maps/Assets/cyber_crate_yellow/StaticMeshes/cyber_crate_yellow.ubulk" 1551
"D:/CodingProjects/Game Project/WeLeftTheLightsOn/Content/Maps/Assets/cyber_crate_yellow/StaticMeshes/cyber_crate_yellow.uasset" 1552
"D:/CodingProjects/Game Project/WeLeftTheLightsOn/Content/Maps/Assets/cyber_crate_yellow/StaticMeshes/cyber_crate_yellow.uexp" 1553
"D:/CodingProjects/Game Project/WeLeftTheLightsOn/Content/Maps/Assets/ice_king_house/Textures/ice_king_house_texture_1.ubulk" 1554
"D:/CodingProjects/Game Project/WeLeftTheLightsOn/Content/Maps/Assets/ice_king_house/Textures/ice_king_house_texture_1.uasset" 1555
"D:/CodingProjects/Game Project/WeLeftTheLightsOn/Content/Maps/Assets/ice_king_house/Textures/ice_king_house_texture_1.uexp" 1556
"D:/CodingProjects/Game Project/WeLeftTheLightsOn/Content/Maps/Assets/ice_king_house/Materials/Material_540.uasset" 1557
"D:/CodingProjects/Game Project/WeLeftTheLightsOn/Content/Maps/Assets/ice_king_house/Materials/Material_540.uexp" 1558
"D:/CodingProjects/Game Project/WeLeftTheLightsOn/Content/Maps/Assets/ice_king_house/Textures/ice_king_house_texture_2.ubulk" 1559
"D:/CodingProjects/Game Project/WeLeftTheLightsOn/Content/Maps/Assets/ice_king_house/Textures/ice_king_house_texture_2.uasset" 1560
"D:/CodingProjects/Game Project/WeLeftTheLightsOn/Content/Maps/Assets/ice_king_house/Textures/ice_king_house_texture_2.uexp" 1561
"D:/CodingProjects/Game Project/WeLeftTheLightsOn/Content/Maps/Assets/ice_king_house/Materials/Material_594.uasset" 1562
"D:/CodingProjects/Game Project/WeLeftTheLightsOn/Content/Maps/Assets/ice_king_house/Materials/Material_594.uexp" 1563
"D:/CodingProjects/Game Project/WeLeftTheLightsOn/Content/Maps/Assets/ice_king_house/Textures/ice_king_house_texture_3.ubulk" 1564
"D:/CodingProjects/Game Project/WeLeftTheLightsOn/Content/Maps/Assets/ice_king_house/Textures/ice_king_house_texture_3.uasset" 1565
"D:/CodingProjects/Game Project/WeLeftTheLightsOn/Content/Maps/Assets/ice_king_house/Textures/ice_king_house_texture_3.uexp" 1566
"D:/CodingProjects/Game Project/WeLeftTheLightsOn/Content/Maps/Assets/ice_king_house/Materials/Material_595.uasset" 1567
"D:/CodingProjects/Game Project/WeLeftTheLightsOn/Content/Maps/Assets/ice_king_house/Materials/Material_595.uexp" 1568
"D:/CodingProjects/Game Project/WeLeftTheLightsOn/Content/Maps/Assets/ice_king_house/Textures/ice_king_house_texture_0.ubulk" 1569
"D:/CodingProjects/Game Project/WeLeftTheLightsOn/Content/Maps/Assets/ice_king_house/Textures/ice_king_house_texture_0.uasset" 1570
"D:/CodingProjects/Game Project/WeLeftTheLightsOn/Content/Maps/Assets/ice_king_house/Textures/ice_king_house_texture_0.uexp" 1571
"D:/CodingProjects/Game Project/WeLeftTheLightsOn/Content/Maps/Assets/ice_king_house/Materials/02_-_Default.uasset" 1572
"D:/CodingProjects/Game Project/WeLeftTheLightsOn/Content/Maps/Assets/ice_king_house/Materials/02_-_Default.uexp" 1573
"D:/CodingProjects/Game Project/WeLeftTheLightsOn/Content/Maps/Assets/ice_king_house/StaticMeshes/ice_king_house.ubulk" 1574
"D:/CodingProjects/Game Project/WeLeftTheLightsOn/Content/Maps/Assets/ice_king_house/StaticMeshes/ice_king_house.uasset" 1575
"D:/CodingProjects/Game Project/WeLeftTheLightsOn/Content/Maps/Assets/ice_king_house/StaticMeshes/ice_king_house.uexp" 1576
"D:/CodingProjects/Game Project/WeLeftTheLightsOn/Content/Maps/Assets/low_poly_grey_boulder/Textures/low_poly_grey_boulder_texture_0.ubulk" 1577
"D:/CodingProjects/Game Project/WeLeftTheLightsOn/Content/Maps/Assets/low_poly_grey_boulder/Textures/low_poly_grey_boulder_texture_0.uasset" 1578
"D:/CodingProjects/Game Project/WeLeftTheLightsOn/Content/Maps/Assets/low_poly_grey_boulder/Textures/low_poly_grey_boulder_texture_0.uexp" 1579
"D:/CodingProjects/Game Project/WeLeftTheLightsOn/Content/Maps/Assets/low_poly_grey_boulder/Textures/low_poly_grey_boulder_texture_1.ubulk" 1580
"D:/CodingProjects/Game Project/WeLeftTheLightsOn/Content/Maps/Assets/low_poly_grey_boulder/Textures/low_poly_grey_boulder_texture_1.uasset" 1581
"D:/CodingProjects/Game Project/WeLeftTheLightsOn/Content/Maps/Assets/low_poly_grey_boulder/Textures/low_poly_grey_boulder_texture_1.uexp" 1582
"D:/CodingProjects/Game Project/WeLeftTheLightsOn/Content/Maps/Assets/low_poly_grey_boulder/Textures/low_poly_grey_boulder_texture_2.ubulk" 1583
"D:/CodingProjects/Game Project/WeLeftTheLightsOn/Content/Maps/Assets/low_poly_grey_boulder/Textures/low_poly_grey_boulder_texture_2.uasset" 1584
"D:/CodingProjects/Game Project/WeLeftTheLightsOn/Content/Maps/Assets/low_poly_grey_boulder/Textures/low_poly_grey_boulder_texture_2.uexp" 1585
"D:/CodingProjects/Game Project/WeLeftTheLightsOn/Content/Maps/Assets/low_poly_grey_boulder/Materials/Rock_Cave_Wall_004.uasset" 1586
"D:/CodingProjects/Game Project/WeLeftTheLightsOn/Content/Maps/Assets/low_poly_grey_boulder/Materials/Rock_Cave_Wall_004.uexp" 1587
"D:/CodingProjects/Game Project/WeLeftTheLightsOn/Content/Maps/Assets/low_poly_grey_boulder/StaticMeshes/low_poly_grey_boulder.ubulk" 1588
"D:/CodingProjects/Game Project/WeLeftTheLightsOn/Content/Maps/Assets/low_poly_grey_boulder/StaticMeshes/low_poly_grey_boulder.uasset" 1589
"D:/CodingProjects/Game Project/WeLeftTheLightsOn/Content/Maps/Assets/low_poly_grey_boulder/StaticMeshes/low_poly_grey_boulder.uexp" 1590
"D:/CodingProjects/Game Project/WeLeftTheLightsOn/Content/Maps/Assets/malware_empire_core/Textures/malware_empire_core_texture_3.ubulk" 1591
"D:/CodingProjects/Game Project/WeLeftTheLightsOn/Content/Maps/Assets/malware_empire_core/Textures/malware_empire_core_texture_3.uasset" 1592
"D:/CodingProjects/Game Project/WeLeftTheLightsOn/Content/Maps/Assets/malware_empire_core/Textures/malware_empire_core_texture_3.uexp" 1593
"D:/CodingProjects/Game Project/WeLeftTheLightsOn/Content/Maps/Assets/malware_empire_core/Materials/Material_1.uasset" 1594
"D:/CodingProjects/Game Project/WeLeftTheLightsOn/Content/Maps/Assets/malware_empire_core/Materials/Material_1.uexp" 1595
"D:/CodingProjects/Game Project/WeLeftTheLightsOn/Content/Maps/Assets/malware_empire_core/Textures/malware_empire_core_texture_4.ubulk" 1596
"D:/CodingProjects/Game Project/WeLeftTheLightsOn/Content/Maps/Assets/malware_empire_core/Textures/malware_empire_core_texture_4.uasset" 1597
"D:/CodingProjects/Game Project/WeLeftTheLightsOn/Content/Maps/Assets/malware_empire_core/Textures/malware_empire_core_texture_4.uexp" 1598
"D:/CodingProjects/Game Project/WeLeftTheLightsOn/Content/Maps/Assets/malware_empire_core/Materials/Material_2.uasset" 1599
"D:/CodingProjects/Game Project/WeLeftTheLightsOn/Content/Maps/Assets/malware_empire_core/Materials/Material_2.uexp" 1600
"D:/CodingProjects/Game Project/WeLeftTheLightsOn/Content/Maps/Assets/malware_empire_core/Textures/malware_empire_core_texture_2.ubulk" 1601
"D:/CodingProjects/Game Project/WeLeftTheLightsOn/Content/Maps/Assets/malware_empire_core/Textures/malware_empire_core_texture_2.uasset" 1602
"D:/CodingProjects/Game Project/WeLeftTheLightsOn/Content/Maps/Assets/malware_empire_core/Textures/malware_empire_core_texture_2.uexp" 1603
"D:/CodingProjects/Game Project/WeLeftTheLightsOn/Content/Maps/Assets/malware_empire_core/Materials/Material_003.uasset" 1604
"D:/CodingProjects/Game Project/WeLeftTheLightsOn/Content/Maps/Assets/malware_empire_core/Materials/Material_003.uexp" 1605
"D:/CodingProjects/Game Project/WeLeftTheLightsOn/Content/Maps/Assets/malware_empire_core/Textures/malware_empire_core_texture_0.ubulk" 1606
"D:/CodingProjects/Game Project/WeLeftTheLightsOn/Content/Maps/Assets/malware_empire_core/Textures/malware_empire_core_texture_0.uasset" 1607
"D:/CodingProjects/Game Project/WeLeftTheLightsOn/Content/Maps/Assets/malware_empire_core/Textures/malware_empire_core_texture_0.uexp" 1608
"D:/CodingProjects/Game Project/WeLeftTheLightsOn/Content/Maps/Assets/malware_empire_core/Textures/malware_empire_core_texture_1.ubulk" 1609
"D:/CodingProjects/Game Project/WeLeftTheLightsOn/Content/Maps/Assets/malware_empire_core/Textures/malware_empire_core_texture_1.uasset" 1610
"D:/CodingProjects/Game Project/WeLeftTheLightsOn/Content/Maps/Assets/malware_empire_core/Textures/malware_empire_core_texture_1.uexp" 1611
"D:/CodingProjects/Game Project/WeLeftTheLightsOn/Content/Maps/Assets/malware_empire_core/Materials/Material_002.uasset" 1612
"D:/CodingProjects/Game Project/WeLeftTheLightsOn/Content/Maps/Assets/malware_empire_core/Materials/Material_002.uexp" 1613
"D:/CodingProjects/Game Project/WeLeftTheLightsOn/Content/Maps/Assets/malware_empire_core/Textures/malware_empire_core_texture_5.ubulk" 1614
"D:/CodingProjects/Game Project/WeLeftTheLightsOn/Content/Maps/Assets/malware_empire_core/Textures/malware_empire_core_texture_5.uasset" 1615
"D:/CodingProjects/Game Project/WeLeftTheLightsOn/Content/Maps/Assets/malware_empire_core/Textures/malware_empire_core_texture_5.uexp" 1616
"D:/CodingProjects/Game Project/WeLeftTheLightsOn/Content/Maps/Assets/malware_empire_core/Textures/malware_empire_core_texture_6.ubulk" 1617
"D:/CodingProjects/Game Project/WeLeftTheLightsOn/Content/Maps/Assets/malware_empire_core/Textures/malware_empire_core_texture_6.uasset" 1618
"D:/CodingProjects/Game Project/WeLeftTheLightsOn/Content/Maps/Assets/malware_empire_core/Textures/malware_empire_core_texture_6.uexp" 1619
"D:/CodingProjects/Game Project/WeLeftTheLightsOn/Content/Maps/Assets/malware_empire_core/Materials/c3a2e_TeleporterTower.uasset" 1620
"D:/CodingProjects/Game Project/WeLeftTheLightsOn/Content/Maps/Assets/malware_empire_core/Materials/c3a2e_TeleporterTower.uexp" 1621
"D:/CodingProjects/Game Project/WeLeftTheLightsOn/Content/Maps/Assets/malware_empire_core/StaticMeshes/malware_empire_core.ubulk" 1622
"D:/CodingProjects/Game Project/WeLeftTheLightsOn/Content/Maps/Assets/malware_empire_core/StaticMeshes/malware_empire_core.uasset" 1623
"D:/CodingProjects/Game Project/WeLeftTheLightsOn/Content/Maps/Assets/malware_empire_core/StaticMeshes/malware_empire_core.uexp" 1624
"D:/CodingProjects/Game Project/WeLeftTheLightsOn/Content/Maps/Assets/old_wooden_pallet/Textures/old_wooden_pallet_texture_0.ubulk" 1625
"D:/CodingProjects/Game Project/WeLeftTheLightsOn/Content/Maps/Assets/old_wooden_pallet/Textures/old_wooden_pallet_texture_0.uasset" 1626
"D:/CodingProjects/Game Project/WeLeftTheLightsOn/Content/Maps/Assets/old_wooden_pallet/Textures/old_wooden_pallet_texture_0.uexp" 1627
"D:/CodingProjects/Game Project/WeLeftTheLightsOn/Content/Maps/Assets/old_wooden_pallet/Textures/old_wooden_pallet_texture_1.ubulk" 1628
"D:/CodingProjects/Game Project/WeLeftTheLightsOn/Content/Maps/Assets/old_wooden_pallet/Textures/old_wooden_pallet_texture_1.uasset" 1629
"D:/CodingProjects/Game Project/WeLeftTheLightsOn/Content/Maps/Assets/old_wooden_pallet/Textures/old_wooden_pallet_texture_1.uexp" 1630
"D:/CodingProjects/Game Project/WeLeftTheLightsOn/Content/Maps/Assets/old_wooden_pallet/Textures/old_wooden_pallet_texture_2.ubulk" 1631
"D:/CodingProjects/Game Project/WeLeftTheLightsOn/Content/Maps/Assets/old_wooden_pallet/Textures/old_wooden_pallet_texture_2.uasset" 1632
"D:/CodingProjects/Game Project/WeLeftTheLightsOn/Content/Maps/Assets/old_wooden_pallet/Textures/old_wooden_pallet_texture_2.uexp" 1633
"D:/CodingProjects/Game Project/WeLeftTheLightsOn/Content/Maps/Assets/old_wooden_pallet/Materials/Wooden_Pallet_SHD.uasset" 1634
"D:/CodingProjects/Game Project/WeLeftTheLightsOn/Content/Maps/Assets/old_wooden_pallet/Materials/Wooden_Pallet_SHD.uexp" 1635
"D:/CodingProjects/Game Project/WeLeftTheLightsOn/Content/Maps/Assets/old_wooden_pallet/StaticMeshes/old_wooden_pallet.ubulk" 1636
"D:/CodingProjects/Game Project/WeLeftTheLightsOn/Content/Maps/Assets/old_wooden_pallet/StaticMeshes/old_wooden_pallet.uasset" 1637
"D:/CodingProjects/Game Project/WeLeftTheLightsOn/Content/Maps/Assets/old_wooden_pallet/StaticMeshes/old_wooden_pallet.uexp" 1638
"D:/CodingProjects/Game Project/WeLeftTheLightsOn/Content/Maps/Assets/radioactive__barrel_mid-lowpoly_-/Textures/radioactive__barrel_mid-lowpoly_-_texture_0.ubulk" 1639
"D:/CodingProjects/Game Project/WeLeftTheLightsOn/Content/Maps/Assets/radioactive__barrel_mid-lowpoly_-/Textures/radioactive__barrel_mid-lowpoly_-_texture_0.uasset" 1640
"D:/CodingProjects/Game Project/WeLeftTheLightsOn/Content/Maps/Assets/radioactive__barrel_mid-lowpoly_-/Textures/radioactive__barrel_mid-lowpoly_-_texture_0.uexp" 1641
"D:/CodingProjects/Game Project/WeLeftTheLightsOn/Content/Maps/Assets/radioactive__barrel_mid-lowpoly_-/Textures/radioactive__barrel_mid-lowpoly_-_texture_1.ubulk" 1642
"D:/CodingProjects/Game Project/WeLeftTheLightsOn/Content/Maps/Assets/radioactive__barrel_mid-lowpoly_-/Textures/radioactive__barrel_mid-lowpoly_-_texture_1.uasset" 1643
"D:/CodingProjects/Game Project/WeLeftTheLightsOn/Content/Maps/Assets/radioactive__barrel_mid-lowpoly_-/Textures/radioactive__barrel_mid-lowpoly_-_texture_1.uexp" 1644
"D:/CodingProjects/Game Project/WeLeftTheLightsOn/Content/Maps/Assets/radioactive__barrel_mid-lowpoly_-/Textures/radioactive__barrel_mid-lowpoly_-_texture_2.ubulk" 1645
"D:/CodingProjects/Game Project/WeLeftTheLightsOn/Content/Maps/Assets/radioactive__barrel_mid-lowpoly_-/Textures/radioactive__barrel_mid-lowpoly_-_texture_2.uasset" 1646
"D:/CodingProjects/Game Project/WeLeftTheLightsOn/Content/Maps/Assets/radioactive__barrel_mid-lowpoly_-/Textures/radioactive__barrel_mid-lowpoly_-_texture_2.uexp" 1647
"D:/CodingProjects/Game Project/WeLeftTheLightsOn/Content/Maps/Assets/radioactive__barrel_mid-lowpoly_-/Materials/Barrel.uasset" 1648
"D:/CodingProjects/Game Project/WeLeftTheLightsOn/Content/Maps/Assets/radioactive__barrel_mid-lowpoly_-/Materials/Barrel.uexp" 1649
"D:/CodingProjects/Game Project/WeLeftTheLightsOn/Content/Maps/Assets/radioactive__barrel_mid-lowpoly_-/StaticMeshes/radioactive__barrel_mid-lowpoly_-.ubulk" 1650
"D:/CodingProjects/Game Project/WeLeftTheLightsOn/Content/Maps/Assets/radioactive__barrel_mid-lowpoly_-/StaticMeshes/radioactive__barrel_mid-lowpoly_-.uasset" 1651
"D:/CodingProjects/Game Project/WeLeftTheLightsOn/Content/Maps/Assets/radioactive__barrel_mid-lowpoly_-/StaticMeshes/radioactive__barrel_mid-lowpoly_-.uexp" 1652
"D:/CodingProjects/Game Project/WeLeftTheLightsOn/Content/Maps/Assets/scifi_desk/Textures/scifi_desk_texture_0.ubulk" 1653
"D:/CodingProjects/Game Project/WeLeftTheLightsOn/Content/Maps/Assets/scifi_desk/Textures/scifi_desk_texture_0.uasset" 1654
"D:/CodingProjects/Game Project/WeLeftTheLightsOn/Content/Maps/Assets/scifi_desk/Textures/scifi_desk_texture_0.uexp" 1655
"D:/CodingProjects/Game Project/WeLeftTheLightsOn/Content/Maps/Assets/scifi_desk/Textures/scifi_desk_texture_1.ubulk" 1656
"D:/CodingProjects/Game Project/WeLeftTheLightsOn/Content/Maps/Assets/scifi_desk/Textures/scifi_desk_texture_1.uasset" 1657
"D:/CodingProjects/Game Project/WeLeftTheLightsOn/Content/Maps/Assets/scifi_desk/Textures/scifi_desk_texture_1.uexp" 1658
"D:/CodingProjects/Game Project/WeLeftTheLightsOn/Content/Maps/Assets/scifi_desk/Textures/scifi_desk_texture_2.ubulk" 1659
"D:/CodingProjects/Game Project/WeLeftTheLightsOn/Content/Maps/Assets/scifi_desk/Textures/scifi_desk_texture_2.uasset" 1660
"D:/CodingProjects/Game Project/WeLeftTheLightsOn/Content/Maps/Assets/scifi_desk/Textures/scifi_desk_texture_2.uexp" 1661
"D:/CodingProjects/Game Project/WeLeftTheLightsOn/Content/Maps/Assets/scifi_desk/Textures/scifi_desk_texture_3.ubulk" 1662
"D:/CodingProjects/Game Project/WeLeftTheLightsOn/Content/Maps/Assets/scifi_desk/Textures/scifi_desk_texture_3.uasset" 1663
"D:/CodingProjects/Game Project/WeLeftTheLightsOn/Content/Maps/Assets/scifi_desk/Textures/scifi_desk_texture_3.uexp" 1664
"D:/CodingProjects/Game Project/WeLeftTheLightsOn/Content/Maps/Assets/scifi_desk/Materials/T_desk.uasset" 1665
"D:/CodingProjects/Game Project/WeLeftTheLightsOn/Content/Maps/Assets/scifi_desk/Materials/T_desk.uexp" 1666
"D:/CodingProjects/Game Project/WeLeftTheLightsOn/Content/Maps/Assets/scifi_desk/StaticMeshes/scifi_desk.ubulk" 1667
"D:/CodingProjects/Game Project/WeLeftTheLightsOn/Content/Maps/Assets/scifi_desk/StaticMeshes/scifi_desk.uasset" 1668
"D:/CodingProjects/Game Project/WeLeftTheLightsOn/Content/Maps/Assets/scifi_desk/StaticMeshes/scifi_desk.uexp" 1669
"D:/CodingProjects/Game Project/WeLeftTheLightsOn/Content/Maps/Assets/space_corridor/Materials/Trek_Silver.uasset" 1670
"D:/CodingProjects/Game Project/WeLeftTheLightsOn/Content/Maps/Assets/space_corridor/Materials/Trek_Silver.uexp" 1671
"D:/CodingProjects/Game Project/WeLeftTheLightsOn/Content/Maps/Assets/space_corridor/Materials/trek_red_other.uasset" 1672
"D:/CodingProjects/Game Project/WeLeftTheLightsOn/Content/Maps/Assets/space_corridor/Materials/trek_red_other.uexp" 1673
"D:/CodingProjects/Game Project/WeLeftTheLightsOn/Content/Maps/Assets/space_corridor/Materials/Trek_Black.uasset" 1674
"D:/CodingProjects/Game Project/WeLeftTheLightsOn/Content/Maps/Assets/space_corridor/Materials/Trek_Black.uexp" 1675
"../../../Engine/Plugins/Interchange/Assets/Content/gltf/MaterialInstances/MI_ClearCoat_Blend.uasset" 1676
"../../../Engine/Plugins/Interchange/Assets/Content/gltf/MaterialInstances/MI_ClearCoat_Blend.uexp" 1677
"D:/CodingProjects/Game Project/WeLeftTheLightsOn/Content/Maps/Assets/space_corridor/Materials/Translucent_Glass_Gray.uasset" 1678
"D:/CodingProjects/Game Project/WeLeftTheLightsOn/Content/Maps/Assets/space_corridor/Materials/Translucent_Glass_Gray.uexp" 1679
"D:/CodingProjects/Game Project/WeLeftTheLightsOn/Content/Maps/Assets/space_corridor/Materials/material.uasset" 1680
"D:/CodingProjects/Game Project/WeLeftTheLightsOn/Content/Maps/Assets/space_corridor/Materials/material.uexp" 1681
"../../../Engine/Plugins/Interchange/Assets/Content/gltf/MaterialInstances/MI_ClearCoat_Opaque.uasset" 1682
"../../../Engine/Plugins/Interchange/Assets/Content/gltf/MaterialInstances/MI_ClearCoat_Opaque.uexp" 1683
"D:/CodingProjects/Game Project/WeLeftTheLightsOn/Content/Maps/Assets/space_corridor/Materials/material_0.uasset" 1684
"D:/CodingProjects/Game Project/WeLeftTheLightsOn/Content/Maps/Assets/space_corridor/Materials/material_0.uexp" 1685
"D:/CodingProjects/Game Project/WeLeftTheLightsOn/Content/Maps/Assets/space_corridor/Materials/Grey.uasset" 1686
"D:/CodingProjects/Game Project/WeLeftTheLightsOn/Content/Maps/Assets/space_corridor/Materials/Grey.uexp" 1687
"D:/CodingProjects/Game Project/WeLeftTheLightsOn/Content/Maps/Assets/space_corridor/Materials/Color_M09.uasset" 1688
"D:/CodingProjects/Game Project/WeLeftTheLightsOn/Content/Maps/Assets/space_corridor/Materials/Color_M09.uexp" 1689
"D:/CodingProjects/Game Project/WeLeftTheLightsOn/Content/Maps/Assets/space_corridor/Materials/Color_M06.uasset" 1690
"D:/CodingProjects/Game Project/WeLeftTheLightsOn/Content/Maps/Assets/space_corridor/Materials/Color_M06.uexp" 1691
"D:/CodingProjects/Game Project/WeLeftTheLightsOn/Content/Maps/Assets/space_corridor/Materials/Color_M04.uasset" 1692
"D:/CodingProjects/Game Project/WeLeftTheLightsOn/Content/Maps/Assets/space_corridor/Materials/Color_M04.uexp" 1693
"D:/CodingProjects/Game Project/WeLeftTheLightsOn/Content/Maps/Assets/space_corridor/Materials/Color_M01.uasset" 1694
"D:/CodingProjects/Game Project/WeLeftTheLightsOn/Content/Maps/Assets/space_corridor/Materials/Color_M01.uexp" 1695
"D:/CodingProjects/Game Project/WeLeftTheLightsOn/Content/Maps/Assets/space_corridor/Materials/Color_H05.uasset" 1696
"D:/CodingProjects/Game Project/WeLeftTheLightsOn/Content/Maps/Assets/space_corridor/Materials/Color_H05.uexp" 1697
"D:/CodingProjects/Game Project/WeLeftTheLightsOn/Content/Maps/Assets/space_corridor/Materials/Color_D01.uasset" 1698
"D:/CodingProjects/Game Project/WeLeftTheLightsOn/Content/Maps/Assets/space_corridor/Materials/Color_D01.uexp" 1699
"D:/CodingProjects/Game Project/WeLeftTheLightsOn/Content/Maps/Assets/space_corridor/Materials/Color_C05.uasset" 1700
"D:/CodingProjects/Game Project/WeLeftTheLightsOn/Content/Maps/Assets/space_corridor/Materials/Color_C05.uexp" 1701
"D:/CodingProjects/Game Project/WeLeftTheLightsOn/Content/Maps/Assets/space_corridor/Materials/Color_B04.uasset" 1702
"D:/CodingProjects/Game Project/WeLeftTheLightsOn/Content/Maps/Assets/space_corridor/Materials/Color_B04.uexp" 1703
"D:/CodingProjects/Game Project/WeLeftTheLightsOn/Content/Maps/Assets/space_corridor/Materials/arch.uasset" 1704
"D:/CodingProjects/Game Project/WeLeftTheLightsOn/Content/Maps/Assets/space_corridor/Materials/arch.uexp" 1705
"D:/CodingProjects/Game Project/WeLeftTheLightsOn/Content/Maps/Assets/space_corridor/Materials/136_Charcoal.uasset" 1706
"D:/CodingProjects/Game Project/WeLeftTheLightsOn/Content/Maps/Assets/space_corridor/Materials/136_Charcoal.uexp" 1707
"D:/CodingProjects/Game Project/WeLeftTheLightsOn/Content/Maps/Assets/space_corridor/Materials/134_DimGray.uasset" 1708
"D:/CodingProjects/Game Project/WeLeftTheLightsOn/Content/Maps/Assets/space_corridor/Materials/134_DimGray.uexp" 1709
"D:/CodingProjects/Game Project/WeLeftTheLightsOn/Content/Maps/Assets/space_corridor/Materials/130_Gainsboro.uasset" 1710
"D:/CodingProjects/Game Project/WeLeftTheLightsOn/Content/Maps/Assets/space_corridor/Materials/130_Gainsboro.uexp" 1711
"D:/CodingProjects/Game Project/WeLeftTheLightsOn/Content/Maps/Assets/space_corridor/Materials/056_Yellow.uasset" 1712
"D:/CodingProjects/Game Project/WeLeftTheLightsOn/Content/Maps/Assets/space_corridor/Materials/056_Yellow.uexp" 1713
"D:/CodingProjects/Game Project/WeLeftTheLightsOn/Content/Maps/Assets/space_corridor/StaticMeshes/SpaceCorridorOpen.ubulk" 1714
"D:/CodingProjects/Game Project/WeLeftTheLightsOn/Content/Maps/Assets/space_corridor/StaticMeshes/SpaceCorridorOpen.uasset" 1715
"D:/CodingProjects/Game Project/WeLeftTheLightsOn/Content/Maps/Assets/space_corridor/StaticMeshes/SpaceCorridorOpen.uexp" 1716
"D:/CodingProjects/Game Project/WeLeftTheLightsOn/Content/Maps/Assets/space_corridor/StaticMeshes/space_corridor.ubulk" 1717
"D:/CodingProjects/Game Project/WeLeftTheLightsOn/Content/Maps/Assets/space_corridor/StaticMeshes/space_corridor.uasset" 1718
"D:/CodingProjects/Game Project/WeLeftTheLightsOn/Content/Maps/Assets/space_corridor/StaticMeshes/space_corridor.uexp" 1719
"D:/CodingProjects/Game Project/WeLeftTheLightsOn/Content/Maps/Assets/wooden_crate/Textures/wooden_crate_texture_0.ubulk" 1720
"D:/CodingProjects/Game Project/WeLeftTheLightsOn/Content/Maps/Assets/wooden_crate/Textures/wooden_crate_texture_0.uasset" 1721
"D:/CodingProjects/Game Project/WeLeftTheLightsOn/Content/Maps/Assets/wooden_crate/Textures/wooden_crate_texture_0.uexp" 1722
"D:/CodingProjects/Game Project/WeLeftTheLightsOn/Content/Maps/Assets/wooden_crate/Textures/wooden_crate_texture_1.ubulk" 1723
"D:/CodingProjects/Game Project/WeLeftTheLightsOn/Content/Maps/Assets/wooden_crate/Textures/wooden_crate_texture_1.uasset" 1724
"D:/CodingProjects/Game Project/WeLeftTheLightsOn/Content/Maps/Assets/wooden_crate/Textures/wooden_crate_texture_1.uexp" 1725
"D:/CodingProjects/Game Project/WeLeftTheLightsOn/Content/Maps/Assets/wooden_crate/Textures/wooden_crate_texture_2.ubulk" 1726
"D:/CodingProjects/Game Project/WeLeftTheLightsOn/Content/Maps/Assets/wooden_crate/Textures/wooden_crate_texture_2.uasset" 1727
"D:/CodingProjects/Game Project/WeLeftTheLightsOn/Content/Maps/Assets/wooden_crate/Textures/wooden_crate_texture_2.uexp" 1728
"D:/CodingProjects/Game Project/WeLeftTheLightsOn/Content/Maps/Assets/wooden_crate/Materials/Material_001.uasset" 1729
"D:/CodingProjects/Game Project/WeLeftTheLightsOn/Content/Maps/Assets/wooden_crate/Materials/Material_001.uexp" 1730
"D:/CodingProjects/Game Project/WeLeftTheLightsOn/Content/Maps/Assets/wooden_crate/StaticMeshes/wooden_crate.ubulk" 1731
"D:/CodingProjects/Game Project/WeLeftTheLightsOn/Content/Maps/Assets/wooden_crate/StaticMeshes/wooden_crate.uasset" 1732
"D:/CodingProjects/Game Project/WeLeftTheLightsOn/Content/Maps/Assets/wooden_crate/StaticMeshes/wooden_crate.uexp" 1733
"../../../Engine/Content/ArtTools/RenderToTexture/Meshes/S_1_Unit_Plane.ubulk" 1734
"../../../Engine/Content/ArtTools/RenderToTexture/Meshes/S_1_Unit_Plane.uasset" 1735
"../../../Engine/Content/ArtTools/RenderToTexture/Meshes/S_1_Unit_Plane.uexp" 1736
"../../../Engine/Content/VREditor/TransformGizmo/TranslucentTransformGizmoMaterial.uasset" 1737
"../../../Engine/Content/VREditor/TransformGizmo/TranslucentTransformGizmoMaterial.uexp" 1738
"../../../Engine/Content/VREditor/LaserPointer/VR_LaserPower_01.ubulk" 1739
"../../../Engine/Content/VREditor/LaserPointer/VR_LaserPower_01.uasset" 1740
"../../../Engine/Content/VREditor/LaserPointer/VR_LaserPower_01.uexp" 1741
"../../../Engine/Content/VREditor/TransformGizmo/TransformGizmoMaterial.uasset" 1742
"../../../Engine/Content/VREditor/TransformGizmo/TransformGizmoMaterial.uexp" 1743
"../../../Engine/Content/VREditor/TransformGizmo/BoundingBoxCorner.ubulk" 1744
"../../../Engine/Content/VREditor/TransformGizmo/BoundingBoxCorner.uasset" 1745
"../../../Engine/Content/VREditor/TransformGizmo/BoundingBoxCorner.uexp" 1746
"../../../Engine/Content/VREditor/TransformGizmo/BoundingBoxEdge.ubulk" 1747
"../../../Engine/Content/VREditor/TransformGizmo/BoundingBoxEdge.uasset" 1748
"../../../Engine/Content/VREditor/TransformGizmo/BoundingBoxEdge.uexp" 1749
"../../../Engine/Content/VREditor/TransformGizmo/Xray.uasset" 1750
"../../../Engine/Content/VREditor/TransformGizmo/Xray.uexp" 1751
"../../../Engine/Content/VREditor/TransformGizmo/Main.uasset" 1752
"../../../Engine/Content/VREditor/TransformGizmo/Main.uexp" 1753
"../../../Engine/Content/VREditor/TransformGizmo/SM_Sequencer_Node.ubulk" 1754
"../../../Engine/Content/VREditor/TransformGizmo/SM_Sequencer_Node.uasset" 1755
"../../../Engine/Content/VREditor/TransformGizmo/SM_Sequencer_Node.uexp" 1756
"../../../Engine/Plugins/Experimental/Landmass/Content/Landscape/Meshes/S_SpritePlane.ubulk" 1757
"../../../Engine/Plugins/Experimental/Landmass/Content/Landscape/Meshes/S_SpritePlane.uasset" 1758
"../../../Engine/Plugins/Experimental/Landmass/Content/Landscape/Meshes/S_SpritePlane.uexp" 1759
"../../../Engine/Content/Functions/Engine_MaterialFunctions01/Gradient/LinearGradient.uasset" 1760
"../../../Engine/Content/Functions/Engine_MaterialFunctions01/Gradient/LinearGradient.uexp" 1761
"../../../Engine/Content/Functions/Engine_MaterialFunctions01/ImageAdjustment/CheapContrast.uasset" 1762
"../../../Engine/Content/Functions/Engine_MaterialFunctions01/ImageAdjustment/CheapContrast.uexp" 1763
"D:/CodingProjects/Game Project/WeLeftTheLightsOn/Content/LevelPrototyping/Textures/T_GridChecker_A.ubulk" 1764
"D:/CodingProjects/Game Project/WeLeftTheLightsOn/Content/LevelPrototyping/Textures/T_GridChecker_A.uasset" 1765
"D:/CodingProjects/Game Project/WeLeftTheLightsOn/Content/LevelPrototyping/Textures/T_GridChecker_A.uexp" 1766
"D:/CodingProjects/Game Project/WeLeftTheLightsOn/Content/LevelPrototyping/Materials/MF_ProcGrid.uasset" 1767
"D:/CodingProjects/Game Project/WeLeftTheLightsOn/Content/LevelPrototyping/Materials/MF_ProcGrid.uexp" 1768
"D:/CodingProjects/Game Project/WeLeftTheLightsOn/Content/LevelPrototyping/Materials/M_PrototypeGrid.uasset" 1769
"D:/CodingProjects/Game Project/WeLeftTheLightsOn/Content/LevelPrototyping/Materials/M_PrototypeGrid.uexp" 1770
"D:/CodingProjects/Game Project/WeLeftTheLightsOn/Content/LevelPrototyping/Materials/MI_PrototypeGrid_Gray.uasset" 1771
"D:/CodingProjects/Game Project/WeLeftTheLightsOn/Content/LevelPrototyping/Materials/MI_PrototypeGrid_Gray.uexp" 1772
"D:/CodingProjects/Game Project/WeLeftTheLightsOn/Content/LevelPrototyping/Meshes/SM_Cube.ubulk" 1773
"D:/CodingProjects/Game Project/WeLeftTheLightsOn/Content/LevelPrototyping/Meshes/SM_Cube.uasset" 1774
"D:/CodingProjects/Game Project/WeLeftTheLightsOn/Content/LevelPrototyping/Meshes/SM_Cube.uexp" 1775
"D:/CodingProjects/Game Project/WeLeftTheLightsOn/Content/LevelPrototyping/Meshes/SM_Cylinder.ubulk" 1776
"D:/CodingProjects/Game Project/WeLeftTheLightsOn/Content/LevelPrototyping/Meshes/SM_Cylinder.uasset" 1777
"D:/CodingProjects/Game Project/WeLeftTheLightsOn/Content/LevelPrototyping/Meshes/SM_Cylinder.uexp" 1778
"D:/CodingProjects/Game Project/WeLeftTheLightsOn/Content/LevelPrototyping/Meshes/SM_Ramp.ubulk" 1779
"D:/CodingProjects/Game Project/WeLeftTheLightsOn/Content/LevelPrototyping/Meshes/SM_Ramp.uasset" 1780
"D:/CodingProjects/Game Project/WeLeftTheLightsOn/Content/LevelPrototyping/Meshes/SM_Ramp.uexp" 1781
"../../../Engine/Content/EditorMaterials/Camera/CineMat.uasset" 1782
"../../../Engine/Content/EditorMaterials/Camera/CineMat.uexp" 1783
"../../../Engine/Content/EditorMaterials/Camera/MI_CineMat_Rig.uasset" 1784
"../../../Engine/Content/EditorMaterials/Camera/MI_CineMat_Rig.uexp" 1785
"../../../Engine/Content/EditorMeshes/Camera/SM_CraneRig_Arm.ubulk" 1786
"../../../Engine/Content/EditorMeshes/Camera/SM_CraneRig_Arm.uasset" 1787
"../../../Engine/Content/EditorMeshes/Camera/SM_CraneRig_Arm.uexp" 1788
"../../../Engine/Content/EditorMeshes/Camera/SM_CraneRig_Base.ubulk" 1789
"../../../Engine/Content/EditorMeshes/Camera/SM_CraneRig_Base.uasset" 1790
"../../../Engine/Content/EditorMeshes/Camera/SM_CraneRig_Base.uexp" 1791
"../../../Engine/Content/EditorMeshes/Camera/SM_CraneRig_Body.ubulk" 1792
"../../../Engine/Content/EditorMeshes/Camera/SM_CraneRig_Body.uasset" 1793
"../../../Engine/Content/EditorMeshes/Camera/SM_CraneRig_Body.uexp" 1794
"../../../Engine/Content/EditorMeshes/Camera/SM_CraneRig_Mount.ubulk" 1795
"../../../Engine/Content/EditorMeshes/Camera/SM_CraneRig_Mount.uasset" 1796
"../../../Engine/Content/EditorMeshes/Camera/SM_CraneRig_Mount.uexp" 1797
"../../../Engine/Content/EditorMeshes/Camera/SM_RailRig_Mount.ubulk" 1798
"../../../Engine/Content/EditorMeshes/Camera/SM_RailRig_Mount.uasset" 1799
"../../../Engine/Content/EditorMeshes/Camera/SM_RailRig_Mount.uexp" 1800
"../../../Engine/Content/EditorMeshes/Camera/SM_RailRig_Track.ubulk" 1801
"../../../Engine/Content/EditorMeshes/Camera/SM_RailRig_Track.uasset" 1802
"../../../Engine/Content/EditorMeshes/Camera/SM_RailRig_Track.uexp" 1803
"../../../Engine/Content/EngineMeshes/Sphere.ubulk" 1804
"../../../Engine/Content/EngineMeshes/Sphere.uasset" 1805
"../../../Engine/Content/EngineMeshes/Sphere.uexp" 1806
"../../../Engine/Content/EngineSky/T_Sky_Stars.ubulk" 1807
"../../../Engine/Content/EngineSky/T_Sky_Stars.uasset" 1808
"../../../Engine/Content/EngineSky/T_Sky_Stars.uexp" 1809
"../../../Engine/Content/EngineSky/T_Sky_Clouds_M.ubulk" 1810
"../../../Engine/Content/EngineSky/T_Sky_Clouds_M.uasset" 1811
"../../../Engine/Content/EngineSky/T_Sky_Clouds_M.uexp" 1812
"../../../Engine/Content/EngineSky/T_Sky_Blue.ubulk" 1813
"../../../Engine/Content/EngineSky/T_Sky_Blue.uasset" 1814
"../../../Engine/Content/EngineSky/T_Sky_Blue.uexp" 1815
"../../../Engine/Content/EngineSky/M_Sky_Panning_Clouds2.uasset" 1816
"../../../Engine/Content/EngineSky/M_Sky_Panning_Clouds2.uexp" 1817
"../../../Engine/Content/EngineSky/SM_SkySphere.ubulk" 1818
"../../../Engine/Content/EngineSky/SM_SkySphere.uasset" 1819
"../../../Engine/Content/EngineSky/SM_SkySphere.uexp" 1820
"../../../Engine/Plugins/Animation/ControlRig/Content/Controls/ControlRig_Arrow2_1mm.ubulk" 1821
"../../../Engine/Plugins/Animation/ControlRig/Content/Controls/ControlRig_Arrow2_1mm.uasset" 1822
"../../../Engine/Plugins/Animation/ControlRig/Content/Controls/ControlRig_Arrow2_1mm.uexp" 1823
"../../../Engine/Plugins/Animation/ControlRig/Content/Controls/ControlRig_Arrow2_3mm.ubulk" 1824
"../../../Engine/Plugins/Animation/ControlRig/Content/Controls/ControlRig_Arrow2_3mm.uasset" 1825
"../../../Engine/Plugins/Animation/ControlRig/Content/Controls/ControlRig_Arrow2_3mm.uexp" 1826
"../../../Engine/Plugins/Animation/ControlRig/Content/Controls/ControlRig_Arrow2_solid.ubulk" 1827
"../../../Engine/Plugins/Animation/ControlRig/Content/Controls/ControlRig_Arrow2_solid.uasset" 1828
"../../../Engine/Plugins/Animation/ControlRig/Content/Controls/ControlRig_Arrow2_solid.uexp" 1829
"../../../Engine/Plugins/Animation/ControlRig/Content/Controls/ControlRig_Arrow4_1mm.ubulk" 1830
"../../../Engine/Plugins/Animation/ControlRig/Content/Controls/ControlRig_Arrow4_1mm.uasset" 1831
"../../../Engine/Plugins/Animation/ControlRig/Content/Controls/ControlRig_Arrow4_1mm.uexp" 1832
"../../../Engine/Plugins/Animation/ControlRig/Content/Controls/ControlRig_Arrow4_3mm.ubulk" 1833
"../../../Engine/Plugins/Animation/ControlRig/Content/Controls/ControlRig_Arrow4_3mm.uasset" 1834
"../../../Engine/Plugins/Animation/ControlRig/Content/Controls/ControlRig_Arrow4_3mm.uexp" 1835
"../../../Engine/Plugins/Animation/ControlRig/Content/Controls/ControlRig_Arrow4_solid.ubulk" 1836
"../../../Engine/Plugins/Animation/ControlRig/Content/Controls/ControlRig_Arrow4_solid.uasset" 1837
"../../../Engine/Plugins/Animation/ControlRig/Content/Controls/ControlRig_Arrow4_solid.uexp" 1838
"../../../Engine/Plugins/Animation/ControlRig/Content/Controls/ControlRig_Arrow_1mm.ubulk" 1839
"../../../Engine/Plugins/Animation/ControlRig/Content/Controls/ControlRig_Arrow_1mm.uasset" 1840
"../../../Engine/Plugins/Animation/ControlRig/Content/Controls/ControlRig_Arrow_1mm.uexp" 1841
"../../../Engine/Plugins/Animation/ControlRig/Content/Controls/ControlRig_Arrow_3mm.ubulk" 1842
"../../../Engine/Plugins/Animation/ControlRig/Content/Controls/ControlRig_Arrow_3mm.uasset" 1843
"../../../Engine/Plugins/Animation/ControlRig/Content/Controls/ControlRig_Arrow_3mm.uexp" 1844
"../../../Engine/Plugins/Animation/ControlRig/Content/Controls/ControlRig_Arrow_solid.ubulk" 1845
"../../../Engine/Plugins/Animation/ControlRig/Content/Controls/ControlRig_Arrow_solid.uasset" 1846
"../../../Engine/Plugins/Animation/ControlRig/Content/Controls/ControlRig_Arrow_solid.uexp" 1847
"../../../Engine/Plugins/Animation/ControlRig/Content/Controls/ControlRig_Box_1mm.ubulk" 1848
"../../../Engine/Plugins/Animation/ControlRig/Content/Controls/ControlRig_Box_1mm.uasset" 1849
"../../../Engine/Plugins/Animation/ControlRig/Content/Controls/ControlRig_Box_1mm.uexp" 1850
"../../../Engine/Plugins/Animation/ControlRig/Content/Controls/ControlRig_Box_3mm.ubulk" 1851
"../../../Engine/Plugins/Animation/ControlRig/Content/Controls/ControlRig_Box_3mm.uasset" 1852
"../../../Engine/Plugins/Animation/ControlRig/Content/Controls/ControlRig_Box_3mm.uexp" 1853
"../../../Engine/Plugins/Animation/ControlRig/Content/Controls/ControlRig_Box_solid.ubulk" 1854
"../../../Engine/Plugins/Animation/ControlRig/Content/Controls/ControlRig_Box_solid.uasset" 1855
"../../../Engine/Plugins/Animation/ControlRig/Content/Controls/ControlRig_Box_solid.uexp" 1856
"../../../Engine/Plugins/Animation/ControlRig/Content/Controls/ControlRig_Circle_1mm.ubulk" 1857
"../../../Engine/Plugins/Animation/ControlRig/Content/Controls/ControlRig_Circle_1mm.uasset" 1858
"../../../Engine/Plugins/Animation/ControlRig/Content/Controls/ControlRig_Circle_1mm.uexp" 1859
"../../../Engine/Plugins/Animation/ControlRig/Content/Controls/ControlRig_Circle_3mm.ubulk" 1860
"../../../Engine/Plugins/Animation/ControlRig/Content/Controls/ControlRig_Circle_3mm.uasset" 1861
"../../../Engine/Plugins/Animation/ControlRig/Content/Controls/ControlRig_Circle_3mm.uexp" 1862
"../../../Engine/Plugins/Animation/ControlRig/Content/Controls/ControlRig_Circle_solid.ubulk" 1863
"../../../Engine/Plugins/Animation/ControlRig/Content/Controls/ControlRig_Circle_solid.uasset" 1864
"../../../Engine/Plugins/Animation/ControlRig/Content/Controls/ControlRig_Circle_solid.uexp" 1865
"../../../Engine/Plugins/Animation/ControlRig/Content/Controls/ControlRig_Diamond_1mm.ubulk" 1866
"../../../Engine/Plugins/Animation/ControlRig/Content/Controls/ControlRig_Diamond_1mm.uasset" 1867
"../../../Engine/Plugins/Animation/ControlRig/Content/Controls/ControlRig_Diamond_1mm.uexp" 1868
"../../../Engine/Plugins/Animation/ControlRig/Content/Controls/ControlRig_Diamond_3mm.ubulk" 1869
"../../../Engine/Plugins/Animation/ControlRig/Content/Controls/ControlRig_Diamond_3mm.uasset" 1870
"../../../Engine/Plugins/Animation/ControlRig/Content/Controls/ControlRig_Diamond_3mm.uexp" 1871
"../../../Engine/Plugins/Animation/ControlRig/Content/Controls/ControlRig_Diamond_solid.ubulk" 1872
"../../../Engine/Plugins/Animation/ControlRig/Content/Controls/ControlRig_Diamond_solid.uasset" 1873
"../../../Engine/Plugins/Animation/ControlRig/Content/Controls/ControlRig_Diamond_solid.uexp" 1874
"../../../Engine/Plugins/Animation/ControlRig/Content/Controls/ControlRig_HalfCircle_1mm.ubulk" 1875
"../../../Engine/Plugins/Animation/ControlRig/Content/Controls/ControlRig_HalfCircle_1mm.uasset" 1876
"../../../Engine/Plugins/Animation/ControlRig/Content/Controls/ControlRig_HalfCircle_1mm.uexp" 1877
"../../../Engine/Plugins/Animation/ControlRig/Content/Controls/ControlRig_HalfCircle_3mm.ubulk" 1878
"../../../Engine/Plugins/Animation/ControlRig/Content/Controls/ControlRig_HalfCircle_3mm.uasset" 1879
"../../../Engine/Plugins/Animation/ControlRig/Content/Controls/ControlRig_HalfCircle_3mm.uexp" 1880
"../../../Engine/Plugins/Animation/ControlRig/Content/Controls/ControlRig_HalfCircle_solid.ubulk" 1881
"../../../Engine/Plugins/Animation/ControlRig/Content/Controls/ControlRig_HalfCircle_solid.uasset" 1882
"../../../Engine/Plugins/Animation/ControlRig/Content/Controls/ControlRig_HalfCircle_solid.uexp" 1883
"../../../Engine/Plugins/Animation/ControlRig/Content/Controls/ControlRig_Hexagon_1mm.ubulk" 1884
"../../../Engine/Plugins/Animation/ControlRig/Content/Controls/ControlRig_Hexagon_1mm.uasset" 1885
"../../../Engine/Plugins/Animation/ControlRig/Content/Controls/ControlRig_Hexagon_1mm.uexp" 1886
"../../../Engine/Plugins/Animation/ControlRig/Content/Controls/ControlRig_Hexagon_3mm.ubulk" 1887
"../../../Engine/Plugins/Animation/ControlRig/Content/Controls/ControlRig_Hexagon_3mm.uasset" 1888
"../../../Engine/Plugins/Animation/ControlRig/Content/Controls/ControlRig_Hexagon_3mm.uexp" 1889
"../../../Engine/Plugins/Animation/ControlRig/Content/Controls/ControlRig_Hexagon_solid.ubulk" 1890
"../../../Engine/Plugins/Animation/ControlRig/Content/Controls/ControlRig_Hexagon_solid.uasset" 1891
"../../../Engine/Plugins/Animation/ControlRig/Content/Controls/ControlRig_Hexagon_solid.uexp" 1892
"../../../Engine/Plugins/Animation/ControlRig/Content/Controls/ControlRig_Octagon_1mm.ubulk" 1893
"../../../Engine/Plugins/Animation/ControlRig/Content/Controls/ControlRig_Octagon_1mm.uasset" 1894
"../../../Engine/Plugins/Animation/ControlRig/Content/Controls/ControlRig_Octagon_1mm.uexp" 1895
"../../../Engine/Plugins/Animation/ControlRig/Content/Controls/ControlRig_Octagon_3mm.ubulk" 1896
"../../../Engine/Plugins/Animation/ControlRig/Content/Controls/ControlRig_Octagon_3mm.uasset" 1897
"../../../Engine/Plugins/Animation/ControlRig/Content/Controls/ControlRig_Octagon_3mm.uexp" 1898
"../../../Engine/Plugins/Animation/ControlRig/Content/Controls/ControlRig_Octagon_solid.ubulk" 1899
"../../../Engine/Plugins/Animation/ControlRig/Content/Controls/ControlRig_Octagon_solid.uasset" 1900
"../../../Engine/Plugins/Animation/ControlRig/Content/Controls/ControlRig_Octagon_solid.uexp" 1901
"../../../Engine/Plugins/Animation/ControlRig/Content/Controls/ControlRig_Pyramid_1mm.ubulk" 1902
"../../../Engine/Plugins/Animation/ControlRig/Content/Controls/ControlRig_Pyramid_1mm.uasset" 1903
"../../../Engine/Plugins/Animation/ControlRig/Content/Controls/ControlRig_Pyramid_1mm.uexp" 1904
"../../../Engine/Plugins/Animation/ControlRig/Content/Controls/ControlRig_Pyramid_3mm.ubulk" 1905
"../../../Engine/Plugins/Animation/ControlRig/Content/Controls/ControlRig_Pyramid_3mm.uasset" 1906
"../../../Engine/Plugins/Animation/ControlRig/Content/Controls/ControlRig_Pyramid_3mm.uexp" 1907
"../../../Engine/Plugins/Animation/ControlRig/Content/Controls/ControlRig_Pyramid_solid.ubulk" 1908
"../../../Engine/Plugins/Animation/ControlRig/Content/Controls/ControlRig_Pyramid_solid.uasset" 1909
"../../../Engine/Plugins/Animation/ControlRig/Content/Controls/ControlRig_Pyramid_solid.uexp" 1910
"../../../Engine/Plugins/Animation/ControlRig/Content/Controls/ControlRig_QuarterCircle_1mm.ubulk" 1911
"../../../Engine/Plugins/Animation/ControlRig/Content/Controls/ControlRig_QuarterCircle_1mm.uasset" 1912
"../../../Engine/Plugins/Animation/ControlRig/Content/Controls/ControlRig_QuarterCircle_1mm.uexp" 1913
"../../../Engine/Plugins/Animation/ControlRig/Content/Controls/ControlRig_QuarterCircle_3mm.ubulk" 1914
"../../../Engine/Plugins/Animation/ControlRig/Content/Controls/ControlRig_QuarterCircle_3mm.uasset" 1915
"../../../Engine/Plugins/Animation/ControlRig/Content/Controls/ControlRig_QuarterCircle_3mm.uexp" 1916
"../../../Engine/Plugins/Animation/ControlRig/Content/Controls/ControlRig_QuarterCircle_solid.ubulk" 1917
"../../../Engine/Plugins/Animation/ControlRig/Content/Controls/ControlRig_QuarterCircle_solid.uasset" 1918
"../../../Engine/Plugins/Animation/ControlRig/Content/Controls/ControlRig_QuarterCircle_solid.uexp" 1919
"../../../Engine/Plugins/Animation/ControlRig/Content/Controls/ControlRig_RoundedSquare_1mm.ubulk" 1920
"../../../Engine/Plugins/Animation/ControlRig/Content/Controls/ControlRig_RoundedSquare_1mm.uasset" 1921
"../../../Engine/Plugins/Animation/ControlRig/Content/Controls/ControlRig_RoundedSquare_1mm.uexp" 1922
"../../../Engine/Plugins/Animation/ControlRig/Content/Controls/ControlRig_RoundedSquare_3mm.ubulk" 1923
"../../../Engine/Plugins/Animation/ControlRig/Content/Controls/ControlRig_RoundedSquare_3mm.uasset" 1924
"../../../Engine/Plugins/Animation/ControlRig/Content/Controls/ControlRig_RoundedSquare_3mm.uexp" 1925
"../../../Engine/Plugins/Animation/ControlRig/Content/Controls/ControlRig_RoundedSquare_solid.ubulk" 1926
"../../../Engine/Plugins/Animation/ControlRig/Content/Controls/ControlRig_RoundedSquare_solid.uasset" 1927
"../../../Engine/Plugins/Animation/ControlRig/Content/Controls/ControlRig_RoundedSquare_solid.uexp" 1928
"../../../Engine/Plugins/Animation/ControlRig/Content/Controls/ControlRig_RoundedTriangle_1mm.ubulk" 1929
"../../../Engine/Plugins/Animation/ControlRig/Content/Controls/ControlRig_RoundedTriangle_1mm.uasset" 1930
"../../../Engine/Plugins/Animation/ControlRig/Content/Controls/ControlRig_RoundedTriangle_1mm.uexp" 1931
"../../../Engine/Plugins/Animation/ControlRig/Content/Controls/ControlRig_RoundedTriangle_3mm.ubulk" 1932
"../../../Engine/Plugins/Animation/ControlRig/Content/Controls/ControlRig_RoundedTriangle_3mm.uasset" 1933
"../../../Engine/Plugins/Animation/ControlRig/Content/Controls/ControlRig_RoundedTriangle_3mm.uexp" 1934
"../../../Engine/Plugins/Animation/ControlRig/Content/Controls/ControlRig_RoundedTriangle_solid.ubulk" 1935
"../../../Engine/Plugins/Animation/ControlRig/Content/Controls/ControlRig_RoundedTriangle_solid.uasset" 1936
"../../../Engine/Plugins/Animation/ControlRig/Content/Controls/ControlRig_RoundedTriangle_solid.uexp" 1937
"../../../Engine/Plugins/Animation/ControlRig/Content/Controls/ControlRig_Sphere_1mm.ubulk" 1938
"../../../Engine/Plugins/Animation/ControlRig/Content/Controls/ControlRig_Sphere_1mm.uasset" 1939
"../../../Engine/Plugins/Animation/ControlRig/Content/Controls/ControlRig_Sphere_1mm.uexp" 1940
"../../../Engine/Plugins/Animation/ControlRig/Content/Controls/ControlRig_Sphere_3mm.ubulk" 1941
"../../../Engine/Plugins/Animation/ControlRig/Content/Controls/ControlRig_Sphere_3mm.uasset" 1942
"../../../Engine/Plugins/Animation/ControlRig/Content/Controls/ControlRig_Sphere_3mm.uexp" 1943
"../../../Engine/Plugins/Animation/ControlRig/Content/Controls/ControlRig_Sphere_solid.ubulk" 1944
"../../../Engine/Plugins/Animation/ControlRig/Content/Controls/ControlRig_Sphere_solid.uasset" 1945
"../../../Engine/Plugins/Animation/ControlRig/Content/Controls/ControlRig_Sphere_solid.uexp" 1946
"../../../Engine/Plugins/Animation/ControlRig/Content/Controls/ControlRig_Square_1mm.ubulk" 1947
"../../../Engine/Plugins/Animation/ControlRig/Content/Controls/ControlRig_Square_1mm.uasset" 1948
"../../../Engine/Plugins/Animation/ControlRig/Content/Controls/ControlRig_Square_1mm.uexp" 1949
"../../../Engine/Plugins/Animation/ControlRig/Content/Controls/ControlRig_Square_3mm.ubulk" 1950
"../../../Engine/Plugins/Animation/ControlRig/Content/Controls/ControlRig_Square_3mm.uasset" 1951
"../../../Engine/Plugins/Animation/ControlRig/Content/Controls/ControlRig_Square_3mm.uexp" 1952
"../../../Engine/Plugins/Animation/ControlRig/Content/Controls/ControlRig_Square_solid.ubulk" 1953
"../../../Engine/Plugins/Animation/ControlRig/Content/Controls/ControlRig_Square_solid.uasset" 1954
"../../../Engine/Plugins/Animation/ControlRig/Content/Controls/ControlRig_Square_solid.uexp" 1955
"../../../Engine/Plugins/Animation/ControlRig/Content/Controls/ControlRig_Star4_1mm.ubulk" 1956
"../../../Engine/Plugins/Animation/ControlRig/Content/Controls/ControlRig_Star4_1mm.uasset" 1957
"../../../Engine/Plugins/Animation/ControlRig/Content/Controls/ControlRig_Star4_1mm.uexp" 1958
"../../../Engine/Plugins/Animation/ControlRig/Content/Controls/ControlRig_Star4_3mm.ubulk" 1959
"../../../Engine/Plugins/Animation/ControlRig/Content/Controls/ControlRig_Star4_3mm.uasset" 1960
"../../../Engine/Plugins/Animation/ControlRig/Content/Controls/ControlRig_Star4_3mm.uexp" 1961
"../../../Engine/Plugins/Animation/ControlRig/Content/Controls/ControlRig_Star4_solid.ubulk" 1962
"../../../Engine/Plugins/Animation/ControlRig/Content/Controls/ControlRig_Star4_solid.uasset" 1963
"../../../Engine/Plugins/Animation/ControlRig/Content/Controls/ControlRig_Star4_solid.uexp" 1964
"../../../Engine/Plugins/Animation/ControlRig/Content/Controls/ControlRig_Triangle_1mm.ubulk" 1965
"../../../Engine/Plugins/Animation/ControlRig/Content/Controls/ControlRig_Triangle_1mm.uasset" 1966
"../../../Engine/Plugins/Animation/ControlRig/Content/Controls/ControlRig_Triangle_1mm.uexp" 1967
"../../../Engine/Plugins/Animation/ControlRig/Content/Controls/ControlRig_Triangle_3mm.ubulk" 1968
"../../../Engine/Plugins/Animation/ControlRig/Content/Controls/ControlRig_Triangle_3mm.uasset" 1969
"../../../Engine/Plugins/Animation/ControlRig/Content/Controls/ControlRig_Triangle_3mm.uexp" 1970
"../../../Engine/Plugins/Animation/ControlRig/Content/Controls/ControlRig_Triangle_solid.ubulk" 1971
"../../../Engine/Plugins/Animation/ControlRig/Content/Controls/ControlRig_Triangle_solid.uasset" 1972
"../../../Engine/Plugins/Animation/ControlRig/Content/Controls/ControlRig_Triangle_solid.uexp" 1973
"../../../Engine/Plugins/Animation/ControlRig/Content/Controls/ControlRig_Wedge_1mm.ubulk" 1974
"../../../Engine/Plugins/Animation/ControlRig/Content/Controls/ControlRig_Wedge_1mm.uasset" 1975
"../../../Engine/Plugins/Animation/ControlRig/Content/Controls/ControlRig_Wedge_1mm.uexp" 1976
"../../../Engine/Plugins/Animation/ControlRig/Content/Controls/ControlRig_Wedge_3mm.ubulk" 1977
"../../../Engine/Plugins/Animation/ControlRig/Content/Controls/ControlRig_Wedge_3mm.uasset" 1978
"../../../Engine/Plugins/Animation/ControlRig/Content/Controls/ControlRig_Wedge_3mm.uexp" 1979
"../../../Engine/Plugins/Animation/ControlRig/Content/Controls/ControlRig_Wedge_solid.ubulk" 1980
"../../../Engine/Plugins/Animation/ControlRig/Content/Controls/ControlRig_Wedge_solid.uasset" 1981
"../../../Engine/Plugins/Animation/ControlRig/Content/Controls/ControlRig_Wedge_solid.uexp" 1982
"../../../Engine/Plugins/Experimental/Water/Content/Curves/FloatCurve.uasset" 1983
"../../../Engine/Plugins/Experimental/Water/Content/Curves/FloatCurve.uexp" 1984
"../../../Engine/Plugins/Experimental/Water/Content/Curves/FloatCurve_WaterBodyIsland.uasset" 1985
"../../../Engine/Plugins/Experimental/Water/Content/Curves/FloatCurve_WaterBodyIsland.uexp" 1986
"../../../Engine/Plugins/Experimental/Water/Content/Meshes/LakeMesh.ubulk" 1987
"../../../Engine/Plugins/Experimental/Water/Content/Meshes/LakeMesh.uasset" 1988
"../../../Engine/Plugins/Experimental/Water/Content/Meshes/LakeMesh.uexp" 1989
"../../../Engine/Plugins/Experimental/Water/Content/Meshes/RiverMesh.ubulk" 1990
"../../../Engine/Plugins/Experimental/Water/Content/Meshes/RiverMesh.uasset" 1991
"../../../Engine/Plugins/Experimental/Water/Content/Meshes/RiverMesh.uexp" 1992
"../../../Engine/Content/BasicShapes/Cone.ubulk" 1993
"../../../Engine/Content/BasicShapes/Cone.uasset" 1994
"../../../Engine/Content/BasicShapes/Cone.uexp" 1995
"../../../Engine/Content/BasicShapes/Sphere.ubulk" 1996
"../../../Engine/Content/BasicShapes/Sphere.uasset" 1997
"../../../Engine/Content/BasicShapes/Sphere.uexp" 1998
"../../../Engine/Content/EditorLandscapeResources/SplineEditorMeshMat.uasset" 1999
"../../../Engine/Content/EditorLandscapeResources/SplineEditorMeshMat.uexp" 2000
"../../../Engine/Content/EditorLandscapeResources/SplineEditorMesh.ubulk" 2001
"../../../Engine/Content/EditorLandscapeResources/SplineEditorMesh.uasset" 2002
"../../../Engine/Content/EditorLandscapeResources/SplineEditorMesh.uexp" 2003
"../../../Engine/Plugins/Media/MediaPlate/Content/SM_MediaPlateScreen.ubulk" 2004
"../../../Engine/Plugins/Media/MediaPlate/Content/SM_MediaPlateScreen.uasset" 2005
"../../../Engine/Plugins/Media/MediaPlate/Content/SM_MediaPlateScreen.uexp" 2006
"../../../Engine/Content/EngineMaterials/Substrate/Glints2/AGlintTex2dArray2.uasset" 2007
"../../../Engine/Content/EngineMaterials/Substrate/Glints2/AGlintTex2dArray2.uexp" 2008
"../../../Engine/Content/EngineMaterials/Substrate/GLints/AGlintTex2dArray.uasset" 2009
"../../../Engine/Content/EngineMaterials/Substrate/GLints/AGlintTex2dArray.uexp" 2010
"../../../Engine/Content/EngineResources/DefaultTextureCube.uasset" 2011
"../../../Engine/Content/EngineResources/DefaultTextureCube.uexp" 2012
"../../../Engine/Content/EngineMaterials/Substrate/Volume/SubstrateSimpleVolumeEnvLUT3D.uasset" 2013
"../../../Engine/Content/EngineMaterials/Substrate/Volume/SubstrateSimpleVolumeEnvLUT3D.uexp" 2014
"../../../Engine/Content/EngineMaterials/Substrate/Volume/SubstrateSimpleVolumeLUT3D.uasset" 2015
"../../../Engine/Content/EngineMaterials/Substrate/Volume/SubstrateSimpleVolumeLUT3D.uexp" 2016
"../../../Engine/Content/EngineResources/DefaultTexture.ubulk" 2017
"../../../Engine/Content/EngineResources/DefaultTexture.uasset" 2018
"../../../Engine/Content/EngineResources/DefaultTexture.uexp" 2019
"../../../Engine/Content/EngineMaterials/DefaultNormal.ubulk" 2020
"../../../Engine/Content/EngineMaterials/DefaultNormal.uasset" 2021
"../../../Engine/Content/EngineMaterials/DefaultNormal.uexp" 2022
"../../../Engine/Content/EngineResources/Black.uasset" 2023
"../../../Engine/Content/EngineResources/Black.uexp" 2024
"../../../Engine/Plugins/Experimental/Water/Content/Textures/Normals/T_Water_TilingNormal_With_Height_02_Softened.ubulk" 2025
"../../../Engine/Plugins/Experimental/Water/Content/Textures/Normals/T_Water_TilingNormal_With_Height_02_Softened.uasset" 2026
"../../../Engine/Plugins/Experimental/Water/Content/Textures/Normals/T_Water_TilingNormal_With_Height_02_Softened.uexp" 2027
"../../../Engine/Plugins/Experimental/Water/Content/Textures/Foam/T_WaterFlow_01_Foam_Tiled_N.ubulk" 2028
"../../../Engine/Plugins/Experimental/Water/Content/Textures/Foam/T_WaterFlow_01_Foam_Tiled_N.uasset" 2029
"../../../Engine/Plugins/Experimental/Water/Content/Textures/Foam/T_WaterFlow_01_Foam_Tiled_N.uexp" 2030
"../../../Engine/Plugins/Experimental/Water/Content/Textures/Foam/T_WaterFlow_01_Foam_Tiled.ubulk" 2031
"../../../Engine/Plugins/Experimental/Water/Content/Textures/Foam/T_WaterFlow_01_Foam_Tiled.uasset" 2032
"../../../Engine/Plugins/Experimental/Water/Content/Textures/Foam/T_WaterFlow_01_Foam_Tiled.uexp" 2033
"../../../Engine/Content/EngineSky/VolumetricClouds/T_VolumeNoiseShape128.uasset" 2034
"../../../Engine/Content/EngineSky/VolumetricClouds/T_VolumeNoiseShape128.uexp" 2035
"../../../Engine/Content/Functions/Engine_MaterialFunctions02/ExampleContent/Textures/LowResBlurredNoise.uasset" 2036
"../../../Engine/Content/Functions/Engine_MaterialFunctions02/ExampleContent/Textures/LowResBlurredNoise.uexp" 2037
"../../../Engine/Content/Functions/Engine_MaterialFunctions02/ExampleContent/Textures/water_n.ubulk" 2038
"../../../Engine/Content/Functions/Engine_MaterialFunctions02/ExampleContent/Textures/water_n.uasset" 2039
"../../../Engine/Content/Functions/Engine_MaterialFunctions02/ExampleContent/Textures/water_n.uexp" 2040
"../../../Engine/Content/Functions/Engine_MaterialFunctions02/ExampleContent/Textures/water_d.ubulk" 2041
"../../../Engine/Content/Functions/Engine_MaterialFunctions02/ExampleContent/Textures/water_d.uasset" 2042
"../../../Engine/Content/Functions/Engine_MaterialFunctions02/ExampleContent/Textures/water_d.uexp" 2043
"../../../Engine/Plugins/Experimental/Water/Content/FluidSimulation/WaveFoam/FoamRT.uasset" 2044
"../../../Engine/Plugins/Experimental/Water/Content/FluidSimulation/WaveFoam/FoamRT.uexp" 2045
"../../../Engine/Plugins/Experimental/Water/Content/FluidSimulation/WaveFoam/WaterDistanceField.uasset" 2046
"../../../Engine/Plugins/Experimental/Water/Content/FluidSimulation/WaveFoam/WaterDistanceField.uexp" 2047
"../../../Engine/Plugins/Experimental/Water/Content/Materials/Layers/WaterAttributes.uasset" 2048
"../../../Engine/Plugins/Experimental/Water/Content/Materials/Layers/WaterAttributes.uexp" 2049
"../../../Engine/Content/Functions/Engine_MaterialFunctions02/Math/TimeWithSpeedVariable.uasset" 2050
"../../../Engine/Content/Functions/Engine_MaterialFunctions02/Math/TimeWithSpeedVariable.uexp" 2051
"../../../Engine/Plugins/Experimental/Water/Content/Materials/Functions/WaterTextureWaves.uasset" 2052
"../../../Engine/Plugins/Experimental/Water/Content/Materials/Functions/WaterTextureWaves.uexp" 2053
"../../../Engine/Plugins/Experimental/Water/Content/Materials/Functions/WaterTextureSurface.uasset" 2054
"../../../Engine/Plugins/Experimental/Water/Content/Materials/Functions/WaterTextureSurface.uexp" 2055
"../../../Engine/Plugins/Experimental/Water/Content/Materials/Functions/WorldPositionBehindWater.uasset" 2056
"../../../Engine/Plugins/Experimental/Water/Content/Materials/Functions/WorldPositionBehindWater.uexp" 2057
"../../../Engine/Plugins/Experimental/Water/Content/Materials/Functions/WorldNormalBehindWater.uasset" 2058
"../../../Engine/Plugins/Experimental/Water/Content/Materials/Functions/WorldNormalBehindWater.uexp" 2059
"../../../Engine/Plugins/Experimental/Water/Content/Caustics/Materials/Functions/GetDistortionUV.uasset" 2060
"../../../Engine/Plugins/Experimental/Water/Content/Caustics/Materials/Functions/GetDistortionUV.uexp" 2061
"../../../Engine/Plugins/Experimental/Water/Content/Caustics/Materials/Functions/WaterCaustics_GerstnerWaves.uasset" 2062
"../../../Engine/Plugins/Experimental/Water/Content/Caustics/Materials/Functions/WaterCaustics_GerstnerWaves.uexp" 2063
"../../../Engine/Content/Functions/Engine_MaterialFunctions03/Procedurals/NormalFromHeightmap.uasset" 2064
"../../../Engine/Content/Functions/Engine_MaterialFunctions03/Procedurals/NormalFromHeightmap.uexp" 2065
"../../../Engine/Content/Functions/Engine_MaterialFunctions01/Gradient/BoxMask-2D.uasset" 2066
"../../../Engine/Content/Functions/Engine_MaterialFunctions01/Gradient/BoxMask-2D.uexp" 2067
"../../../Engine/Content/Functions/Engine_MaterialFunctions02/Texturing/HeightLerp.uasset" 2068
"../../../Engine/Content/Functions/Engine_MaterialFunctions02/Texturing/HeightLerp.uexp" 2069
"../../../Engine/Plugins/Experimental/Water/Content/Materials/Layers/BeachFoam.uasset" 2070
"../../../Engine/Plugins/Experimental/Water/Content/Materials/Layers/BeachFoam.uexp" 2071
"../../../Engine/Plugins/Experimental/Water/Content/Materials/Functions/WaveVelocityMask.uasset" 2072
"../../../Engine/Plugins/Experimental/Water/Content/Materials/Functions/WaveVelocityMask.uexp" 2073
"../../../Engine/Plugins/Experimental/Water/Content/Materials/Functions/Water_Underside.uasset" 2074
"../../../Engine/Plugins/Experimental/Water/Content/Materials/Functions/Water_Underside.uexp" 2075
"../../../Engine/Plugins/Experimental/Water/Content/Textures/Flowmaps/RiverFlowmap_Normal.ubulk" 2076
"../../../Engine/Plugins/Experimental/Water/Content/Textures/Flowmaps/RiverFlowmap_Normal.uasset" 2077
"../../../Engine/Plugins/Experimental/Water/Content/Textures/Flowmaps/RiverFlowmap_Normal.uexp" 2078
"../../../Engine/Plugins/Experimental/Water/Content/Textures/Flowmaps/RiverFlowmap_Diffuse.ubulk" 2079
"../../../Engine/Plugins/Experimental/Water/Content/Textures/Flowmaps/RiverFlowmap_Diffuse.uasset" 2080
"../../../Engine/Plugins/Experimental/Water/Content/Textures/Flowmaps/RiverFlowmap_Diffuse.uexp" 2081
"../../../Engine/Content/Functions/Engine_MaterialFunctions01/Coordinates/WorldPosition-XY.uasset" 2082
"../../../Engine/Content/Functions/Engine_MaterialFunctions01/Coordinates/WorldPosition-XY.uexp" 2083
"../../../Engine/Content/Functions/Engine_MaterialFunctions02/Math/AddComponents.uasset" 2084
"../../../Engine/Content/Functions/Engine_MaterialFunctions02/Math/AddComponents.uexp" 2085
"../../../Engine/Content/Functions/Engine_MaterialFunctions02/Math/MakeVectorsOrthogonal.uasset" 2086
"../../../Engine/Content/Functions/Engine_MaterialFunctions02/Math/MakeVectorsOrthogonal.uexp" 2087
"../../../Engine/Content/Functions/Engine_MaterialFunctions02/Utility/LinearSine.uasset" 2088
"../../../Engine/Content/Functions/Engine_MaterialFunctions02/Utility/LinearSine.uexp" 2089
"../../../Engine/Content/Functions/Engine_MaterialFunctions02/Texturing/Flowmaps.uasset" 2090
"../../../Engine/Content/Functions/Engine_MaterialFunctions02/Texturing/Flowmaps.uexp" 2091
"../../../Engine/Plugins/Experimental/Water/Content/Materials/Functions/WaterRiverFlowmaps.uasset" 2092
"../../../Engine/Plugins/Experimental/Water/Content/Materials/Functions/WaterRiverFlowmaps.uexp" 2093
"../../../Engine/Plugins/Experimental/Water/Content/Materials/Functions/WaterOpacityMaskFromDepth.uasset" 2094
"../../../Engine/Plugins/Experimental/Water/Content/Materials/Functions/WaterOpacityMaskFromDepth.uexp" 2095
"../../../Engine/Plugins/Experimental/Water/Content/Materials/Functions/WaterHeightMappingVS.uasset" 2096
"../../../Engine/Plugins/Experimental/Water/Content/Materials/Functions/WaterHeightMappingVS.uexp" 2097
"../../../Engine/Plugins/Experimental/Water/Content/Materials/Functions/WaterCoefficientMask.uasset" 2098
"../../../Engine/Plugins/Experimental/Water/Content/Materials/Functions/WaterCoefficientMask.uexp" 2099
"../../../Engine/Plugins/Experimental/Water/Content/Materials/Functions/SetWaveAttributes.uasset" 2100
"../../../Engine/Plugins/Experimental/Water/Content/Materials/Functions/SetWaveAttributes.uexp" 2101
"../../../Engine/Content/Functions/Engine_MaterialFunctions01/Opacity/AlphaOffset.uasset" 2102
"../../../Engine/Content/Functions/Engine_MaterialFunctions01/Opacity/AlphaOffset.uexp" 2103
"../../../Engine/Plugins/Experimental/Water/Content/FluidSimulation/Materials/Functions/Fluidsim_WorldPosition_to_UV.uasset" 2104
"../../../Engine/Plugins/Experimental/Water/Content/FluidSimulation/Materials/Functions/Fluidsim_WorldPosition_to_UV.uexp" 2105
"../../../Engine/Plugins/Experimental/Water/Content/Materials/Functions/SampleFluidSimulation.uasset" 2106
"../../../Engine/Plugins/Experimental/Water/Content/Materials/Functions/SampleFluidSimulation.uexp" 2107
"../../../Engine/Plugins/Experimental/Water/Content/Materials/Functions/ClipDynamicBounds.uasset" 2108
"../../../Engine/Plugins/Experimental/Water/Content/Materials/Functions/ClipDynamicBounds.uexp" 2109
"../../../Engine/Plugins/Experimental/Water/Content/Materials/WaterSurface/Water_Material.uasset" 2110
"../../../Engine/Plugins/Experimental/Water/Content/Materials/WaterSurface/Water_Material.uexp" 2111
"../../../Engine/Plugins/Experimental/Water/Content/Materials/WaterSurface/Water_Material_Inst.uasset" 2112
"../../../Engine/Plugins/Experimental/Water/Content/Materials/WaterSurface/Water_Material_Inst.uexp" 2113
"../../../Engine/Plugins/Experimental/Water/Content/Materials/WaterSurface/Water_Material_Lake.uasset" 2114
"../../../Engine/Plugins/Experimental/Water/Content/Materials/WaterSurface/Water_Material_Lake.uexp" 2115
"../../../Engine/Plugins/Experimental/Water/Content/Materials/WaterSurface/LODs/Water_Material_Lake_LOD.uasset" 2116
"../../../Engine/Plugins/Experimental/Water/Content/Materials/WaterSurface/LODs/Water_Material_Lake_LOD.uexp" 2117
"D:/CodingProjects/Game Project/WeLeftTheLightsOn/Content/Fab/Megascans/Surfaces/RockyMoss_LayerInfo.uasset" 2118
"D:/CodingProjects/Game Project/WeLeftTheLightsOn/Content/Fab/Megascans/Surfaces/RockyMoss_LayerInfo.uexp" 2119
"D:/CodingProjects/Game Project/WeLeftTheLightsOn/Content/Fab/Megascans/Surfaces/UncutGrass_LayerInfo.uasset" 2120
"D:/CodingProjects/Game Project/WeLeftTheLightsOn/Content/Fab/Megascans/Surfaces/UncutGrass_LayerInfo.uexp" 2121
"../../../Engine/Content/EngineSky/VolumetricClouds/VT_PerlinWorley_Balanced.uasset" 2122
"../../../Engine/Content/EngineSky/VolumetricClouds/VT_PerlinWorley_Balanced.uexp" 2123
"../../../Engine/Content/EngineSky/VolumetricClouds/T_Profile_08.ubulk" 2124
"../../../Engine/Content/EngineSky/VolumetricClouds/T_Profile_08.uasset" 2125
"../../../Engine/Content/EngineSky/VolumetricClouds/T_Profile_08.uexp" 2126
"../../../Engine/Content/EngineSky/VolumetricClouds/T_CloudPattern.ubulk" 2127
"../../../Engine/Content/EngineSky/VolumetricClouds/T_CloudPattern.uasset" 2128
"../../../Engine/Content/EngineSky/VolumetricClouds/T_CloudPattern.uexp" 2129
"../../../Engine/Content/EngineSky/VolumetricClouds/T_CloudMask.ubulk" 2130
"../../../Engine/Content/EngineSky/VolumetricClouds/T_CloudMask.uasset" 2131
"../../../Engine/Content/EngineSky/VolumetricClouds/T_CloudMask.uexp" 2132
"../../../Engine/Content/Functions/Engine_MaterialFunctions02/Utility/BreakOutFloat4Components.uasset" 2133
"../../../Engine/Content/Functions/Engine_MaterialFunctions02/Utility/BreakOutFloat4Components.uexp" 2134
"../../../Engine/Content/Functions/Engine_MaterialFunctions02/Utility/MakeFloat4.uasset" 2135
"../../../Engine/Content/Functions/Engine_MaterialFunctions02/Utility/MakeFloat4.uexp" 2136
"../../../Engine/Content/EngineResources/DefaultVolumeTexture2D.uasset" 2137
"../../../Engine/Content/EngineResources/DefaultVolumeTexture2D.uexp" 2138
"../../../Engine/Content/EngineResources/DefaultVolumeTexture.uasset" 2139
"../../../Engine/Content/EngineResources/DefaultVolumeTexture.uexp" 2140
"../../../Engine/Content/EngineSky/VolumetricClouds/VT_Lightning.uasset" 2141
"../../../Engine/Content/EngineSky/VolumetricClouds/VT_Lightning.uexp" 2142
"../../../Engine/Content/Functions/Engine_MaterialFunctions01/Units/Km-to-Cm.uasset" 2143
"../../../Engine/Content/Functions/Engine_MaterialFunctions01/Units/Km-to-Cm.uexp" 2144
"../../../Engine/Content/EngineSky/VolumetricClouds/m_SimpleVolumetricCloud.uasset" 2145
"../../../Engine/Content/EngineSky/VolumetricClouds/m_SimpleVolumetricCloud.uexp" 2146
"../../../Engine/Content/EngineSky/VolumetricClouds/m_SimpleVolumetricCloud_Inst.uasset" 2147
"../../../Engine/Content/EngineSky/VolumetricClouds/m_SimpleVolumetricCloud_Inst.uexp" 2148
"../../../Engine/Plugins/Experimental/Water/Content/Materials/WaterSurface/Water_FarMesh.uasset" 2149
"../../../Engine/Plugins/Experimental/Water/Content/Materials/WaterSurface/Water_FarMesh.uexp" 2150
"../../../Engine/Plugins/Experimental/Water/Content/Materials/HLOD/HLODWater.uasset" 2151
"../../../Engine/Plugins/Experimental/Water/Content/Materials/HLOD/HLODWater.uexp" 2152
"../../../Engine/Plugins/Interchange/Assets/Content/gltf/MaterialInstances/MI_ClearCoat_Blend_DS.uasset" 2153
"../../../Engine/Plugins/Interchange/Assets/Content/gltf/MaterialInstances/MI_ClearCoat_Blend_DS.uexp" 2154
"../../../Engine/Plugins/Interchange/Assets/Content/gltf/MaterialInstances/MI_ClearCoat_Mask.uasset" 2155
"../../../Engine/Plugins/Interchange/Assets/Content/gltf/MaterialInstances/MI_ClearCoat_Mask.uexp" 2156
"../../../Engine/Plugins/Interchange/Assets/Content/gltf/MaterialInstances/MI_ClearCoat_Mask_DS.uasset" 2157
"../../../Engine/Plugins/Interchange/Assets/Content/gltf/MaterialInstances/MI_ClearCoat_Mask_DS.uexp" 2158
"../../../Engine/Plugins/Interchange/Assets/Content/gltf/MaterialInstances/MI_Default_Mask.uasset" 2159
"../../../Engine/Plugins/Interchange/Assets/Content/gltf/MaterialInstances/MI_Default_Mask.uexp" 2160
"../../../Engine/Plugins/Interchange/Assets/Content/gltf/MaterialInstances/MI_Default_Mask_DS.uasset" 2161
"../../../Engine/Plugins/Interchange/Assets/Content/gltf/MaterialInstances/MI_Default_Mask_DS.uexp" 2162
"../../../Engine/Plugins/Interchange/Assets/Content/gltf/MaterialFunctions/MF_Sheen.uasset" 2163
"../../../Engine/Plugins/Interchange/Assets/Content/gltf/MaterialFunctions/MF_Sheen.uexp" 2164
"../../../Engine/Plugins/Interchange/Assets/Content/gltf/MaterialBodies/MF_Sheen_Body.uasset" 2165
"../../../Engine/Plugins/Interchange/Assets/Content/gltf/MaterialBodies/MF_Sheen_Body.uexp" 2166
"../../../Engine/Plugins/Interchange/Assets/Content/gltf/M_Sheen.uasset" 2167
"../../../Engine/Plugins/Interchange/Assets/Content/gltf/M_Sheen.uexp" 2168
"../../../Engine/Plugins/Interchange/Assets/Content/gltf/MaterialInstances/MI_Sheen_Blend.uasset" 2169
"../../../Engine/Plugins/Interchange/Assets/Content/gltf/MaterialInstances/MI_Sheen_Blend.uexp" 2170
"../../../Engine/Plugins/Interchange/Assets/Content/gltf/MaterialInstances/MI_Sheen_Blend_DS.uasset" 2171
"../../../Engine/Plugins/Interchange/Assets/Content/gltf/MaterialInstances/MI_Sheen_Blend_DS.uexp" 2172
"../../../Engine/Plugins/Interchange/Assets/Content/gltf/MaterialInstances/MI_Sheen_Mask.uasset" 2173
"../../../Engine/Plugins/Interchange/Assets/Content/gltf/MaterialInstances/MI_Sheen_Mask.uexp" 2174
"../../../Engine/Plugins/Interchange/Assets/Content/gltf/MaterialInstances/MI_Sheen_Mask_DS.uasset" 2175
"../../../Engine/Plugins/Interchange/Assets/Content/gltf/MaterialInstances/MI_Sheen_Mask_DS.uexp" 2176
"../../../Engine/Plugins/Interchange/Assets/Content/gltf/MaterialInstances/MI_Sheen_Opaque.uasset" 2177
"../../../Engine/Plugins/Interchange/Assets/Content/gltf/MaterialInstances/MI_Sheen_Opaque.uexp" 2178
"../../../Engine/Plugins/Interchange/Assets/Content/gltf/MaterialInstances/MI_Sheen_Opaque_DS.uasset" 2179
"../../../Engine/Plugins/Interchange/Assets/Content/gltf/MaterialInstances/MI_Sheen_Opaque_DS.uexp" 2180
"../../../Engine/Plugins/Interchange/Assets/Content/gltf/MaterialFunctions/MF_DiffuseSpecGloss.uasset" 2181
"../../../Engine/Plugins/Interchange/Assets/Content/gltf/MaterialFunctions/MF_DiffuseSpecGloss.uexp" 2182
"../../../Engine/Plugins/Interchange/Assets/Content/gltf/MaterialFunctions/MF_MaxComponentValue.uasset" 2183
"../../../Engine/Plugins/Interchange/Assets/Content/gltf/MaterialFunctions/MF_MaxComponentValue.uexp" 2184
"../../../Engine/Plugins/Interchange/Assets/Content/gltf/MaterialFunctions/MF_PerceivedBrightness.uasset" 2185
"../../../Engine/Plugins/Interchange/Assets/Content/gltf/MaterialFunctions/MF_PerceivedBrightness.uexp" 2186
"../../../Engine/Plugins/Interchange/Assets/Content/gltf/MaterialFunctions/MF_SpecGlossToMetalRoughness.uasset" 2187
"../../../Engine/Plugins/Interchange/Assets/Content/gltf/MaterialFunctions/MF_SpecGlossToMetalRoughness.uexp" 2188
"../../../Engine/Plugins/Interchange/Assets/Content/gltf/MaterialBodies/MF_SpecularGlossiness_Body.uasset" 2189
"../../../Engine/Plugins/Interchange/Assets/Content/gltf/MaterialBodies/MF_SpecularGlossiness_Body.uexp" 2190
"../../../Engine/Plugins/Interchange/Assets/Content/gltf/M_SpecularGlossiness.uasset" 2191
"../../../Engine/Plugins/Interchange/Assets/Content/gltf/M_SpecularGlossiness.uexp" 2192
"../../../Engine/Plugins/Interchange/Assets/Content/gltf/MaterialInstances/MI_SpecularGlossiness_Blend.uasset" 2193
"../../../Engine/Plugins/Interchange/Assets/Content/gltf/MaterialInstances/MI_SpecularGlossiness_Blend.uexp" 2194
"../../../Engine/Plugins/Interchange/Assets/Content/gltf/MaterialInstances/MI_SpecularGlossiness_Blend_DS.uasset" 2195
"../../../Engine/Plugins/Interchange/Assets/Content/gltf/MaterialInstances/MI_SpecularGlossiness_Blend_DS.uexp" 2196
"../../../Engine/Plugins/Interchange/Assets/Content/gltf/MaterialInstances/MI_SpecularGlossiness_Mask.uasset" 2197
"../../../Engine/Plugins/Interchange/Assets/Content/gltf/MaterialInstances/MI_SpecularGlossiness_Mask.uexp" 2198
"../../../Engine/Plugins/Interchange/Assets/Content/gltf/MaterialInstances/MI_SpecularGlossiness_Mask_DS.uasset" 2199
"../../../Engine/Plugins/Interchange/Assets/Content/gltf/MaterialInstances/MI_SpecularGlossiness_Mask_DS.uexp" 2200
"../../../Engine/Plugins/Interchange/Assets/Content/gltf/MaterialInstances/MI_SpecularGlossiness_Opaque.uasset" 2201
"../../../Engine/Plugins/Interchange/Assets/Content/gltf/MaterialInstances/MI_SpecularGlossiness_Opaque.uexp" 2202
"../../../Engine/Plugins/Interchange/Assets/Content/gltf/MaterialInstances/MI_SpecularGlossiness_Opaque_DS.uasset" 2203
"../../../Engine/Plugins/Interchange/Assets/Content/gltf/MaterialInstances/MI_SpecularGlossiness_Opaque_DS.uexp" 2204
"../../../Engine/Plugins/Interchange/Assets/Content/gltf/MaterialInstances/MI_Unlit_Blend.uasset" 2205
"../../../Engine/Plugins/Interchange/Assets/Content/gltf/MaterialInstances/MI_Unlit_Blend.uexp" 2206
"../../../Engine/Plugins/Interchange/Assets/Content/gltf/MaterialInstances/MI_Unlit_Blend_DS.uasset" 2207
"../../../Engine/Plugins/Interchange/Assets/Content/gltf/MaterialInstances/MI_Unlit_Blend_DS.uexp" 2208
"../../../Engine/Plugins/Interchange/Assets/Content/gltf/MaterialInstances/MI_Unlit_Mask.uasset" 2209
"../../../Engine/Plugins/Interchange/Assets/Content/gltf/MaterialInstances/MI_Unlit_Mask.uexp" 2210
"../../../Engine/Plugins/Interchange/Assets/Content/gltf/MaterialInstances/MI_Unlit_Mask_DS.uasset" 2211
"../../../Engine/Plugins/Interchange/Assets/Content/gltf/MaterialInstances/MI_Unlit_Mask_DS.uexp" 2212
"../../../Engine/Plugins/Interchange/Assets/Content/gltf/MaterialInstances/MI_Unlit_Opaque.uasset" 2213
"../../../Engine/Plugins/Interchange/Assets/Content/gltf/MaterialInstances/MI_Unlit_Opaque.uexp" 2214
"../../../Engine/Content/EngineResources/WhiteSquareTexture.uasset" 2215
"../../../Engine/Content/EngineResources/WhiteSquareTexture.uexp" 2216
"../../../Engine/Content/EngineMaterials/Widget3DPassThrough.uasset" 2217
"../../../Engine/Content/EngineMaterials/Widget3DPassThrough.uexp" 2218
"../../../Engine/Content/EngineMaterials/Widget3DPassThrough_Masked.uasset" 2219
"../../../Engine/Content/EngineMaterials/Widget3DPassThrough_Masked.uexp" 2220
"../../../Engine/Content/EngineMaterials/Widget3DPassThrough_Opaque.uasset" 2221
"../../../Engine/Content/EngineMaterials/Widget3DPassThrough_Opaque.uexp" 2222
"../../../Engine/Content/EngineMaterials/Widget3DPassThrough_Masked_OneSided.uasset" 2223
"../../../Engine/Content/EngineMaterials/Widget3DPassThrough_Masked_OneSided.uexp" 2224
"../../../Engine/Content/EngineMaterials/Widget3DPassThrough_Opaque_OneSided.uasset" 2225
"../../../Engine/Content/EngineMaterials/Widget3DPassThrough_Opaque_OneSided.uexp" 2226
"../../../Engine/Content/EngineMaterials/Widget3DPassThrough_Translucent.uasset" 2227
"../../../Engine/Content/EngineMaterials/Widget3DPassThrough_Translucent.uexp" 2228
"../../../Engine/Content/EngineMaterials/Widget3DPassThrough_Translucent_OneSided.uasset" 2229
"../../../Engine/Content/EngineMaterials/Widget3DPassThrough_Translucent_OneSided.uexp" 2230
"../../../Engine/Content/EngineResources/LandscapeVisibilityLayerInfo.uasset" 2231
"../../../Engine/Content/EngineResources/LandscapeVisibilityLayerInfo.uexp" 2232
"../../../Engine/Content/VREditor/TransformGizmo/TranslucentTransformGizmoMaterial_Inst.uasset" 2233
"../../../Engine/Content/VREditor/TransformGizmo/TranslucentTransformGizmoMaterial_Inst.uexp" 2234
"../../../Engine/Content/VREditor/TransformGizmo/TransformGizmoMaterial_Inst.uasset" 2235
"../../../Engine/Content/VREditor/TransformGizmo/TransformGizmoMaterial_Inst.uexp" 2236
"../../../Engine/Content/VREditor/Sounds/UI/Drop_Item_From_ContentBrowser.ubulk" 2237
"../../../Engine/Content/VREditor/Sounds/UI/Drop_Item_From_ContentBrowser.uasset" 2238
"../../../Engine/Content/VREditor/Sounds/UI/Drop_Item_From_ContentBrowser.uexp" 2239
"../../../Engine/Content/VREditor/TransformGizmo/UniformScaleHandle.ubulk" 2240
"../../../Engine/Content/VREditor/TransformGizmo/UniformScaleHandle.uasset" 2241
"../../../Engine/Content/VREditor/TransformGizmo/UniformScaleHandle.uexp" 2242
"../../../Engine/Content/VREditor/TransformGizmo/TranslateArrowHandle.ubulk" 2243
"../../../Engine/Content/VREditor/TransformGizmo/TranslateArrowHandle.uasset" 2244
"../../../Engine/Content/VREditor/TransformGizmo/TranslateArrowHandle.uexp" 2245
"../../../Engine/Content/VREditor/TransformGizmo/TransformGizmoFreeRotation.ubulk" 2246
"../../../Engine/Content/VREditor/TransformGizmo/TransformGizmoFreeRotation.uasset" 2247
"../../../Engine/Content/VREditor/TransformGizmo/TransformGizmoFreeRotation.uexp" 2248
"../../../Engine/Content/VREditor/TransformGizmo/StartRotationHandleIndicator.ubulk" 2249
"../../../Engine/Content/VREditor/TransformGizmo/StartRotationHandleIndicator.uasset" 2250
"../../../Engine/Content/VREditor/TransformGizmo/StartRotationHandleIndicator.uexp" 2251
"../../../Engine/Content/VREditor/TransformGizmo/RotationHandleQuarter.ubulk" 2252
"../../../Engine/Content/VREditor/TransformGizmo/RotationHandleQuarter.uasset" 2253
"../../../Engine/Content/VREditor/TransformGizmo/RotationHandleQuarter.uexp" 2254
"../../../Engine/Content/VREditor/TransformGizmo/RotationHandleIndicator.ubulk" 2255
"../../../Engine/Content/VREditor/TransformGizmo/RotationHandleIndicator.uasset" 2256
"../../../Engine/Content/VREditor/TransformGizmo/RotationHandleIndicator.uexp" 2257
"../../../Engine/Content/VREditor/TransformGizmo/RotationHandleFull.ubulk" 2258
"../../../Engine/Content/VREditor/TransformGizmo/RotationHandleFull.uasset" 2259
"../../../Engine/Content/VREditor/TransformGizmo/RotationHandleFull.uexp" 2260
"../../../Engine/Content/VREditor/TransformGizmo/PlaneTranslationHandle.ubulk" 2261
"../../../Engine/Content/VREditor/TransformGizmo/PlaneTranslationHandle.uasset" 2262
"../../../Engine/Content/VREditor/TransformGizmo/PlaneTranslationHandle.uexp" 2263
"../../../Engine/Content/Functions/Engine_MaterialFunctions02/SplitComponents.uasset" 2264
"../../../Engine/Content/Functions/Engine_MaterialFunctions02/SplitComponents.uexp" 2265
"../../../Engine/Content/VREditor/SnapGrid/SnapGridMaterial.uasset" 2266
"../../../Engine/Content/VREditor/SnapGrid/SnapGridMaterial.uexp" 2267
"../../../Engine/Content/VREditor/SnapGrid/SnapGridPlaneMesh.ubulk" 2268
"../../../Engine/Content/VREditor/SnapGrid/SnapGridPlaneMesh.uasset" 2269
"../../../Engine/Content/VREditor/SnapGrid/SnapGridPlaneMesh.uexp" 2270
"../../../Engine/Content/VREditor/Sounds/UI/Gizmo_Handle_Clicked.ubulk" 2271
"../../../Engine/Content/VREditor/Sounds/UI/Gizmo_Handle_Clicked.uasset" 2272
"../../../Engine/Content/VREditor/Sounds/UI/Gizmo_Handle_Clicked.uexp" 2273
"../../../Engine/Content/VREditor/Sounds/UI/Object_PickUp.ubulk" 2274
"../../../Engine/Content/VREditor/Sounds/UI/Object_PickUp.uasset" 2275
"../../../Engine/Content/VREditor/Sounds/UI/Object_PickUp.uexp" 2276
"../../../Engine/Content/VREditor/Sounds/UI/Object_Snaps_To_Another_Actor.ubulk" 2277
"../../../Engine/Content/VREditor/Sounds/UI/Object_Snaps_To_Another_Actor.uasset" 2278
"../../../Engine/Content/VREditor/Sounds/UI/Object_Snaps_To_Another_Actor.uexp" 2279
"../../../Engine/Content/VREditor/Sounds/UI/Object_Snaps_To_Grid.ubulk" 2280
"../../../Engine/Content/VREditor/Sounds/UI/Object_Snaps_To_Grid.uasset" 2281
"../../../Engine/Content/VREditor/Sounds/UI/Object_Snaps_To_Grid.uexp" 2282
"../../../Engine/Content/VREditor/Sounds/UI/Scaling_Down.ubulk" 2283
"../../../Engine/Content/VREditor/Sounds/UI/Scaling_Down.uasset" 2284
"../../../Engine/Content/VREditor/Sounds/UI/Scaling_Down.uexp" 2285
"../../../Engine/Content/VREditor/Sounds/UI/Scaling_Up.ubulk" 2286
"../../../Engine/Content/VREditor/Sounds/UI/Scaling_Up.uasset" 2287
"../../../Engine/Content/VREditor/Sounds/UI/Scaling_Up.uexp" 2288
"../../../Engine/Content/VREditor/Sounds/UI/Selection_Changes.ubulk" 2289
"../../../Engine/Content/VREditor/Sounds/UI/Selection_Changes.uasset" 2290
"../../../Engine/Content/VREditor/Sounds/UI/Selection_Changes.uexp" 2291
"../../../Engine/Content/EditorLandscapeResources/ColorMaskBrushMaterial.uasset" 2292
"../../../Engine/Content/EditorLandscapeResources/ColorMaskBrushMaterial.uexp" 2293
"../../../Engine/Content/EditorLandscapeResources/ColorMaskBrushMaterial_MaskedRegion.uasset" 2294
"../../../Engine/Content/EditorLandscapeResources/ColorMaskBrushMaterial_MaskedRegion.uexp" 2295
"../../../Engine/Content/Functions/Engine_MaterialFunctions03/Math/WithinRangeFloat2.uasset" 2296
"../../../Engine/Content/Functions/Engine_MaterialFunctions03/Math/WithinRangeFloat2.uexp" 2297
"../../../Engine/Content/EditorLandscapeResources/MaskBrushMaterial.uasset" 2298
"../../../Engine/Content/EditorLandscapeResources/MaskBrushMaterial.uexp" 2299
"../../../Engine/Content/EditorLandscapeResources/MaskBrushMaterial_MaskedRegion.uasset" 2300
"../../../Engine/Content/EditorLandscapeResources/MaskBrushMaterial_MaskedRegion.uexp" 2301
"../../../Engine/Content/EditorLandscapeResources/SelectBrushMaterial.uasset" 2302
"../../../Engine/Content/EditorLandscapeResources/SelectBrushMaterial.uexp" 2303
"../../../Engine/Content/EditorLandscapeResources/SelectBrushMaterial_Selected.uasset" 2304
"../../../Engine/Content/EditorLandscapeResources/SelectBrushMaterial_Selected.uexp" 2305
"../../../Engine/Content/EditorLandscapeResources/SelectBrushMaterial_SelectedRegion.uasset" 2306
"../../../Engine/Content/EditorLandscapeResources/SelectBrushMaterial_SelectedRegion.uexp" 2307
"../../../Engine/Plugins/NNE/NNEDenoiser/Content/NNE_oidn2-3-0_rt_hdr_alb_nrm_small__dyn__fp16_opset11_DenoiseAlpha.uasset" 2308
"../../../Engine/Plugins/NNE/NNEDenoiser/Content/NNE_oidn2-3-0_rt_hdr_alb_nrm_small__dyn__fp16_opset11_DenoiseAlpha.uexp" 2309
"../../../Engine/Plugins/NNE/NNEDenoiser/Content/NNE_oidn2-3-0_rt_hdr_alb_nrm_small__dyn__fp16_opset11_ForwardAlpha.uasset" 2310
"../../../Engine/Plugins/NNE/NNEDenoiser/Content/NNE_oidn2-3-0_rt_hdr_alb_nrm_small__dyn__fp16_opset11_ForwardAlpha.uexp" 2311
"../../../Engine/Plugins/NNE/NNEDenoiser/Content/NNE_oidn2-3-0_rt_hdr_alb_nrm__dyn__fp16_opset11_DenoiseAlpha.uasset" 2312
"../../../Engine/Plugins/NNE/NNEDenoiser/Content/NNE_oidn2-3-0_rt_hdr_alb_nrm__dyn__fp16_opset11_DenoiseAlpha.uexp" 2313
"../../../Engine/Plugins/NNE/NNEDenoiser/Content/NNE_oidn2-3-0_rt_hdr_alb_nrm__dyn__fp16_opset11_ForwardAlpha.uasset" 2314
"../../../Engine/Plugins/NNE/NNEDenoiser/Content/NNE_oidn2-3-0_rt_hdr_alb_nrm__dyn__fp16_opset11_ForwardAlpha.uexp" 2315
"../../../Engine/Plugins/NNE/NNEDenoiser/Content/NNE_oidn2-3-0_rt_hdr_calb_cnrm_large__dyn__fp16_opset11_DenoiseAlpha.uasset" 2316
"../../../Engine/Plugins/NNE/NNEDenoiser/Content/NNE_oidn2-3-0_rt_hdr_calb_cnrm_large__dyn__fp16_opset11_DenoiseAlpha.uexp" 2317
"../../../Engine/Plugins/NNE/NNEDenoiser/Content/NNE_oidn2-3-0_rt_hdr_calb_cnrm_large__dyn__fp16_opset11_ForwardAlpha.uasset" 2318
"../../../Engine/Plugins/NNE/NNEDenoiser/Content/NNE_oidn2-3-0_rt_hdr_calb_cnrm_large__dyn__fp16_opset11_ForwardAlpha.uexp" 2319
"../../../Engine/Plugins/2D/Paper2D/Content/DefaultSpriteMaterial.uasset" 2320
"../../../Engine/Plugins/2D/Paper2D/Content/DefaultSpriteMaterial.uexp" 2321
"../../../Engine/Plugins/2D/Paper2D/Content/MaskedUnlitSpriteMaterial.uasset" 2322
"../../../Engine/Plugins/2D/Paper2D/Content/MaskedUnlitSpriteMaterial.uexp" 2323
"../../../Engine/Plugins/2D/Paper2D/Content/OpaqueUnlitSpriteMaterial.uasset" 2324
"../../../Engine/Plugins/2D/Paper2D/Content/OpaqueUnlitSpriteMaterial.uexp" 2325
"../../../Engine/Plugins/NNE/NNEDenoiser/Content/NNED_Oidn2-3_HighQuality_Alpha.uasset" 2326
"../../../Engine/Plugins/NNE/NNEDenoiser/Content/NNED_Oidn2-3_HighQuality_Alpha.uexp" 2327
"../../../Engine/Plugins/NNE/NNEDenoiser/Content/NNED_Oidn2-3_HighQuality.uasset" 2328
"../../../Engine/Plugins/NNE/NNEDenoiser/Content/NNED_Oidn2-3_HighQuality.uexp" 2329
"../../../Engine/Plugins/NNE/NNEDenoiser/Content/NNED_Oidn2-3_Fast_Alpha.uasset" 2330
"../../../Engine/Plugins/NNE/NNEDenoiser/Content/NNED_Oidn2-3_Fast_Alpha.uexp" 2331
"../../../Engine/Plugins/NNE/NNEDenoiser/Content/NNED_Oidn2-3_Fast.uasset" 2332
"../../../Engine/Plugins/NNE/NNEDenoiser/Content/NNED_Oidn2-3_Fast.uexp" 2333
"../../../Engine/Plugins/NNE/NNEDenoiser/Content/NNED_Oidn2-3_Balanced_Alpha.uasset" 2334
"../../../Engine/Plugins/NNE/NNEDenoiser/Content/NNED_Oidn2-3_Balanced_Alpha.uexp" 2335
"../../../Engine/Plugins/NNE/NNEDenoiser/Content/NNED_Oidn2-3_Balanced.uasset" 2336
"../../../Engine/Plugins/NNE/NNEDenoiser/Content/NNED_Oidn2-3_Balanced.uexp" 2337
"../../../Engine/Plugins/NNE/NNEDenoiser/Content/NNEDT_Oidn2-3_Balanced_Alpha.uasset" 2338
"../../../Engine/Plugins/NNE/NNEDenoiser/Content/NNEDT_Oidn2-3_Balanced_Alpha.uexp" 2339
"../../../Engine/Plugins/NNE/NNEDenoiser/Content/NNEDT_Oidn2-3_Balanced.uasset" 2340
"../../../Engine/Plugins/NNE/NNEDenoiser/Content/NNEDT_Oidn2-3_Balanced.uexp" 2341
"../../../Engine/Plugins/Animation/DeformerGraph/Content/DeformerFunctions/DG_Function_LinearBlendSkin_Morph_Cloth_PositionOnly.uasset" 2342
"../../../Engine/Plugins/Animation/DeformerGraph/Content/DeformerFunctions/DG_Function_LinearBlendSkin_Morph_Cloth_PositionOnly.uexp" 2343
"../../../Engine/Plugins/Animation/DeformerGraph/Content/DeformerFunctions/DG_Function_ComputeNormalsTangents.uasset" 2344
"../../../Engine/Plugins/Animation/DeformerGraph/Content/DeformerFunctions/DG_Function_ComputeNormalsTangents.uexp" 2345
"../../../Engine/Plugins/Animation/DeformerGraph/Content/Deformers/DG_LinearBlendSkin_Morph_Cloth_RecomputeNormals.uasset" 2346
"../../../Engine/Plugins/Animation/DeformerGraph/Content/Deformers/DG_LinearBlendSkin_Morph_Cloth_RecomputeNormals.uexp" 2347
"../../../Engine/Plugins/Animation/DeformerGraph/Content/DeformerFunctions/DG_Function_LinearBlendSkin_Morph_Cloth.uasset" 2348
"../../../Engine/Plugins/Animation/DeformerGraph/Content/DeformerFunctions/DG_Function_LinearBlendSkin_Morph_Cloth.uexp" 2349
"../../../Engine/Plugins/Animation/DeformerGraph/Content/Deformers/DG_LinearBlendSkin_Morph_Cloth.uasset" 2350
"../../../Engine/Plugins/Animation/DeformerGraph/Content/Deformers/DG_LinearBlendSkin_Morph_Cloth.uexp" 2351
"D:/CodingProjects/Game Project/WeLeftTheLightsOn/Content/Maps/Lvl_SwiftJ1818.uexp" 2352
"D:/CodingProjects/Game Project/WeLeftTheLightsOn/Content/Maps/Lvl_SwiftJ1818.ubulk" 2353
"D:/CodingProjects/Game Project/WeLeftTheLightsOn/Content/Maps/Lvl_SwiftJ1818.umap" 2354
"../../../Engine/Content/Maps/Entry_BuiltData.uasset" 2355
"../../../Engine/Content/Maps/Entry_BuiltData.uexp" 2356
"../../../Engine/Content/Maps/Entry.uexp" 2357
"../../../Engine/Content/Maps/Entry.umap" 2358
