"D:/CodingProjects/Game Project/WeLeftTheLightsOn/WeLeftTheLightsOn.uproject" 1
"../../../Engine/Plugins/AudioGameplayVolume/AudioGameplayVolume.uplugin" 2
"../../../Engine/Plugins/AudioGameplay/AudioGameplay.uplugin" 3
"../../../Engine/Plugins/AudioInsights/AudioInsights.uplugin" 4
"../../../Engine/Plugins/ChaosCloth/ChaosCloth.uplugin" 5
"../../../Engine/Plugins/Bridge/Bridge.uplugin" 6
"../../../Engine/Plugins/ChaosClothAsset/ChaosClothAsset.uplugin" 7
"../../../Engine/Plugins/ChaosClothAssetEditor/ChaosClothAssetEditor.uplugin" 8
"../../../Engine/Plugins/ChaosVD/ChaosVD.uplugin" 9
"../../../Engine/Plugins/CmdLinkServer/CmdLinkServer.uplugin" 10
"../../../Engine/Plugins/Chooser/Chooser.uplugin" 11
"../../../Engine/Plugins/EnhancedInput/EnhancedInput.uplugin" 12
"../../../Engine/Plugins/ChaosInsights/ChaosInsights.uplugin" 13
"../../../Engine/Plugins/FastBuildController/FastBuildController.uplugin" 14
"../../../Engine/Plugins/DiscoveryBeaconReceiver/DiscoveryBeaconReceiver.uplugin" 15
"../../../Engine/Plugins/IoStoreInsights/IoStoreInsights.uplugin" 16
"../../../Engine/Plugins/LightWeightInstancesEditor/LightWeightInstancesEditor.uplugin" 17
"../../../Engine/Plugins/MeshPainting/MeshPainting.uplugin" 18
"../../../Engine/Plugins/MemoryUsageQueries/MemoryUsageQueries.uplugin" 19
"../../../Engine/Plugins/MassInsights/MassInsights.uplugin" 20
"../../../Engine/Plugins/RenderGraphInsights/RenderGraphInsights.uplugin" 21
"../../../Engine/Plugins/Fab/Fab.uplugin" 22
"../../../Engine/Plugins/TraceUtilities/TraceUtilities.uplugin" 23
"../../../Engine/Plugins/TextureGraph/TextureGraph.uplugin" 24
"../../../Engine/Plugins/Mutable/Mutable.uplugin" 25
"../../../Engine/Plugins/WorldMetrics/WorldMetrics.uplugin" 26
"../../../Engine/Plugins/PCG/PCG.uplugin" 27
"../../../Engine/Plugins/Compositing/Composure/Composure.uplugin" 28
"../../../Engine/Plugins/UbaController/UbaController.uplugin" 29
"../../../Engine/Plugins/Compositing/LensDistortion/LensDistortion.uplugin" 30
"../../../Engine/Plugins/XGEController/XGEController.uplugin" 31
"../../../Engine/Plugins/Developer/AnimationSharing/AnimationSharing.uplugin" 32
"../../../Engine/Plugins/Compositing/OpenCVLensDistortion/OpenCVLensDistortion.uplugin" 33
"../../../Engine/Plugins/Developer/CLionSourceCodeAccess/CLionSourceCodeAccess.uplugin" 34
"../../../Engine/Plugins/Compositing/OpenColorIO/OpenColorIO.uplugin" 35
"../../../Engine/Plugins/Developer/DumpGPUServices/DumpGPUServices.uplugin" 36
"../../../Engine/Plugins/Developer/FieldNotificationTrace/FieldNotificationTrace.uplugin" 37
"../../../Engine/Plugins/Developer/GitSourceControl/GitSourceControl.uplugin" 38
"../../../Engine/Plugins/Developer/BlankPlugin/BlankPlugin.uplugin" 39
"../../../Engine/Plugins/Developer/CodeLiteSourceCodeAccess/CodeLiteSourceCodeAccess.uplugin" 40
"../../../Engine/Plugins/Developer/DirectoryPlaceholder/DirectoryPlaceholder.uplugin" 41
"../../../Engine/Plugins/Developer/KDevelopSourceCodeAccess/KDevelopSourceCodeAccess.uplugin" 42
"../../../Engine/Plugins/BlueprintFileUtils/BlueprintFileUtils.uplugin" 43
"../../../Engine/Plugins/Developer/NamingTokens/NamingTokens.uplugin" 44
"../../../Engine/Plugins/Developer/PixWinPlugin/PixWinPlugin.uplugin" 45
"../../../Engine/Plugins/Developer/N10XSourceCodeAccess/N10XSourceCodeAccess.uplugin" 46
"../../../Engine/Plugins/Developer/PlasticSourceControl/PlasticSourceControl.uplugin" 47
"../../../Engine/Plugins/Developer/OneSkyLocalizationService/OneSkyLocalizationService.uplugin" 48
"../../../Engine/Plugins/Developer/PropertyAccessNode/PropertyAccessNode.uplugin" 49
"../../../Engine/Plugins/Developer/PluginUtils/PluginUtils.uplugin" 50
"../../../Engine/Plugins/JsonBlueprintUtilities/JsonBlueprintUtilities.uplugin" 51
"../../../Engine/Plugins/Developer/RenderDocPlugin/RenderDocPlugin.uplugin" 52
"../../../Engine/Plugins/Developer/RiderSourceCodeAccess/RiderSourceCodeAccess.uplugin" 53
"../../../Engine/Plugins/Developer/UObjectPlugin/UObjectPlugin.uplugin" 54
"../../../Engine/Plugins/Developer/SubversionSourceControl/SubversionSourceControl.uplugin" 55
"../../../Engine/Plugins/Developer/TraceDataFiltering/TraceDataFilters.uplugin" 56
"../../../Engine/Plugins/Developer/XcodeGPUDebuggerPlugin/XcodeGPUDebuggerPlugin.uplugin" 57
"../../../Engine/Plugins/Enterprise/AxFImporter/AxFImporter.uplugin" 58
"../../../Engine/Plugins/Developer/TextureFormatOodle/TextureFormatOodle.uplugin" 59
"../../../Engine/Plugins/Enterprise/DataprepEditor/DataprepEditor.uplugin" 60
"../../../Engine/Plugins/Enterprise/GLTFExporter/GLTFExporter.uplugin" 61
"../../../Engine/Plugins/Enterprise/DatasmithC4DImporter/DatasmithC4DImporter.uplugin" 62
"../../../Engine/Plugins/ScriptPlugin/ScriptPlugin.uplugin" 63
"../../../Engine/Plugins/Developer/NullSourceCodeAccess/NullSourceCodeAccess.uplugin" 64
"../../../Engine/Plugins/Enterprise/DatasmithImporter/DatasmithImporter.uplugin" 65
"../../../Engine/Plugins/Enterprise/DatasmithFBXImporter/DatasmithFBXImporter.uplugin" 66
"../../../Engine/Plugins/Enterprise/DatasmithContent/DatasmithContent.uplugin" 67
"../../../Engine/Plugins/Enterprise/LidarPointCloud/LidarPointCloud.uplugin" 68
"../../../Engine/Plugins/Enterprise/MDLImporter/MDLImporter.uplugin" 69
"../../../Engine/Plugins/Enterprise/VariantManagerContent/VariantManagerContent.uplugin" 70
"../../../Engine/Plugins/Enterprise/VariantManager/VariantManager.uplugin" 71
"../../../Engine/Plugins/FX/CascadeToNiagaraConverter/CascadeToNiagaraConverter.uplugin" 72
"../../../Engine/Plugins/FX/Niagara/Niagara.uplugin" 73
"../../../Engine/Plugins/Interchange/Assets/InterchangeAssets.uplugin" 74
"../../../Engine/Plugins/FX/Cascade/Cascade.uplugin" 75
"../../../Engine/Plugins/FX/ExampleCustomDataInterface/ExampleCustomDataInterface.uplugin" 76
"../../../Engine/Plugins/FX/NiagaraFluids/NiagaraFluids.uplugin" 77
"../../../Engine/Plugins/Interchange/Editor/InterchangeEditor.uplugin" 78
"../../../Engine/Plugins/Interchange/Runtime/Interchange.uplugin" 79
"../../../Engine/Plugins/FX/NiagaraMRQ/NiagaraMRQ.uplugin" 80
"../../../Engine/Plugins/MovieScene/MoviePipelineMaskRenderPass/MoviePipelineMaskRenderPass.uplugin" 81
"../../../Engine/Plugins/MovieScene/LevelSequenceEditor/LevelSequenceEditor.uplugin" 82
"../../../Engine/Plugins/MovieScene/CustomizableSequencerTracks/CustomizableSequencerTracks.uplugin" 83
"../../../Engine/Plugins/Enterprise/DatasmithCADImporter/DatasmithCADImporter.uplugin" 84
"../../../Engine/Plugins/Developer/XCodeSourceCodeAccess/XCodeSourceCodeAccess.uplugin" 85
"../../../Engine/Plugins/MovieScene/MovieSceneTextTrack/MovieSceneTextTrack.uplugin" 86
"../../../Engine/Plugins/NNE/NNEDenoiser/NNEDenoiser.uplugin" 87
"../../../Engine/Plugins/MovieScene/MovieRenderPipeline/MovieRenderPipeline.uplugin" 88
"../../../Engine/Plugins/MovieScene/ReplayTracks/ReplayTracks.uplugin" 89
"../../../Engine/Plugins/FX/NiagaraSimCaching/NiagaraSimCaching.uplugin" 90
"../../../Engine/Plugins/MovieScene/ActorSequence/ActorSequence.uplugin" 91
"../../../Engine/Plugins/VirtualProduction/ActorModifier/ActorModifier.uplugin" 92
"../../../Engine/Plugins/NNE/NNERuntimeORT/NNERuntimeORT.uplugin" 93
"../../../Engine/Plugins/MovieScene/SequencerScripting/SequencerScripting.uplugin" 94
"../../../Engine/Plugins/Slate/SlateScripting/SlateScripting.uplugin" 95
"../../../Engine/Plugins/MovieScene/TemplateSequence/TemplateSequence.uplugin" 96
"../../../Engine/Plugins/VirtualProduction/ActorModifierCore/ActorModifierCore.uplugin" 97
"../../../Engine/Plugins/Developer/VisualStudioCodeSourceCodeAccess/VisualStudioCodeSourceCodeAccess.uplugin" 98
"../../../Engine/Plugins/VirtualProduction/CameraCalibrationML/CameraCalibrationML.uplugin" 99
"../../../Engine/Plugins/Portal/LauncherChunkInstaller/LauncherChunkInstaller.uplugin" 100
"../../../Engine/Plugins/VirtualProduction/CameraCalibrationCore/CameraCalibrationCore.uplugin" 101
"../../../Engine/Plugins/VirtualProduction/Avalanche/Avalanche.uplugin" 102
"../../../Engine/Plugins/VirtualProduction/CinematicAssemblyTools/CinematicAssemblyTools.uplugin" 103
"../../../Engine/Plugins/VirtualProduction/CaptureData/CaptureData.uplugin" 104
"../../../Engine/Plugins/VirtualProduction/CompositePlane/CompositePlane.uplugin" 105
"../../../Engine/Plugins/VirtualProduction/ClonerEffector/ClonerEffector.uplugin" 106
"../../../Engine/Plugins/VirtualProduction/DataCharts/DataCharts.uplugin" 107
"../../../Engine/Plugins/VirtualProduction/GeometryMask/GeometryMask.uplugin" 108
"../../../Engine/Plugins/VirtualProduction/CustomDetailsView/CustomDetailsView.uplugin" 109
"../../../Engine/Plugins/VirtualProduction/ICVFXTesting/ICVFXTesting.uplugin" 110
"../../../Engine/Plugins/VirtualProduction/CameraCalibration/CameraCalibration.uplugin" 111
"../../../Engine/Plugins/VirtualProduction/ICVFX/ICVFX.uplugin" 112
"../../../Engine/Plugins/VirtualProduction/EpicStageApp/EpicStageApp.uplugin" 113
"../../../Engine/Plugins/Slate/SlateInsights/SlateInsights.uplugin" 114
"../../../Engine/Plugins/VirtualProduction/LevelSnapshots/LevelSnapshots.uplugin" 115
"../../../Engine/Plugins/VirtualProduction/LiveLinkCamera/LiveLinkCamera.uplugin" 116
"../../../Engine/Plugins/VirtualProduction/LensComponent/LensComponent.uplugin" 117
"../../../Engine/Plugins/VirtualProduction/LiveLinkInputDevice/LiveLinkInputDevice.uplugin" 118
"../../../Engine/Plugins/VirtualProduction/LiveLinkMasterLockit/LiveLinkMasterLockit.uplugin" 119
"../../../Engine/Plugins/VirtualProduction/LiveLinkPrestonMDR/LiveLinkPrestonMDR.uplugin" 120
"../../../Engine/Plugins/VirtualProduction/DynamicMaterial/DynamicMaterial.uplugin" 121
"../../../Engine/Plugins/VirtualProduction/LiveLinkOpenTrackIO/LiveLinkOpenTrackIO.uplugin" 122
"../../../Engine/Plugins/VirtualProduction/LiveLinkXR/LiveLinkXR.uplugin" 123
"../../../Engine/Plugins/VirtualProduction/LiveLinkVRPN/LiveLinkVRPN.uplugin" 124
"../../../Engine/Plugins/VirtualProduction/OperatorStack/OperatorStack.uplugin" 125
"../../../Engine/Plugins/VirtualProduction/RemoteControl/RemoteControl.uplugin" 126
"../../../Engine/Plugins/VirtualProduction/PropertyAnimator/PropertyAnimator.uplugin" 127
"../../../Engine/Plugins/VirtualProduction/PerformanceCaptureWorkflow/PerformanceCaptureWorkflow.uplugin" 128
"../../../Engine/Plugins/VirtualProduction/RemoteControlProtocolDMX/RemoteControlProtocolDMX.uplugin" 129
"../../../Engine/Plugins/VirtualProduction/RemoteControlWebInterface/RemoteControlWebInterface.uplugin" 130
"../../../Engine/Plugins/VirtualProduction/StageMonitoring/StageMonitoring.uplugin" 131
"../../../Engine/Plugins/VirtualProduction/PropertyAnimatorCore/PropertyAnimatorCore.uplugin" 132
"../../../Engine/Plugins/VirtualProduction/MultiUserTakes/MultiUserTakes.uplugin" 133
"../../../Engine/Plugins/VirtualProduction/RemoteControlProtocolMIDI/RemoteControlProtocolMIDI.uplugin" 134
"../../../Engine/Plugins/VirtualProduction/RemoteControlProtocolOSC/RemoteControlProtocolOSC.uplugin" 135
"../../../Engine/Plugins/VirtualProduction/StormSync/StormSync.uplugin" 136
"../../../Engine/Plugins/VirtualProduction/LiveLinkLens/LiveLinkLens.uplugin" 137
"../../../Engine/Plugins/VirtualProduction/Takes/Takes.uplugin" 138
"../../../Engine/Plugins/VirtualProduction/SequencerPlaylists/SequencerPlaylists.uplugin" 139
"../../../Engine/Plugins/Importers/AlembicHairImporter/AlembicHairImporter.uplugin" 140
"../../../Engine/Plugins/Importers/AlembicImporter/AlembicImporter.uplugin" 141
"../../../Engine/Plugins/VirtualProduction/Switchboard/Switchboard.uplugin" 142
"../../../Engine/Plugins/Importers/USDImporterMDL/USDImporterMDL.uplugin" 143
"../../../Engine/Plugins/Importers/USDImporter/USDImporter.uplugin" 144
"../../../Engine/Plugins/VirtualProduction/VirtualCamera/VirtualCamera.uplugin" 145
"../../../Engine/Plugins/VirtualProduction/VirtualCameraCore/VirtualCameraCore.uplugin" 146
"../../../Engine/Plugins/Importers/USDMultiUser/USDMultiUser.uplugin" 147
"../../../Engine/Plugins/Media/AndroidMedia/AndroidMedia.uplugin" 148
"../../../Engine/Plugins/Media/AjaMedia/AjaMedia.uplugin" 149
"../../../Engine/Plugins/VirtualProduction/TimedDataMonitor/TimedDataMonitor.uplugin" 150
"../../../Engine/Plugins/Media/AppleProResDecoderElectra/AppleProResDecoderElectra.uplugin" 151
"../../../Engine/Plugins/VirtualProduction/TextureShare/TextureShare.uplugin" 152
"../../../Engine/Plugins/Media/AudioCaptureTimecodeProvider/AudioCaptureTimecodeProvider.uplugin" 153
"../../../Engine/Plugins/VirtualProduction/VirtualScouting/VirtualScouting.uplugin" 154
"../../../Engine/Plugins/Media/AppleProResMedia/AppleProResMedia.uplugin" 155
"../../../Engine/Plugins/Media/AndroidCamera/AndroidCamera.uplugin" 156
"../../../Engine/Plugins/Media/AvidDNxHDDecoderElectra/AvidDNxHDDecoderElectra.uplugin" 157
"../../../Engine/Plugins/Media/AvfMedia/AvfMedia.uplugin" 158
"../../../Engine/Plugins/Media/AvidDNxMedia/AvidDNxMedia.uplugin" 159
"../../../Engine/Plugins/Media/BinkMedia/BinkMedia.uplugin" 160
"../../../Engine/Plugins/Media/D3D12VideoDecodersElectra/D3D12VideoDecodersElectra.uplugin" 161
"../../../Engine/Plugins/Media/ElectraCodecs/ElectraCodecs.uplugin" 162
"../../../Engine/Plugins/Media/ElectraPlayer/ElectraPlayer.uplugin" 163
"../../../Engine/Plugins/Media/BlackmagicMedia/BlackmagicMedia.uplugin" 164
"../../../Engine/Plugins/Media/ElectraCDM/ElectraCDM.uplugin" 165
"../../../Engine/Plugins/Media/FlacDecoderElectra/FlacDecoderElectra.uplugin" 166
"../../../Engine/Plugins/Media/HAPMedia/HAPMedia.uplugin" 167
"../../../Engine/Plugins/Media/HAPDecoderElectra/HAPDecoderElectra.uplugin" 168
"../../../Engine/Plugins/Media/ElectraSubtitles/ElectraSubtitles.uplugin" 169
"../../../Engine/Plugins/Media/ElectraUtil/ElectraUtil.uplugin" 170
"../../../Engine/Plugins/Media/MediaCompositing/MediaCompositing.uplugin" 171
"../../../Engine/Plugins/Media/HardwareEncoders/HardwareEncoders.uplugin" 172
"../../../Engine/Plugins/Media/ImgMedia/ImgMedia.uplugin" 173
"../../../Engine/Plugins/Media/MediaFrameworkUtilities/MediaFrameworkUtilities.uplugin" 174
"../../../Engine/Plugins/Media/LinearTimecode/LinearTimecode.uplugin" 175
"../../../Engine/Plugins/Media/MediaMovieStreamer/MediaMovieStreamer.uplugin" 176
"../../../Engine/Plugins/Media/MediaPlayerEditor/MediaPlayerEditor.uplugin" 177
"../../../Engine/Plugins/Media/PixelCapture/PixelCapture.uplugin" 178
"../../../Engine/Plugins/Media/NDIMedia/NDIMedia.uplugin" 179
"../../../Engine/Plugins/Media/MediaIOFramework/MediaIOFramework.uplugin" 180
"../../../Engine/Plugins/VirtualProduction/LiveLinkFreeD/LiveLinkFreeD.uplugin" 181
"../../../Engine/Plugins/Media/MediaPlate/MediaPlate.uplugin" 182
"../../../Engine/Plugins/MetaHuman/MetaHumanCharacter/MetaHumanCharacter.uplugin" 183
"../../../Engine/Plugins/Media/PixelStreaming/PixelStreaming.uplugin" 184
"../../../Engine/Plugins/Media/TimecodeSynchronizer/TimecodeSynchronizer.uplugin" 185
"../../../Engine/Plugins/Media/OpusDecoderElectra/OpusDecoderElectra.uplugin" 186
"../../../Engine/Plugins/MetaHuman/MetaHumanAnimator/MetaHuman.uplugin" 187
"../../../Engine/Plugins/MetaHuman/MetaHumanCoreTechLib/MetaHumanCoreTech.uplugin" 188
"../../../Engine/Plugins/Media/PixelStreaming2/PixelStreaming2.uplugin" 189
"../../../Engine/Plugins/MetaHuman/MetaHumanCalibrationProcessing/MetaHumanCalibrationProcessing.uplugin" 190
"../../../Engine/Plugins/MetaHuman/MetaHumanLiveLink/MetaHumanLiveLink.uplugin" 191
"../../../Engine/Plugins/Media/WebMMedia/WebMMedia.uplugin" 192
"../../../Engine/Plugins/MetaHuman/MetaHumanSDK/MetaHumanSDK.uplugin" 193
"../../../Engine/Plugins/Media/WmfMedia/WmfMedia.uplugin" 194
"../../../Engine/Plugins/VirtualProduction/StormSyncAvalancheBridge/StormSyncAvalancheBridge.uplugin" 195
"../../../Engine/Plugins/Media/VPxDecoderElectra/VPxDecoderElectra.uplugin" 196
"../../../Engine/Plugins/Online/EOSOverlayInputProvider/EOSOverlayInputProvider.uplugin" 197
"../../../Engine/Plugins/Online/OnlineServices/OnlineServices.uplugin" 198
"../../../Engine/Plugins/Online/OnlineFramework/OnlineFramework.uplugin" 199
"../../../Engine/Plugins/Online/EOSShared/EOSShared.uplugin" 200
"../../../Engine/Plugins/Online/OnlineBase/OnlineBase.uplugin" 201
"../../../Engine/Plugins/Online/OnlineServicesEOS/OnlineServicesEOS.uplugin" 202
"../../../Engine/Plugins/Online/OnlineServicesEOSGS/OnlineServicesEOSGS.uplugin" 203
"../../../Engine/Plugins/Online/OnlineServicesOSSAdapter/OnlineServicesOSSAdapter.uplugin" 204
"../../../Engine/Plugins/Online/OnlineServicesEpicCommon/OnlineServicesEpicCommon.uplugin" 205
"../../../Engine/Plugins/VirtualProduction/RemoteControlInterception/RemoteControlInterception.uplugin" 206
"../../../Engine/Plugins/Online/OnlineServicesNull/OnlineServicesNull.uplugin" 207
"../../../Engine/Plugins/Online/OnlineSubsystem/OnlineSubsystem.uplugin" 208
"../../../Engine/Plugins/Media/MfMedia/MfMedia.uplugin" 209
"../../../Engine/Plugins/Online/OnlineSubsystemGoogle/OnlineSubsystemGoogle.uplugin" 210
"../../../Engine/Plugins/Online/OnlineSubsystemApple/OnlineSubsystemApple.uplugin" 211
"../../../Engine/Plugins/Online/OnlineSubsystemSteam/OnlineSubsystemSteam.uplugin" 212
"../../../Engine/Plugins/PCGInterops/PCGExternalDataInterop/PCGExternalDataInterop.uplugin" 213
"../../../Engine/Plugins/Online/OnlineSubsystemAmazon/OnlineSubsystemAmazon.uplugin" 214
"../../../Engine/Plugins/Online/OnlineSubsystemEOS/OnlineSubsystemEOS.uplugin" 215
"../../../Engine/Plugins/Tests/AutomationDriverTests/AutomationDriverTests.uplugin" 216
"../../../Engine/Plugins/Online/OnlineSubsystemTencent/OnlineSubsystemTencent.uplugin" 217
"../../../Engine/Plugins/PCGInterops/PCGGeometryScriptInterop/PCGGeometryScriptInterop.uplugin" 218
"../../../Engine/Plugins/Tests/CQTest/CQTest.uplugin" 219
"../../../Engine/Plugins/Online/WebAuth/WebAuth.uplugin" 220
"../../../Engine/Plugins/Online/OnlineSubsystemUtils/OnlineSubsystemUtils.uplugin" 221
"../../../Engine/Plugins/Online/SocketSubsystemEOS/SocketSubsystemEOS.uplugin" 222
"../../../Engine/Plugins/Tests/FunctionalTestingEditor/FunctionalTestingEditor.uplugin" 223
"../../../Engine/Plugins/Tests/FbxAutomationTestBuilder/FbxAutomationTestBuilder.uplugin" 224
"../../../Engine/Plugins/Tests/CQTestEnhancedInput/CQTestEnhancedInput.uplugin" 225
"../../../Engine/Plugins/Tests/EditorTests/EditorTests.uplugin" 226
"../../../Engine/Plugins/Online/SocketSubsystemSteamIP/SocketSubsystemSteamIP.uplugin" 227
"../../../Engine/Plugins/2D/Paper2D/Paper2D.uplugin" 228
"../../../Engine/Plugins/Tests/TestSamples/TestSamples.uplugin" 229
"../../../Engine/Plugins/Tests/InterchangeTests/InterchangeTests.uplugin" 230
"../../../Engine/Plugins/Tests/PythonAutomationTest/PythonAutomationTest.uplugin" 231
"../../../Engine/Plugins/AI/AISupport/AISupport.uplugin" 232
"../../../Engine/Plugins/Tests/TestFramework/TestFramework.uplugin" 233
"../../../Engine/Plugins/Tests/RHITests/RHITests.uplugin" 234
"../../../Engine/Plugins/Tests/RuntimeTests/RuntimeTests.uplugin" 235
"../../../Engine/Plugins/AI/EnvironmentQueryEditor/EnvironmentQueryEditor.uplugin" 236
"../../../Engine/Plugins/Animation/AnimationData/AnimationData.uplugin" 237
"../../../Engine/Plugins/AI/HTNPlanner/HTNPlanner.uplugin" 238
"../../../Engine/Plugins/AI/MassCrowd/MassCrowd.uplugin" 239
"../../../Engine/Plugins/Animation/ACLPlugin/ACLPlugin.uplugin" 240
"../../../Engine/Plugins/Animation/AnimationModifierLibrary/AnimationModifierLibrary.uplugin" 241
"../../../Engine/Plugins/Tests/WidgetAutomationTests/WidgetAutomationTests.uplugin" 242
"../../../Engine/Plugins/Animation/BlendStack/BlendStack.uplugin" 243
"../../../Engine/Plugins/AI/MLAdapter/MLAdapter.uplugin" 244
"../../../Engine/Plugins/Animation/AnimationWarping/AnimationWarping.uplugin" 245
"../../../Engine/Plugins/Animation/BlendSpaceMotionAnalysis/BlendSpaceMotionAnalysis.uplugin" 246
"../../../Engine/Plugins/Developer/ProjectLauncher/ProjectLauncher.uplugin" 247
"../../../Engine/Plugins/Animation/ControlRig/ControlRig.uplugin" 248
"../../../Engine/Plugins/Animation/ControlRigSpline/ControlRigSpline.uplugin" 249
"../../../Engine/Plugins/Animation/DNACalib/DNACalib.uplugin" 250
"../../../Engine/Plugins/Developer/TraceSourceFiltering/TraceSourceFilters.uplugin" 251
"../../../Engine/Plugins/Protocols/MQTT/MQTT.uplugin" 252
"../../../Engine/Plugins/Developer/VisualStudioSourceCodeAccess/VisualStudioSourceCodeAccess.uplugin" 253
"../../../Engine/Plugins/Animation/AnimationLocomotionLibrary/AnimationLocomotionLibrary.uplugin" 254
"../../../Engine/Plugins/Animation/GeneSplicer/GeneSplicer.uplugin" 255
"../../../Engine/Plugins/Animation/ControlRigModules/ControlRigModules.uplugin" 256
"../../../Engine/Plugins/Animation/IKRig/IKRig.uplugin" 257
"../../../Engine/Plugins/AI/MassAI/MassAI.uplugin" 258
"../../../Engine/Plugins/Developer/PerforceSourceControl/PerforceSourceControl.uplugin" 259
"../../../Engine/Plugins/Cameras/EngineCameras/EngineCameras.uplugin" 260
"../../../Engine/Plugins/Compression/OodleNetwork/OodleNetwork.uplugin" 261
"../../../Engine/Plugins/Animation/LiveLinkExampleDevice/LiveLinkExampleDevice.uplugin" 262
"../../../Engine/Plugins/Animation/MotionWarping/MotionWarping.uplugin" 263
"../../../Engine/Plugins/Cameras/CameraShakePreviewer/CameraShakePreviewer.uplugin" 264
"../../../Engine/Plugins/Animation/LiveLinkCurveDebugUI/LiveLinkCurveDebugUI.uplugin" 265
"../../../Engine/Plugins/Animation/LiveLinkDevice/LiveLinkDevice.uplugin" 266
"../../../Engine/Plugins/Animation/TweeningUtils/TweeningUtils.uplugin" 267
"../../../Engine/Plugins/Cameras/GameplayCameras/GameplayCameras.uplugin" 268
"../../../Engine/Plugins/Editor/AssetManagerEditor/AssetManagerEditor.uplugin" 269
"../../../Engine/Plugins/Animation/RigLogic/RigLogic.uplugin" 270
"../../../Engine/Plugins/Animation/PerformanceCaptureCore/PerformanceCaptureCore.uplugin" 271
"../../../Engine/Plugins/Animation/SkeletalMeshModelingTools/SkeletalMeshModelingTools.uplugin" 272
"../../../Engine/Plugins/Editor/AssetReferenceRestrictions/AssetReferenceRestrictions.uplugin" 273
"../../../Engine/Plugins/Animation/PoseSearch/PoseSearch.uplugin" 274
"../../../Engine/Plugins/Editor/AssetSearch/AssetSearch.uplugin" 275
"../../../Engine/Plugins/Editor/AssetRegistryExport/AssetRegistryExport.uplugin" 276
"../../../Engine/Plugins/Editor/ColorGrading/ColorGrading.uplugin" 277
"../../../Engine/Plugins/Editor/DataValidation/DataValidation.uplugin" 278
"../../../Engine/Plugins/Editor/ChangelistReview/ChangelistReview.uplugin" 279
"../../../Engine/Plugins/Editor/BlueprintHeaderView/BlueprintHeaderView.uplugin" 280
"../../../Engine/Plugins/Editor/ConsoleVariablesEditor/ConsoleVariables.uplugin" 281
"../../../Engine/Plugins/Editor/CryptoKeys/CryptoKeys.uplugin" 282
"../../../Engine/Plugins/Editor/EditorScriptingUtilities/EditorScriptingUtilities.uplugin" 283
"../../../Engine/Plugins/Editor/DisplayClusterLaunch/DisplayClusterLaunch.uplugin" 284
"../../../Engine/Plugins/Online/OnlineSubsystemNull/OnlineSubsystemNull.uplugin" 285
"../../../Engine/Plugins/Editor/EditorDebugTools/EditorDebugTools.uplugin" 286
"../../../Engine/Plugins/Editor/CurveEditorTools/CurveEditorTools.uplugin" 287
"../../../Engine/Plugins/Editor/BlueprintMaterialTextureNodes/BlueprintMaterialTextureNodes.uplugin" 288
"../../../Engine/Plugins/Editor/GeometryMode/GeometryMode.uplugin" 289
"../../../Engine/Plugins/Editor/MacGraphicsSwitching/MacGraphicsSwitching.uplugin" 290
"../../../Engine/Plugins/Editor/LiveUpdateForSlate/LiveUpdateForSlate.uplugin" 291
"../../../Engine/Plugins/Editor/MaterialAnalyzer/MaterialAnalyzer.uplugin" 292
"../../../Engine/Plugins/Editor/EngineAssetDefinitions/EngineAssetDefinitions.uplugin" 293
"../../../Engine/Plugins/Editor/GameplayTagsEditor/GameplayTagsEditor.uplugin" 294
"../../../Engine/Plugins/Editor/GuidedTutorials/GuidedTutorials.uplugin" 295
"../../../Engine/Plugins/Editor/MobileLauncherProfileWizard/MobileLauncherProfileWizard.uplugin" 296
"../../../Engine/Plugins/Editor/MakeCookedEditorAsDLC/MakeCookedEditorAsDLC.uplugin" 297
"../../../Engine/Plugins/Animation/GameplayInsights/GameplayInsights.uplugin" 298
"../../../Engine/Plugins/Editor/MeshLODToolset/MeshLODToolset.uplugin" 299
"../../../Engine/Plugins/Editor/ProxyLODPlugin/ProxyLODPlugin.uplugin" 300
"../../../Engine/Plugins/Editor/SampleToolsEditorMode/SampleToolsEditorMode.uplugin" 301
"../../../Engine/Plugins/Animation/LiveLink/LiveLink.uplugin" 302
"../../../Engine/Plugins/Experimental/ActorPalette/ActorPalette.uplugin" 303
"../../../Engine/Plugins/Editor/EditorSysConfigAssistant/EditorSysConfigAssistant.uplugin" 304
"../../../Engine/Plugins/Animation/AnimatorKit/AnimatorKit.uplugin" 305
"../../../Engine/Plugins/Editor/FacialAnimation/FacialAnimation.uplugin" 306
"../../../Engine/Plugins/Editor/ScriptableToolsEditorMode/ScriptableToolsEditorMode.uplugin" 307
"../../../Engine/Plugins/Editor/StaticMeshEditorModeling/StaticMeshEditorModeling.uplugin" 308
"../../../Engine/Plugins/Editor/StylusInput/StylusInput.uplugin" 309
"../../../Engine/Plugins/Editor/SequencerAnimTools/SequencerAnimTools.uplugin" 310
"../../../Engine/Plugins/Editor/SpeedTreeImporter/SpeedTreeImporter.uplugin" 311
"../../../Engine/Plugins/Online/OnlineSubsystemFacebook/OnlineSubsystemFacebook.uplugin" 312
"../../../Engine/Plugins/Editor/ModelViewViewModelPreview/ModelViewViewModelPreview.uplugin" 313
"../../../Engine/Plugins/Experimental/AnimNext/AnimNext.uplugin" 314
"../../../Engine/Plugins/Experimental/AdvancedRenamer/AdvancedRenamer.uplugin" 315
"../../../Engine/Plugins/Animation/DeformerGraph/DeformerGraph.uplugin" 316
"../../../Engine/Plugins/Editor/WorldPartitionHLODUtilities/WorldPartitionHLODUtilities.uplugin" 317
"../../../Engine/Plugins/Editor/UVEditor/UVEditor.uplugin" 318
"../../../Engine/Plugins/Editor/WaveformEditor/WaveformEditor.uplugin" 319
"../../../Engine/Plugins/Experimental/AnimNextWarping/AnimNextWarping.uplugin" 320
"../../../Engine/Plugins/Experimental/AnimToTexture/AnimToTexture.uplugin" 321
"../../../Engine/Plugins/Experimental/AnimNextChooser/AnimNextChooser.uplugin" 322
"../../../Engine/Plugins/Experimental/AsyncMessageSystemTests/AsyncMessageSystemTests.uplugin" 323
"../../../Engine/Plugins/Experimental/AnimNextControlRig/AnimNextControlRig.uplugin" 324
"../../../Engine/Plugins/Experimental/AnimNextPoseSearch/AnimNextPoseSearch.uplugin" 325
"../../../Engine/Plugins/Animation/LiveLinkHub/LiveLinkHub.uplugin" 326
"../../../Engine/Plugins/Experimental/AnimNextStateTree/AnimNextStateTree.uplugin" 327
"../../../Engine/Plugins/Experimental/AvalancheDataLink/AvalancheDataLink.uplugin" 328
"../../../Engine/Plugins/Editor/PluginBrowser/PluginBrowser.uplugin" 329
"../../../Engine/Plugins/Experimental/AvalancheSceneState/AvalancheSceneState.uplugin" 330
"../../../Engine/Plugins/Experimental/AbilitySystemGameFeatureActions/AbilitySystemGameFeatureActions.uplugin" 331
"../../../Engine/Plugins/Experimental/AvalancheDisplayCluster/AvalancheDisplayCluster.uplugin" 332
"../../../Engine/Plugins/Experimental/BlueprintStats/BlueprintStats.uplugin" 333
"../../../Engine/Plugins/Experimental/AvalancheSequenceNavigator/AvalancheSequenceNavigator.uplugin" 334
"../../../Engine/Plugins/Experimental/AutomationUtils/AutomationUtils.uplugin" 335
"../../../Engine/Plugins/Experimental/BackChannel/BackChannel.uplugin" 336
"../../../Engine/Plugins/Experimental/Buoyancy/Buoyancy.uplugin" 337
"../../../Engine/Plugins/Experimental/ChaosClothEditor/ChaosClothEditor.uplugin" 338
"../../../Engine/Plugins/Experimental/ChaosCachingUSD/ChaosCachingUSD.uplugin" 339
"../../../Engine/Plugins/Experimental/ChaosMover/ChaosMover.uplugin" 340
"../../../Engine/Plugins/Experimental/ChaosNiagara/ChaosNiagara.uplugin" 341
"../../../Engine/Plugins/Experimental/CelestialVault/CelestialVault.uplugin" 342
"../../../Engine/Plugins/Experimental/ChaosCaching/ChaosCaching.uplugin" 343
"../../../Engine/Plugins/Experimental/ChaosEditor/ChaosEditor.uplugin" 344
"../../../Engine/Plugins/Experimental/ChaosVehiclesPlugin/ChaosVehiclesPlugin.uplugin" 345
"../../../Engine/Plugins/Experimental/ChaosUserDataPT/ChaosUserDataPT.uplugin" 346
"../../../Engine/Plugins/Experimental/ChaosModularVehicle/ChaosModularVehicle.uplugin" 347
"../../../Engine/Plugins/Experimental/ChaosOutfitAsset/ChaosOutfitAsset.uplugin" 348
"../../../Engine/Plugins/Experimental/CineCameraRigs/CineCameraRigs.uplugin" 349
"../../../Engine/Plugins/Editor/ModelingToolsEditorMode/ModelingToolsEditorMode.uplugin" 350
"../../../Engine/Plugins/Experimental/ChaosSolverPlugin/ChaosSolverPlugin.uplugin" 351
"../../../Engine/Plugins/Experimental/CineCameraSceneCapture/CineCameraSceneCapture.uplugin" 352
"../../../Engine/Plugins/Experimental/ChaosModularVehicleExamples/ChaosModularVehicleExamples.uplugin" 353
"../../../Engine/Plugins/Experimental/CinematicPrestreaming/CinematicPrestreaming.uplugin" 354
"../../../Engine/Plugins/Experimental/CodeEditor/CodeEditor.uplugin" 355
"../../../Engine/Plugins/Experimental/CodeView/CodeView.uplugin" 356
"../../../Engine/Plugins/Experimental/CommonConversation/CommonConversation.uplugin" 357
"../../../Engine/Plugins/Experimental/Dataflow/Dataflow.uplugin" 358
"../../../Engine/Plugins/Editor/UMGWidgetPreview/UMGWidgetPreview.uplugin" 359
"../../../Engine/Plugins/Experimental/ColorCorrectRegions/ColorCorrectRegions.uplugin" 360
"../../../Engine/Plugins/Experimental/ControlFlows/ControlFlows.uplugin" 361
"../../../Engine/Plugins/Experimental/DynamicMaterialMediaStreamBridge/DynamicMaterialMediaStreamBridge.uplugin" 362
"../../../Engine/Plugins/Experimental/DataLinkOAuth/DataLinkOAuth.uplugin" 363
"../../../Engine/Plugins/Experimental/AsyncMessageSystem/AsyncMessageSystem.uplugin" 364
"../../../Engine/Plugins/Experimental/EditorPerformance/EditorPerformance.uplugin" 365
"../../../Engine/Plugins/Experimental/BlueprintSnapNodes/BlueprintSnapNodes.uplugin" 366
"../../../Engine/Plugins/Experimental/DefaultInstallBundleManager/DefaultInstallBundleManager.uplugin" 367
"../../../Engine/Plugins/Experimental/ChaosFlesh/ChaosFlesh.uplugin" 368
"../../../Engine/Plugins/Experimental/EditorDataStorage/EditorDataStorage.uplugin" 369
"../../../Engine/Plugins/Experimental/EditorDataStorageFeatures/EditorDataStorageFeatures.uplugin" 370
"../../../Engine/Plugins/Experimental/FastGeoStreaming/FastGeoStreaming.uplugin" 371
"../../../Engine/Plugins/Experimental/EditorTelemetry/EditorTelemetry.uplugin" 372
"../../../Engine/Plugins/Experimental/FloatingProperties/FloatingProperties.uplugin" 373
"../../../Engine/Plugins/Experimental/Fracture/Fracture.uplugin" 374
"../../../Engine/Plugins/Experimental/FieldSystemPlugin/FieldSystemPlugin.uplugin" 375
"../../../Engine/Plugins/Experimental/GameplayBehaviors/GameplayBehaviors.uplugin" 376
"../../../Engine/Plugins/Experimental/FullBodyIK/FullBodyIK.uplugin" 377
"../../../Engine/Plugins/Experimental/GeometryCacheLevelSequenceBaker/GeometryCacheLevelSequenceBaker.uplugin" 378
"../../../Engine/Plugins/Experimental/Gauntlet/Gauntlet.uplugin" 379
"../../../Engine/Plugins/Experimental/GameplayTargetingSystem/TargetingSystem.uplugin" 380
"../../../Engine/Plugins/Experimental/GeometryCollectionPlugin/GeometryCollectionPlugin.uplugin" 381
"../../../Engine/Plugins/Experimental/GizmoEdMode/GizmoEdMode.uplugin" 382
"../../../Engine/Plugins/Experimental/GameplayGraph/GameplayGraph.uplugin" 383
"../../../Engine/Plugins/Experimental/GeometryCacheAbcFile/GeometryCacheAbcFile.uplugin" 384
"../../../Engine/Plugins/Experimental/DataLink/DataLink.uplugin" 385
"../../../Engine/Plugins/Experimental/GeometryDataflow/GeometryDataflow.uplugin" 386
"../../../Engine/Plugins/Experimental/GPULightmass/GPULightmass.uplugin" 387
"../../../Engine/Plugins/Experimental/HairCardGenerator/HairCardGenerator.uplugin" 388
"../../../Engine/Plugins/Experimental/GeometryFlow/GeometryFlow.uplugin" 389
"../../../Engine/Plugins/Experimental/GizmoFramework/GizmoFramework.uplugin" 390
"../../../Engine/Plugins/Experimental/EvaluationNotifies/EvaluationNotifies.uplugin" 391
"../../../Engine/Plugins/Experimental/ImageWidgets/ImageWidgets.uplugin" 392
"../../../Engine/Plugins/Experimental/ImpostorBaker/ImpostorBaker.uplugin" 393
"../../../Engine/Plugins/Experimental/ImagePlate/ImagePlate.uplugin" 394
"../../../Engine/Plugins/Experimental/HairStrandsMutable/HairStrandsMutable.uplugin" 395
"../../../Engine/Plugins/Experimental/HairModelingToolset/HairModelingToolset.uplugin" 396
"../../../Engine/Plugins/Experimental/JWT/JWT.uplugin" 397
"../../../Engine/Plugins/Experimental/DaySequence/DaySequence.uplugin" 398
"../../../Engine/Plugins/Experimental/LearningAgents/LearningAgents.uplugin" 399
"../../../Engine/Plugins/Experimental/Iris/Iris.uplugin" 400
"../../../Engine/Plugins/Experimental/LiveLinkFaceImporter/LiveLinkFaceImporter.uplugin" 401
"../../../Engine/Plugins/Experimental/Landmass/Landmass.uplugin" 402
"../../../Engine/Plugins/Experimental/InlineMaterialInstance/InlineMaterialInstance.uplugin" 403
"../../../Engine/Plugins/Experimental/LiveLinkOpenVR/LiveLinkOpenVR.uplugin" 404
"../../../Engine/Plugins/Experimental/LiveLinkControlRig/LiveLinkControlRig.uplugin" 405
"../../../Engine/Plugins/Experimental/LocalizableMessage/LocalizableMessage.uplugin" 406
"../../../Engine/Plugins/Experimental/LowLevelNetTrace/LowLevelNetTrace.uplugin" 407
"../../../Engine/Plugins/Experimental/LandscapePatch/LandscapePatch.uplugin" 408
"../../../Engine/Plugins/Experimental/LevelSequenceNavigatorBridge/LevelSequenceNavigatorBridge.uplugin" 409
"../../../Engine/Plugins/Experimental/InstanceDataObjectFixupTool/InstanceDataObjectFixupTool.uplugin" 410
"../../../Engine/Plugins/Experimental/MeshModelingToolsetExp/MeshModelingToolsetExp.uplugin" 411
"../../../Engine/Plugins/Experimental/MeshResizing/MeshResizing.uplugin" 412
"../../../Engine/Plugins/Experimental/MediaViewer/MediaViewer.uplugin" 413
"../../../Engine/Plugins/Experimental/MotorSimOutputMotoSynth/MotorSimOutputMotoSynth.uplugin" 414
"../../../Engine/Plugins/Experimental/MetasoundExperimental/MetasoundExperimental.uplugin" 415
"../../../Engine/Plugins/Experimental/MLflow/MLflow.uplugin" 416
"../../../Engine/Plugins/Experimental/Mover/Mover.uplugin" 417
"../../../Engine/Plugins/Experimental/MotoSynth/MotoSynth.uplugin" 418
"../../../Engine/Plugins/Experimental/MoverExamples/MoverExamples.uplugin" 419
"../../../Engine/Plugins/Experimental/MediaStream/MediaStream.uplugin" 420
"../../../Engine/Plugins/Experimental/MovieSceneAnimMixer/MovieSceneAnimMixer.uplugin" 421
"../../../Engine/Plugins/Experimental/MoverAnimNext/MoverAnimNext.uplugin" 422
"../../../Engine/Plugins/Experimental/MoverIntegrations/MoverIntegrations.uplugin" 423
"../../../Engine/Plugins/Experimental/MovieScenePoseSearchTracks/MovieScenePoseSearchTracks.uplugin" 424
"../../../Engine/Plugins/Experimental/MoverTests/MoverTests.uplugin" 425
"../../../Engine/Plugins/Experimental/MutableClothing/MutableClothing.uplugin" 426
"../../../Engine/Plugins/Experimental/NaniteDisplacedMesh/NaniteDisplacedMesh.uplugin" 427
"../../../Engine/Plugins/Experimental/NeuralRendering/NeuralRendering.uplugin" 428
"../../../Engine/Plugins/Experimental/NNERuntimeIREE/NNERuntimeIREE.uplugin" 429
"../../../Engine/Plugins/Experimental/NNERuntimeCoreML/NNERuntimeCoreML.uplugin" 430
"../../../Engine/Plugins/Experimental/NNERuntimeRDG/NNERuntimeRDG.uplugin" 431
"../../../Engine/Plugins/Experimental/MutablePopulation/MutablePopulation.uplugin" 432
"../../../Engine/Plugins/Experimental/OpenImageDenoise/OpenImageDenoise.uplugin" 433
"../../../Engine/Plugins/Experimental/NFORDenoise/NFORDenoise.uplugin" 434
"../../../Engine/Plugins/Experimental/NNERuntimeBasicCpu/NNERuntimeBasicCpu.uplugin" 435
"../../../Engine/Plugins/Experimental/PCGBiomeSample/PCGBiomeSample.uplugin" 436
"../../../Engine/Plugins/Experimental/PixelStreamingPlayer/PixelStreamingPlayer.uplugin" 437
"../../../Engine/Plugins/Experimental/OptiXDenoise/OptiXDenoise.uplugin" 438
"../../../Engine/Plugins/Experimental/PanoramicCapture/PanoramicCapture.uplugin" 439
"../../../Engine/Plugins/Experimental/PlainProps/PlainProps.uplugin" 440
"../../../Engine/Plugins/Experimental/PluginTemplateTool/PluginTemplateTool.uplugin" 441
"../../../Engine/Plugins/Experimental/GameInputWindows/GameInputWindows.uplugin" 442
"../../../Engine/Plugins/Experimental/PlainPropsUObject/PlainPropsUObject.uplugin" 443
"../../../Engine/Plugins/Experimental/PCGBiomeCore/PCGBiomeCore.uplugin" 444
"../../../Engine/Plugins/Experimental/PhysicsControl/PhysicsControl.uplugin" 445
"../../../Engine/Plugins/Experimental/InteractionInterface/InteractionInterface.uplugin" 446
"../../../Engine/Plugins/Experimental/PlatformCrypto/PlatformCrypto.uplugin" 447
"../../../Engine/Plugins/Experimental/PlanarCutPlugin/PlanarCut.uplugin" 448
"../../../Engine/Plugins/Experimental/PostProcessMaterialChainGraph/PostProcessMaterialChainGraph.uplugin" 449
"../../../Engine/Plugins/Experimental/PythonFoundationPackages/PythonFoundationPackages.uplugin" 450
"../../../Engine/Plugins/Experimental/PluginReferenceViewer/PluginReferenceViewer.uplugin" 451
"../../../Engine/Plugins/Experimental/PythonScriptPlugin/PythonScriptPlugin.uplugin" 452
"../../../Engine/Plugins/Experimental/RawInput/RawInput.uplugin" 453
"../../../Engine/Plugins/Experimental/PSDImporterMaterialDesignerBridge/PSDImporterMaterialDesignerBridge.uplugin" 454
"../../../Engine/Plugins/Experimental/RemoteControlComponents/RemoteControlComponents.uplugin" 455
"../../../Engine/Plugins/Experimental/QuicMessaging/QuicMessaging.uplugin" 456
"../../../Engine/Plugins/Experimental/RenderGrid/RenderGrid.uplugin" 457
"../../../Engine/Plugins/Experimental/RazerChromaDevices/RazerChromaDevices.uplugin" 458
"../../../Engine/Plugins/Experimental/RigLogicMutable/RigLogicMutable.uplugin" 459
"../../../Engine/Plugins/Experimental/RemoteSession/RemoteSession.uplugin" 460
"../../../Engine/Plugins/Experimental/RigLogicAnimNext/RigLogicAnimNext.uplugin" 461
"../../../Engine/Plugins/Experimental/ScreenReader/ScreenReader.uplugin" 462
"../../../Engine/Plugins/Experimental/SecuritySandbox/SecuritySandbox.uplugin" 463
"../../../Engine/Plugins/Experimental/SimpleHMD/SimpleHMD.uplugin" 464
"../../../Engine/Plugins/Experimental/RuntimeTelemetry/RuntimeTelemetry.uplugin" 465
"../../../Engine/Plugins/Experimental/SceneState/SceneState.uplugin" 466
"../../../Engine/Plugins/Experimental/SequenceNavigator/SequenceNavigator.uplugin" 467
"../../../Engine/Plugins/Experimental/SerializationUtils/SerializationUtils.uplugin" 468
"../../../Engine/Plugins/Experimental/PluginAudit/PluginAudit.uplugin" 469
"../../../Engine/Plugins/Experimental/SlateScreenReader/SlateScreenReader.uplugin" 470
"../../../Engine/Plugins/Experimental/StateGraph/StateGraph.uplugin" 471
"../../../Engine/Plugins/Experimental/SpatialReadiness/SpatialReadiness.uplugin" 472
"../../../Engine/Plugins/Experimental/SlateIM/SlateIM.uplugin" 473
"../../../Engine/Plugins/Experimental/SkeletalReduction/SkeletalReduction.uplugin" 474
"../../../Engine/Plugins/Experimental/SlateModelViewViewModel/SlateModelViewViewModel.uplugin" 475
"../../../Engine/Plugins/Experimental/AnimNextAnimGraph/AnimNextAnimGraph.uplugin" 476
"../../../Engine/Plugins/Experimental/StructUtils/StructUtils.uplugin" 477
"../../../Engine/Plugins/Experimental/SubmitToolEditor/SubmitToolEditor.uplugin" 478
"../../../Engine/Plugins/Experimental/SubtitlesAndClosedCaptions/SubtitlesAndClosedCaptions.uplugin" 479
"../../../Engine/Plugins/Experimental/PSDImporter/PSDImporter.uplugin" 480
"../../../Engine/Plugins/Experimental/Shotgrid/Shotgrid.uplugin" 481
"../../../Engine/Plugins/Experimental/TargetDeviceServicesScripting/TargetDeviceServicesScripting.uplugin" 482
"../../../Engine/Plugins/Experimental/Tensorboard/Tensorboard.uplugin" 483
"../../../Engine/Plugins/Experimental/SurfaceEffects/SurfaceEffects.uplugin" 484
"../../../Engine/Plugins/Experimental/TextToSpeech/TextToSpeech.uplugin" 485
"../../../Engine/Plugins/Experimental/SVGImporter/SVGImporter.uplugin" 486
"../../../Engine/Plugins/Experimental/ToolPresets/ToolPresets.uplugin" 487
"../../../Engine/Plugins/Messaging/TcpMessaging/TcpMessaging.uplugin" 488
"../../../Engine/Plugins/Messaging/UdpMessaging/UdpMessaging.uplugin" 489
"../../../Engine/Plugins/Messaging/MessagingDebugger/MessagingDebugger.uplugin" 490
"../../../Engine/Plugins/Experimental/UserToolBoxBasicCommand/UserToolBoxBasicCommand.uplugin" 491
"../../../Engine/Plugins/Experimental/Volumetrics/Volumetrics.uplugin" 492
"../../../Engine/Plugins/Experimental/UIFramework/UIFramework.uplugin" 493
"../../../Engine/Plugins/NetcodeUnitTest/NetcodeUnitTest/NetcodeUnitTest.uplugin" 494
"../../../Engine/Plugins/Experimental/UserToolBoxCore/UserToolBoxCore.uplugin" 495
"../../../Engine/Plugins/NetcodeUnitTest/NUTUnrealEngine/NUTUnrealEngine.uplugin" 496
"../../../Engine/Plugins/Experimental/TextureMediaPlayer/TextureMediaPlayer.uplugin" 497
"../../../Engine/Plugins/Runtime/ActorLayerUtilities/ActorLayerUtilities.uplugin" 498
"../../../Engine/Plugins/Experimental/WebSocketNetworking/WebSocketNetworking.uplugin" 499
"../../../Engine/Plugins/Performance/AutomatedPerfTesting/AutomatedPerfTesting.uplugin" 500
"../../../Engine/Plugins/Experimental/WidgetEditorToolPalette/WidgetEditorToolPalette.uplugin" 501
"../../../Engine/Plugins/Experimental/VirtualHeightfieldMesh/VirtualHeightfieldMesh.uplugin" 502
"../../../Engine/Plugins/Experimental/TechAudioTools/TechAudioTools.uplugin" 503
"../../../Engine/Plugins/Runtime/AndroidFileServer/AndroidFileServer.uplugin" 504
"../../../Engine/Plugins/Experimental/Water/Water.uplugin" 505
"../../../Engine/Plugins/Runtime/ADM/ADM.uplugin" 506
"../../../Engine/Plugins/Experimental/WaterExtras/WaterExtras.uplugin" 507
"../../../Engine/Plugins/Runtime/AndroidBackgroundService/AndroidBackgroundService.uplugin" 508
"../../../Engine/Plugins/Runtime/AppleImageUtils/AppleImageUtils.uplugin" 509
"../../../Engine/Plugins/Experimental/WaveFunctionCollapse/WaveFunctionCollapse.uplugin" 510
"../../../Engine/Plugins/Runtime/AndroidPermission/AndroidPermission.uplugin" 511
"../../../Engine/Plugins/Experimental/CharacterAI/CharacterAI.uplugin" 512
"../../../Engine/Plugins/Experimental/VirtualProductionUtilities/VirtualProductionUtilities.uplugin" 513
"../../../Engine/Plugins/Runtime/AndroidDeviceProfileSelector/AndroidDeviceProfileSelector.uplugin" 514
"../../../Engine/Plugins/Runtime/AssetTags/AssetTags.uplugin" 515
"../../../Engine/Plugins/Runtime/AnimationBudgetAllocator/AnimationBudgetAllocator.uplugin" 516
"../../../Engine/Plugins/Runtime/ApexDestruction/ApexDestruction.uplugin" 517
"../../../Engine/Plugins/Runtime/AudioMotorSim/AudioMotorSim.uplugin" 518
"../../../Engine/Plugins/Runtime/AudioSynesthesia/AudioSynesthesia.uplugin" 519
"../../../Engine/Plugins/Runtime/AudioModulation/AudioModulation.uplugin" 520
"../../../Engine/Plugins/Runtime/AppleMoviePlayer/AppleMoviePlayer.uplugin" 521
"../../../Engine/Plugins/Runtime/AudioCapture/AudioCapture.uplugin" 522
"../../../Engine/Plugins/Runtime/ArchVisCharacter/ArchVisCharacter.uplugin" 523
"../../../Engine/Plugins/Runtime/AudioWidgets/AudioWidgets.uplugin" 524
"../../../Engine/Plugins/Runtime/CommonUI/CommonUI.uplugin" 525
"../../../Engine/Plugins/Experimental/WaterAdvanced/WaterAdvanced.uplugin" 526
"../../../Engine/Plugins/Runtime/CableComponent/CableComponent.uplugin" 527
"../../../Engine/Plugins/Performance/PerformanceMonitor/PerformanceMonitor.uplugin" 528
"../../../Engine/Plugins/Runtime/ComputeFramework/ComputeFramework.uplugin" 529
"../../../Engine/Plugins/Runtime/ChunkDownloader/ChunkDownloader.uplugin" 530
"../../../Engine/Plugins/Runtime/CustomMeshComponent/CustomMeshComponent.uplugin" 531
"../../../Engine/Plugins/Runtime/DataRegistry/DataRegistry.uplugin" 532
"../../../Engine/Plugins/Runtime/ExampleDeviceProfileSelector/ExampleDeviceProfileSelector.uplugin" 533
"../../../Engine/Plugins/Runtime/Firebase/Firebase.uplugin" 534
"../../../Engine/Plugins/Experimental/Text3D/Text3D.uplugin" 535
"../../../Engine/Plugins/Runtime/GameplayInteractions/GameplayInteractions.uplugin" 536
"../../../Engine/Plugins/Runtime/GameplayBehaviorSmartObjects/GameplayBehaviorSmartObjects.uplugin" 537
"../../../Engine/Plugins/Runtime/GameplayStateTree/GameplayStateTree.uplugin" 538
"../../../Engine/Plugins/Experimental/WebSocketMessaging/WebSocketMessaging.uplugin" 539
"../../../Engine/Plugins/Runtime/GeometryCache/GeometryCache.uplugin" 540
"../../../Engine/Plugins/Runtime/GameplayAbilities/GameplayAbilities.uplugin" 541
"../../../Engine/Plugins/Runtime/GoogleCloudMessaging/GoogleCloudMessaging.uplugin" 542
"../../../Engine/Plugins/Runtime/GeometryScripting/GeometryScripting.uplugin" 543
"../../../Engine/Plugins/Runtime/GameInput/GameInput.uplugin" 544
"../../../Engine/Plugins/Runtime/GeoReferencing/GeoReferencing.uplugin" 545
"../../../Engine/Plugins/Runtime/GeometryProcessing/GeometryProcessing.uplugin" 546
"../../../Engine/Plugins/Runtime/HPMotionController/HPMotionController.uplugin" 547
"../../../Engine/Plugins/Runtime/HDRIBackdrop/HDRIBackdrop.uplugin" 548
"../../../Engine/Plugins/Runtime/InstancedActors/InstancedActors.uplugin" 549
"../../../Engine/Plugins/Runtime/GooglePAD/GooglePAD.uplugin" 550
"../../../Engine/Plugins/Runtime/Harmonix/Harmonix.uplugin" 551
"../../../Engine/Plugins/Runtime/InputDebugging/InputDebugging.uplugin" 552
"../../../Engine/Plugins/Runtime/LevelStreamingPersistence/LevelStreamingPersistence.uplugin" 553
"../../../Engine/Plugins/Runtime/IOSReplayKit/IOSReplayKit.uplugin" 554
"../../../Engine/Plugins/Runtime/LocationServicesAndroidImpl/LocationServicesAndroidImpl.uplugin" 555
"../../../Engine/Plugins/Runtime/LocationServicesIOSImpl/LocationServicesIOSImpl.uplugin" 556
"../../../Engine/Plugins/Runtime/LocationServicesBPLibrary/LocationServicesBPLibrary.uplugin" 557
"../../../Engine/Plugins/Runtime/LiveLinkOvernDisplay/LiveLinkOverNDisplay.uplugin" 558
"../../../Engine/Plugins/Runtime/LinuxDeviceProfileSelector/LinuxDeviceProfileSelector.uplugin" 559
"../../../Engine/Plugins/Experimental/TetMeshing/TetMeshing.uplugin" 560
"../../../Engine/Plugins/Experimental/Workspace/Workspace.uplugin" 561
"../../../Engine/Plugins/Runtime/MicrosoftSpatialAudio/MicroSoftSpatialSound.uplugin" 562
"../../../Engine/Plugins/Runtime/MeshModelingToolset/MeshModelingToolset.uplugin" 563
"../../../Engine/Plugins/Runtime/Metasound/Metasound.uplugin" 564
"../../../Engine/Plugins/Runtime/MobilePatchingUtils/MobilePatchingUtils.uplugin" 565
"../../../Engine/Plugins/Runtime/ModelViewViewModel/ModelViewViewModel.uplugin" 566
"../../../Engine/Plugins/Runtime/ModularGameplay/ModularGameplay.uplugin" 567
"../../../Engine/Plugins/Runtime/MsQuic/MsQuic.uplugin" 568
"../../../Engine/Plugins/Runtime/MIDIDevice/MIDIDevice.uplugin" 569
"../../../Engine/Plugins/Runtime/MixedRealityCaptureFramework/MixedRealityCaptureFramework.uplugin" 570
"../../../Engine/Plugins/Runtime/MultiServerReplication/MultiServerReplication.uplugin" 571
"../../../Engine/Plugins/Runtime/MusicEnvironment/MusicEnvironment.uplugin" 572
"../../../Engine/Plugins/Runtime/NetworkPrediction/NetworkPrediction.uplugin" 573
"../../../Engine/Plugins/Runtime/HairStrands/HairStrands.uplugin" 574
"../../../Engine/Plugins/Runtime/NavCorridor/NavCorridor.uplugin" 575
"../../../Engine/Plugins/Runtime/HTTPChunkInstaller/HTTPChunkInstaller.uplugin" 576
"../../../Engine/Plugins/Runtime/nDisplayModularFeatures/nDisplayModularFeatures.uplugin" 577
"../../../Engine/Plugins/Runtime/NetworkPredictionInsights/NetworkPredictionInsights.uplugin" 578
"../../../Engine/Plugins/Runtime/GameFeatures/GameFeatures.uplugin" 579
"../../../Engine/Plugins/Runtime/OpenXR/OpenXR.uplugin" 580
"../../../Engine/Plugins/Runtime/OpenCV/OpenCV.uplugin" 581
"../../../Engine/Plugins/Runtime/nDisplay/nDisplay.uplugin" 582
"../../../Engine/Plugins/Runtime/OpenXRViveTracker/OpenXRViveTracker.uplugin" 583
"../../../Engine/Plugins/Experimental/XRCreativeFramework/XRCreativeFramework.uplugin" 584
"../../../Engine/Plugins/Runtime/OpenXREyeTracker/OpenXREyeTracker.uplugin" 585
"../../../Engine/Plugins/Runtime/ProceduralMeshComponent/ProceduralMeshComponent.uplugin" 586
"../../../Engine/Plugins/Runtime/OpenXRMsftHandInteraction/OpenXRMsftHandInteraction.uplugin" 587
"../../../Engine/Plugins/Runtime/PropertyAccess/PropertyAccessEditor.uplugin" 588
"../../../Engine/Plugins/Runtime/OSC/OSC.uplugin" 589
"../../../Engine/Plugins/Runtime/OptionalMobileFeaturesBPLibrary/OptionalMobileFeaturesBPLibrary.uplugin" 590
"../../../Engine/Plugins/Runtime/PropertyBindingUtils/PropertyBindingUtils.uplugin" 591
"../../../Engine/Plugins/Runtime/ReplicationGraph/ReplicationGraph.uplugin" 592
"../../../Engine/Plugins/Runtime/PreLoadScreenMoviePlayer/PreLoadScreenMoviePlayer.uplugin" 593
"../../../Engine/Plugins/Runtime/ReplicationSystemTestPlugin/ReplicationSystemTestPlugin.uplugin" 594
"../../../Engine/Plugins/Runtime/ResonanceAudio/ResonanceAudio.uplugin" 595
"../../../Engine/Plugins/Runtime/RenderTrace/RenderTrace.uplugin" 596
"../../../Engine/Plugins/Runtime/ScriptableToolsFramework/ScriptableToolsFramework.uplugin" 597
"../../../Engine/Plugins/Runtime/RigVM/RigVM.uplugin" 598
"../../../Engine/Plugins/Runtime/SkeletalMerging/SkeletalMerging.uplugin" 599
"../../../Engine/Plugins/Runtime/SoundFields/SoundFields.uplugin" 600
"../../../Engine/Plugins/Runtime/SoundMod/SoundMod.uplugin" 601
"../../../Engine/Plugins/Runtime/Soundscape/Soundscape.uplugin" 602
"../../../Engine/Plugins/Runtime/Spatialization/Spatialization.uplugin" 603
"../../../Engine/Plugins/Web/HttpBlueprint/HttpBlueprint.uplugin" 604
"../../../Engine/Plugins/Runtime/SmartObjects/SmartObjects.uplugin" 605
"../../../Engine/Plugins/Runtime/SoundCueTemplates/SoundCueTemplates.uplugin" 606
"../../../Engine/Plugins/Runtime/SoundUtilities/SoundUtilities.uplugin" 607
"../../../Engine/Plugins/Runtime/Synthesis/Synthesis.uplugin" 608
"../../../Engine/Plugins/Runtime/StateTree/StateTree.uplugin" 609
"../../../Engine/Plugins/Runtime/MobileFSR/MobileFSR.uplugin" 610
"../../../Engine/Plugins/Runtime/WarpUtils/WarpUtils.uplugin" 611
"../../../Engine/Plugins/Runtime/WaveTable/WaveTable.uplugin" 612
"../../../Engine/Plugins/Runtime/OpenXRHandTracking/OpenXRHandTracking.uplugin" 613
"../../../Engine/Plugins/Runtime/WebBrowserNativeProxy/WebBrowserNativeProxy.uplugin" 614
"../../../Engine/Plugins/Runtime/WebBrowserWidget/WebBrowserWidget.uplugin" 615
"../../../Engine/Plugins/Runtime/WebMMoviePlayer/WebMMoviePlayer.uplugin" 616
"../../../Engine/Plugins/Runtime/WorldConditions/WorldConditions.uplugin" 617
"../../../Engine/Plugins/Runtime/SignificanceManager/SignificanceManager.uplugin" 618
"../../../Engine/Plugins/Runtime/ZoneGraphAnnotations/ZoneGraphAnnotations.uplugin" 619
"../../../Engine/Plugins/Interchange/Extensions/OpenVDB/InterchangeOpenVDB.uplugin" 620
"../../../Engine/Plugins/VirtualProduction/DMX/DatasmithMVR/DatasmithMVR.uplugin" 621
"../../../Engine/Plugins/Runtime/WindowsMoviePlayer/WindowsMoviePlayer.uplugin" 622
"../../../Engine/Plugins/Experimental/MetaHuman/MetaHumanRuntime/MetaHumanRuntime.uplugin" 623
"../../../Engine/Plugins/Runtime/XRBase/XRBase.uplugin" 624
"../../../Engine/Plugins/Runtime/ZoneGraph/ZoneGraph.uplugin" 625
"../../../Engine/Plugins/VirtualProduction/Rivermax/RivermaxCore/RivermaxCore.uplugin" 626
"../../../Engine/Plugins/Interchange/Extensions/OpenUSD/InterchangeOpenUSD.uplugin" 627
"../../../Engine/Plugins/Experimental/VirtualProduction/LedWallCalibration/LedWallCalibration.uplugin" 628
"../../../Engine/Plugins/Experimental/VirtualProduction/VPRoles/VPRoles.uplugin" 629
"../../../Engine/Plugins/Experimental/VirtualProduction/VPSettings/VPSettings.uplugin" 630
"../../../Engine/Plugins/VirtualProduction/Rivermax/RivermaxSync/RivermaxSync.uplugin" 631
"../../../Engine/Plugins/Runtime/NetworkPredictionExtras/NetworkPredictionExtras.uplugin" 632
"../../../Engine/Plugins/Runtime/MassEntity/MassEntity.uplugin" 633
"../../../Engine/Plugins/VirtualProduction/CaptureManager/CaptureManagerDevices/CaptureManagerDevices.uplugin" 634
"../../../Engine/Plugins/Runtime/SunPosition/SunPosition.uplugin" 635
"../../../Engine/Plugins/VirtualProduction/Rivermax/RivermaxMedia/RivermaxMedia.uplugin" 636
"../../../Engine/Plugins/VirtualProduction/DMX/DMXDisplayCluster/DMXDisplayCluster.uplugin" 637
"../../../Engine/Plugins/VirtualProduction/DMX/DMXPixelMapping/DMXPixelMapping.uplugin" 638
"../../../Engine/Plugins/Runtime/MassGameplay/MassGameplay.uplugin" 639
"../../../Engine/Plugins/Online/IOS/OnlineSubsystemIOS/OnlineSubsystemIOS.uplugin" 640
"../../../Engine/Plugins/VirtualProduction/DMX/DMXFixtures/DMXFixtures.uplugin" 641
"../../../Engine/Plugins/VirtualProduction/DMX/DMXEngine/DMXEngine.uplugin" 642
"../../../Engine/Plugins/VirtualProduction/CaptureManager/CaptureManagerEditor/CaptureManagerEditor.uplugin" 643
"../../../Engine/Plugins/Experimental/PCGInterops/PCGInstancedActorsInterop/PCGInstancedActorsInterop.uplugin" 644
"../../../Engine/Plugins/VirtualProduction/DMX/DMXGDTF/DMXGDTF.uplugin" 645
"../../../Engine/Plugins/VirtualProduction/CaptureManager/CaptureManagerCore/CaptureManagerCore.uplugin" 646
"../../../Engine/Plugins/VirtualProduction/DMX/DMXControlConsole/DMXControlConsole.uplugin" 647
"../../../Engine/Plugins/VirtualProduction/DMX/DMXProtocol/DMXProtocol.uplugin" 648
"../../../Engine/Plugins/Editor/ContentBrowser/ContentBrowserAliasDataSource/ContentBrowserAliasDataSource.uplugin" 649
"../../../Engine/Plugins/Editor/ContentBrowser/ContentBrowserAssetDataSource/ContentBrowserAssetDataSource.uplugin" 650
"../../../Engine/Plugins/Online/VoiceChat/VoiceChat/VoiceChat.uplugin" 651
"../../../Engine/Plugins/Experimental/PCGInterops/PCGWaterInterop/PCGWaterInterop.uplugin" 652
"../../../Engine/Plugins/Online/VoiceChat/EOSVoiceChat/EOSVoiceChat.uplugin" 653
"../../../Engine/Plugins/Animation/MLDeformer/ChaosClothGenerator/ChaosClothGenerator.uplugin" 654
"../../../Engine/Plugins/Animation/MLDeformer/VertexDeltaModel/VertexDeltaModel.uplugin" 655
"../../../Engine/Plugins/Runtime/AR/ARUtilities/ARUtilities.uplugin" 656
"../../../Engine/Plugins/Animation/MLDeformer/MLDeformerFramework/MLDeformerFramework.uplugin" 657
"../../../Engine/Plugins/Experimental/PCGInterops/PCGNiagaraInterop/PCGNiagaraInterop.uplugin" 658
"../../../Engine/Plugins/Animation/MLDeformer/NeuralMorphModel/NeuralMorphModel.uplugin" 659
"../../../Engine/Plugins/Online/Android/AndroidFetchBackgroundDownload/AndroidFetchBackgroundDownload.uplugin" 660
"../../../Engine/Plugins/Editor/ContentBrowser/ContentBrowserFileDataSource/ContentBrowserFileDataSource.uplugin" 661
"../../../Engine/Plugins/Animation/MLDeformer/ChaosFleshGenerator/ChaosFleshGenerator.uplugin" 662
"../../../Engine/Plugins/Animation/MLDeformer/NearestNeighborModel/NearestNeighborModel.uplugin" 663
"../../../Engine/Plugins/Editor/ContentBrowser/ContentBrowserClassDataSource/ContentBrowserClassDataSource.uplugin" 664
"../../../Engine/Plugins/Online/Android/OnlineSubsystemGooglePlay/OnlineSubsystemGooglePlay.uplugin" 665
"../../../Engine/Plugins/Experimental/AVCodecs/AMFCodecs/AMFCodecs.uplugin" 666
"../../../Engine/Plugins/Experimental/AVCodecs/AVCodecsCore/AVCodecsCore.uplugin" 667
"../../../Engine/Plugins/Runtime/XR/XRScribe/XRScribe.uplugin" 668
"../../../Engine/Plugins/Runtime/XR/XRVisualization/XRVisualization.uplugin" 669
"../../../Engine/Plugins/Experimental/Compositing/CompositeCore/CompositeCore.uplugin" 670
"../../../Engine/Plugins/Experimental/Compositing/HoldoutComposite/HoldoutComposite.uplugin" 671
"../../../Engine/Plugins/Runtime/Analytics/AnalyticsBlueprintLibrary/AnalyticsBlueprintLibrary.uplugin" 672
"../../../Engine/Plugins/Experimental/Animation/ContextualAnimation/ContextualAnimation.uplugin" 673
"../../../Engine/Plugins/VirtualProduction/DMX/DMXModularFeatures/DMXModularFeatures.uplugin" 674
"../../../Engine/Plugins/Experimental/AVCodecs/LibVpxCodecs/LibVpxCodecs.uplugin" 675
"../../../Engine/Plugins/Runtime/Analytics/Adjust/Adjust.uplugin" 676
"../../../Engine/Plugins/Experimental/Animation/HierarchyTable/HierarchyTable.uplugin" 677
"../../../Engine/Plugins/Experimental/Animation/CurveExpression/CurveExpression.uplugin" 678
"../../../Engine/Plugins/Experimental/Animation/Locomotor/Locomotor.uplugin" 679
"../../../Engine/Plugins/Experimental/AVCodecs/NVCodecs/NVCodecs.uplugin" 680
"../../../Engine/Plugins/Experimental/Web/WebAPI/WebAPI.uplugin" 681
"../../../Engine/Plugins/Runtime/Analytics/AnalyticsMulticast/AnalyticsMulticast.uplugin" 682
"../../../Engine/Plugins/Experimental/Animation/HierarchyTableAnimation/HierarchyTableAnimation.uplugin" 683
"../../../Engine/Plugins/Experimental/Animation/Optimus/Optimus.uplugin" 684
"../../../Engine/Plugins/Runtime/Analytics/FileLogging/FileLogging.uplugin" 685
"../../../Engine/Plugins/Experimental/AVCodecs/WMFCodecs/WMFCodecs.uplugin" 686
"../../../Engine/Plugins/Experimental/Animation/RigMapper/RigMapper.uplugin" 687
"../../../Engine/Plugins/Experimental/Animation/TrajectoryTools/TrajectoryTools.uplugin" 688
"../../../Engine/Plugins/Experimental/Animation/SkeletalMeshMorphTargetEditingTools/SkeletalMeshMorphTargetEditingTools.uplugin" 689
"../../../Engine/Plugins/Experimental/Animation/MotionTrajectory/MotionTrajectory.uplugin" 690
"../../../Engine/Plugins/Experimental/AVCodecs/VTCodecs/VTCodecs.uplugin" 691
"../../../Engine/Plugins/Runtime/PacketHandlers/DTLSHandlerComponent/DTLSHandlerComponent.uplugin" 692
"../../../Engine/Plugins/Runtime/MeshReconstruction/DummyMeshReconstructor/DummyMeshReconstructor.uplugin" 693
"../../../Engine/Plugins/Runtime/Windows/WinDualShock/WinDualShock.uplugin" 694
"../../../Engine/Plugins/Runtime/Database/SQLiteCore/SQLiteCore.uplugin" 695
"../../../Engine/Plugins/Runtime/Steam/SteamAudio/SteamAudio.uplugin" 696
"../../../Engine/Plugins/Runtime/PacketHandlers/AESGCMHandlerComponent/AESGCMHandlerComponent.uplugin" 697
"../../../Engine/Plugins/Runtime/PacketHandlers/AESHandlerComponent/AESHandlerComponent.uplugin" 698
"../../../Engine/Plugins/Runtime/Advertising/IOSTapJoy/IOSTapJoy.uplugin" 699
"../../../Engine/Plugins/Runtime/Nvidia/Reflex/Reflex.uplugin" 700
"../../../Engine/Plugins/Runtime/AndroidMoviePlayer/AndroidMoviePlayer.uplugin" 701
"../../../Engine/Plugins/Runtime/Windows/XInputDevice/XInputDevice.uplugin" 702
"../../../Engine/Plugins/Experimental/Enterprise/DatasmithRuntime/DatasmithRuntime.uplugin" 703
"../../../Engine/Plugins/Runtime/Nvidia/GeForceNOWWrapper/GeForceNOWWrapper.uplugin" 704
"../../../Engine/Plugins/Runtime/Database/ADOSupport/ADOSupport.uplugin" 705
"../../../Engine/Plugins/Runtime/Database/DatabaseSupport/DatabaseSupport.uplugin" 706
"../../../Engine/Plugins/Runtime/Database/RemoteDatabaseSupport/RemoteDatabaseSupport.uplugin" 707
"../../../Engine/Plugins/Runtime/Database/SQLiteSupport/SQLiteSupport.uplugin" 708
"../../../Engine/Plugins/VirtualProduction/CaptureManager/CaptureManagerApp/CaptureManagerApp.uplugin" 709
"../../../Engine/Plugins/Experimental/Enterprise/DataprepGeometryOperations/DataprepGeometryOperations.uplugin" 710
"../../../Engine/Plugins/Runtime/Steam/SteamController/SteamController.uplugin" 711
"../../../Engine/Plugins/Experimental/CharacterFXEditor/ExampleCharacterFXEditor/ExampleCharacterFXEditor.uplugin" 712
"../../../Engine/Plugins/Experimental/Animation/PackedAttributes/PackedAttributes.uplugin" 713
"../../../Engine/Plugins/Runtime/Steam/SteamSockets/SteamSockets.uplugin" 714
"../../../Engine/Plugins/Experimental/Animation/SkeletonTemplateFramework/SkeletonTemplateFramework.uplugin" 715
"../../../Engine/Plugins/Experimental/Enterprise/DatasmithInterchange/DatasmithInterchange.uplugin" 716
"../../../Engine/Plugins/Editor/ObjectMixer/LightMixer/LightMixer.uplugin" 717
"../../../Engine/Plugins/Runtime/AR/Google/GoogleARCore/GoogleARCore.uplugin" 718
"../../../Engine/Plugins/Editor/ObjectMixer/ObjectMixer/ObjectMixer.uplugin" 719
"../../../Engine/Plugins/Developer/Concert/ConcertMain/ConcertMain.uplugin" 720
"../../../Engine/Plugins/Runtime/AR/Google/GoogleARCoreServices/GoogleARCoreServices.uplugin" 721
"../../../Engine/Plugins/Developer/Concert/ConcertApp/DisasterRecoveryClient/DisasterRecoveryClient.uplugin" 722
"../../../Engine/Plugins/Developer/Concert/ConcertApp/MultiUserClient/MultiUserClient.uplugin" 723
"../../../Engine/Plugins/Runtime/AR/AppleAR/AppleARKit/AppleARKit.uplugin" 724
"../../../Engine/Plugins/Developer/Concert/ConcertApp/MultiUserServer/MultiUserServer.uplugin" 725
"../../../Engine/Plugins/Developer/Concert/ConcertScripting/ConcertReplicationScripting/ConcertReplicationScripting.uplugin" 726
"../../../Engine/Plugins/Developer/Concert/ConcertSync/ConcertSyncClient/ConcertSyncClient.uplugin" 727
"../../../Engine/Plugins/Editor/Localization/PortableObjectFileDataSource/PortableObjectFileDataSource.uplugin" 728
"../../../Engine/Plugins/Developer/Concert/ConcertUI/ConcertClientSharedSlate/ConcertClientSharedSlate.uplugin" 729
"../../../Engine/Plugins/Developer/Concert/ConcertInsights/ConcertInsightsCore/ConcertInsightsCore.uplugin" 730
"../../../Engine/Plugins/Developer/Concert/ConcertUI/ConcertSharedSlate/ConcertSharedSlate.uplugin" 731
"../../../Engine/Plugins/Developer/Concert/ConcertSync/ConcertSyncServer/ConcertSyncServer.uplugin" 732
"../../../Engine/Plugins/Developer/Concert/ConcertSync/ConcertSyncTest/ConcertSyncTest.uplugin" 733
"../../../Engine/Plugins/Developer/Concert/ConcertInsights/ConcertInsightsVisualizer/ConcertInsightsVisualizer.uplugin" 734
"../../../Engine/Plugins/Developer/Concert/ConcertInsights/ConcertInsightsServer/ConcertInsightsServer.uplugin" 735
"../../../Engine/Plugins/Runtime/AR/AppleAR/AppleARKitFaceSupport/AppleARKitFaceSupport.uplugin" 736
"../../../Engine/Plugins/Experimental/Animation/MLDeformer/DetailPoseModel/DetailPoseModel.uplugin" 737
"../../../Engine/Plugins/Runtime/USDCore/USDCore.uplugin" 738
"../../../Engine/Plugins/Runtime/IOSDeviceProfileSelector/IOSDeviceProfileSelector.uplugin" 739
"../../../Engine/Plugins/Developer/Concert/ConcertInsights/ConcertInsightsClient/ConcertInsightsClient.uplugin" 740
"../../../Engine/Plugins/Developer/Concert/ConcertSync/ConcertSyncCore/ConcertSyncCore.uplugin" 741
"../../../Engine/Plugins/Experimental/CharacterFXEditor/BaseCharacterFXEditor/BaseCharacterFXEditor.uplugin" 742
"../../../Engine/Plugins/Runtime/Steam/SteamShared/SteamShared.uplugin" 743
"../../../Engine/Plugins/Runtime/WindowsDeviceProfileSelector/WindowsDeviceProfileSelector.uplugin" 744
"../../../Engine/Platforms/Android/Plugins/RigLogic/RigLogic_Android.uplugin" 745
"../../../Engine/Platforms/Android/Plugins/Animation/ACLPlugin/ACLPlugin_Android.uplugin" 746
"../../../Engine/Platforms/IOS/Plugins/RigLogic/RigLogic_IOS.uplugin" 747
"../../../Engine/Content/Internationalization/icudt64l/cnvalias.icu" 748
"../../../Engine/Content/Internationalization/icudt64l/res_index.res" 749
"../../../Engine/Content/Internationalization/icudt64l/plurals.res" 750
"../../../Engine/Content/Internationalization/icudt64l/lang/en_GB.res" 751
"../../../Engine/Content/Internationalization/icudt64l/lang/pool.res" 752
"../../../Engine/Content/Internationalization/icudt64l/lang/en_001.res" 753
"../../../Engine/Content/Internationalization/icudt64l/lang/en.res" 754
"../../../Engine/Content/Internationalization/icudt64l/lang/root.res" 755
"../../../Engine/Content/Internationalization/icudt64l/region/en_GB.res" 756
"../../../Engine/Content/Internationalization/icudt64l/region/pool.res" 757
"../../../Engine/Content/Internationalization/icudt64l/region/en.res" 758
"../../../Engine/Content/Internationalization/icudt64l/region/root.res" 759
"../../../Engine/Content/Internationalization/icudt64l/windowsZones.res" 760
"../../../Engine/Content/Internationalization/icudt64l/zoneinfo64.res" 761
"../../../Engine/Content/Internationalization/icudt64l/keyTypeData.res" 762
"../../../Engine/Content/Internationalization/icudt64l/timezoneTypes.res" 763
"../../../Engine/Content/Internationalization/icudt64l/likelySubtags.res" 764
"../../../Engine/Content/Internationalization/icudt64l/en_GB.res" 765
"../../../Engine/Content/Internationalization/icudt64l/pool.res" 766
"../../../Engine/Content/Internationalization/icudt64l/en_001.res" 767
"../../../Engine/Content/Internationalization/icudt64l/en.res" 768
"../../../Engine/Content/Internationalization/icudt64l/root.res" 769
"../../../Engine/Content/Internationalization/icudt64l/supplementalData.res" 770
"../../../Engine/Config/ConfigRedirects.ini" 771
"C:/Users/phoni/AppData/Local/UnrealEngine/5.6/Saved/Config/WindowsEditor/Manifest.ini" 772
"../../../Engine/Config/BaseEngine.ini" 773
"../../../Engine/Config/Windows/BaseWindowsEngine.ini" 774
"D:/CodingProjects/Game Project/WeLeftTheLightsOn/Config/DefaultEngine.ini" 775
"D:/CodingProjects/Game Project/WeLeftTheLightsOn/Saved/Config/WindowsEditor/Engine.ini" 776
"../../../Engine/Config/BaseGame.ini" 777
"D:/CodingProjects/Game Project/WeLeftTheLightsOn/Config/DefaultGame.ini" 778
"../../../Engine/Config/Windows/WindowsGame.ini" 779
"D:/CodingProjects/Game Project/WeLeftTheLightsOn/Saved/Config/WindowsEditor/Game.ini" 780
"../../../Engine/Config/BaseInput.ini" 781
"../../../Engine/Config/Windows/BaseWindowsInput.ini" 782
"D:/CodingProjects/Game Project/WeLeftTheLightsOn/Config/DefaultInput.ini" 783
"../../../Engine/Config/Windows/WindowsInput.ini" 784
"../../../Engine/Config/BaseDeviceProfiles.ini" 785
"../../../Engine/Config/BaseGameUserSettings.ini" 786
"D:/CodingProjects/Game Project/WeLeftTheLightsOn/Saved/Config/WindowsEditor/GameUserSettings.ini" 787
"../../../Engine/Config/BaseScalability.ini" 788
"../../../Engine/Config/BaseRuntimeOptions.ini" 789
"../../../Engine/Config/BaseInstallBundle.ini" 790
"../../../Engine/Config/BaseHardware.ini" 791
"D:/CodingProjects/Game Project/WeLeftTheLightsOn/Config/DefaultGameplayTags.ini" 792
"../../../Engine/Config/BaseCompat.ini" 793
"../../../Engine/Config/BaseLightmass.ini" 794
"../../../Engine/Config/BaseEditor.ini" 795
"D:/CodingProjects/Game Project/WeLeftTheLightsOn/Config/DefaultEditor.ini" 796
"D:/CodingProjects/Game Project/WeLeftTheLightsOn/Saved/Config/WindowsEditor/Editor.ini" 797
"../../../Engine/Config/BaseMaterialExpressions.ini" 798
"../../../Engine/Config/BaseEditorPerProjectUserSettings.ini" 799
"D:/CodingProjects/Game Project/WeLeftTheLightsOn/Config/DefaultEditorPerProjectUserSettings.ini" 800
"../../../Engine/Config/Windows/WindowsEditorPerProjectUserSettings.ini" 801
"D:/CodingProjects/Game Project/WeLeftTheLightsOn/Saved/Config/WindowsEditor/EditorPerProjectUserSettings.ini" 802
"../../../Engine/Config/BaseEditorSettings.ini" 803
"../../../Engine/Config/Windows/WindowsEditorSettings.ini" 804
"C:/Users/phoni/AppData/Local/UnrealEngine/5.6/Saved/Config/WindowsEditor/EditorSettings.ini" 805
"../../../Engine/Config/BaseEditorKeyBindings.ini" 806
"C:/Users/phoni/AppData/Local/UnrealEngine/5.6/Saved/Config/WindowsEditor/EditorLayout.ini" 807
"D:/CodingProjects/Game Project/WeLeftTheLightsOn/Binaries/Win64/WeLeftTheLightsOn.target" 808
"../../../Engine/Config/Android/BaseAndroidEngine.ini" 809
"../../../Engine/Config/IOS/BaseIOSEngine.ini" 810
"../../../Engine/Config/Android/AndroidEngine.ini" 811
"../../../Engine/Config/Unix/UnixEngine.ini" 812
"../../../Engine/Config/Mac/BaseMacEngine.ini" 813
"../../../Engine/Binaries/Win64/BootstrapPackagedGame-Win64-Shipping.target" 814
"../../../Engine/Binaries/Win64/BuildPatchTool-Win64-Shipping.target" 815
"../../../Engine/Binaries/Win64/CrashReportClient-Win64-Shipping.target" 816
"../../../Engine/Config/Linux/BaseLinuxEngine.ini" 817
"../../../Engine/Binaries/Win64/CrashReportClientEditor-Win64-Shipping.target" 818
"../../../Engine/Platforms/VisionOS/Config/BaseVisionOSEngine.ini" 819
"../../../Engine/Config/TVOS/TVOSEngine.ini" 820
"../../../Engine/Binaries/Win64/DatasmithCADWorker.target" 821
"../../../Engine/Binaries/Win64/EpicWebHelper-Win64-Shipping.target" 822
"../../../Engine/Binaries/Win64/InterchangeWorker.target" 823
"../../../Engine/Binaries/Win64/LiveCodingConsole.target" 824
"../../../Engine/Config/Linux/LinuxEngine.ini" 825
"../../../Engine/Binaries/Win64/LiveLinkHub.target" 826
"../../../Engine/Platforms/VisionOS/Config/VisionOSEngine.ini" 827
"../../../Engine/Config/IOS/BaseIOSGame.ini" 828
"../../../Engine/Config/Android/BaseAndroidGame.ini" 829
"../../../Engine/Config/IOS/IOSGame.ini" 830
"../../../Engine/Config/Mac/MacGame.ini" 831
"../../../Engine/Config/Linux/LinuxGame.ini" 832
"../../../Engine/Config/Android/BaseAndroidInput.ini" 833
"../../../Engine/Config/Mac/BaseMacInput.ini" 834
"../../../Engine/Config/IOS/BaseIOSInput.ini" 835
"../../../Engine/Config/IOS/IOSScalability.ini" 836
"../../../Engine/Config/Android/AndroidScalability.ini" 837
"../../../Engine/Config/Android/BaseAndroidInstallBundle.ini" 838
"../../../Engine/Config/IOS/BaseIOSInstallBundle.ini" 839
"../../../Engine/Binaries/Win64/ShaderCompileWorker.target" 840
"../../../Engine/Binaries/Win64/SwitchboardListener.target" 841
"../../../Engine/Binaries/Win64/SwitchboardListenerHelper.target" 842
"../../../Engine/Binaries/Win64/UnrealEditor-Win64-DebugGame.target" 843
"../../../Engine/Binaries/Win64/UnrealEditor.target" 844
"../../../Engine/Config/PluginBase.ini" 845
"../../../Engine/Plugins/ChaosVD/Config/DefaultChaosVD.ini" 846
"../../../Engine/Plugins/EnhancedInput/Config/BaseEnhancedInput.ini" 847
"../../../Engine/Plugins/Fab/Config/BaseFab.ini" 848
"../../../Engine/Plugins/TraceUtilities/Config/BaseTraceUtilities.ini" 849
"../../../Engine/Plugins/Enterprise/GLTFExporter/Config/BaseGLTFExporter.ini" 850
"../../../Engine/Plugins/Enterprise/GLTFExporter/Config/DefaultGLTFExporter.ini" 851
"../../../Engine/Plugins/Enterprise/DatasmithContent/Config/BaseDatasmithContent.ini" 852
"../../../Engine/Plugins/Enterprise/VariantManagerContent/Config/BaseVariantManagerContent.ini" 853
"../../../Engine/Plugins/FX/Niagara/Config/BaseNiagara.ini" 854
"../../../Engine/Plugins/Interchange/Assets/Config/BaseInterchangeAssets.ini" 855
"../../../Engine/Plugins/Interchange/Runtime/Config/BaseInterchange.ini" 856
"../../../Engine/Plugins/VirtualProduction/CameraCalibrationCore/Config/BaseCameraCalibrationCore.ini" 857
"../../../Engine/Plugins/VirtualProduction/Takes/Config/BaseTakes.ini" 858
"../../../Engine/Plugins/MetaHuman/MetaHumanSDK/Config/BaseMetaHumanSDK.ini" 859
"../../../Engine/Plugins/2D/Paper2D/Config/BasePaper2D.ini" 860
"../../../Engine/Plugins/Animation/ControlRig/Config/BaseControlRig.ini" 861
"../../../Engine/Plugins/Animation/DeformerGraph/Config/BaseDeformerGraph.ini" 862
"../../../Engine/Plugins/Animation/IKRig/Config/BaseIKRig.ini" 863
"../../../Engine/Plugins/Cameras/GameplayCameras/Config/BaseGameplayCameras.ini" 864
"../../../Engine/Plugins/Editor/EditorScriptingUtilities/Config/BaseEditorScriptingUtilities.ini" 865
"../../../Engine/Plugins/Experimental/FullBodyIK/Config/BaseFullBodyIK.ini" 866
"../../../Engine/Plugins/Experimental/ToolPresets/Config/BaseToolPresets.ini" 867
"../../../Engine/Plugins/Runtime/CommonUI/Config/BaseCommonUI.ini" 868
"../../../Engine/Plugins/Runtime/GameplayStateTree/Config/BaseGameplayStateTree.ini" 869
"../../../Engine/Plugins/Runtime/HairStrands/Config/BaseHairStrands.ini" 870
"../../../Engine/Plugins/Runtime/Metasound/Config/BaseMetasound.ini" 871
"../../../Engine/Plugins/Runtime/Metasound/Config/DefaultMetasound.ini" 872
"../../../Engine/Plugins/Runtime/PropertyBindingUtils/Config/BasePropertyBindingUtils.ini" 873
"../../../Engine/Plugins/Runtime/RigVM/Config/BaseRigVM.ini" 874
"../../../Engine/Plugins/Runtime/StateTree/Config/BaseStateTree.ini" 875
"../../../Engine/Plugins/Runtime/Synthesis/Config/BaseSynthesis.ini" 876
"../../../Engine/Plugins/Experimental/Compositing/CompositeCore/Config/BaseCompositeCore.ini" 877
"../../../Engine/Plugins/ChaosVD/Config/Engine.ini" 878
"../../../Engine/Plugins/EnhancedInput/Config/Input.ini" 879
"../../../Engine/Plugins/Runtime/InputDebugging/Config/Input.ini" 880
"../../../Engine/Plugins/Runtime/Windows/XInputDevice/Config/Input.ini" 881
"../../../Engine/Plugins/NNE/NNEDenoiser/Config/Game.ini" 882
"../../../Engine/Plugins/Online/OnlineSubsystemUtils/Config/Editor.ini" 883
"../../../Engine/Plugins/Runtime/RigVM/Config/Editor.ini" 884
"../../../Engine/Plugins/Editor/ModelingToolsEditorMode/Binaries/Win64/UnrealEditor.modules" 885
"../../../Engine/Plugins/Runtime/MeshModelingToolset/Binaries/Win64/UnrealEditor.modules" 886
"../../../Engine/Plugins/Experimental/MeshModelingToolsetExp/Binaries/Win64/UnrealEditor.modules" 887
"../../../Engine/Plugins/Editor/MeshLODToolset/Binaries/Win64/UnrealEditor.modules" 888
"../../../Engine/Plugins/Experimental/ToolPresets/Binaries/Win64/UnrealEditor.modules" 889
"../../../Engine/Plugins/Editor/StylusInput/Binaries/Win64/UnrealEditor.modules" 890
"../../../Engine/Plugins/Runtime/GeometryProcessing/Binaries/Win64/UnrealEditor.modules" 891
"../../../Engine/Plugins/Editor/ProxyLODPlugin/Binaries/Win64/UnrealEditor.modules" 892
"../../../Engine/Plugins/Experimental/PlanarCutPlugin/Binaries/Win64/UnrealEditor.modules" 893
"../../../Engine/Plugins/Runtime/GeometryCache/Binaries/Win64/UnrealEditor.modules" 894
"../../../Engine/Plugins/Experimental/GeometryFlow/Binaries/Win64/UnrealEditor.modules" 895
"../../../Engine/Plugins/Editor/EditorScriptingUtilities/Binaries/Win64/UnrealEditor.modules" 896
"../../../Engine/Plugins/FX/Niagara/Binaries/Win64/UnrealEditor.modules" 897
"../../../Engine/Plugins/Experimental/PythonScriptPlugin/Binaries/Win64/UnrealEditor.modules" 898
"../../../Engine/Plugins/Editor/ContentBrowser/ContentBrowserFileDataSource/Binaries/Win64/UnrealEditor.modules" 899
"../../../Engine/Plugins/Runtime/GameplayStateTree/Binaries/Win64/UnrealEditor.modules" 900
"../../../Engine/Plugins/Runtime/StateTree/Binaries/Win64/UnrealEditor.modules" 901
"../../../Engine/Plugins/Animation/GameplayInsights/Binaries/Win64/UnrealEditor.modules" 902
"../../../Engine/Plugins/Runtime/PropertyAccess/Binaries/Win64/UnrealEditor.modules" 903
"../../../Engine/Plugins/Runtime/PropertyBindingUtils/Binaries/Win64/UnrealEditor.modules" 904
"../../../Engine/Plugins/Runtime/CommonUI/Binaries/Win64/UnrealEditor.modules" 905
"../../../Engine/Plugins/Editor/GameplayTagsEditor/Binaries/Win64/UnrealEditor.modules" 906
"../../../Engine/Plugins/EnhancedInput/Binaries/Win64/UnrealEditor.modules" 907
"../../../Engine/Plugins/Editor/DataValidation/Binaries/Win64/UnrealEditor.modules" 908
"../../../Engine/Plugins/Experimental/Water/Binaries/Win64/UnrealEditor.modules" 909
"../../../Engine/Plugins/Experimental/Landmass/Binaries/Win64/UnrealEditor.modules" 910
"../../../Engine/Plugins/Editor/BlueprintMaterialTextureNodes/Binaries/Win64/UnrealEditor.modules" 911
"../../../Engine/Plugins/Bridge/Binaries/Win64/UnrealEditor.modules" 912
"../../../Engine/Plugins/MetaHuman/MetaHumanSDK/Binaries/Win64/UnrealEditor.modules" 913
"../../../Engine/Plugins/Animation/ControlRig/Binaries/Win64/UnrealEditor.modules" 914
"../../../Engine/Plugins/Runtime/HairStrands/Binaries/Win64/UnrealEditor.modules" 915
"../../../Engine/Plugins/Animation/RigLogic/Binaries/Win64/UnrealEditor.modules" 916
"../../../Engine/Plugins/Online/EOSShared/Binaries/Win64/UnrealEditor.modules" 917
"../../../Engine/Plugins/Runtime/RigVM/Binaries/Win64/UnrealEditor.modules" 918
"../../../Engine/Plugins/MovieScene/LevelSequenceEditor/Binaries/Win64/UnrealEditor.modules" 919
"../../../Engine/Plugins/MovieScene/SequencerScripting/Binaries/Win64/UnrealEditor.modules" 920
"../../../Engine/Plugins/Animation/TweeningUtils/Binaries/Win64/UnrealEditor.modules" 921
"../../../Engine/Plugins/Animation/DeformerGraph/Binaries/Win64/UnrealEditor.modules" 922
"../../../Engine/Plugins/Experimental/Dataflow/Binaries/Win64/UnrealEditor.modules" 923
"../../../Engine/Plugins/Runtime/ComputeFramework/Binaries/Win64/UnrealEditor.modules" 924
"../../../Engine/Plugins/Experimental/CharacterFXEditor/BaseCharacterFXEditor/Binaries/Win64/UnrealEditor.modules" 925
"../../../Engine/Plugins/Runtime/ProceduralMeshComponent/Binaries/Win64/UnrealEditor.modules" 926
"../../../Engine/Plugins/Experimental/ChaosCaching/Binaries/Win64/UnrealEditor.modules" 927
"../../../Engine/Plugins/Experimental/EditorDataStorage/Binaries/Win64/UnrealEditor.modules" 928
"../../../Engine/Plugins/Experimental/EditorDataStorageFeatures/Binaries/Win64/UnrealEditor.modules" 929
"../../../Engine/Plugins/VirtualProduction/Takes/Binaries/Win64/UnrealEditor.modules" 930
"../../../Engine/Plugins/Runtime/AudioCapture/Binaries/Win64/UnrealEditor.modules" 931
"../../../Engine/Plugins/Developer/NamingTokens/Binaries/Win64/UnrealEditor.modules" 932
"../../../Engine/Plugins/Editor/EngineAssetDefinitions/Binaries/Win64/UnrealEditor.modules" 933
"../../../Engine/Plugins/ChaosCloth/Binaries/Win64/UnrealEditor.modules" 934
"../../../Engine/Plugins/ChaosInsights/Binaries/Win64/UnrealEditor.modules" 935
"../../../Engine/Plugins/ChaosVD/Binaries/Win64/UnrealEditor.modules" 936
"../../../Engine/Plugins/CmdLinkServer/Binaries/Win64/UnrealEditor.modules" 937
"../../../Engine/Plugins/Fab/Binaries/Win64/UnrealEditor.modules" 938
"../../../Engine/Plugins/Interchange/Runtime/Binaries/Win64/UnrealEditor.modules" 939
"../../../Engine/Plugins/Enterprise/VariantManagerContent/Binaries/Win64/UnrealEditor.modules" 940
"../../../Engine/Plugins/Enterprise/VariantManager/Binaries/Win64/UnrealEditor.modules" 941
"../../../Engine/Plugins/Interchange/Assets/Binaries/Win64/UnrealEditor.modules" 942
"../../../Engine/Plugins/FastBuildController/Binaries/Win64/UnrealEditor.modules" 943
"../../../Engine/Plugins/IoStoreInsights/Binaries/Win64/UnrealEditor.modules" 944
"../../../Engine/Plugins/MassInsights/Binaries/Win64/UnrealEditor.modules" 945
"../../../Engine/Plugins/MeshPainting/Binaries/Win64/UnrealEditor.modules" 946
"../../../Engine/Plugins/Interchange/Editor/Binaries/Win64/UnrealEditor.modules" 947
"../../../Engine/Plugins/RenderGraphInsights/Binaries/Win64/UnrealEditor.modules" 948
"../../../Engine/Plugins/TraceUtilities/Binaries/Win64/UnrealEditor.modules" 949
"../../../Engine/Plugins/UbaController/Binaries/Win64/UnrealEditor.modules" 950
"../../../Engine/Plugins/XGEController/Binaries/Win64/UnrealEditor.modules" 951
"../../../Engine/Plugins/WorldMetrics/Binaries/Win64/UnrealEditor.modules" 952
"../../../Engine/Plugins/Developer/AnimationSharing/Binaries/Win64/UnrealEditor.modules" 953
"../../../Engine/Plugins/Runtime/SignificanceManager/Binaries/Win64/UnrealEditor.modules" 954
"../../../Engine/Plugins/Developer/CLionSourceCodeAccess/Binaries/Win64/UnrealEditor.modules" 955
"../../../Engine/Plugins/Developer/DumpGPUServices/Binaries/Win64/UnrealEditor.modules" 956
"../../../Engine/Plugins/Developer/GitSourceControl/Binaries/Win64/UnrealEditor.modules" 957
"../../../Engine/Plugins/Developer/N10XSourceCodeAccess/Binaries/Win64/UnrealEditor.modules" 958
"../../../Engine/Plugins/Developer/PixWinPlugin/Binaries/Win64/UnrealEditor.modules" 959
"../../../Engine/Plugins/Developer/PerforceSourceControl/Binaries/Win64/UnrealEditor.modules" 960
"../../../Engine/Plugins/Developer/PlasticSourceControl/Binaries/Win64/UnrealEditor.modules" 961
"../../../Engine/Plugins/Developer/PluginUtils/Binaries/Win64/UnrealEditor.modules" 962
"../../../Engine/Plugins/Developer/ProjectLauncher/Binaries/Win64/UnrealEditor.modules" 963
"../../../Engine/Plugins/Developer/PropertyAccessNode/Binaries/Win64/UnrealEditor.modules" 964
"../../../Engine/Plugins/Developer/RenderDocPlugin/Binaries/Win64/UnrealEditor.modules" 965
"../../../Engine/Plugins/Developer/RiderSourceCodeAccess/Binaries/Win64/UnrealEditor.modules" 966
"../../../Engine/Plugins/Developer/SubversionSourceControl/Binaries/Win64/UnrealEditor.modules" 967
"../../../Engine/Plugins/Developer/TextureFormatOodle/Binaries/Win64/UnrealEditor.modules" 968
"../../../Engine/Plugins/Developer/UObjectPlugin/Binaries/Win64/UnrealEditor.modules" 969
"../../../Engine/Plugins/Developer/VisualStudioCodeSourceCodeAccess/Binaries/Win64/UnrealEditor.modules" 970
"../../../Engine/Plugins/Developer/VisualStudioSourceCodeAccess/Binaries/Win64/UnrealEditor.modules" 971
"../../../Engine/Plugins/Enterprise/GLTFExporter/Binaries/Win64/UnrealEditor.modules" 972
"../../../Engine/Plugins/Enterprise/DatasmithContent/Binaries/Win64/UnrealEditor.modules" 973
"../../../Engine/Plugins/FX/Cascade/Binaries/Win64/UnrealEditor.modules" 974
"../../../Engine/Plugins/FX/NiagaraSimCaching/Binaries/Win64/UnrealEditor.modules" 975
"../../../Engine/Plugins/MovieScene/ActorSequence/Binaries/Win64/UnrealEditor.modules" 976
"../../../Engine/Plugins/NNE/NNEDenoiser/Binaries/Win64/UnrealEditor.modules" 977
"../../../Engine/Plugins/NNE/NNERuntimeORT/Binaries/Win64/UnrealEditor.modules" 978
"../../../Engine/Plugins/Portal/LauncherChunkInstaller/Binaries/Win64/UnrealEditor.modules" 979
"../../../Engine/Plugins/Importers/AlembicImporter/Binaries/Win64/UnrealEditor.modules" 980
"../../../Engine/Plugins/Media/AndroidMedia/Binaries/Win64/UnrealEditor.modules" 981
"../../../Engine/Plugins/Media/AvfMedia/Binaries/Win64/UnrealEditor.modules" 982
"../../../Engine/Plugins/Media/ImgMedia/Binaries/Win64/UnrealEditor.modules" 983
"../../../Engine/Plugins/Media/MediaPlayerEditor/Binaries/Win64/UnrealEditor.modules" 984
"../../../Engine/Plugins/Media/MediaCompositing/Binaries/Win64/UnrealEditor.modules" 985
"../../../Engine/Plugins/Media/MediaPlate/Binaries/Win64/UnrealEditor.modules" 986
"../../../Engine/Plugins/Experimental/Compositing/CompositeCore/Binaries/Win64/UnrealEditor.modules" 987
"../../../Engine/Plugins/Media/WmfMedia/Binaries/Win64/UnrealEditor.modules" 988
"../../../Engine/Plugins/Online/OnlineBase/Binaries/Win64/UnrealEditor.modules" 989
"../../../Engine/Plugins/Online/OnlineSubsystem/Binaries/Win64/UnrealEditor.modules" 990
"../../../Engine/Plugins/Online/OnlineSubsystemNull/Binaries/Win64/UnrealEditor.modules" 991
"../../../Engine/Plugins/Online/OnlineSubsystemUtils/Binaries/Win64/UnrealEditor.modules" 992
"../../../Engine/Plugins/Online/OnlineServices/Binaries/Win64/UnrealEditor.modules" 993
"../../../Engine/Plugins/2D/Paper2D/Binaries/Win64/UnrealEditor.modules" 994
"../../../Engine/Plugins/Tests/InterchangeTests/Binaries/Win64/UnrealEditor.modules" 995
"../../../Engine/Plugins/AI/AISupport/Binaries/Win64/UnrealEditor.modules" 996
"../../../Engine/Plugins/AI/EnvironmentQueryEditor/Binaries/Win64/UnrealEditor.modules" 997
"../../../Engine/Plugins/Animation/AnimationData/Binaries/Win64/UnrealEditor.modules" 998
"../../../Engine/Plugins/Animation/ACLPlugin/Binaries/Win64/UnrealEditor.modules" 999
"../../../Engine/Plugins/Animation/AnimationModifierLibrary/Binaries/Win64/UnrealEditor.modules" 1000
"../../../Engine/Plugins/Animation/BlendSpaceMotionAnalysis/Binaries/Win64/UnrealEditor.modules" 1001
"../../../Engine/Plugins/Animation/ControlRigSpline/Binaries/Win64/UnrealEditor.modules" 1002
"../../../Engine/Plugins/Animation/IKRig/Binaries/Win64/UnrealEditor.modules" 1003
"../../../Engine/Plugins/Experimental/FullBodyIK/Binaries/Win64/UnrealEditor.modules" 1004
"../../../Engine/Plugins/Cameras/CameraShakePreviewer/Binaries/Win64/UnrealEditor.modules" 1005
"../../../Engine/Plugins/Cameras/GameplayCameras/Binaries/Win64/UnrealEditor.modules" 1006
"../../../Engine/Plugins/VirtualProduction/CameraCalibrationCore/Binaries/Win64/UnrealEditor.modules" 1007
"../../../Engine/Plugins/MovieScene/TemplateSequence/Binaries/Win64/UnrealEditor.modules" 1008
"../../../Engine/Plugins/Cameras/EngineCameras/Binaries/Win64/UnrealEditor.modules" 1009
"../../../Engine/Plugins/Compression/OodleNetwork/Binaries/Win64/UnrealEditor.modules" 1010
"../../../Engine/Plugins/Editor/AssetManagerEditor/Binaries/Win64/UnrealEditor.modules" 1011
"../../../Engine/Plugins/Editor/ContentBrowser/ContentBrowserAssetDataSource/Binaries/Win64/UnrealEditor.modules" 1012
"../../../Engine/Plugins/Animation/SkeletalMeshModelingTools/Binaries/Win64/UnrealEditor.modules" 1013
"../../../Engine/Plugins/Editor/ColorGrading/Binaries/Win64/UnrealEditor.modules" 1014
"../../../Engine/Plugins/Editor/ObjectMixer/ObjectMixer/Binaries/Win64/UnrealEditor.modules" 1015
"../../../Engine/Plugins/Editor/ChangelistReview/Binaries/Win64/UnrealEditor.modules" 1016
"../../../Engine/Plugins/Editor/BlueprintHeaderView/Binaries/Win64/UnrealEditor.modules" 1017
"../../../Engine/Plugins/Editor/CryptoKeys/Binaries/Win64/UnrealEditor.modules" 1018
"../../../Engine/Plugins/Editor/EditorDebugTools/Binaries/Win64/UnrealEditor.modules" 1019
"../../../Engine/Plugins/Editor/CurveEditorTools/Binaries/Win64/UnrealEditor.modules" 1020
"../../../Engine/Plugins/Editor/FacialAnimation/Binaries/Win64/UnrealEditor.modules" 1021
"../../../Engine/Plugins/Editor/GeometryMode/Binaries/Win64/UnrealEditor.modules" 1022
"../../../Engine/Plugins/Editor/MaterialAnalyzer/Binaries/Win64/UnrealEditor.modules" 1023
"../../../Engine/Plugins/Editor/MobileLauncherProfileWizard/Binaries/Win64/UnrealEditor.modules" 1024
"../../../Engine/Plugins/Editor/PluginBrowser/Binaries/Win64/UnrealEditor.modules" 1025
"../../../Engine/Plugins/Editor/SpeedTreeImporter/Binaries/Win64/UnrealEditor.modules" 1026
"../../../Engine/Plugins/Editor/SequencerAnimTools/Binaries/Win64/UnrealEditor.modules" 1027
"../../../Engine/Plugins/Editor/UMGWidgetPreview/Binaries/Win64/UnrealEditor.modules" 1028
"../../../Engine/Plugins/Experimental/AdvancedRenamer/Binaries/Win64/UnrealEditor.modules" 1029
"../../../Engine/Plugins/Editor/WorldPartitionHLODUtilities/Binaries/Win64/UnrealEditor.modules" 1030
"../../../Engine/Plugins/Editor/UVEditor/Binaries/Win64/UnrealEditor.modules" 1031
"../../../Engine/Plugins/Experimental/BackChannel/Binaries/Win64/UnrealEditor.modules" 1032
"../../../Engine/Plugins/Experimental/AutomationUtils/Binaries/Win64/UnrealEditor.modules" 1033
"../../../Engine/Plugins/Experimental/ChaosEditor/Binaries/Win64/UnrealEditor.modules" 1034
"../../../Engine/Plugins/Experimental/GeometryCollectionPlugin/Binaries/Win64/UnrealEditor.modules" 1035
"../../../Engine/Plugins/Experimental/Fracture/Binaries/Win64/UnrealEditor.modules" 1036
"../../../Engine/Plugins/Experimental/ChaosSolverPlugin/Binaries/Win64/UnrealEditor.modules" 1037
"../../../Engine/Plugins/Experimental/GeometryDataflow/Binaries/Win64/UnrealEditor.modules" 1038
"../../../Engine/Plugins/Experimental/ChaosNiagara/Binaries/Win64/UnrealEditor.modules" 1039
"../../../Engine/Plugins/Experimental/ChaosUserDataPT/Binaries/Win64/UnrealEditor.modules" 1040
"../../../Engine/Plugins/Experimental/CharacterAI/Binaries/Win64/UnrealEditor.modules" 1041
"../../../Engine/Plugins/Experimental/EditorPerformance/Binaries/Win64/UnrealEditor.modules" 1042
"../../../Engine/Plugins/Experimental/EditorTelemetry/Binaries/Win64/UnrealEditor.modules" 1043
"../../../Engine/Plugins/Experimental/LevelSequenceNavigatorBridge/Binaries/Win64/UnrealEditor.modules" 1044
"../../../Engine/Plugins/Experimental/SequenceNavigator/Binaries/Win64/UnrealEditor.modules" 1045
"../../../Engine/Plugins/Experimental/LocalizableMessage/Binaries/Win64/UnrealEditor.modules" 1046
"../../../Engine/Plugins/Experimental/NFORDenoise/Binaries/Win64/UnrealEditor.modules" 1047
"../../../Engine/Plugins/Experimental/PlatformCrypto/Binaries/Win64/UnrealEditor.modules" 1048
"../../../Engine/Plugins/Experimental/RuntimeTelemetry/Binaries/Win64/UnrealEditor.modules" 1049
"../../../Engine/Plugins/Experimental/SkeletalReduction/Binaries/Win64/UnrealEditor.modules" 1050
"../../../Engine/Plugins/Messaging/TcpMessaging/Binaries/Win64/UnrealEditor.modules" 1051
"../../../Engine/Plugins/Messaging/UdpMessaging/Binaries/Win64/UnrealEditor.modules" 1052
"../../../Engine/Plugins/Runtime/ActorLayerUtilities/Binaries/Win64/UnrealEditor.modules" 1053
"../../../Engine/Plugins/Runtime/AndroidFileServer/Binaries/Win64/UnrealEditor.modules" 1054
"../../../Engine/Plugins/Runtime/AndroidDeviceProfileSelector/Binaries/Win64/UnrealEditor.modules" 1055
"../../../Engine/Plugins/Runtime/AppleImageUtils/Binaries/Win64/UnrealEditor.modules" 1056
"../../../Engine/Plugins/Runtime/AndroidPermission/Binaries/Win64/UnrealEditor.modules" 1057
"../../../Engine/Plugins/Runtime/AssetTags/Binaries/Win64/UnrealEditor.modules" 1058
"../../../Engine/Plugins/Runtime/ArchVisCharacter/Binaries/Win64/UnrealEditor.modules" 1059
"../../../Engine/Plugins/Runtime/CableComponent/Binaries/Win64/UnrealEditor.modules" 1060
"../../../Engine/Plugins/Runtime/ChunkDownloader/Binaries/Win64/UnrealEditor.modules" 1061
"../../../Engine/Plugins/Runtime/CustomMeshComponent/Binaries/Win64/UnrealEditor.modules" 1062
"../../../Engine/Plugins/Runtime/ExampleDeviceProfileSelector/Binaries/Win64/UnrealEditor.modules" 1063
"../../../Engine/Plugins/Runtime/GooglePAD/Binaries/Win64/UnrealEditor.modules" 1064
"../../../Engine/Plugins/Runtime/InputDebugging/Binaries/Win64/UnrealEditor.modules" 1065
"../../../Engine/Plugins/Runtime/LocationServicesBPLibrary/Binaries/Win64/UnrealEditor.modules" 1066
"../../../Engine/Plugins/Runtime/Metasound/Binaries/Win64/UnrealEditor.modules" 1067
"../../../Engine/Plugins/Runtime/AudioWidgets/Binaries/Win64/UnrealEditor.modules" 1068
"../../../Engine/Plugins/Runtime/AudioSynesthesia/Binaries/Win64/UnrealEditor.modules" 1069
"../../../Engine/Plugins/Runtime/WaveTable/Binaries/Win64/UnrealEditor.modules" 1070
"../../../Engine/Plugins/Runtime/MobilePatchingUtils/Binaries/Win64/UnrealEditor.modules" 1071
"../../../Engine/Plugins/Runtime/MsQuic/Binaries/Win64/UnrealEditor.modules" 1072
"../../../Engine/Plugins/Runtime/ResonanceAudio/Binaries/Win64/UnrealEditor.modules" 1073
"../../../Engine/Plugins/Runtime/SoundFields/Binaries/Win64/UnrealEditor.modules" 1074
"../../../Engine/Plugins/Runtime/Synthesis/Binaries/Win64/UnrealEditor.modules" 1075
"../../../Engine/Plugins/Runtime/WebMMoviePlayer/Binaries/Win64/UnrealEditor.modules" 1076
"../../../Engine/Plugins/Media/WebMMedia/Binaries/Win64/UnrealEditor.modules" 1077
"../../../Engine/Plugins/Runtime/WindowsDeviceProfileSelector/Binaries/Win64/UnrealEditor.modules" 1078
"../../../Engine/Plugins/Runtime/WindowsMoviePlayer/Binaries/Win64/UnrealEditor.modules" 1079
"../../../Engine/Plugins/Editor/ContentBrowser/ContentBrowserClassDataSource/Binaries/Win64/UnrealEditor.modules" 1080
"../../../Engine/Plugins/Editor/Localization/PortableObjectFileDataSource/Binaries/Win64/UnrealEditor.modules" 1081
"../../../Engine/Plugins/Runtime/Windows/XInputDevice/Binaries/Win64/UnrealEditor.modules" 1082
"../../../Engine/Plugins/Editor/ObjectMixer/LightMixer/Binaries/Win64/UnrealEditor.modules" 1083
"../../../Engine/Config/BaseSourceControlSettings.ini" 1084
"C:/Users/phoni/AppData/Local/UnrealEngine/5.6/Saved/Config/WindowsEditor/SourceControlSettings.ini" 1085
"D:/CodingProjects/Game Project/WeLeftTheLightsOn/Saved/Config/WindowsEditor/SourceControlSettings.ini" 1086
"../../../Engine/Content/Internationalization/icudt64l/coll/ucadata.icu" 1087
"../../../Engine/Content/Internationalization/icudt64l/coll/en.res" 1088
"../../../Engine/Content/Internationalization/icudt64l/coll/root.res" 1089
"../../../Engine/Content/Certificates/ThirdParty/cacert.pem" 1090
"../../../Engine/Config/ConsoleVariables.ini" 1091
"../../../Engine/Binaries/Win64/Android/UnrealEditor.modules" 1092
"../../../Engine/Binaries/Win64/IOS/UnrealEditor.modules" 1093
"../../../Engine/Binaries/Win64/Linux/UnrealEditor.modules" 1094
"../../../Engine/Content/Localization/Editor/en/Editor.locres" 1095
"../../../Engine/Content/Localization/EditorTutorials/en/EditorTutorials.locres" 1096
"../../../Engine/Content/Localization/Keywords/en/Keywords.locres" 1097
"../../../Engine/Content/Localization/Category/en/Category.locres" 1098
"../../../Engine/Content/Localization/ToolTips/en/ToolTips.locres" 1099
"../../../Engine/Content/Localization/PropertyNames/en/PropertyNames.locres" 1100
"../../../Engine/Content/Localization/Engine/en/Engine.locres" 1101
"../../../Engine/Plugins/MetaHuman/MetaHumanSDK/Content/Localization/MetaHumanSDK/en/MetaHumanSDK.locres" 1102
"../../../Engine/Plugins/Online/OnlineSubsystem/Content/Localization/OnlineSubsystem/en/OnlineSubsystem.locres" 1103
"../../../Engine/Plugins/Online/OnlineSubsystemUtils/Content/Localization/OnlineSubsystemUtils/en/OnlineSubsystemUtils.locres" 1104
"../../../Engine/Plugins/Online/IOS/OnlineSubsystemIOS/Content/Localization/OnlineSubsystemIOS/en/OnlineSubsystemIOS.locres" 1105
"../../../Engine/Plugins/Online/Android/OnlineSubsystemGooglePlay/Content/Localization/OnlineSubsystemGooglePlay/en/OnlineSubsystemGooglePlay.locres" 1106
"../../../Engine/Content/Internationalization/icudt64l/numberingSystems.res" 1107
"../../../Engine/Content/Internationalization/icudt64l/curr/supplementalData.res" 1108
"../../../Engine/Content/Internationalization/icudt64l/curr/en_GB.res" 1109
"../../../Engine/Content/Internationalization/icudt64l/curr/pool.res" 1110
"../../../Engine/Content/Internationalization/icudt64l/curr/en_001.res" 1111
"../../../Engine/Content/Internationalization/icudt64l/curr/en.res" 1112
"../../../Engine/Content/Internationalization/icudt64l/curr/root.res" 1113
"../../../Engine/Content/Internationalization/icudt64l/lang/af.res" 1114
"../../../Engine/Content/Internationalization/icudt64l/region/af.res" 1115
"../../../Engine/Content/Internationalization/icudt64l/lang/agq.res" 1116
"../../../Engine/Content/Internationalization/icudt64l/region/agq.res" 1117
"../../../Engine/Content/Internationalization/icudt64l/lang/ak.res" 1118
"../../../Engine/Content/Internationalization/icudt64l/region/ak.res" 1119
"../../../Engine/Content/Internationalization/icudt64l/lang/am.res" 1120
"../../../Engine/Content/Internationalization/icudt64l/region/am.res" 1121
"../../../Engine/Content/Internationalization/icudt64l/lang/ar.res" 1122
"../../../Engine/Content/Internationalization/icudt64l/region/ar.res" 1123
"../../../Engine/Content/Internationalization/icudt64l/region/ar_AE.res" 1124
"../../../Engine/Content/Internationalization/icudt64l/lang/ar_EG.res" 1125
"../../../Engine/Content/Internationalization/icudt64l/lang/ar_LY.res" 1126
"../../../Engine/Content/Internationalization/icudt64l/region/ar_LY.res" 1127
"../../../Engine/Content/Internationalization/icudt64l/lang/ar_SA.res" 1128
"../../../Engine/Content/Internationalization/icudt64l/region/ar_SA.res" 1129
"../../../Engine/Content/Internationalization/icudt64l/lang/as.res" 1130
"../../../Engine/Content/Internationalization/icudt64l/region/as.res" 1131
"../../../Engine/Content/Internationalization/icudt64l/lang/asa.res" 1132
"../../../Engine/Content/Internationalization/icudt64l/region/asa.res" 1133
"../../../Engine/Content/Internationalization/icudt64l/lang/ast.res" 1134
"../../../Engine/Content/Internationalization/icudt64l/region/ast.res" 1135
"../../../Engine/Content/Internationalization/icudt64l/lang/az.res" 1136
"../../../Engine/Content/Internationalization/icudt64l/lang/az_Cyrl.res" 1137
"../../../Engine/Content/Internationalization/icudt64l/lang/az_AZ.res" 1138
"../../../Engine/Content/Internationalization/icudt64l/lang/az_Latn_AZ.res" 1139
"../../../Engine/Content/Internationalization/icudt64l/lang/az_Latn.res" 1140
"../../../Engine/Content/Internationalization/icudt64l/region/az_AZ.res" 1141
"../../../Engine/Content/Internationalization/icudt64l/region/az_Latn_AZ.res" 1142
"../../../Engine/Content/Internationalization/icudt64l/region/az_Latn.res" 1143
"../../../Engine/Content/Internationalization/icudt64l/region/az.res" 1144
"../../../Engine/Content/Internationalization/icudt64l/region/az_Cyrl.res" 1145
"../../../Engine/Content/Internationalization/icudt64l/lang/bas.res" 1146
"../../../Engine/Content/Internationalization/icudt64l/region/bas.res" 1147
"../../../Engine/Content/Internationalization/icudt64l/lang/be.res" 1148
"../../../Engine/Content/Internationalization/icudt64l/region/be.res" 1149
"../../../Engine/Content/Internationalization/icudt64l/lang/bem.res" 1150
"../../../Engine/Content/Internationalization/icudt64l/region/bem.res" 1151
"../../../Engine/Content/Internationalization/icudt64l/lang/bez.res" 1152
"../../../Engine/Content/Internationalization/icudt64l/region/bez.res" 1153
"../../../Engine/Content/Internationalization/icudt64l/lang/bg.res" 1154
"../../../Engine/Content/Internationalization/icudt64l/region/bg.res" 1155
"../../../Engine/Content/Internationalization/icudt64l/lang/bm.res" 1156
"../../../Engine/Content/Internationalization/icudt64l/region/bm.res" 1157
"../../../Engine/Content/Internationalization/icudt64l/lang/bn.res" 1158
"../../../Engine/Content/Internationalization/icudt64l/region/bn.res" 1159
"../../../Engine/Content/Internationalization/icudt64l/lang/bn_IN.res" 1160
"../../../Engine/Content/Internationalization/icudt64l/region/bn_IN.res" 1161
"../../../Engine/Content/Internationalization/icudt64l/lang/bo.res" 1162
"../../../Engine/Content/Internationalization/icudt64l/region/bo.res" 1163
"../../../Engine/Content/Internationalization/icudt64l/region/bo_IN.res" 1164
"../../../Engine/Content/Internationalization/icudt64l/lang/br.res" 1165
"../../../Engine/Content/Internationalization/icudt64l/region/br.res" 1166
"../../../Engine/Content/Internationalization/icudt64l/lang/brx.res" 1167
"../../../Engine/Content/Internationalization/icudt64l/region/brx.res" 1168
"../../../Engine/Content/Internationalization/icudt64l/lang/bs.res" 1169
"../../../Engine/Content/Internationalization/icudt64l/lang/bs_Cyrl.res" 1170
"../../../Engine/Content/Internationalization/icudt64l/lang/bs_BA.res" 1171
"../../../Engine/Content/Internationalization/icudt64l/lang/bs_Latn_BA.res" 1172
"../../../Engine/Content/Internationalization/icudt64l/lang/bs_Latn.res" 1173
"../../../Engine/Content/Internationalization/icudt64l/region/bs_BA.res" 1174
"../../../Engine/Content/Internationalization/icudt64l/region/bs_Latn_BA.res" 1175
"../../../Engine/Content/Internationalization/icudt64l/region/bs_Latn.res" 1176
"../../../Engine/Content/Internationalization/icudt64l/region/bs.res" 1177
"../../../Engine/Content/Internationalization/icudt64l/region/bs_Cyrl.res" 1178
"../../../Engine/Content/Internationalization/icudt64l/lang/ca.res" 1179
"../../../Engine/Content/Internationalization/icudt64l/region/ca.res" 1180
"../../../Engine/Content/Internationalization/icudt64l/lang/ccp.res" 1181
"../../../Engine/Content/Internationalization/icudt64l/region/ccp.res" 1182
"../../../Engine/Content/Internationalization/icudt64l/lang/ce.res" 1183
"../../../Engine/Content/Internationalization/icudt64l/region/ce.res" 1184
"../../../Engine/Content/Internationalization/icudt64l/lang/ceb.res" 1185
"../../../Engine/Content/Internationalization/icudt64l/region/ceb.res" 1186
"../../../Engine/Content/Internationalization/icudt64l/lang/cgg.res" 1187
"../../../Engine/Content/Internationalization/icudt64l/region/cgg.res" 1188
"../../../Engine/Content/Internationalization/icudt64l/lang/chr.res" 1189
"../../../Engine/Content/Internationalization/icudt64l/region/chr.res" 1190
"../../../Engine/Content/Internationalization/icudt64l/lang/ckb.res" 1191
"../../../Engine/Content/Internationalization/icudt64l/region/ckb.res" 1192
"../../../Engine/Content/Internationalization/icudt64l/lang/cs.res" 1193
"../../../Engine/Content/Internationalization/icudt64l/region/cs.res" 1194
"../../../Engine/Content/Internationalization/icudt64l/lang/cy.res" 1195
"../../../Engine/Content/Internationalization/icudt64l/region/cy.res" 1196
"../../../Engine/Content/Internationalization/icudt64l/lang/da.res" 1197
"../../../Engine/Content/Internationalization/icudt64l/region/da.res" 1198
"../../../Engine/Content/Internationalization/icudt64l/lang/dav.res" 1199
"../../../Engine/Content/Internationalization/icudt64l/region/dav.res" 1200
"../../../Engine/Content/Internationalization/icudt64l/lang/de.res" 1201
"../../../Engine/Content/Internationalization/icudt64l/lang/de_AT.res" 1202
"../../../Engine/Content/Internationalization/icudt64l/region/de_AT.res" 1203
"../../../Engine/Content/Internationalization/icudt64l/region/de.res" 1204
"../../../Engine/Content/Internationalization/icudt64l/lang/de_CH.res" 1205
"../../../Engine/Content/Internationalization/icudt64l/region/de_CH.res" 1206
"../../../Engine/Content/Internationalization/icudt64l/lang/de_LU.res" 1207
"../../../Engine/Content/Internationalization/icudt64l/lang/dje.res" 1208
"../../../Engine/Content/Internationalization/icudt64l/region/dje.res" 1209
"../../../Engine/Content/Internationalization/icudt64l/lang/dsb.res" 1210
"../../../Engine/Content/Internationalization/icudt64l/region/dsb.res" 1211
"../../../Engine/Content/Internationalization/icudt64l/lang/dua.res" 1212
"../../../Engine/Content/Internationalization/icudt64l/region/dua.res" 1213
"../../../Engine/Content/Internationalization/icudt64l/lang/dyo.res" 1214
"../../../Engine/Content/Internationalization/icudt64l/region/dyo.res" 1215
"../../../Engine/Content/Internationalization/icudt64l/lang/dz.res" 1216
"../../../Engine/Content/Internationalization/icudt64l/region/dz.res" 1217
"../../../Engine/Content/Internationalization/icudt64l/lang/ebu.res" 1218
"../../../Engine/Content/Internationalization/icudt64l/region/ebu.res" 1219
"../../../Engine/Content/Internationalization/icudt64l/lang/ee.res" 1220
"../../../Engine/Content/Internationalization/icudt64l/region/ee.res" 1221
"../../../Engine/Content/Internationalization/icudt64l/lang/el.res" 1222
"../../../Engine/Content/Internationalization/icudt64l/region/el.res" 1223
"../../../Engine/Content/Internationalization/icudt64l/lang/en_150.res" 1224
"../../../Engine/Content/Internationalization/icudt64l/region/en_150.res" 1225
"../../../Engine/Content/Internationalization/icudt64l/lang/en_AG.res" 1226
"../../../Engine/Content/Internationalization/icudt64l/region/en_AG.res" 1227
"../../../Engine/Content/Internationalization/icudt64l/lang/en_AI.res" 1228
"../../../Engine/Content/Internationalization/icudt64l/region/en_AI.res" 1229
"../../../Engine/Content/Internationalization/icudt64l/lang/en_AT.res" 1230
"../../../Engine/Content/Internationalization/icudt64l/region/en_AT.res" 1231
"../../../Engine/Content/Internationalization/icudt64l/lang/en_AU.res" 1232
"../../../Engine/Content/Internationalization/icudt64l/region/en_AU.res" 1233
"../../../Engine/Content/Internationalization/icudt64l/lang/en_BB.res" 1234
"../../../Engine/Content/Internationalization/icudt64l/region/en_BB.res" 1235
"../../../Engine/Content/Internationalization/icudt64l/lang/en_BE.res" 1236
"../../../Engine/Content/Internationalization/icudt64l/region/en_BE.res" 1237
"../../../Engine/Content/Internationalization/icudt64l/lang/en_BM.res" 1238
"../../../Engine/Content/Internationalization/icudt64l/region/en_BM.res" 1239
"../../../Engine/Content/Internationalization/icudt64l/lang/en_BS.res" 1240
"../../../Engine/Content/Internationalization/icudt64l/region/en_BS.res" 1241
"../../../Engine/Content/Internationalization/icudt64l/lang/en_BW.res" 1242
"../../../Engine/Content/Internationalization/icudt64l/region/en_BW.res" 1243
"../../../Engine/Content/Internationalization/icudt64l/lang/en_BZ.res" 1244
"../../../Engine/Content/Internationalization/icudt64l/region/en_BZ.res" 1245
"../../../Engine/Content/Internationalization/icudt64l/lang/en_CA.res" 1246
"../../../Engine/Content/Internationalization/icudt64l/region/en_CA.res" 1247
"../../../Engine/Content/Internationalization/icudt64l/lang/en_CC.res" 1248
"../../../Engine/Content/Internationalization/icudt64l/region/en_CC.res" 1249
"../../../Engine/Content/Internationalization/icudt64l/lang/en_CH.res" 1250
"../../../Engine/Content/Internationalization/icudt64l/region/en_CH.res" 1251
"../../../Engine/Content/Internationalization/icudt64l/lang/en_CK.res" 1252
"../../../Engine/Content/Internationalization/icudt64l/region/en_CK.res" 1253
"../../../Engine/Content/Internationalization/icudt64l/lang/en_CM.res" 1254
"../../../Engine/Content/Internationalization/icudt64l/region/en_CM.res" 1255
"../../../Engine/Content/Internationalization/icudt64l/lang/en_CX.res" 1256
"../../../Engine/Content/Internationalization/icudt64l/region/en_CX.res" 1257
"../../../Engine/Content/Internationalization/icudt64l/lang/en_CY.res" 1258
"../../../Engine/Content/Internationalization/icudt64l/region/en_CY.res" 1259
"../../../Engine/Content/Internationalization/icudt64l/lang/en_DE.res" 1260
"../../../Engine/Content/Internationalization/icudt64l/region/en_DE.res" 1261
"../../../Engine/Content/Internationalization/icudt64l/lang/en_DG.res" 1262
"../../../Engine/Content/Internationalization/icudt64l/region/en_DG.res" 1263
"../../../Engine/Content/Internationalization/icudt64l/lang/en_DK.res" 1264
"../../../Engine/Content/Internationalization/icudt64l/region/en_DK.res" 1265
"../../../Engine/Content/Internationalization/icudt64l/lang/en_DM.res" 1266
"../../../Engine/Content/Internationalization/icudt64l/region/en_DM.res" 1267
"../../../Engine/Content/Internationalization/icudt64l/lang/en_ER.res" 1268
"../../../Engine/Content/Internationalization/icudt64l/region/en_ER.res" 1269
"../../../Engine/Content/Internationalization/icudt64l/lang/en_FI.res" 1270
"../../../Engine/Content/Internationalization/icudt64l/region/en_FI.res" 1271
"../../../Engine/Content/Internationalization/icudt64l/lang/en_FJ.res" 1272
"../../../Engine/Content/Internationalization/icudt64l/region/en_FJ.res" 1273
"../../../Engine/Content/Internationalization/icudt64l/lang/en_FK.res" 1274
"../../../Engine/Content/Internationalization/icudt64l/region/en_FK.res" 1275
"../../../Engine/Content/Internationalization/icudt64l/lang/en_FM.res" 1276
"../../../Engine/Content/Internationalization/icudt64l/region/en_FM.res" 1277
"../../../Engine/Content/Internationalization/icudt64l/lang/en_GD.res" 1278
"../../../Engine/Content/Internationalization/icudt64l/region/en_GD.res" 1279
"../../../Engine/Content/Internationalization/icudt64l/lang/en_GG.res" 1280
"../../../Engine/Content/Internationalization/icudt64l/region/en_GG.res" 1281
"../../../Engine/Content/Internationalization/icudt64l/lang/en_GH.res" 1282
"../../../Engine/Content/Internationalization/icudt64l/region/en_GH.res" 1283
"../../../Engine/Content/Internationalization/icudt64l/lang/en_GI.res" 1284
"../../../Engine/Content/Internationalization/icudt64l/region/en_GI.res" 1285
"../../../Engine/Content/Internationalization/icudt64l/lang/en_GM.res" 1286
"../../../Engine/Content/Internationalization/icudt64l/region/en_GM.res" 1287
"../../../Engine/Content/Internationalization/icudt64l/lang/en_GY.res" 1288
"../../../Engine/Content/Internationalization/icudt64l/region/en_GY.res" 1289
"../../../Engine/Content/Internationalization/icudt64l/lang/en_HK.res" 1290
"../../../Engine/Content/Internationalization/icudt64l/region/en_HK.res" 1291
"../../../Engine/Content/Internationalization/icudt64l/lang/en_IE.res" 1292
"../../../Engine/Content/Internationalization/icudt64l/region/en_IE.res" 1293
"../../../Engine/Content/Internationalization/icudt64l/lang/en_IL.res" 1294
"../../../Engine/Content/Internationalization/icudt64l/region/en_IL.res" 1295
"../../../Engine/Content/Internationalization/icudt64l/lang/en_IM.res" 1296
"../../../Engine/Content/Internationalization/icudt64l/region/en_IM.res" 1297
"../../../Engine/Content/Internationalization/icudt64l/lang/en_IN.res" 1298
"../../../Engine/Content/Internationalization/icudt64l/region/en_IN.res" 1299
"../../../Engine/Content/Internationalization/icudt64l/lang/en_IO.res" 1300
"../../../Engine/Content/Internationalization/icudt64l/region/en_IO.res" 1301
"../../../Engine/Content/Internationalization/icudt64l/lang/en_JE.res" 1302
"../../../Engine/Content/Internationalization/icudt64l/region/en_JE.res" 1303
"../../../Engine/Content/Internationalization/icudt64l/lang/en_JM.res" 1304
"../../../Engine/Content/Internationalization/icudt64l/region/en_JM.res" 1305
"../../../Engine/Content/Internationalization/icudt64l/lang/en_KE.res" 1306
"../../../Engine/Content/Internationalization/icudt64l/region/en_KE.res" 1307
"../../../Engine/Content/Internationalization/icudt64l/lang/en_KI.res" 1308
"../../../Engine/Content/Internationalization/icudt64l/region/en_KI.res" 1309
"../../../Engine/Content/Internationalization/icudt64l/lang/en_KN.res" 1310
"../../../Engine/Content/Internationalization/icudt64l/region/en_KN.res" 1311
"../../../Engine/Content/Internationalization/icudt64l/lang/en_KY.res" 1312
"../../../Engine/Content/Internationalization/icudt64l/region/en_KY.res" 1313
"../../../Engine/Content/Internationalization/icudt64l/lang/en_LC.res" 1314
"../../../Engine/Content/Internationalization/icudt64l/region/en_LC.res" 1315
"../../../Engine/Content/Internationalization/icudt64l/lang/en_LR.res" 1316
"../../../Engine/Content/Internationalization/icudt64l/region/en_LR.res" 1317
"../../../Engine/Content/Internationalization/icudt64l/lang/en_LS.res" 1318
"../../../Engine/Content/Internationalization/icudt64l/region/en_LS.res" 1319
"../../../Engine/Content/Internationalization/icudt64l/lang/en_MG.res" 1320
"../../../Engine/Content/Internationalization/icudt64l/region/en_MG.res" 1321
"../../../Engine/Content/Internationalization/icudt64l/lang/en_MO.res" 1322
"../../../Engine/Content/Internationalization/icudt64l/region/en_MO.res" 1323
"../../../Engine/Content/Internationalization/icudt64l/lang/en_MS.res" 1324
"../../../Engine/Content/Internationalization/icudt64l/region/en_MS.res" 1325
"../../../Engine/Content/Internationalization/icudt64l/lang/en_MT.res" 1326
"../../../Engine/Content/Internationalization/icudt64l/region/en_MT.res" 1327
"../../../Engine/Content/Internationalization/icudt64l/lang/en_MU.res" 1328
"../../../Engine/Content/Internationalization/icudt64l/region/en_MU.res" 1329
"../../../Engine/Content/Internationalization/icudt64l/lang/en_MW.res" 1330
"../../../Engine/Content/Internationalization/icudt64l/region/en_MW.res" 1331
"../../../Engine/Content/Internationalization/icudt64l/lang/en_MY.res" 1332
"../../../Engine/Content/Internationalization/icudt64l/region/en_MY.res" 1333
"../../../Engine/Content/Internationalization/icudt64l/lang/en_NA.res" 1334
"../../../Engine/Content/Internationalization/icudt64l/region/en_NA.res" 1335
"../../../Engine/Content/Internationalization/icudt64l/lang/en_NF.res" 1336
"../../../Engine/Content/Internationalization/icudt64l/region/en_NF.res" 1337
"../../../Engine/Content/Internationalization/icudt64l/lang/en_NG.res" 1338
"../../../Engine/Content/Internationalization/icudt64l/region/en_NG.res" 1339
"../../../Engine/Content/Internationalization/icudt64l/lang/en_NL.res" 1340
"../../../Engine/Content/Internationalization/icudt64l/region/en_NL.res" 1341
"../../../Engine/Content/Internationalization/icudt64l/lang/en_NR.res" 1342
"../../../Engine/Content/Internationalization/icudt64l/region/en_NR.res" 1343
"../../../Engine/Content/Internationalization/icudt64l/lang/en_NU.res" 1344
"../../../Engine/Content/Internationalization/icudt64l/region/en_NU.res" 1345
"../../../Engine/Content/Internationalization/icudt64l/lang/en_NZ.res" 1346
"../../../Engine/Content/Internationalization/icudt64l/region/en_NZ.res" 1347
"../../../Engine/Content/Internationalization/icudt64l/lang/en_PG.res" 1348
"../../../Engine/Content/Internationalization/icudt64l/region/en_PG.res" 1349
"../../../Engine/Content/Internationalization/icudt64l/lang/en_PH.res" 1350
"../../../Engine/Content/Internationalization/icudt64l/region/en_PH.res" 1351
"../../../Engine/Content/Internationalization/icudt64l/lang/en_PK.res" 1352
"../../../Engine/Content/Internationalization/icudt64l/region/en_PK.res" 1353
"../../../Engine/Content/Internationalization/icudt64l/lang/en_PN.res" 1354
"../../../Engine/Content/Internationalization/icudt64l/region/en_PN.res" 1355
"../../../Engine/Content/Internationalization/icudt64l/lang/en_PW.res" 1356
"../../../Engine/Content/Internationalization/icudt64l/region/en_PW.res" 1357
"../../../Engine/Content/Internationalization/icudt64l/lang/en_RW.res" 1358
"../../../Engine/Content/Internationalization/icudt64l/region/en_RW.res" 1359
"../../../Engine/Content/Internationalization/icudt64l/lang/en_SB.res" 1360
"../../../Engine/Content/Internationalization/icudt64l/region/en_SB.res" 1361
"../../../Engine/Content/Internationalization/icudt64l/lang/en_SC.res" 1362
"../../../Engine/Content/Internationalization/icudt64l/region/en_SC.res" 1363
"../../../Engine/Content/Internationalization/icudt64l/lang/en_SD.res" 1364
"../../../Engine/Content/Internationalization/icudt64l/region/en_SD.res" 1365
"../../../Engine/Content/Internationalization/icudt64l/lang/en_SE.res" 1366
"../../../Engine/Content/Internationalization/icudt64l/region/en_SE.res" 1367
"../../../Engine/Content/Internationalization/icudt64l/lang/en_SG.res" 1368
"../../../Engine/Content/Internationalization/icudt64l/region/en_SG.res" 1369
"../../../Engine/Content/Internationalization/icudt64l/lang/en_SH.res" 1370
"../../../Engine/Content/Internationalization/icudt64l/region/en_SH.res" 1371
"../../../Engine/Content/Internationalization/icudt64l/lang/en_SI.res" 1372
"../../../Engine/Content/Internationalization/icudt64l/region/en_SI.res" 1373
"../../../Engine/Content/Internationalization/icudt64l/lang/en_SL.res" 1374
"../../../Engine/Content/Internationalization/icudt64l/region/en_SL.res" 1375
"../../../Engine/Content/Internationalization/icudt64l/lang/en_SS.res" 1376
"../../../Engine/Content/Internationalization/icudt64l/region/en_SS.res" 1377
"../../../Engine/Content/Internationalization/icudt64l/lang/en_SX.res" 1378
"../../../Engine/Content/Internationalization/icudt64l/region/en_SX.res" 1379
"../../../Engine/Content/Internationalization/icudt64l/lang/en_SZ.res" 1380
"../../../Engine/Content/Internationalization/icudt64l/region/en_SZ.res" 1381
"../../../Engine/Content/Internationalization/icudt64l/lang/en_TC.res" 1382
"../../../Engine/Content/Internationalization/icudt64l/region/en_TC.res" 1383
"../../../Engine/Content/Internationalization/icudt64l/lang/en_TK.res" 1384
"../../../Engine/Content/Internationalization/icudt64l/region/en_TK.res" 1385
"../../../Engine/Content/Internationalization/icudt64l/lang/en_TO.res" 1386
"../../../Engine/Content/Internationalization/icudt64l/region/en_TO.res" 1387
"../../../Engine/Content/Internationalization/icudt64l/lang/en_TT.res" 1388
"../../../Engine/Content/Internationalization/icudt64l/region/en_TT.res" 1389
"../../../Engine/Content/Internationalization/icudt64l/lang/en_TV.res" 1390
"../../../Engine/Content/Internationalization/icudt64l/region/en_TV.res" 1391
"../../../Engine/Content/Internationalization/icudt64l/lang/en_TZ.res" 1392
"../../../Engine/Content/Internationalization/icudt64l/region/en_TZ.res" 1393
"../../../Engine/Content/Internationalization/icudt64l/lang/en_UG.res" 1394
"../../../Engine/Content/Internationalization/icudt64l/region/en_UG.res" 1395
"../../../Engine/Content/Internationalization/icudt64l/lang/en_VC.res" 1396
"../../../Engine/Content/Internationalization/icudt64l/region/en_VC.res" 1397
"../../../Engine/Content/Internationalization/icudt64l/lang/en_VG.res" 1398
"../../../Engine/Content/Internationalization/icudt64l/region/en_VG.res" 1399
"../../../Engine/Content/Internationalization/icudt64l/lang/en_VU.res" 1400
"../../../Engine/Content/Internationalization/icudt64l/region/en_VU.res" 1401
"../../../Engine/Content/Internationalization/icudt64l/lang/en_WS.res" 1402
"../../../Engine/Content/Internationalization/icudt64l/region/en_WS.res" 1403
"../../../Engine/Content/Internationalization/icudt64l/lang/en_ZA.res" 1404
"../../../Engine/Content/Internationalization/icudt64l/region/en_ZA.res" 1405
"../../../Engine/Content/Internationalization/icudt64l/lang/en_ZM.res" 1406
"../../../Engine/Content/Internationalization/icudt64l/region/en_ZM.res" 1407
"../../../Engine/Content/Internationalization/icudt64l/lang/en_ZW.res" 1408
"../../../Engine/Content/Internationalization/icudt64l/region/en_ZW.res" 1409
"../../../Engine/Content/Internationalization/icudt64l/lang/eo.res" 1410
"../../../Engine/Content/Internationalization/icudt64l/region/eo.res" 1411
"../../../Engine/Content/Internationalization/icudt64l/lang/es.res" 1412
"../../../Engine/Content/Internationalization/icudt64l/lang/es_419.res" 1413
"../../../Engine/Content/Internationalization/icudt64l/region/es_419.res" 1414
"../../../Engine/Content/Internationalization/icudt64l/region/es.res" 1415
"../../../Engine/Content/Internationalization/icudt64l/lang/es_AR.res" 1416
"../../../Engine/Content/Internationalization/icudt64l/region/es_AR.res" 1417
"../../../Engine/Content/Internationalization/icudt64l/lang/es_BO.res" 1418
"../../../Engine/Content/Internationalization/icudt64l/region/es_BO.res" 1419
"../../../Engine/Content/Internationalization/icudt64l/lang/es_BR.res" 1420
"../../../Engine/Content/Internationalization/icudt64l/region/es_BR.res" 1421
"../../../Engine/Content/Internationalization/icudt64l/lang/es_BZ.res" 1422
"../../../Engine/Content/Internationalization/icudt64l/region/es_BZ.res" 1423
"../../../Engine/Content/Internationalization/icudt64l/lang/es_CL.res" 1424
"../../../Engine/Content/Internationalization/icudt64l/region/es_CL.res" 1425
"../../../Engine/Content/Internationalization/icudt64l/lang/es_CO.res" 1426
"../../../Engine/Content/Internationalization/icudt64l/region/es_CO.res" 1427
"../../../Engine/Content/Internationalization/icudt64l/lang/es_CR.res" 1428
"../../../Engine/Content/Internationalization/icudt64l/region/es_CR.res" 1429
"../../../Engine/Content/Internationalization/icudt64l/lang/es_CU.res" 1430
"../../../Engine/Content/Internationalization/icudt64l/region/es_CU.res" 1431
"../../../Engine/Content/Internationalization/icudt64l/lang/es_DO.res" 1432
"../../../Engine/Content/Internationalization/icudt64l/region/es_DO.res" 1433
"../../../Engine/Content/Internationalization/icudt64l/lang/es_EC.res" 1434
"../../../Engine/Content/Internationalization/icudt64l/region/es_EC.res" 1435
"../../../Engine/Content/Internationalization/icudt64l/lang/es_GT.res" 1436
"../../../Engine/Content/Internationalization/icudt64l/region/es_GT.res" 1437
"../../../Engine/Content/Internationalization/icudt64l/lang/es_HN.res" 1438
"../../../Engine/Content/Internationalization/icudt64l/region/es_HN.res" 1439
"../../../Engine/Content/Internationalization/icudt64l/lang/es_MX.res" 1440
"../../../Engine/Content/Internationalization/icudt64l/region/es_MX.res" 1441
"../../../Engine/Content/Internationalization/icudt64l/lang/es_NI.res" 1442
"../../../Engine/Content/Internationalization/icudt64l/region/es_NI.res" 1443
"../../../Engine/Content/Internationalization/icudt64l/lang/es_PA.res" 1444
"../../../Engine/Content/Internationalization/icudt64l/region/es_PA.res" 1445
"../../../Engine/Content/Internationalization/icudt64l/lang/es_PE.res" 1446
"../../../Engine/Content/Internationalization/icudt64l/region/es_PE.res" 1447
"../../../Engine/Content/Internationalization/icudt64l/lang/es_PR.res" 1448
"../../../Engine/Content/Internationalization/icudt64l/region/es_PR.res" 1449
"../../../Engine/Content/Internationalization/icudt64l/lang/es_PY.res" 1450
"../../../Engine/Content/Internationalization/icudt64l/region/es_PY.res" 1451
"../../../Engine/Content/Internationalization/icudt64l/lang/es_SV.res" 1452
"../../../Engine/Content/Internationalization/icudt64l/region/es_SV.res" 1453
"../../../Engine/Content/Internationalization/icudt64l/lang/es_US.res" 1454
"../../../Engine/Content/Internationalization/icudt64l/region/es_US.res" 1455
"../../../Engine/Content/Internationalization/icudt64l/lang/es_UY.res" 1456
"../../../Engine/Content/Internationalization/icudt64l/region/es_UY.res" 1457
"../../../Engine/Content/Internationalization/icudt64l/lang/es_VE.res" 1458
"../../../Engine/Content/Internationalization/icudt64l/region/es_VE.res" 1459
"../../../Engine/Content/Internationalization/icudt64l/lang/et.res" 1460
"../../../Engine/Content/Internationalization/icudt64l/region/et.res" 1461
"../../../Engine/Content/Internationalization/icudt64l/lang/eu.res" 1462
"../../../Engine/Content/Internationalization/icudt64l/region/eu.res" 1463
"../../../Engine/Content/Internationalization/icudt64l/lang/ewo.res" 1464
"../../../Engine/Content/Internationalization/icudt64l/region/ewo.res" 1465
"../../../Engine/Content/Internationalization/icudt64l/lang/fa.res" 1466
"../../../Engine/Content/Internationalization/icudt64l/lang/fa_AF.res" 1467
"../../../Engine/Content/Internationalization/icudt64l/region/fa_AF.res" 1468
"../../../Engine/Content/Internationalization/icudt64l/region/fa.res" 1469
"../../../Engine/Content/Internationalization/icudt64l/lang/ff.res" 1470
"../../../Engine/Content/Internationalization/icudt64l/lang/ff_Latn.res" 1471
"../../../Engine/Content/Internationalization/icudt64l/region/ff.res" 1472
"../../../Engine/Content/Internationalization/icudt64l/region/ff_Latn.res" 1473
"../../../Engine/Content/Internationalization/icudt64l/lang/ff_CM.res" 1474
"../../../Engine/Content/Internationalization/icudt64l/lang/ff_Latn_CM.res" 1475
"../../../Engine/Content/Internationalization/icudt64l/region/ff_CM.res" 1476
"../../../Engine/Content/Internationalization/icudt64l/region/ff_Latn_CM.res" 1477
"../../../Engine/Content/Internationalization/icudt64l/lang/ff_GN.res" 1478
"../../../Engine/Content/Internationalization/icudt64l/lang/ff_Latn_GN.res" 1479
"../../../Engine/Content/Internationalization/icudt64l/region/ff_GN.res" 1480
"../../../Engine/Content/Internationalization/icudt64l/region/ff_Latn_GN.res" 1481
"../../../Engine/Content/Internationalization/icudt64l/lang/ff_MR.res" 1482
"../../../Engine/Content/Internationalization/icudt64l/lang/ff_Latn_MR.res" 1483
"../../../Engine/Content/Internationalization/icudt64l/region/ff_MR.res" 1484
"../../../Engine/Content/Internationalization/icudt64l/region/ff_Latn_MR.res" 1485
"../../../Engine/Content/Internationalization/icudt64l/lang/ff_SN.res" 1486
"../../../Engine/Content/Internationalization/icudt64l/lang/ff_Latn_SN.res" 1487
"../../../Engine/Content/Internationalization/icudt64l/region/ff_SN.res" 1488
"../../../Engine/Content/Internationalization/icudt64l/region/ff_Latn_SN.res" 1489
"../../../Engine/Content/Internationalization/icudt64l/lang/fi.res" 1490
"../../../Engine/Content/Internationalization/icudt64l/region/fi.res" 1491
"../../../Engine/Content/Internationalization/icudt64l/lang/fil.res" 1492
"../../../Engine/Content/Internationalization/icudt64l/lang/fil_PH.res" 1493
"../../../Engine/Content/Internationalization/icudt64l/region/fil_PH.res" 1494
"../../../Engine/Content/Internationalization/icudt64l/region/fil.res" 1495
"../../../Engine/Content/Internationalization/icudt64l/lang/fo.res" 1496
"../../../Engine/Content/Internationalization/icudt64l/region/fo.res" 1497
"../../../Engine/Content/Internationalization/icudt64l/lang/fr.res" 1498
"../../../Engine/Content/Internationalization/icudt64l/lang/fr_BE.res" 1499
"../../../Engine/Content/Internationalization/icudt64l/region/fr_BE.res" 1500
"../../../Engine/Content/Internationalization/icudt64l/region/fr.res" 1501
"../../../Engine/Content/Internationalization/icudt64l/lang/fr_CA.res" 1502
"../../../Engine/Content/Internationalization/icudt64l/region/fr_CA.res" 1503
"../../../Engine/Content/Internationalization/icudt64l/lang/fr_CH.res" 1504
"../../../Engine/Content/Internationalization/icudt64l/lang/fur.res" 1505
"../../../Engine/Content/Internationalization/icudt64l/region/fur.res" 1506
"../../../Engine/Content/Internationalization/icudt64l/lang/fy.res" 1507
"../../../Engine/Content/Internationalization/icudt64l/region/fy.res" 1508
"../../../Engine/Content/Internationalization/icudt64l/lang/ga.res" 1509
"../../../Engine/Content/Internationalization/icudt64l/region/ga.res" 1510
"../../../Engine/Content/Internationalization/icudt64l/lang/gd.res" 1511
"../../../Engine/Content/Internationalization/icudt64l/region/gd.res" 1512
"../../../Engine/Content/Internationalization/icudt64l/lang/gl.res" 1513
"../../../Engine/Content/Internationalization/icudt64l/region/gl.res" 1514
"../../../Engine/Content/Internationalization/icudt64l/lang/gsw.res" 1515
"../../../Engine/Content/Internationalization/icudt64l/region/gsw.res" 1516
"../../../Engine/Content/Internationalization/icudt64l/lang/gu.res" 1517
"../../../Engine/Content/Internationalization/icudt64l/region/gu.res" 1518
"../../../Engine/Content/Internationalization/icudt64l/lang/guz.res" 1519
"../../../Engine/Content/Internationalization/icudt64l/region/guz.res" 1520
"../../../Engine/Content/Internationalization/icudt64l/lang/gv.res" 1521
"../../../Engine/Content/Internationalization/icudt64l/region/gv.res" 1522
"../../../Engine/Content/Internationalization/icudt64l/lang/ha.res" 1523
"../../../Engine/Content/Internationalization/icudt64l/region/ha.res" 1524
"../../../Engine/Content/Internationalization/icudt64l/lang/ha_NE.res" 1525
"../../../Engine/Content/Internationalization/icudt64l/region/ha_NE.res" 1526
"../../../Engine/Content/Internationalization/icudt64l/lang/haw.res" 1527
"../../../Engine/Content/Internationalization/icudt64l/region/haw.res" 1528
"../../../Engine/Content/Internationalization/icudt64l/lang/he.res" 1529
"../../../Engine/Content/Internationalization/icudt64l/lang/he_IL.res" 1530
"../../../Engine/Content/Internationalization/icudt64l/region/he_IL.res" 1531
"../../../Engine/Content/Internationalization/icudt64l/region/he.res" 1532
"../../../Engine/Content/Internationalization/icudt64l/lang/hi.res" 1533
"../../../Engine/Content/Internationalization/icudt64l/region/hi.res" 1534
"../../../Engine/Content/Internationalization/icudt64l/lang/hr.res" 1535
"../../../Engine/Content/Internationalization/icudt64l/region/hr.res" 1536
"../../../Engine/Content/Internationalization/icudt64l/lang/hsb.res" 1537
"../../../Engine/Content/Internationalization/icudt64l/region/hsb.res" 1538
"../../../Engine/Content/Internationalization/icudt64l/lang/hu.res" 1539
"../../../Engine/Content/Internationalization/icudt64l/region/hu.res" 1540
"../../../Engine/Content/Internationalization/icudt64l/lang/hy.res" 1541
"../../../Engine/Content/Internationalization/icudt64l/region/hy.res" 1542
"../../../Engine/Content/Internationalization/icudt64l/lang/ia.res" 1543
"../../../Engine/Content/Internationalization/icudt64l/region/ia.res" 1544
"../../../Engine/Content/Internationalization/icudt64l/lang/id.res" 1545
"../../../Engine/Content/Internationalization/icudt64l/lang/id_ID.res" 1546
"../../../Engine/Content/Internationalization/icudt64l/region/id_ID.res" 1547
"../../../Engine/Content/Internationalization/icudt64l/region/id.res" 1548
"../../../Engine/Content/Internationalization/icudt64l/lang/ig.res" 1549
"../../../Engine/Content/Internationalization/icudt64l/region/ig.res" 1550
"../../../Engine/Content/Internationalization/icudt64l/lang/ii.res" 1551
"../../../Engine/Content/Internationalization/icudt64l/region/ii.res" 1552
"../../../Engine/Content/Internationalization/icudt64l/lang/is.res" 1553
"../../../Engine/Content/Internationalization/icudt64l/region/is.res" 1554
"../../../Engine/Content/Internationalization/icudt64l/lang/it.res" 1555
"../../../Engine/Content/Internationalization/icudt64l/region/it.res" 1556
"../../../Engine/Content/Internationalization/icudt64l/lang/ja.res" 1557
"../../../Engine/Content/Internationalization/icudt64l/lang/ja_JP.res" 1558
"../../../Engine/Content/Internationalization/icudt64l/region/ja_JP.res" 1559
"../../../Engine/Content/Internationalization/icudt64l/region/ja.res" 1560
"../../../Engine/Content/Internationalization/icudt64l/lang/jgo.res" 1561
"../../../Engine/Content/Internationalization/icudt64l/region/jgo.res" 1562
"../../../Engine/Content/Internationalization/icudt64l/lang/jmc.res" 1563
"../../../Engine/Content/Internationalization/icudt64l/region/jmc.res" 1564
"../../../Engine/Content/Internationalization/icudt64l/lang/jv.res" 1565
"../../../Engine/Content/Internationalization/icudt64l/region/jv.res" 1566
"../../../Engine/Content/Internationalization/icudt64l/lang/ka.res" 1567
"../../../Engine/Content/Internationalization/icudt64l/region/ka.res" 1568
"../../../Engine/Content/Internationalization/icudt64l/lang/kab.res" 1569
"../../../Engine/Content/Internationalization/icudt64l/region/kab.res" 1570
"../../../Engine/Content/Internationalization/icudt64l/lang/kam.res" 1571
"../../../Engine/Content/Internationalization/icudt64l/region/kam.res" 1572
"../../../Engine/Content/Internationalization/icudt64l/lang/kde.res" 1573
"../../../Engine/Content/Internationalization/icudt64l/region/kde.res" 1574
"../../../Engine/Content/Internationalization/icudt64l/lang/kea.res" 1575
"../../../Engine/Content/Internationalization/icudt64l/region/kea.res" 1576
"../../../Engine/Content/Internationalization/icudt64l/lang/khq.res" 1577
"../../../Engine/Content/Internationalization/icudt64l/region/khq.res" 1578
"../../../Engine/Content/Internationalization/icudt64l/lang/ki.res" 1579
"../../../Engine/Content/Internationalization/icudt64l/region/ki.res" 1580
"../../../Engine/Content/Internationalization/icudt64l/lang/kk.res" 1581
"../../../Engine/Content/Internationalization/icudt64l/region/kk.res" 1582
"../../../Engine/Content/Internationalization/icudt64l/lang/kkj.res" 1583
"../../../Engine/Content/Internationalization/icudt64l/region/kkj.res" 1584
"../../../Engine/Content/Internationalization/icudt64l/lang/kl.res" 1585
"../../../Engine/Content/Internationalization/icudt64l/region/kl.res" 1586
"../../../Engine/Content/Internationalization/icudt64l/lang/kln.res" 1587
"../../../Engine/Content/Internationalization/icudt64l/region/kln.res" 1588
"../../../Engine/Content/Internationalization/icudt64l/lang/km.res" 1589
"../../../Engine/Content/Internationalization/icudt64l/region/km.res" 1590
"../../../Engine/Content/Internationalization/icudt64l/lang/kn.res" 1591
"../../../Engine/Content/Internationalization/icudt64l/region/kn.res" 1592
"../../../Engine/Content/Internationalization/icudt64l/lang/ko.res" 1593
"../../../Engine/Content/Internationalization/icudt64l/region/ko_KP.res" 1594
"../../../Engine/Content/Internationalization/icudt64l/region/ko.res" 1595
"../../../Engine/Content/Internationalization/icudt64l/lang/kok.res" 1596
"../../../Engine/Content/Internationalization/icudt64l/region/kok.res" 1597
"../../../Engine/Content/Internationalization/icudt64l/lang/ks.res" 1598
"../../../Engine/Content/Internationalization/icudt64l/region/ks.res" 1599
"../../../Engine/Content/Internationalization/icudt64l/lang/ksb.res" 1600
"../../../Engine/Content/Internationalization/icudt64l/region/ksb.res" 1601
"../../../Engine/Content/Internationalization/icudt64l/lang/ksf.res" 1602
"../../../Engine/Content/Internationalization/icudt64l/region/ksf.res" 1603
"../../../Engine/Content/Internationalization/icudt64l/lang/ksh.res" 1604
"../../../Engine/Content/Internationalization/icudt64l/region/ksh.res" 1605
"../../../Engine/Content/Internationalization/icudt64l/lang/ku.res" 1606
"../../../Engine/Content/Internationalization/icudt64l/region/ku.res" 1607
"../../../Engine/Content/Internationalization/icudt64l/lang/kw.res" 1608
"../../../Engine/Content/Internationalization/icudt64l/region/kw.res" 1609
"../../../Engine/Content/Internationalization/icudt64l/lang/ky.res" 1610
"../../../Engine/Content/Internationalization/icudt64l/region/ky.res" 1611
"../../../Engine/Content/Internationalization/icudt64l/lang/lag.res" 1612
"../../../Engine/Content/Internationalization/icudt64l/region/lag.res" 1613
"../../../Engine/Content/Internationalization/icudt64l/lang/lb.res" 1614
"../../../Engine/Content/Internationalization/icudt64l/region/lb.res" 1615
"../../../Engine/Content/Internationalization/icudt64l/lang/lg.res" 1616
"../../../Engine/Content/Internationalization/icudt64l/region/lg.res" 1617
"../../../Engine/Content/Internationalization/icudt64l/lang/lkt.res" 1618
"../../../Engine/Content/Internationalization/icudt64l/region/lkt.res" 1619
"../../../Engine/Content/Internationalization/icudt64l/lang/ln.res" 1620
"../../../Engine/Content/Internationalization/icudt64l/region/ln.res" 1621
"../../../Engine/Content/Internationalization/icudt64l/lang/lo.res" 1622
"../../../Engine/Content/Internationalization/icudt64l/region/lo.res" 1623
"../../../Engine/Content/Internationalization/icudt64l/lang/lrc.res" 1624
"../../../Engine/Content/Internationalization/icudt64l/region/lrc.res" 1625
"../../../Engine/Content/Internationalization/icudt64l/lang/lt.res" 1626
"../../../Engine/Content/Internationalization/icudt64l/region/lt.res" 1627
"../../../Engine/Content/Internationalization/icudt64l/lang/lu.res" 1628
"../../../Engine/Content/Internationalization/icudt64l/region/lu.res" 1629
"../../../Engine/Content/Internationalization/icudt64l/lang/luo.res" 1630
"../../../Engine/Content/Internationalization/icudt64l/region/luo.res" 1631
"../../../Engine/Content/Internationalization/icudt64l/lang/luy.res" 1632
"../../../Engine/Content/Internationalization/icudt64l/region/luy.res" 1633
"../../../Engine/Content/Internationalization/icudt64l/lang/lv.res" 1634
"../../../Engine/Content/Internationalization/icudt64l/region/lv.res" 1635
"../../../Engine/Content/Internationalization/icudt64l/lang/mas.res" 1636
"../../../Engine/Content/Internationalization/icudt64l/region/mas.res" 1637
"../../../Engine/Content/Internationalization/icudt64l/lang/mer.res" 1638
"../../../Engine/Content/Internationalization/icudt64l/region/mer.res" 1639
"../../../Engine/Content/Internationalization/icudt64l/lang/mfe.res" 1640
"../../../Engine/Content/Internationalization/icudt64l/region/mfe.res" 1641
"../../../Engine/Content/Internationalization/icudt64l/lang/mg.res" 1642
"../../../Engine/Content/Internationalization/icudt64l/region/mg.res" 1643
"../../../Engine/Content/Internationalization/icudt64l/lang/mgh.res" 1644
"../../../Engine/Content/Internationalization/icudt64l/region/mgh.res" 1645
"../../../Engine/Content/Internationalization/icudt64l/lang/mgo.res" 1646
"../../../Engine/Content/Internationalization/icudt64l/region/mgo.res" 1647
"../../../Engine/Content/Internationalization/icudt64l/lang/mi.res" 1648
"../../../Engine/Content/Internationalization/icudt64l/region/mi.res" 1649
"../../../Engine/Content/Internationalization/icudt64l/lang/mk.res" 1650
"../../../Engine/Content/Internationalization/icudt64l/region/mk.res" 1651
"../../../Engine/Content/Internationalization/icudt64l/lang/ml.res" 1652
"../../../Engine/Content/Internationalization/icudt64l/region/ml.res" 1653
"../../../Engine/Content/Internationalization/icudt64l/lang/mn.res" 1654
"../../../Engine/Content/Internationalization/icudt64l/region/mn.res" 1655
"../../../Engine/Content/Internationalization/icudt64l/lang/mr.res" 1656
"../../../Engine/Content/Internationalization/icudt64l/region/mr.res" 1657
"../../../Engine/Content/Internationalization/icudt64l/lang/ms.res" 1658
"../../../Engine/Content/Internationalization/icudt64l/region/ms.res" 1659
"../../../Engine/Content/Internationalization/icudt64l/lang/mt.res" 1660
"../../../Engine/Content/Internationalization/icudt64l/region/mt.res" 1661
"../../../Engine/Content/Internationalization/icudt64l/lang/mua.res" 1662
"../../../Engine/Content/Internationalization/icudt64l/region/mua.res" 1663
"../../../Engine/Content/Internationalization/icudt64l/lang/my.res" 1664
"../../../Engine/Content/Internationalization/icudt64l/region/my.res" 1665
"../../../Engine/Content/Internationalization/icudt64l/lang/mzn.res" 1666
"../../../Engine/Content/Internationalization/icudt64l/region/mzn.res" 1667
"../../../Engine/Content/Internationalization/icudt64l/lang/naq.res" 1668
"../../../Engine/Content/Internationalization/icudt64l/region/naq.res" 1669
"../../../Engine/Content/Internationalization/icudt64l/lang/nb.res" 1670
"../../../Engine/Content/Internationalization/icudt64l/lang/nb_NO.res" 1671
"../../../Engine/Content/Internationalization/icudt64l/region/nb_NO.res" 1672
"../../../Engine/Content/Internationalization/icudt64l/region/nb.res" 1673
"../../../Engine/Content/Internationalization/icudt64l/lang/nd.res" 1674
"../../../Engine/Content/Internationalization/icudt64l/region/nd.res" 1675
"../../../Engine/Content/Internationalization/icudt64l/lang/nds.res" 1676
"../../../Engine/Content/Internationalization/icudt64l/region/nds.res" 1677
"../../../Engine/Content/Internationalization/icudt64l/lang/ne.res" 1678
"../../../Engine/Content/Internationalization/icudt64l/region/ne.res" 1679
"../../../Engine/Content/Internationalization/icudt64l/lang/nl.res" 1680
"../../../Engine/Content/Internationalization/icudt64l/region/nl.res" 1681
"../../../Engine/Content/Internationalization/icudt64l/lang/nmg.res" 1682
"../../../Engine/Content/Internationalization/icudt64l/region/nmg.res" 1683
"../../../Engine/Content/Internationalization/icudt64l/lang/nn.res" 1684
"../../../Engine/Content/Internationalization/icudt64l/lang/nn_NO.res" 1685
"../../../Engine/Content/Internationalization/icudt64l/region/nn_NO.res" 1686
"../../../Engine/Content/Internationalization/icudt64l/region/nn.res" 1687
"../../../Engine/Content/Internationalization/icudt64l/lang/nnh.res" 1688
"../../../Engine/Content/Internationalization/icudt64l/region/nnh.res" 1689
"../../../Engine/Content/Internationalization/icudt64l/lang/nus.res" 1690
"../../../Engine/Content/Internationalization/icudt64l/region/nus.res" 1691
"../../../Engine/Content/Internationalization/icudt64l/lang/nyn.res" 1692
"../../../Engine/Content/Internationalization/icudt64l/region/nyn.res" 1693
"../../../Engine/Content/Internationalization/icudt64l/lang/om.res" 1694
"../../../Engine/Content/Internationalization/icudt64l/region/om.res" 1695
"../../../Engine/Content/Internationalization/icudt64l/lang/or.res" 1696
"../../../Engine/Content/Internationalization/icudt64l/region/or.res" 1697
"../../../Engine/Content/Internationalization/icudt64l/lang/os.res" 1698
"../../../Engine/Content/Internationalization/icudt64l/region/os.res" 1699
"../../../Engine/Content/Internationalization/icudt64l/lang/pa.res" 1700
"../../../Engine/Content/Internationalization/icudt64l/lang/pa_Arab.res" 1701
"../../../Engine/Content/Internationalization/icudt64l/lang/pa_PK.res" 1702
"../../../Engine/Content/Internationalization/icudt64l/lang/pa_Arab_PK.res" 1703
"../../../Engine/Content/Internationalization/icudt64l/region/pa_PK.res" 1704
"../../../Engine/Content/Internationalization/icudt64l/region/pa_Arab_PK.res" 1705
"../../../Engine/Content/Internationalization/icudt64l/region/pa_Arab.res" 1706
"../../../Engine/Content/Internationalization/icudt64l/lang/pa_Guru.res" 1707
"../../../Engine/Content/Internationalization/icudt64l/lang/pa_IN.res" 1708
"../../../Engine/Content/Internationalization/icudt64l/lang/pa_Guru_IN.res" 1709
"../../../Engine/Content/Internationalization/icudt64l/region/pa_IN.res" 1710
"../../../Engine/Content/Internationalization/icudt64l/region/pa_Guru_IN.res" 1711
"../../../Engine/Content/Internationalization/icudt64l/region/pa_Guru.res" 1712
"../../../Engine/Content/Internationalization/icudt64l/region/pa.res" 1713
"../../../Engine/Content/Internationalization/icudt64l/lang/pl.res" 1714
"../../../Engine/Content/Internationalization/icudt64l/region/pl.res" 1715
"../../../Engine/Content/Internationalization/icudt64l/lang/ps.res" 1716
"../../../Engine/Content/Internationalization/icudt64l/region/ps.res" 1717
"../../../Engine/Content/Internationalization/icudt64l/lang/ps_PK.res" 1718
"../../../Engine/Content/Internationalization/icudt64l/region/ps_PK.res" 1719
"../../../Engine/Content/Internationalization/icudt64l/lang/pt.res" 1720
"../../../Engine/Content/Internationalization/icudt64l/lang/pt_AO.res" 1721
"../../../Engine/Content/Internationalization/icudt64l/lang/pt_PT.res" 1722
"../../../Engine/Content/Internationalization/icudt64l/region/pt_AO.res" 1723
"../../../Engine/Content/Internationalization/icudt64l/region/pt_PT.res" 1724
"../../../Engine/Content/Internationalization/icudt64l/region/pt.res" 1725
"../../../Engine/Content/Internationalization/icudt64l/lang/pt_CH.res" 1726
"../../../Engine/Content/Internationalization/icudt64l/region/pt_CH.res" 1727
"../../../Engine/Content/Internationalization/icudt64l/lang/pt_CV.res" 1728
"../../../Engine/Content/Internationalization/icudt64l/region/pt_CV.res" 1729
"../../../Engine/Content/Internationalization/icudt64l/lang/pt_GQ.res" 1730
"../../../Engine/Content/Internationalization/icudt64l/region/pt_GQ.res" 1731
"../../../Engine/Content/Internationalization/icudt64l/lang/pt_GW.res" 1732
"../../../Engine/Content/Internationalization/icudt64l/region/pt_GW.res" 1733
"../../../Engine/Content/Internationalization/icudt64l/lang/pt_LU.res" 1734
"../../../Engine/Content/Internationalization/icudt64l/region/pt_LU.res" 1735
"../../../Engine/Content/Internationalization/icudt64l/lang/pt_MO.res" 1736
"../../../Engine/Content/Internationalization/icudt64l/region/pt_MO.res" 1737
"../../../Engine/Content/Internationalization/icudt64l/lang/pt_MZ.res" 1738
"../../../Engine/Content/Internationalization/icudt64l/region/pt_MZ.res" 1739
"../../../Engine/Content/Internationalization/icudt64l/lang/pt_ST.res" 1740
"../../../Engine/Content/Internationalization/icudt64l/region/pt_ST.res" 1741
"../../../Engine/Content/Internationalization/icudt64l/lang/pt_TL.res" 1742
"../../../Engine/Content/Internationalization/icudt64l/region/pt_TL.res" 1743
"../../../Engine/Content/Internationalization/icudt64l/lang/qu.res" 1744
"../../../Engine/Content/Internationalization/icudt64l/region/qu.res" 1745
"../../../Engine/Content/Internationalization/icudt64l/lang/rm.res" 1746
"../../../Engine/Content/Internationalization/icudt64l/region/rm.res" 1747
"../../../Engine/Content/Internationalization/icudt64l/lang/rn.res" 1748
"../../../Engine/Content/Internationalization/icudt64l/region/rn.res" 1749
"../../../Engine/Content/Internationalization/icudt64l/lang/ro.res" 1750
"../../../Engine/Content/Internationalization/icudt64l/lang/ro_MD.res" 1751
"../../../Engine/Content/Internationalization/icudt64l/region/ro_MD.res" 1752
"../../../Engine/Content/Internationalization/icudt64l/region/ro.res" 1753
"../../../Engine/Content/Internationalization/icudt64l/lang/rof.res" 1754
"../../../Engine/Content/Internationalization/icudt64l/region/rof.res" 1755
"../../../Engine/Content/Internationalization/icudt64l/lang/ru.res" 1756
"../../../Engine/Content/Internationalization/icudt64l/region/ru.res" 1757
"../../../Engine/Content/Internationalization/icudt64l/region/ru_UA.res" 1758
"../../../Engine/Content/Internationalization/icudt64l/lang/rw.res" 1759
"../../../Engine/Content/Internationalization/icudt64l/region/rw.res" 1760
"../../../Engine/Content/Internationalization/icudt64l/lang/rwk.res" 1761
"../../../Engine/Content/Internationalization/icudt64l/region/rwk.res" 1762
"../../../Engine/Content/Internationalization/icudt64l/lang/sah.res" 1763
"../../../Engine/Content/Internationalization/icudt64l/region/sah.res" 1764
"../../../Engine/Content/Internationalization/icudt64l/lang/saq.res" 1765
"../../../Engine/Content/Internationalization/icudt64l/region/saq.res" 1766
"../../../Engine/Content/Internationalization/icudt64l/lang/sbp.res" 1767
"../../../Engine/Content/Internationalization/icudt64l/region/sbp.res" 1768
"../../../Engine/Content/Internationalization/icudt64l/lang/sd.res" 1769
"../../../Engine/Content/Internationalization/icudt64l/region/sd.res" 1770
"../../../Engine/Content/Internationalization/icudt64l/lang/se.res" 1771
"../../../Engine/Content/Internationalization/icudt64l/lang/se_FI.res" 1772
"../../../Engine/Content/Internationalization/icudt64l/region/se_FI.res" 1773
"../../../Engine/Content/Internationalization/icudt64l/region/se.res" 1774
"../../../Engine/Content/Internationalization/icudt64l/lang/seh.res" 1775
"../../../Engine/Content/Internationalization/icudt64l/region/seh.res" 1776
"../../../Engine/Content/Internationalization/icudt64l/lang/ses.res" 1777
"../../../Engine/Content/Internationalization/icudt64l/region/ses.res" 1778
"../../../Engine/Content/Internationalization/icudt64l/lang/sg.res" 1779
"../../../Engine/Content/Internationalization/icudt64l/region/sg.res" 1780
"../../../Engine/Content/Internationalization/icudt64l/lang/shi.res" 1781
"../../../Engine/Content/Internationalization/icudt64l/lang/shi_Latn.res" 1782
"../../../Engine/Content/Internationalization/icudt64l/lang/shi_MA.res" 1783
"../../../Engine/Content/Internationalization/icudt64l/lang/shi_Tfng_MA.res" 1784
"../../../Engine/Content/Internationalization/icudt64l/lang/shi_Tfng.res" 1785
"../../../Engine/Content/Internationalization/icudt64l/region/shi_MA.res" 1786
"../../../Engine/Content/Internationalization/icudt64l/region/shi_Tfng_MA.res" 1787
"../../../Engine/Content/Internationalization/icudt64l/region/shi_Tfng.res" 1788
"../../../Engine/Content/Internationalization/icudt64l/region/shi.res" 1789
"../../../Engine/Content/Internationalization/icudt64l/region/shi_Latn.res" 1790
"../../../Engine/Content/Internationalization/icudt64l/lang/si.res" 1791
"../../../Engine/Content/Internationalization/icudt64l/region/si.res" 1792
"../../../Engine/Content/Internationalization/icudt64l/lang/sk.res" 1793
"../../../Engine/Content/Internationalization/icudt64l/region/sk.res" 1794
"../../../Engine/Content/Internationalization/icudt64l/lang/sl.res" 1795
"../../../Engine/Content/Internationalization/icudt64l/region/sl.res" 1796
"../../../Engine/Content/Internationalization/icudt64l/lang/smn.res" 1797
"../../../Engine/Content/Internationalization/icudt64l/region/smn.res" 1798
"../../../Engine/Content/Internationalization/icudt64l/lang/sn.res" 1799
"../../../Engine/Content/Internationalization/icudt64l/region/sn.res" 1800
"../../../Engine/Content/Internationalization/icudt64l/lang/so.res" 1801
"../../../Engine/Content/Internationalization/icudt64l/region/so.res" 1802
"../../../Engine/Content/Internationalization/icudt64l/lang/sq.res" 1803
"../../../Engine/Content/Internationalization/icudt64l/region/sq.res" 1804
"../../../Engine/Content/Internationalization/icudt64l/lang/sr.res" 1805
"../../../Engine/Content/Internationalization/icudt64l/lang/sr_Cyrl.res" 1806
"../../../Engine/Content/Internationalization/icudt64l/lang/sr_BA.res" 1807
"../../../Engine/Content/Internationalization/icudt64l/lang/sr_Cyrl_BA.res" 1808
"../../../Engine/Content/Internationalization/icudt64l/region/sr_BA.res" 1809
"../../../Engine/Content/Internationalization/icudt64l/region/sr_Cyrl_BA.res" 1810
"../../../Engine/Content/Internationalization/icudt64l/region/sr_Cyrl.res" 1811
"../../../Engine/Content/Internationalization/icudt64l/region/sr.res" 1812
"../../../Engine/Content/Internationalization/icudt64l/lang/sr_ME.res" 1813
"../../../Engine/Content/Internationalization/icudt64l/lang/sr_Latn_ME.res" 1814
"../../../Engine/Content/Internationalization/icudt64l/lang/sr_Latn.res" 1815
"../../../Engine/Content/Internationalization/icudt64l/region/sr_ME.res" 1816
"../../../Engine/Content/Internationalization/icudt64l/region/sr_Latn_ME.res" 1817
"../../../Engine/Content/Internationalization/icudt64l/region/sr_Latn.res" 1818
"../../../Engine/Content/Internationalization/icudt64l/lang/sr_Cyrl_ME.res" 1819
"../../../Engine/Content/Internationalization/icudt64l/region/sr_Cyrl_ME.res" 1820
"../../../Engine/Content/Internationalization/icudt64l/lang/sr_RS.res" 1821
"../../../Engine/Content/Internationalization/icudt64l/lang/sr_Cyrl_RS.res" 1822
"../../../Engine/Content/Internationalization/icudt64l/region/sr_RS.res" 1823
"../../../Engine/Content/Internationalization/icudt64l/region/sr_Cyrl_RS.res" 1824
"../../../Engine/Content/Internationalization/icudt64l/lang/sr_XK.res" 1825
"../../../Engine/Content/Internationalization/icudt64l/lang/sr_Cyrl_XK.res" 1826
"../../../Engine/Content/Internationalization/icudt64l/region/sr_XK.res" 1827
"../../../Engine/Content/Internationalization/icudt64l/region/sr_Cyrl_XK.res" 1828
"../../../Engine/Content/Internationalization/icudt64l/lang/sr_Latn_BA.res" 1829
"../../../Engine/Content/Internationalization/icudt64l/region/sr_Latn_BA.res" 1830
"../../../Engine/Content/Internationalization/icudt64l/lang/sr_Latn_RS.res" 1831
"../../../Engine/Content/Internationalization/icudt64l/region/sr_Latn_RS.res" 1832
"../../../Engine/Content/Internationalization/icudt64l/lang/sr_Latn_XK.res" 1833
"../../../Engine/Content/Internationalization/icudt64l/region/sr_Latn_XK.res" 1834
"../../../Engine/Content/Internationalization/icudt64l/lang/sv.res" 1835
"../../../Engine/Content/Internationalization/icudt64l/region/sv.res" 1836
"../../../Engine/Content/Internationalization/icudt64l/lang/sv_FI.res" 1837
"../../../Engine/Content/Internationalization/icudt64l/lang/sw.res" 1838
"../../../Engine/Content/Internationalization/icudt64l/lang/sw_CD.res" 1839
"../../../Engine/Content/Internationalization/icudt64l/region/sw_CD.res" 1840
"../../../Engine/Content/Internationalization/icudt64l/region/sw.res" 1841
"../../../Engine/Content/Internationalization/icudt64l/lang/sw_KE.res" 1842
"../../../Engine/Content/Internationalization/icudt64l/region/sw_KE.res" 1843
"../../../Engine/Content/Internationalization/icudt64l/lang/ta.res" 1844
"../../../Engine/Content/Internationalization/icudt64l/region/ta.res" 1845
"../../../Engine/Content/Internationalization/icudt64l/lang/te.res" 1846
"../../../Engine/Content/Internationalization/icudt64l/region/te.res" 1847
"../../../Engine/Content/Internationalization/icudt64l/lang/teo.res" 1848
"../../../Engine/Content/Internationalization/icudt64l/region/teo.res" 1849
"../../../Engine/Content/Internationalization/icudt64l/lang/tg.res" 1850
"../../../Engine/Content/Internationalization/icudt64l/region/tg.res" 1851
"../../../Engine/Content/Internationalization/icudt64l/lang/th.res" 1852
"../../../Engine/Content/Internationalization/icudt64l/lang/th_TH.res" 1853
"../../../Engine/Content/Internationalization/icudt64l/region/th_TH.res" 1854
"../../../Engine/Content/Internationalization/icudt64l/region/th.res" 1855
"../../../Engine/Content/Internationalization/icudt64l/lang/ti.res" 1856
"../../../Engine/Content/Internationalization/icudt64l/region/ti.res" 1857
"../../../Engine/Content/Internationalization/icudt64l/lang/tk.res" 1858
"../../../Engine/Content/Internationalization/icudt64l/region/tk.res" 1859
"../../../Engine/Content/Internationalization/icudt64l/lang/to.res" 1860
"../../../Engine/Content/Internationalization/icudt64l/region/to.res" 1861
"../../../Engine/Content/Internationalization/icudt64l/lang/tr.res" 1862
"../../../Engine/Content/Internationalization/icudt64l/region/tr.res" 1863
"../../../Engine/Content/Internationalization/icudt64l/lang/tt.res" 1864
"../../../Engine/Content/Internationalization/icudt64l/region/tt.res" 1865
"../../../Engine/Content/Internationalization/icudt64l/lang/twq.res" 1866
"../../../Engine/Content/Internationalization/icudt64l/region/twq.res" 1867
"../../../Engine/Content/Internationalization/icudt64l/lang/tzm.res" 1868
"../../../Engine/Content/Internationalization/icudt64l/region/tzm.res" 1869
"../../../Engine/Content/Internationalization/icudt64l/lang/ug.res" 1870
"../../../Engine/Content/Internationalization/icudt64l/region/ug.res" 1871
"../../../Engine/Content/Internationalization/icudt64l/lang/uk.res" 1872
"../../../Engine/Content/Internationalization/icudt64l/region/uk.res" 1873
"../../../Engine/Content/Internationalization/icudt64l/lang/ur.res" 1874
"../../../Engine/Content/Internationalization/icudt64l/lang/ur_IN.res" 1875
"../../../Engine/Content/Internationalization/icudt64l/region/ur_IN.res" 1876
"../../../Engine/Content/Internationalization/icudt64l/region/ur.res" 1877
"../../../Engine/Content/Internationalization/icudt64l/lang/uz.res" 1878
"../../../Engine/Content/Internationalization/icudt64l/lang/uz_Arab.res" 1879
"../../../Engine/Content/Internationalization/icudt64l/lang/uz_AF.res" 1880
"../../../Engine/Content/Internationalization/icudt64l/lang/uz_Arab_AF.res" 1881
"../../../Engine/Content/Internationalization/icudt64l/region/uz_AF.res" 1882
"../../../Engine/Content/Internationalization/icudt64l/region/uz_Arab_AF.res" 1883
"../../../Engine/Content/Internationalization/icudt64l/region/uz_Arab.res" 1884
"../../../Engine/Content/Internationalization/icudt64l/lang/uz_Cyrl.res" 1885
"../../../Engine/Content/Internationalization/icudt64l/lang/uz_UZ.res" 1886
"../../../Engine/Content/Internationalization/icudt64l/lang/uz_Latn_UZ.res" 1887
"../../../Engine/Content/Internationalization/icudt64l/lang/uz_Latn.res" 1888
"../../../Engine/Content/Internationalization/icudt64l/region/uz_UZ.res" 1889
"../../../Engine/Content/Internationalization/icudt64l/region/uz_Latn_UZ.res" 1890
"../../../Engine/Content/Internationalization/icudt64l/region/uz_Latn.res" 1891
"../../../Engine/Content/Internationalization/icudt64l/region/uz.res" 1892
"../../../Engine/Content/Internationalization/icudt64l/region/uz_Cyrl.res" 1893
"../../../Engine/Content/Internationalization/icudt64l/lang/vai.res" 1894
"../../../Engine/Content/Internationalization/icudt64l/lang/vai_Latn.res" 1895
"../../../Engine/Content/Internationalization/icudt64l/lang/vai_LR.res" 1896
"../../../Engine/Content/Internationalization/icudt64l/lang/vai_Vaii_LR.res" 1897
"../../../Engine/Content/Internationalization/icudt64l/lang/vai_Vaii.res" 1898
"../../../Engine/Content/Internationalization/icudt64l/region/vai_LR.res" 1899
"../../../Engine/Content/Internationalization/icudt64l/region/vai_Vaii_LR.res" 1900
"../../../Engine/Content/Internationalization/icudt64l/region/vai_Vaii.res" 1901
"../../../Engine/Content/Internationalization/icudt64l/region/vai.res" 1902
"../../../Engine/Content/Internationalization/icudt64l/region/vai_Latn.res" 1903
"../../../Engine/Content/Internationalization/icudt64l/lang/vi.res" 1904
"../../../Engine/Content/Internationalization/icudt64l/region/vi.res" 1905
"../../../Engine/Content/Internationalization/icudt64l/lang/vun.res" 1906
"../../../Engine/Content/Internationalization/icudt64l/region/vun.res" 1907
"../../../Engine/Content/Internationalization/icudt64l/lang/wae.res" 1908
"../../../Engine/Content/Internationalization/icudt64l/region/wae.res" 1909
"../../../Engine/Content/Internationalization/icudt64l/lang/wo.res" 1910
"../../../Engine/Content/Internationalization/icudt64l/region/wo.res" 1911
"../../../Engine/Content/Internationalization/icudt64l/lang/xh.res" 1912
"../../../Engine/Content/Internationalization/icudt64l/region/xh.res" 1913
"../../../Engine/Content/Internationalization/icudt64l/lang/xog.res" 1914
"../../../Engine/Content/Internationalization/icudt64l/region/xog.res" 1915
"../../../Engine/Content/Internationalization/icudt64l/lang/yav.res" 1916
"../../../Engine/Content/Internationalization/icudt64l/region/yav.res" 1917
"../../../Engine/Content/Internationalization/icudt64l/lang/yi.res" 1918
"../../../Engine/Content/Internationalization/icudt64l/region/yi.res" 1919
"../../../Engine/Content/Internationalization/icudt64l/lang/yo.res" 1920
"../../../Engine/Content/Internationalization/icudt64l/lang/yo_BJ.res" 1921
"../../../Engine/Content/Internationalization/icudt64l/region/yo_BJ.res" 1922
"../../../Engine/Content/Internationalization/icudt64l/region/yo.res" 1923
"../../../Engine/Content/Internationalization/icudt64l/lang/yue.res" 1924
"../../../Engine/Content/Internationalization/icudt64l/lang/yue_Hans.res" 1925
"../../../Engine/Content/Internationalization/icudt64l/lang/yue_CN.res" 1926
"../../../Engine/Content/Internationalization/icudt64l/lang/yue_Hans_CN.res" 1927
"../../../Engine/Content/Internationalization/icudt64l/region/yue_CN.res" 1928
"../../../Engine/Content/Internationalization/icudt64l/region/yue_Hans_CN.res" 1929
"../../../Engine/Content/Internationalization/icudt64l/region/yue_Hans.res" 1930
"../../../Engine/Content/Internationalization/icudt64l/lang/yue_Hant.res" 1931
"../../../Engine/Content/Internationalization/icudt64l/lang/yue_HK.res" 1932
"../../../Engine/Content/Internationalization/icudt64l/lang/yue_Hant_HK.res" 1933
"../../../Engine/Content/Internationalization/icudt64l/region/yue_HK.res" 1934
"../../../Engine/Content/Internationalization/icudt64l/region/yue_Hant_HK.res" 1935
"../../../Engine/Content/Internationalization/icudt64l/region/yue_Hant.res" 1936
"../../../Engine/Content/Internationalization/icudt64l/region/yue.res" 1937
"../../../Engine/Content/Internationalization/icudt64l/lang/zgh.res" 1938
"../../../Engine/Content/Internationalization/icudt64l/region/zgh.res" 1939
"../../../Engine/Content/Internationalization/icudt64l/lang/zh.res" 1940
"../../../Engine/Content/Internationalization/icudt64l/lang/zh_Hans.res" 1941
"../../../Engine/Content/Internationalization/icudt64l/lang/zh_CN.res" 1942
"../../../Engine/Content/Internationalization/icudt64l/lang/zh_Hans_CN.res" 1943
"../../../Engine/Content/Internationalization/icudt64l/region/zh_CN.res" 1944
"../../../Engine/Content/Internationalization/icudt64l/region/zh_Hans_CN.res" 1945
"../../../Engine/Content/Internationalization/icudt64l/region/zh_Hans.res" 1946
"../../../Engine/Content/Internationalization/icudt64l/region/zh.res" 1947
"../../../Engine/Content/Internationalization/icudt64l/lang/zh_HK.res" 1948
"../../../Engine/Content/Internationalization/icudt64l/lang/zh_Hant_HK.res" 1949
"../../../Engine/Content/Internationalization/icudt64l/lang/zh_Hant.res" 1950
"../../../Engine/Content/Internationalization/icudt64l/region/zh_HK.res" 1951
"../../../Engine/Content/Internationalization/icudt64l/region/zh_Hant_HK.res" 1952
"../../../Engine/Content/Internationalization/icudt64l/region/zh_Hant.res" 1953
"../../../Engine/Content/Internationalization/icudt64l/lang/zh_MO.res" 1954
"../../../Engine/Content/Internationalization/icudt64l/lang/zh_Hant_MO.res" 1955
"../../../Engine/Content/Internationalization/icudt64l/region/zh_MO.res" 1956
"../../../Engine/Content/Internationalization/icudt64l/region/zh_Hant_MO.res" 1957
"../../../Engine/Content/Internationalization/icudt64l/lang/zh_SG.res" 1958
"../../../Engine/Content/Internationalization/icudt64l/lang/zh_Hans_SG.res" 1959
"../../../Engine/Content/Internationalization/icudt64l/region/zh_SG.res" 1960
"../../../Engine/Content/Internationalization/icudt64l/region/zh_Hans_SG.res" 1961
"../../../Engine/Content/Internationalization/icudt64l/lang/zh_TW.res" 1962
"../../../Engine/Content/Internationalization/icudt64l/lang/zh_Hant_TW.res" 1963
"../../../Engine/Content/Internationalization/icudt64l/region/zh_TW.res" 1964
"../../../Engine/Content/Internationalization/icudt64l/region/zh_Hant_TW.res" 1965
"../../../Engine/Content/Internationalization/icudt64l/lang/zu.res" 1966
"../../../Engine/Content/Internationalization/icudt64l/region/zu.res" 1967
"../../../Engine/Content/Internationalization/icudt64l/lang/no.res" 1968
"../../../Engine/Content/Internationalization/icudt64l/lang/tl.res" 1969
"../../../Engine/Config/Android/DataDrivenPlatformInfo.ini" 1970
"../../../Engine/Config/IOS/DataDrivenPlatformInfo.ini" 1971
"../../../Engine/Config/Linux/DataDrivenPlatformInfo.ini" 1972
"../../../Engine/Config/Mac/DataDrivenPlatformInfo.ini" 1973
"../../../Engine/Config/TVOS/DataDrivenPlatformInfo.ini" 1974
"../../../Engine/Config/Unix/DataDrivenPlatformInfo.ini" 1975
"../../../Engine/Config/VulkanPC/DataDrivenPlatformInfo.ini" 1976
"../../../Engine/Config/Windows/DataDrivenPlatformInfo.ini" 1977
"../../../Engine/Platforms/VisionOS/Config/DataDrivenPlatformInfo.ini" 1978
"../../../Engine/Content/Renderer/TessellationTable.bin" 1979
"../../../Engine/DerivedDataCache/Compressed.ddp" 1980
"C:/Users/phoni/AppData/Local/UnrealEngine/5.6/Saved/Zen/zen.version" 1981
"C:/Users/phoni/AppData/Local/UnrealEngine/Common/Zen/Install/zen.version" 1982
"C:/Users/phoni/AppData/Local/UnrealEngine/Common/Zen/Install/zenserver.runcontext" 1983
"C:/Users/phoni/AppData/Local/UnrealEngine/Common/DerivedDataCache/TestData/0/TestData_4kb.dat" 1984
"C:/Users/phoni/AppData/Local/UnrealEngine/Common/DerivedDataCache/TestData/1/TestData_4kb.dat" 1985
"C:/Users/phoni/AppData/Local/UnrealEngine/Common/DerivedDataCache/TestData/0/TestData_8kb.dat" 1986
"C:/Users/phoni/AppData/Local/UnrealEngine/Common/DerivedDataCache/TestData/1/TestData_8kb.dat" 1987
"C:/Users/phoni/AppData/Local/UnrealEngine/Common/DerivedDataCache/TestData/0/TestData_16kb.dat" 1988
"C:/Users/phoni/AppData/Local/UnrealEngine/Common/DerivedDataCache/TestData/1/TestData_16kb.dat" 1989
"C:/Users/phoni/AppData/Local/UnrealEngine/Common/DerivedDataCache/TestData/0/TestData_64kb.dat" 1990
"C:/Users/phoni/AppData/Local/UnrealEngine/Common/DerivedDataCache/TestData/1/TestData_64kb.dat" 1991
"C:/Users/phoni/AppData/Local/UnrealEngine/Common/DerivedDataCache/TestData/0/TestData_128kb.dat" 1992
"C:/Users/phoni/AppData/Local/UnrealEngine/Common/DerivedDataCache/TestData/1/TestData_128kb.dat" 1993
"C:/Users/phoni/AppData/Local/UnrealEngine/Common/DerivedDataCache/TestData/0/TestData_256kb.dat" 1994
"C:/Users/phoni/AppData/Local/UnrealEngine/Common/DerivedDataCache/TestData/1/TestData_256kb.dat" 1995
"C:/Users/phoni/AppData/Roaming/Unreal Engine/UnrealBuildTool/BuildConfiguration.xml" 1996
"D:/CodingProjects/Game Project/WeLeftTheLightsOn/Intermediate/ShaderAutogen/PCD3D_SM6/AutogenShaderHeaders.ush" 1997
"../../../Engine/Shaders/Private/HairStrands/HairStrandsVertexFactory.ush" 1998
"../../../Engine/Shaders/Private/VertexFactoryCommon.ush" 1999
"../../../Engine/Shaders/Private/Common.ush" 2000
"../../../Engine/Shaders/Public/Platform.ush" 2001
"../../../Engine/Shaders/Public/FP16Math.ush" 2002
"../../../Engine/Shaders/Public/Platform/D3D/D3DCommon.ush" 2003
"../../../Engine/Shaders/Shared/HLSLReservedSpaces.h" 2004
"../../../Engine/Shaders/Public/BindlessResources.ush" 2005
"../../../Engine/Shaders/Public/Platform/D3D/PlatformBindlessResources.ush" 2006
"../../../Engine/Shaders/Shared/RayTracingBuiltInResources.h" 2007
"../../../Engine/Shaders/Shared/RayTracingDefinitions.h" 2008
"../../../Engine/Shaders/Public/OverloadMacros.ush" 2009
"../../../Engine/Shaders/Public/ShaderVersion.ush" 2010
"../../../Engine/Shaders/Shared/ThirdParty/NVIDIA/nvHLSLExtns.h" 2011
"../../../Engine/Shaders/Shared/ThirdParty/NVIDIA/nvHLSLExtnsInternal.h" 2012
"../../../Engine/Shaders/Shared/ThirdParty/NVIDIA/nvShaderExtnEnums.h" 2013
"../../../Engine/Shaders/Private/PackUnpack.ush" 2014
"../../../Engine/Shaders/Private/GeneratedUniformBufferTypes.ush" 2015
"../../../Engine/Shaders/Private/Nanite/NanitePackedNaniteView.ush" 2016
"../../../Engine/Shaders/Private/HairStrands/HairStrandsVisibilityCommonStruct.ush" 2017
"../../../Engine/Shaders/Private/HairStrands/HairStrandsVoxelPageCommonStruct.ush" 2018
"../../../Engine/Shaders/Private/HairStrands/HairStrandsDeepShadowCommonStruct.ush" 2019
"../../../Engine/Shaders/Shared/LightSceneData.h" 2020
"../../../Engine/Shaders/Shared/HLSLTypeAliases.h" 2021
"../../../Engine/Shaders/Private/LargeWorldCoordinates.ush" 2022
"../../../Engine/Shaders/Private/DoubleFloat.ush" 2023
"../../../Engine/Shaders/Private/RandomPCG.ush" 2024
"../../../Engine/Shaders/Private/DoubleFloatOperations.ush" 2025
"../../../Engine/Shaders/Private/DoubleFloatVectorDefinition.ush" 2026
"../../../Engine/Shaders/Private/LWCOperations.ush" 2027
"../../../Engine/Shaders/Shared/LightViewData.h" 2028
"../../../Engine/Shaders/Shared/RayTracingTypes.h" 2029
"../../../Engine/Shaders/Shared/HLSLStaticAssert.h" 2030
"../../../Engine/Shaders/Private/CommonViewUniformBuffer.ush" 2031
"../../../Engine/Shaders/Private/InstancedStereo.ush" 2032
"../../../Engine/Shaders/Private/Definitions.usf" 2033
"../../../Engine/Shaders/Private/AssertionMacros.ush" 2034
"../../../Engine/Shaders/Private/FastMath.ush" 2035
"../../../Engine/Shaders/Private/FastMathThirdParty.ush" 2036
"../../../Engine/Shaders/Private/Random.ush" 2037
"../../../Engine/Shaders/Private/RandomInterleavedGradientNoise.ush" 2038
"../../../Engine/Shaders/Private/SceneData.ush" 2039
"../../../Engine/Shaders/Private/OctahedralCommon.ush" 2040
"../../../Engine/Shaders/Private/WaveOpUtil.ush" 2041
"../../../Engine/Shaders/Private/ByteBuffer.ush" 2042
"../../../Engine/Shaders/Shared/SceneDefinitions.h" 2043
"../../../Engine/Shaders/Private/SceneDataMobileLoader.ush" 2044
"../../../Engine/Shaders/Private/LocalVertexFactoryCommon.ush" 2045
"../../../Engine/Shaders/Private/HairStrands/HairStrandsVisibilityCommon.ush" 2046
"../../../Engine/Shaders/Shared/HairStrandsDefinitions.h" 2047
"../../../Engine/Shaders/Private/HairStrands/HairStrandsVertexFactoryCommon.ush" 2048
"../../../Engine/Shaders/Private/HairStrands/HairStrandsPack.ush" 2049
"../../../Engine/Shaders/Private/HairStrands/HairStrandsAttributeCommon.ush" 2050
"../../../Engine/Shaders/Private/HairStrands/HairStrandsAttributeTemplate.ush" 2051
"../../../Engine/Shaders/Private/VertexFactoryDefaultInterface.ush" 2052
"../../../Engine/Shaders/Private/HairStrands/HairCardsVertexFactory.ush" 2053
"../../../Engine/Shaders/Private/HairStrands/HairCardsAttributeCommon.ush" 2054
"../../../Engine/Shaders/Private/RayTracing/RayTracingCommon.ush" 2055
"../../../Engine/Shaders/Private/ShadingCommon.ush" 2056
"../../../Engine/Shaders/Shared/RayTracingPayloadType.h" 2057
"../../../Engine/Shaders/Private/RayTracing/RayTracingRayCone.ush" 2058
"../../../Engine/Shaders/Private/Substrate/Substrate.ush" 2059
"../../../Engine/Shaders/Private/ShadingEnergyConservation.ush" 2060
"../../../Engine/Shaders/Private/ShadingEnergyConservationTemplate.ush" 2061
"../../../Engine/Shaders/Private/BRDF.ush" 2062
"../../../Engine/Shaders/Private/ColorSpace.ush" 2063
"../../../Engine/Shaders/Private/DeferredShadingCommon.ush" 2064
"../../../Engine/Shaders/Private/LightAccumulator.ush" 2065
"../../../Engine/Shaders/Private/SceneTexturesCommon.ush" 2066
"../../../Engine/Shaders/Private/MonteCarlo.ush" 2067
"../../../Engine/Shaders/Private/GBufferHelpers.ush" 2068
"../../../Engine/Shaders/Private/SceneTextureParameters.ush" 2069
"../../../Engine/Shaders/Private/ParticipatingMediaCommon.ush" 2070
"../../../Engine/Shaders/Private/ThinFilmBSDF.ush" 2071
"../../../Engine/Shaders/Private/MortonCode.ush" 2072
"../../../Engine/Shaders/Private/SubsurfaceProfileCommon.ush" 2073
"../../../Engine/Shaders/Private/BurleyNormalizedSSSCommon.ush" 2074
"../../../Engine/Shaders/Private/GammaCorrectionCommon.ush" 2075
"../../../Engine/Shaders/Shared/SubstrateDefinitions.h" 2076
"../../../Engine/Shaders/Private/Substrate/SubstrateStatisticalOperators.ush" 2077
"../../../Engine/Shaders/Private/Substrate/SubstrateSubsurface.ush" 2078
"../../../Engine/Shaders/Private/TransmissionCommon.ush" 2079
"../../../Engine/Shaders/Private/Substrate/SubstrateExportCommon.ush" 2080
"../../../Engine/Shaders/Private/SpecularProfileCommon.ush" 2081
"../../../Engine/Shaders/Private/RayTracing/RayTracingCommonMetal.ush" 2082
"../../../Engine/Shaders/Private/PositionReconstructionCommon.ush" 2083
"../../../Engine/Shaders/Private/RayTracing/TraceRayInline.ush" 2084
"../../../Engine/Shaders/Private/RayTracing/TraceRayInlineCommon.ush" 2085
"../../../Engine/Shaders/Private/RayTracing/TraceRayInlineVulkan.ush" 2086
"../../../Engine/Shaders/Private/RayTracing/TraceRayInlineMetal.ush" 2087
"../../../Engine/Shaders/Private/RayTracing/TraceRayInlineD3D12.ush" 2088
"../../../Engine/Shaders/Private/RayTracing/RayTracingHitGroupCommon.ush" 2089
"../../../Engine/Shaders/Private/Nanite/NaniteRayTrace.ush" 2090
"../../../Engine/Shaders/Private/Nanite/NaniteDataDecode.ush" 2091
"../../../Engine/Shaders/Private/BitPacking.ush" 2092
"../../../Engine/Shaders/Private/BitStreamReaderImplementation.ush" 2093
"../../../Engine/Shaders/Private/BoneTransform.ush" 2094
"../../../Engine/Shaders/Private/Quaternion.ush" 2095
"../../../Engine/Shaders/Shared/NaniteDefinitions.h" 2096
"../../../Engine/Shaders/Shared/SkinningDefinitions.h" 2097
"../../../Engine/Shaders/Private/Nanite/NaniteAttributeDecode.ush" 2098
"../../../Engine/Shaders/Private/Barycentrics.ush" 2099
"../../../Engine/Shaders/Private/DualNumber.ush" 2100
"../../../Engine/Shaders/Shared/ThirdParty/RayTriangleIntersection.h" 2101
"../../../Engine/Shaders/Private/Nanite/NaniteVertexFetch.ush" 2102
"../../../Engine/Shaders/Private/Nanite/NaniteSceneCommon.ush" 2103
"../../../Engine/Plugins/Experimental/Water/Shaders/Private/WaterMeshVertexFactory.ush" 2104
"../../../Engine/Plugins/FX/Niagara/Shaders/Private/NiagaraSpriteVertexFactory.ush" 2105
"../../../Engine/Shaders/Private/ParticleVertexFactoryCommon.ush" 2106
"../../../Engine/Plugins/FX/Niagara/Shaders/Private/NiagaraVFCommon.usf" 2107
"../../../Engine/Plugins/FX/Niagara/Shaders/Private/NiagaraVFParticleAccess.usf" 2108
"../../../Engine/Plugins/FX/Niagara/Shaders/Private/NiagaraParticleAccess.ush" 2109
"../../../Engine/Plugins/FX/Niagara/Shaders/Private/NiagaraRibbonVertexFactory.ush" 2110
"../../../Engine/Plugins/FX/Niagara/Shaders/Private/NiagaraMeshVertexFactory.ush" 2111
"../../../Engine/Plugins/FX/Niagara/Shaders/Private/NiagaraCommon.ush" 2112
"../../../Engine/Plugins/FX/Niagara/Shaders/Private/NiagaraMeshParticleUtils.ush" 2113
"../../../Engine/Shaders/Private/VectorFieldVisualizationVertexFactory.ush" 2114
"../../../Engine/Shaders/Private/Nanite/NaniteVertexFactory.ush" 2115
"../../../Engine/Shaders/Private/LightmapData.ush" 2116
"../../../Engine/Shaders/Private/SplineMeshCommon.ush" 2117
"../../../Engine/Shaders/Shared/SplineMeshShaderParams.h" 2118
"../../../Engine/Shaders/Private/ShaderPrint.ush" 2119
"../../../Engine/Shaders/Private/ShaderPrintCommon.ush" 2120
"../../../Engine/Shaders/Private/MiniFontCommon.ush" 2121
"../../../Engine/Shaders/Private/MaterialCache/MaterialCacheCommon.ush" 2122
"../../../Engine/Shaders/Shared/MaterialCacheDefinitions.h" 2123
"../../../Engine/Shaders/Private/Nanite/NaniteVertexDeformation.ush" 2124
"../../../Engine/Shaders/Private/ViewData.ush" 2125
"../../../Engine/Shaders/Shared/ViewDefinitions.h" 2126
"../../../Engine/Shaders/Private/Matrices.ush" 2127
"../../../Engine/Shaders/Private/ParticleSpriteVertexFactory.ush" 2128
"../../../Engine/Shaders/Private/ParticleGPUSpriteVertexFactory.ush" 2129
"../../../Engine/Shaders/Private/ParticleSimulationCommon.ush" 2130
"../../../Engine/Shaders/Private/ParticleBeamTrailVertexFactory.ush" 2131
"../../../Engine/Shaders/Private/MeshParticleVertexFactory.ush" 2132
"../../../Engine/Shaders/Private/LocalVertexFactory.ush" 2133
"../../../Engine/Shaders/Private/GpuSkinCommon.ush" 2134
"../../../Engine/Shaders/Private/GpuSkinVertexFactory.ush" 2135
"../../../Engine/Shaders/Private/GeometryCollectionVertexFactory.ush" 2136
"../../../Engine/Shaders/Private/GeometryCacheVertexFactory.ush" 2137
"../../../Engine/Shaders/Private/LandscapeVertexFactory.ush" 2138
"../../../Engine/Plugins/Experimental/Compositing/CompositeCore/Shaders/Private/CompositeCoreMerge.usf" 2139
"../../../Engine/Shaders/Private/ScreenPass.ush" 2140
"../../../Engine/Shaders/Private/LensDistortion.ush" 2141
"../../../Engine/Plugins/Experimental/Compositing/CompositeCore/Shaders/Private/CompositeCoreDisplayTransform.usf" 2142
"../../../Engine/Plugins/Experimental/Compositing/CompositeCore/Shaders/Private/CompositeCoreDilate.usf" 2143
"../../../Engine/Plugins/Runtime/HairStrands/Shaders/Private/NiagaraCopyVelocityGrid.usf" 2144
"../../../Engine/Plugins/Runtime/HairStrands/Shaders/Private/NiagaraClearVelocityGrid.usf" 2145
"../../../Engine/Plugins/Runtime/HairStrands/Shaders/Private/NiagaraClearPressureGrid.usf" 2146
"../../../Engine/Plugins/Runtime/HairStrands/Shaders/Private/NiagaraInterpolateGroomGuides.usf" 2147
"../../../Engine/Plugins/Runtime/HairStrands/Shaders/Private/NiagaraGroomInterpolationUtils.ush" 2148
"../../../Engine/Plugins/FX/Niagara/Shaders/Private/NiagaraQuaternionUtils.ush" 2149
"../../../Engine/Shaders/Private/HairStrands/HairStrandsMesh.usf" 2150
"../../../Engine/Shaders/Private/HairStrands/HairStrandsBindingCommon.ush" 2151
"../../../Engine/Shaders/Private/HairStrands/HairStrandsFollicleMask.usf" 2152
"../../../Engine/Shaders/Private/HairStrands/HairStrandsSkinUpdate.usf" 2153
"../../../Engine/Shaders/Private/HairStrands/HairStrandsClusterCulling.usf" 2154
"../../../Engine/Shaders/Private/ColorMap.ush" 2155
"../../../Engine/Shaders/Private/HairStrands/HairStrandsAABBCommon.ush" 2156
"../../../Engine/Shaders/Private/HairStrands/HairStrandsClusterCommon.ush" 2157
"../../../Engine/Shaders/Private/ThreadGroupPrefixSum.ush" 2158
"../../../Engine/Shaders/Private/HairStrands/HairStrandsRaytracingGeometry.usf" 2159
"../../../Engine/Shaders/Private/HairStrands/HairStrandsTangent.usf" 2160
"../../../Engine/Shaders/Private/HairStrands/HairCardsDeformation.usf" 2161
"../../../Engine/Shaders/Private/HairStrands/HairStrandsInterpolation.usf" 2162
"../../../Engine/Shaders/Private/HairStrands/HairStrandsGuideDeform.usf" 2163
"../../../Engine/Shaders/Private/HairStrands/HairStrandsTexturesGeneration.usf" 2164
"../../../Engine/Shaders/Private/HairStrands/HairCardsTextureCommon.ush" 2165
"../../../Engine/Shaders/Private/HairStrands/HairStrandsTranscode.usf" 2166
"../../../Engine/Shaders/Private/HairStrands/HairStrandsDebug.usf" 2167
"../../../Engine/Shaders/Private/HairShadingCommon.ush" 2168
"../../../Engine/Shaders/Private/PostProcessCommon.ush" 2169
"../../../Engine/Shaders/Private/ShadingModels.ush" 2170
"../../../Engine/Shaders/Private/CapsuleLight.ush" 2171
"../../../Engine/Shaders/Private/RectLight.ush" 2172
"../../../Engine/Shaders/Private/LightData.ush" 2173
"../../../Engine/Shaders/Shared/LightDefinitions.h" 2174
"../../../Engine/Shaders/Private/AreaLightCommon.ush" 2175
"../../../Engine/Shaders/Private/HairBsdf.ush" 2176
"../../../Engine/Shaders/Private/MobileGGX.ush" 2177
"../../../Engine/Shaders/Private/HairStrands/HairStrandsCommon.ush" 2178
"../../../Engine/Shaders/Private/HairStrands/HairStrandsEnvironmentLightingCommon.ush" 2179
"../../../Engine/Shaders/Private/HairStrands/HairStrandsDeepTransmittanceCommon.ush" 2180
"../../../Engine/Shaders/Private/HairStrands/HairStrandsDeepTransmittanceDualScattering.ush" 2181
"../../../Engine/Shaders/Private/HairStrands/HairStrandsDeepShadowCommon.ush" 2182
"../../../Engine/Shaders/Private/HairStrands/HairStrandsDebugCommonStruct.ush" 2183
"../../../Engine/Plugins/Experimental/Water/Shaders/Private/WaterQuadTreeDraws.usf" 2184
"../../../Engine/Plugins/Experimental/Water/Shaders/Private/WaterQuadTreeCommon.ush" 2185
"../../../Engine/Shaders/Private/Nanite/NaniteHZBCull.ush" 2186
"../../../Engine/Shaders/Private/HZB.ush" 2187
"../../../Engine/Plugins/Experimental/Water/Shaders/Private/WaterQuadTreeBuild.usf" 2188
"../../../Engine/Plugins/Experimental/Water/Shaders/Private/WaterQuadTreeMerge.usf" 2189
"../../../Engine/Plugins/Experimental/Water/Shaders/Private/WaterQuadTreePixelShader.usf" 2190
"../../../Engine/Plugins/Experimental/Water/Shaders/Private/WaterQuadTreeVertexShader.usf" 2191
"../../../Engine/Plugins/Experimental/Water/Shaders/Private/WaterInfoFinalize.usf" 2192
"../../../Engine/Plugins/Experimental/Water/Shaders/Private/WaterInfoMerge.usf" 2193
"../../../Engine/Plugins/Experimental/NFORDenoise/Shaders/NFORDenoise.usf" 2194
"../../../Engine/Plugins/Experimental/NFORDenoise/Shaders/NFORRegressionCommon.ush" 2195
"../../../Engine/Plugins/Experimental/NFORDenoise/Shaders/NFORRegression.ush" 2196
"../../../Engine/Plugins/Runtime/ComputeFramework/Shaders/Private/ComputeKernel.usf" 2197
"../../../Engine/Plugins/Runtime/ComputeFramework/Shaders/Private/ComputeKernelCommon.ush" 2198
"../../../Engine/Plugins/Media/WmfMedia/Shaders/Private/MediaHardwareVideoDecoding.usf" 2199
"../../../Engine/Shaders/Private/ColorUtils.ush" 2200
"../../../Engine/Plugins/Media/ImgMedia/Shaders/Private/ExrSwizzler.usf" 2201
"../../../Engine/Plugins/VirtualProduction/CameraCalibrationCore/Shaders/Private/CrosshairOverlay.usf" 2202
"../../../Engine/Plugins/VirtualProduction/CameraCalibrationCore/Shaders/Private/DisplacementMapBlending.usf" 2203
"../../../Engine/Plugins/VirtualProduction/CameraCalibrationCore/Shaders/Private/RecenterSTDisplacementMaps.usf" 2204
"../../../Engine/Plugins/VirtualProduction/CameraCalibrationCore/Shaders/Private/FillSTDisplacementMap.usf" 2205
"../../../Engine/Plugins/VirtualProduction/CameraCalibrationCore/Shaders/Private/InvertDisplacementMap.usf" 2206
"../../../Engine/Plugins/VirtualProduction/CameraCalibrationCore/Shaders/Private/CropDisplacementMap.usf" 2207
"../../../Engine/Plugins/VirtualProduction/CameraCalibrationCore/Shaders/Private/BlendDisplacementMaps.usf" 2208
"../../../Engine/Plugins/VirtualProduction/CameraCalibrationCore/Shaders/Private/DrawDisplacementMaps.usf" 2209
"../../../Engine/Plugins/VirtualProduction/CameraCalibrationCore/Shaders/Private/UndistortImagePoints.usf" 2210
"../../../Engine/Plugins/VirtualProduction/CameraCalibrationCore/Shaders/Private/DistortionSTMapProcessor.usf" 2211
"../../../Engine/Plugins/NNE/NNEDenoiser/Shaders/NNEDenoiserShadersTransferFunctionOidn.usf" 2212
"../../../Engine/Plugins/NNE/NNEDenoiser/Shaders/NNEDenoiserShadersMappedCopy.usf" 2213
"../../../Engine/Plugins/NNE/NNEDenoiser/Shaders/NNEDenoiserShadersDefaultIOProcess.usf" 2214
"../../../Engine/Plugins/NNE/NNEDenoiser/Shaders/NNEDenoiserShadersAutoExposureReduceFinal.usf" 2215
"../../../Engine/Plugins/NNE/NNEDenoiser/Shaders/NNEDenoiserShadersAutoExposureReduce.usf" 2216
"../../../Engine/Plugins/NNE/NNEDenoiser/Shaders/NNEDenoiserShadersAutoExposureDownsample.usf" 2217
"../../../Engine/Plugins/Enterprise/GLTFExporter/Shaders/Private/SimpleTexture2DPS.usf" 2218
"../../../Engine/Shaders/Private/SimpleElementNormalMapPixelShader.usf" 2219
"../../../Engine/Plugins/FX/Niagara/Shaders/Private/NiagaraVertexFactoryExport.usf" 2220
"../../../Engine/Shaders/Private/ComputeShaderUtils.ush" 2221
"../../../Engine/Shaders/Private/MaterialTemplate.ush" 2222
"../../../Engine/Shaders/Private/WorldSpaceMath.ush" 2223
"../../../Engine/Shaders/Private/EyeAdaptationCommon.ush" 2224
"../../../Engine/Shaders/Private/SobolRandom.ush" 2225
"../../../Engine/Shaders/Private/DepthOfFieldCommon.ush" 2226
"../../../Engine/Shaders/Private/CircleDOFCommon.ush" 2227
"../../../Engine/Shaders/Private/DistanceField/GlobalDistanceFieldShared.ush" 2228
"../../../Engine/Shaders/Private/PhysicsFieldSampler.ush" 2229
"../../../Engine/Shaders/Private/PhysicsFieldShared.ush" 2230
"../../../Engine/Shaders/Private/SparseVolumeTexture/SparseVolumeTextureCommon.ush" 2231
"../../../Engine/Shaders/Shared/EnvironmentComponentsFlags.h" 2232
"../../../Engine/Shaders/Private/MeshPaintTextureCommon.ush" 2233
"../../../Engine/Shaders/Private/VirtualTextureMaterial.ush" 2234
"../../../Engine/Shaders/Private/MaterialCache/MaterialCacheMaterialCommon.ush" 2235
"../../../Engine/Shaders/Private/MaterialCache/MaterialCacheABuffer.ush" 2236
"../../../Engine/Shaders/Private/SpeedTreeCommon.ush" 2237
"../../../Engine/Shaders/Private/VirtualTextureCommon.ush" 2238
"../../../Engine/Shaders/Private/MaterialTexture.ush" 2239
"../../../Engine/Shaders/Private/MinMaterialTexCoords.ush" 2240
"../../../Engine/Shaders/Private/SkyAtmosphereCommon.ush" 2241
"../../../Engine/Shaders/Private/SingleLayerWaterCommon.ush" 2242
"../../../Engine/Shaders/Private/TextureSampling.ush" 2243
"../../../Engine/Shaders/Private/PaniniProjection.ush" 2244
"../../../Engine/Shaders/Private/DBufferNormalReprojection.ush" 2245
"../../../Engine/Shaders/Public/SubstratePublic.ush" 2246
"../../../Engine/Shaders/Private/Substrate/SubstrateTree.ush" 2247
"../../../Engine/Shaders/Private/Substrate/SubstrateEvaluation.ush" 2248
"../../../Engine/Shaders/Private/Substrate/Glint/GlintThirdParty.ush" 2249
"../../../Engine/Shaders/Private/BlueNoise.ush" 2250
"../../../Engine/Shaders/Private/SHCommon.ush" 2251
"../../../Engine/Shaders/Private/ShadingModelsSampling.ush" 2252
"../../../Engine/Shaders/Private/HairStrands/HairBsdfSample.ush" 2253
"../../../Engine/Shaders/Private/Substrate/SubstrateLegacyConversion.ush" 2254
"../../../Engine/Shaders/Private/DBufferDecalShared.ush" 2255
"../../../Engine/Plugins/FX/Niagara/Shaders/Private/NiagaraSortKeyGen.usf" 2256
"../../../Engine/Plugins/FX/Niagara/Shaders/Private/NiagaraGPURayTracingTransforms.usf" 2257
"../../../Engine/Plugins/FX/Niagara/Shaders/Private/NiagaraDrawIndirectArgsGen.usf" 2258
"../../../Engine/Plugins/FX/Niagara/Shaders/Private/NiagaraDispatchIndirectArgsGen.usf" 2259
"../../../Engine/Plugins/FX/Niagara/Shaders/Private/Stateless/NiagaraStatelessSimulationDefault.usf" 2260
"../../../Engine/Plugins/FX/Niagara/Shaders/Private/Stateless/NiagaraStatelessSimulationTemplate.ush" 2261
"../../../Engine/Plugins/FX/Niagara/Shaders/Private/Stateless/NiagaraStatelessCommon.ush" 2262
"../../../Engine/Plugins/FX/Niagara/Shaders/Shared/NiagaraStatelessDefinitions.h" 2263
"../../../Engine/Plugins/FX/Niagara/Shaders/Shared/NiagaraStatelessBuiltDistribution.h" 2264
"../../../Engine/Plugins/FX/Niagara/Shaders/Private/Stateless/NiagaraStatelessDistribution.ush" 2265
"../../../Engine/Plugins/FX/Niagara/Shaders/Private/Stateless/Modules/NiagaraStatelessModule_CalculateAccurateVelocity.ush" 2266
"../../../Engine/Plugins/FX/Niagara/Shaders/Private/Stateless/Modules/NiagaraStatelessModule_CameraOffset.ush" 2267
"../../../Engine/Plugins/FX/Niagara/Shaders/Private/Stateless/Modules/NiagaraStatelessModule_DynamicMaterialParameters.ush" 2268
"../../../Engine/Plugins/FX/Niagara/Shaders/Private/Stateless/Modules/NiagaraStatelessModule_InitializeParticle.ush" 2269
"../../../Engine/Plugins/FX/Niagara/Shaders/Private/Stateless/Modules/NiagaraStatelessModule_InitialMeshOrientation.ush" 2270
"../../../Engine/Plugins/FX/Niagara/Shaders/Private/Stateless/Modules/NiagaraStatelessModule_MeshIndex.ush" 2271
"../../../Engine/Plugins/FX/Niagara/Shaders/Private/Stateless/Modules/NiagaraStatelessModule_MeshRotationRate.ush" 2272
"../../../Engine/Plugins/FX/Niagara/Shaders/Private/Stateless/Modules/NiagaraStatelessModule_RotateAroundPoint.ush" 2273
"../../../Engine/Plugins/FX/Niagara/Shaders/Private/Stateless/Modules/NiagaraStatelessModule_ShapeLocation.ush" 2274
"../../../Engine/Plugins/FX/Niagara/Shaders/Private/Stateless/Modules/NiagaraStatelessModule_ScaleColor.ush" 2275
"../../../Engine/Plugins/FX/Niagara/Shaders/Private/Stateless/Modules/NiagaraStatelessModule_ScaleRibbonWidth.ush" 2276
"../../../Engine/Plugins/FX/Niagara/Shaders/Private/Stateless/Modules/NiagaraStatelessModule_ScaleSpriteSize.ush" 2277
"../../../Engine/Plugins/FX/Niagara/Shaders/Private/Stateless/Modules/NiagaraStatelessModule_ScaleSpriteSizeBySpeed.ush" 2278
"../../../Engine/Plugins/FX/Niagara/Shaders/Private/Stateless/Modules/NiagaraStatelessModule_ScaleMeshSize.ush" 2279
"../../../Engine/Plugins/FX/Niagara/Shaders/Private/Stateless/Modules/NiagaraStatelessModule_ScaleMeshSizebySpeed.ush" 2280
"../../../Engine/Plugins/FX/Niagara/Shaders/Private/Stateless/Modules/NiagaraStatelessModule_SolveVelocitiesAndForces.ush" 2281
"../../../Engine/Plugins/FX/Niagara/Shaders/Private/Stateless/Modules/NiagaraStatelessModule_SpriteFacingAndAlignment.ush" 2282
"../../../Engine/Plugins/FX/Niagara/Shaders/Private/Stateless/Modules/NiagaraStatelessModule_SpriteRotationRate.ush" 2283
"../../../Engine/Plugins/FX/Niagara/Shaders/Private/Stateless/Modules/NiagaraStatelessModule_SubUVAnimation.ush" 2284
"../../../Engine/Plugins/FX/Niagara/Shaders/Private/NiagaraBlendSVTsToDenseBuffer.usf" 2285
"../../../Engine/Plugins/FX/Niagara/Shaders/Private/NiagaraSVTToDenseBuffer.usf" 2286
"../../../Engine/Plugins/FX/Niagara/Shaders/Private/NiagaraFillIntBuffer.usf" 2287
"../../../Engine/Plugins/FX/Niagara/Shaders/Private/NiagaraComputeFreeIDs.usf" 2288
"../../../Engine/Plugins/FX/Niagara/Shaders/Private/NiagaraInitFreeIDBuffer.usf" 2289
"../../../Engine/Plugins/FX/Niagara/Shaders/Private/NiagaraEmitterInstanceShader.usf" 2290
"../../../Engine/Plugins/FX/Niagara/Shaders/Private/NiagaraShaderVersion.ush" 2291
"../../../Engine/Plugins/FX/Niagara/Shaders/Private/NiagaraPhysicsCommon.ush" 2292
"../../../Engine/Plugins/FX/Niagara/Shaders/Private/Ribbons/NiagaraRibbonAggregationApply.usf" 2293
"../../../Engine/Plugins/FX/Niagara/Shaders/Private/Ribbons/NiagaraRibbonCommon.ush" 2294
"../../../Engine/Plugins/FX/Niagara/Shaders/Private/Ribbons/NiagaraRibbonAggregationStep.usf" 2295
"../../../Engine/Plugins/FX/Niagara/Shaders/Private/Ribbons/NiagaraRibbonGenerateIndices.usf" 2296
"../../../Engine/Plugins/FX/Niagara/Shaders/Private/Ribbons/NiagaraRibbonInitializeIndices.usf" 2297
"../../../Engine/Plugins/FX/Niagara/Shaders/Private/Ribbons/NiagaraRibbonRibbonUVParamCalculation.usf" 2298
"../../../Engine/Plugins/FX/Niagara/Shaders/Private/Ribbons/NiagaraRibbonVertexReductionFinalization.usf" 2299
"../../../Engine/Plugins/FX/Niagara/Shaders/Private/Ribbons/NiagaraRibbonVertexReductionInitialization.usf" 2300
"../../../Engine/Plugins/FX/Niagara/Shaders/Private/Ribbons/NiagaraRibbonSortParticles.usf" 2301
"../../../Engine/Plugins/FX/Niagara/Shaders/Private/NiagaraLWCHelper.usf" 2302
"../../../Engine/Plugins/FX/Niagara/Shaders/Private/NiagaraUpdateMeshGPUSceneInstances.usf" 2303
"../../../Engine/Shaders/Private/GPUScene/GPUSceneWriter.ush" 2304
"../../../Engine/Plugins/FX/Niagara/Shaders/Private/NiagaraGenerateMips.usf" 2305
"../../../Engine/Plugins/FX/Niagara/Shaders/Private/NiagaraDebugDraw.usf" 2306
"../../../Engine/Plugins/FX/Niagara/Shaders/Private/NiagaraDebugDraw.ush" 2307
"../../../Engine/Plugins/FX/Niagara/Shaders/Private/NiagaraVisualizeTexture.usf" 2308
"../../../Engine/Plugins/FX/Niagara/Shaders/Private/NiagaraClearCounts.usf" 2309
"../../../Engine/Plugins/FX/Niagara/Shaders/Private/NiagaraBatchedElements.usf" 2310
"../../../Engine/Plugins/FX/Niagara/Shaders/Private/NiagaraRayTracingShaders.usf" 2311
"../../../Engine/Plugins/FX/Niagara/Shaders/Private/NiagaraAsyncGpuTraceCommon.ush" 2312
"../../../Engine/Shaders/Private/HashTable.ush" 2313
"../../../Engine/Shaders/Private/Hash.ush" 2314
"../../../Engine/Shaders/Private/RayTracing/VFXTraceRay.ush" 2315
"../../../Engine/Plugins/FX/Niagara/Shaders/Private/NiagaraRayMarchingShaders.usf" 2316
"../../../Engine/Plugins/FX/Niagara/Shaders/Private/NiagaraRayTraceCollisionGroupShaders.usf" 2317
"../../../Engine/Plugins/FX/Niagara/Shaders/Private/NiagaraAsyncGpuTraceUtils.usf" 2318
"../../../Engine/Shaders/Private/VirtualTextureAdapter.usf" 2319
"../../../Engine/Shaders/Private/BlockCompressionCommon.ush" 2320
"../../../Engine/Shaders/Private/BCCompressionCommon.ush" 2321
"../../../Engine/Shaders/Private/TranslucentLightingShaders.usf" 2322
"../../../Engine/Shaders/Private/CubemapCommon.ush" 2323
"../../../Engine/Shaders/Private/VectorFieldCompositeShaders.usf" 2324
"../../../Engine/Shaders/Private/UpdateTextureShaders.usf" 2325
"../../../Engine/Shaders/Private/StereoLayerShader.usf" 2326
"../../../Engine/Shaders/Private/SparseVolumeTexture/UpdateSparseVolumeTexture.usf" 2327
"../../../Engine/Shaders/Private/MorphTargets.usf" 2328
"../../../Engine/Shaders/Private/SimpleElementColorChannelMaskPixelShader.usf" 2329
"../../../Engine/Shaders/Private/SimpleElementHitProxyPixelShader.usf" 2330
"../../../Engine/Shaders/Private/SimpleElementPixelShader.usf" 2331
"../../../Engine/Shaders/Private/IESLightProfilesCommon.ush" 2332
"../../../Engine/Shaders/Private/SimpleElementVertexShader.usf" 2333
"../../../Engine/Shaders/Private/ScreenPixelShaderOES.usf" 2334
"../../../Engine/Shaders/Private/ScreenVertexShader.usf" 2335
"../../../Engine/Shaders/Private/ScreenPixelShader.usf" 2336
"../../../Engine/Shaders/Private/SSProfilePreIntegratedMobile.usf" 2337
"../../../Engine/Shaders/Private/SpecularProfile.usf" 2338
"../../../Engine/Shaders/Private/Nanite/NaniteStreaming.usf" 2339
"../../../Engine/Shaders/Private/Nanite/NaniteStreaming.ush" 2340
"../../../Engine/Shaders/Private/Nanite/NaniteTranscode.usf" 2341
"../../../Engine/Shaders/Private/VolumetricLightmapStreaming.usf" 2342
"../../../Engine/Shaders/Private/PhysicsFieldReset.usf" 2343
"../../../Engine/Shaders/Private/PhysicsFieldBuilder.usf" 2344
"../../../Engine/Shaders/Private/PhysicsFieldEval.ush" 2345
"../../../Engine/Shaders/Private/ParticleSortKeyGen.usf" 2346
"../../../Engine/Shaders/Private/ParticleBoundsShader.usf" 2347
"../../../Engine/Shaders/Private/ParticleSimVisualizeShader.usf" 2348
"../../../Engine/Shaders/Private/ParticleInjectionShader.usf" 2349
"../../../Engine/Shaders/Private/ParticleSimulationShader.usf" 2350
"../../../Engine/Shaders/Private/ParticleCurveInjectionShader.usf" 2351
"../../../Engine/Shaders/Private/CopyUIntBuffer.usf" 2352
"../../../Engine/Shaders/Private/RadixSortShaders.usf" 2353
"../../../Engine/Shaders/Private/RecomputeTangentsPerVertexPass.usf" 2354
"../../../Engine/Shaders/Private/RecomputeTangentsCommon.ush" 2355
"../../../Engine/Shaders/Private/RecomputeTangentsPerTrianglePass.usf" 2356
"../../../Engine/Shaders/Private/GpuSkinCacheComputeShader.usf" 2357
"../../../Engine/Shaders/Private/HeightFieldAtlasManagement.usf" 2358
"../../../Engine/Shaders/Private/Landscape/LandscapeEditLayersUtils.usf" 2359
"../../../Engine/Shaders/Private/Landscape/LandscapeCommon.ush" 2360
"../../../Engine/Shaders/Private/Landscape/LandscapeEditLayersWeightmaps.usf" 2361
"../../../Engine/Shaders/Private/Landscape/LandscapeEditLayersHeightmaps.usf" 2362
"../../../Engine/Shaders/Private/Landscape/LandscapeLayersWeightmapsPS.usf" 2363
"../../../Engine/Shaders/Private/Landscape/LandscapeLayersHeightmapsPS.usf" 2364
"../../../Engine/Shaders/Private/LandscapeLayersCS.usf" 2365
"../../../Engine/Shaders/Private/LandscapeLayersPS.usf" 2366
"../../../Engine/Shaders/Private/LandscapeLayersVS.usf" 2367
"../../../Engine/Shaders/Private/LandscapePhysicalMaterial.usf" 2368
"../../../Engine/Shaders/Private/LandscapeGrassWeight.usf" 2369
"../../../Engine/Shaders/Private/Landscape/LandscapeCulling.usf" 2370
"../../../Engine/Shaders/Private/Landscape/LandscapeMergeTexturesPS.usf" 2371
"../../../Engine/Shaders/Private/WideCustomResolveShaders.usf" 2372
"../../../Engine/Shaders/Private/WideCustomResolve_Wide.ush" 2373
"../../../Engine/Shaders/Private/WideCustomResolve_Wider.ush" 2374
"../../../Engine/Shaders/Private/WideCustomResolve_Widest.ush" 2375
"../../../Engine/Shaders/Private/WaterInfoTextureBlur.usf" 2376
"../../../Engine/Shaders/Private/WaterInfoTextureMerge.usf" 2377
"../../../Engine/Shaders/Private/PageTableUpdate.usf" 2378
"../../../Engine/Shaders/Private/VirtualTextureCompress.usf" 2379
"../../../Engine/Shaders/Private/ASTCCompressionCommon.ush" 2380
"../../../Engine/Shaders/Private/IntegerSequenceEncoding.ush" 2381
"../../../Engine/Shaders/Private/ETCCompressionCommon.ush" 2382
"../../../Engine/Shaders/Private/VirtualTextureMaterial.usf" 2383
"../../../Engine/Shaders/Private/PixelShaderOutputCommon.ush" 2384
"../../../Engine/Shaders/Private/ShaderOutputCommon.ush" 2385
"../../../Engine/Shaders/Private/VolumetricRenderTarget.usf" 2386
"../../../Engine/Shaders/Private/HeightFogCommon.ush" 2387
"../../../Engine/Shaders/Private/LocalFogVolumes/LocalFogVolumeCommon.ush" 2388
"../../../Engine/Shaders/Private/ReflectionEnvironmentShared.ush" 2389
"../../../Engine/Shaders/Private/VolumetricFogVoxelization.usf" 2390
"../../../Engine/Shaders/Private/VolumetricCloudMaterialPixelCommon.ush" 2391
"../../../Engine/Shaders/Private/VolumetricFogLightFunction.usf" 2392
"../../../Engine/Shaders/Private/LightFunctionCommon.ush" 2393
"../../../Engine/Shaders/Private/VolumetricFog.usf" 2394
"../../../Engine/Shaders/Private/DeferredLightingCommon.ush" 2395
"../../../Engine/Shaders/Private/DynamicLightingCommon.ush" 2396
"../../../Engine/Shaders/Private/CapsuleLightIntegrate.ush" 2397
"../../../Engine/Shaders/Private/CapsuleLightSampling.ush" 2398
"../../../Engine/Shaders/Private/RectLightIntegrate.ush" 2399
"../../../Engine/Shaders/Private/ScreenSpaceShadowRayCast.ush" 2400
"../../../Engine/Shaders/Private/LightFunctionAtlas/LightFunctionAtlasCommon.usf" 2401
"../../../Engine/Shaders/Private/HeterogeneousVolumes/HeterogeneousVolumesAdaptiveVolumetricShadowMapSampling.ush" 2402
"../../../Engine/Shaders/Private/HeterogeneousVolumes/HeterogeneousVolumesAdaptiveVolumetricShadowMapUtils.ush" 2403
"../../../Engine/Shaders/Private/HeterogeneousVolumes/HeterogeneousVolumesRayMarchingUtils.ush" 2404
"../../../Engine/Shaders/Private/HeterogeneousVolumes/HeterogeneousVolumesRayMarchingTypes.ush" 2405
"../../../Engine/Shaders/Private/PathTracing/Utilities/PathTracingRandomSequence.ush" 2406
"../../../Engine/Shaders/Private/HeterogeneousVolumes/HeterogeneousVolumesTracingUtils.ush" 2407
"../../../Engine/Shaders/Private/VelocityCommon.ush" 2408
"../../../Engine/Shaders/Private/HeterogeneousVolumes/HeterogeneousVolumesTransmittanceVolumeUtils.ush" 2409
"../../../Engine/Shaders/Private/ForwardShadowingCommon.ush" 2410
"../../../Engine/Shaders/Private/ShadowFilteringCommon.ush" 2411
"../../../Engine/Shaders/Private/PixelQuadMessagePassing.ush" 2412
"../../../Engine/Shaders/Private/VolumeLightingCommon.ush" 2413
"../../../Engine/Shaders/Private/ShadowProjectionCommon.ush" 2414
"../../../Engine/Shaders/Private/VolumeLightingCommonSampling.ush" 2415
"../../../Engine/Shaders/Private/Lumen/LumenTranslucencyVolumeShared.ush" 2416
"../../../Engine/Shaders/Private/Lumen/LumenRadianceCacheInterpolation.ush" 2417
"../../../Engine/Shaders/Private/HeterogeneousVolumes/HeterogeneousVolumesAdaptiveVolumetricShadowMapSampler.ush" 2418
"../../../Engine/Shaders/Private/LightGridCommon.ush" 2419
"../../../Engine/Shaders/Private/DistanceFieldAOShared.ush" 2420
"../../../Engine/Shaders/Private/IntersectionUtils.ush" 2421
"../../../Engine/Shaders/Private/VolumetricLightmapShared.ush" 2422
"../../../Engine/Shaders/Private/LightDataUniforms.ush" 2423
"../../../Engine/Shaders/Private/VirtualShadowMaps/VirtualShadowMapProjectionCommon.ush" 2424
"../../../Engine/Shaders/Private/VirtualShadowMaps/VirtualShadowMapPageAccessCommon.ush" 2425
"../../../Engine/Shaders/Shared/VirtualShadowMapDefinitions.h" 2426
"../../../Engine/Shaders/Shared/HLSLMathAliases.h" 2427
"../../../Engine/Shaders/Private/VirtualShadowMaps/VirtualShadowMapProjectionStructs.ush" 2428
"../../../Engine/Shaders/Private/VolumetricCloudCommon.ush" 2429
"../../../Engine/Shaders/Private/VolumetricCloud.usf" 2430
"../../../Engine/Shaders/Private/VisualizeVolumetricLightmap.usf" 2431
"../../../Engine/Shaders/Private/VirtualShadowMaps/VirtualShadowMapProjectionComposite.usf" 2432
"../../../Engine/Shaders/Private/LightShaderParameters.ush" 2433
"../../../Engine/Shaders/Private/VirtualShadowMaps/VirtualShadowMapMaskBitsCommon.ush" 2434
"../../../Engine/Shaders/Private/VirtualShadowMaps/VirtualShadowMapLightGrid.ush" 2435
"../../../Engine/Shaders/Private/VirtualShadowMaps/VirtualShadowMapProjection.usf" 2436
"../../../Engine/Shaders/Private/Visualization.ush" 2437
"../../../Engine/Shaders/Private/VirtualShadowMaps/VirtualShadowMapProjectionFilter.ush" 2438
"../../../Engine/Shaders/Private/VirtualShadowMaps/VirtualShadowMapProjectionDirectional.ush" 2439
"../../../Engine/Shaders/Private/VirtualShadowMaps/VirtualShadowMapSMRTCommon.ush" 2440
"../../../Engine/Shaders/Private/VirtualShadowMaps/VirtualShadowMapSMRTTemplate.ush" 2441
"../../../Engine/Shaders/Private/VirtualShadowMaps/VirtualShadowMapProjectionSpot.ush" 2442
"../../../Engine/Shaders/Private/VirtualShadowMaps/VirtualShadowMapTransmissionCommon.ush" 2443
"../../../Engine/Shaders/Private/VirtualShadowMaps/VirtualShadowMapScreenRayTrace.ush" 2444
"../../../Engine/Shaders/Private/VirtualShadowMaps/VirtualShadowMapStats.ush" 2445
"../../../Engine/Shaders/Private/HairStrands/HairStrandsVoxelPageCommon.ush" 2446
"../../../Engine/Shaders/Private/HairStrands/HairStrandsVoxelPageTraversal.ush" 2447
"../../../Engine/Shaders/Private/VirtualShadowMaps/VirtualShadowMapCacheGPUInvalidation.usf" 2448
"../../../Engine/Shaders/Private/VirtualShadowMaps/VirtualShadowMapPageCacheCommon.ush" 2449
"../../../Engine/Shaders/Private/VirtualShadowMaps/VirtualShadowMapCacheInvalidation.ush" 2450
"../../../Engine/Shaders/Private/VirtualShadowMaps/VirtualShadowMapPageOverlap.ush" 2451
"../../../Engine/Shaders/Private/ScreenSpaceDenoise/SSDDefinitions.ush" 2452
"../../../Engine/Shaders/Private/InstanceCulling/InstanceCullingLoadBalancer.ush" 2453
"../../../Engine/Shaders/Private/VirtualShadowMaps/VirtualShadowMapCacheLoadBalancer.usf" 2454
"../../../Engine/Shaders/Private/VirtualShadowMaps/VirtualShadowMapCopyStats.usf" 2455
"../../../Engine/Shaders/Private/VirtualShadowMaps/VirtualShadowMapDebug.usf" 2456
"../../../Engine/Shaders/Private/VirtualShadowMaps/Desaturate.usf" 2457
"../../../Engine/Shaders/Private/VirtualShadowMaps/VirtualShadowMapPhysicalPageManagement.usf" 2458
"../../../Engine/Shaders/Private/ReductionCommon.ush" 2459
"../../../Engine/Shaders/Private/GPUMessaging.ush" 2460
"../../../Engine/Shaders/Private/VirtualShadowMaps/VirtualShadowMapPerPageDispatch.ush" 2461
"../../../Engine/Shaders/Private/VirtualShadowMaps/VirtualShadowMapCompactViews.usf" 2462
"../../../Engine/Shaders/Shared/SceneCullingDefinitions.h" 2463
"../../../Engine/Shaders/Private/VirtualShadowMaps/VirtualShadowMapBuildPerPageDrawCommands.usf" 2464
"../../../Engine/Shaders/Private/Nanite/NaniteCullingCommon.ush" 2465
"../../../Engine/Shaders/Private/Nanite/NaniteCulling.ush" 2466
"../../../Engine/Shaders/Private/Nanite/NaniteHierarchyTraversalCommon.ush" 2467
"../../../Engine/Shaders/Private/InstanceCulling/InstanceCullingCommon.ush" 2468
"../../../Engine/Shaders/Shared/InstanceCullingDefinitions.h" 2469
"../../../Engine/Shaders/Private/VirtualShadowMaps/VirtualShadowMapPrintStats.usf" 2470
"../../../Engine/Shaders/Private/VirtualShadowMaps/VirtualShadowMapPageManagement.usf" 2471
"../../../Engine/Shaders/Private/VirtualShadowMaps/VirtualShadowMapPageMarking.usf" 2472
"../../../Engine/Shaders/Shared/SingleLayerWaterDefinitions.h" 2473
"../../../Engine/Shaders/Private/HairStrands/HairStrandsTileCommon.ush" 2474
"../../../Engine/Shaders/Private/Froxel/Froxel.ush" 2475
"../../../Engine/Shaders/Shared/FroxelDefinitions.h" 2476
"../../../Engine/Shaders/Private/DiaphragmDOF/DOFCommon.ush" 2477
"../../../Engine/Shaders/Private/VariableRateShading/VRSShadingRatePreview.usf" 2478
"../../../Engine/Shaders/Private/VariableRateShading/VRSShadingRateCommon.ush" 2479
"../../../Engine/Shaders/Private/VariableRateShading/VRSShadingRateCombine.usf" 2480
"../../../Engine/Shaders/Private/VariableRateShading/VRSShadingRateFoveated.usf" 2481
"../../../Engine/Shaders/Private/VariableRateShading/VRSShadingRateReproject.usf" 2482
"../../../Engine/Shaders/Private/VariableRateShading/VRSShadingRateCalculate.usf" 2483
"../../../Engine/Shaders/Private/TranslucencyUpsampling.usf" 2484
"../../../Engine/Shaders/Private/ComposeSeparateTranslucency.usf" 2485
"../../../Engine/Shaders/Private/SeparateTranslucency.ush" 2486
"../../../Engine/Shaders/Private/TranslucentLightInjectionShaders.usf" 2487
"../../../Engine/Shaders/Private/TranslucentShadowDepthShaders.usf" 2488
"../../../Engine/Shaders/Private/ShadowDepthCommon.ush" 2489
"../../../Engine/Shaders/Private/RayTracing/RayTracingTest.usf" 2490
"../../../Engine/Shaders/Private/PostprocessSubsurfaceTile.usf" 2491
"../../../Engine/Shaders/Private/PostProcessSubsurfaceCommon.ush" 2492
"../../../Engine/Shaders/Private/Substrate/SubstrateVisualize.usf" 2493
"../../../Engine/Shaders/Private/Substrate/SubstrateTile.ush" 2494
"../../../Engine/Shaders/Shared/SubstrateVisualizeDefinitions.h" 2495
"../../../Engine/Shaders/Private/Substrate/SubstrateVisualizeCommon.ush" 2496
"../../../Engine/Shaders/Private/SkyLightingDiffuseShared.ush" 2497
"../../../Engine/Shaders/Private/SkyLightingShared.ush" 2498
"../../../Engine/Shaders/Private/ClearCoatCommon.ush" 2499
"../../../Engine/Shaders/Private/ReflectionEnvironmentComposite.ush" 2500
"../../../Engine/Shaders/Private/Substrate/SubstrateLightingCommon.ush" 2501
"../../../Engine/Shaders/Private/Substrate/SubstrateRoughRefraction.usf" 2502
"../../../Engine/Shaders/Private/PathTracing/Material/PathTracingFresnel.ush" 2503
"../../../Engine/Shaders/Private/PathTracing/Material/PathTracingGlossy.ush" 2504
"../../../Engine/Shaders/Private/Substrate/SubstrateMaterialSampling.usf" 2505
"../../../Engine/Shaders/Private/Substrate/SubstrateMaterialSampling.ush" 2506
"../../../Engine/Shaders/Private/Lumen/LumenPosition.ush" 2507
"../../../Engine/Shaders/Private/Substrate/SubstrateTile.usf" 2508
"../../../Engine/Shaders/Private/Substrate/SubstrateMaterialClassification.usf" 2509
"../../../Engine/Shaders/Private/Substrate/SubstrateDBuffer.usf" 2510
"../../../Engine/Shaders/Private/StochasticLighting/StochasticLightingDenoising.usf" 2511
"../../../Engine/Shaders/Private/Lumen/LumenMaterial.ush" 2512
"../../../Engine/Shaders/Private/StochasticLighting/StochasticLightingCommon.ush" 2513
"../../../Engine/Shaders/Private/SplineMeshSceneTexture.usf" 2514
"../../../Engine/Shaders/Private/SparseVolumeTexture/VisualizeSparseVolumeTexture.usf" 2515
"../../../Engine/Shaders/Private/SkyAtmosphere.usf" 2516
"../../../Engine/Shaders/Private/Skinning/SkinnedMeshDebug.usf" 2517
"../../../Engine/Shaders/Private/Skinning/AnimBankEval.usf" 2518
"../../../Engine/Shaders/Private/SingleLayerWaterComposite.usf" 2519
"../../../Engine/Shaders/Private/Froxel/FroxelBuild.ush" 2520
"../../../Engine/Shaders/Private/SingleLayerWaterRefractionCulling.usf" 2521
"../../../Engine/Shaders/Private/ScreenSpaceShadows.usf" 2522
"../../../Engine/Shaders/Private/bend_sss_gpu.ush" 2523
"../../../Engine/Shaders/Private/ShadowFactorsUpsampleCommon.ush" 2524
"../../../Engine/Shaders/Private/FirstPersonSelfShadow.usf" 2525
"../../../Engine/Shaders/Private/HZBTracing.ush" 2526
"../../../Engine/Shaders/Private/ShadowProjectionVertexShader.usf" 2527
"../../../Engine/Shaders/Private/ShadowProjectionPixelShader.usf" 2528
"../../../Engine/Shaders/Private/MobileLightingCommon.ush" 2529
"../../../Engine/Shaders/Private/PlanarReflectionShared.ush" 2530
"../../../Engine/Shaders/Private/MobileSSR.ush" 2531
"../../../Engine/Shaders/Private/SSRT/SSRTRayCast.ush" 2532
"../../../Engine/Shaders/Private/ShadowPercentageCloserFiltering.ush" 2533
"../../../Engine/Shaders/Private/TransmissionThickness.ush" 2534
"../../../Engine/Shaders/Private/CopyShadowMaps.usf" 2535
"../../../Engine/Shaders/Private/ShadowDepthPixelShader.usf" 2536
"../../../Engine/Shaders/Private/ShadowDepthVertexShader.usf" 2537
"../../../Engine/Shaders/Private/ShadingEnergyConservationTable.usf" 2538
"../../../Engine/Shaders/Shared/PathTracingDefinitions.h" 2539
"../../../Engine/Shaders/Private/ShadingFurnaceTest.usf" 2540
"../../../Engine/Shaders/Private/Substrate/SubstrateDeferredLighting.ush" 2541
"../../../Engine/Shaders/Private/ShaderPrintDraw.usf" 2542
"../../../Engine/Shaders/Private/ShaderPrintDrawPrimitive.usf" 2543
"../../../Engine/Shaders/Private/DefaultSSRTiles.usf" 2544
"../../../Engine/Shaders/Private/ScreenSpaceReflectionTileCommons.ush" 2545
"../../../Engine/Shaders/Private/SSRT/SSRTDiffuseIndirect.usf" 2546
"../../../Engine/Shaders/Private/SSRT/SSRTTileClassificationBuffer.ush" 2547
"../../../Engine/Shaders/Private/SSRT/SSRTReflections.usf" 2548
"../../../Engine/Shaders/Private/ScreenSpaceDenoise/SSDPublic.ush" 2549
"../../../Engine/Shaders/Private/SSRT/SSRTTileClassification.usf" 2550
"../../../Engine/Shaders/Private/SSRT/SSRTPrevFrameReduction.usf" 2551
"../../../Engine/Shaders/Private/ScreenSpaceDenoise/SSDComposeHarmonics.usf" 2552
"../../../Engine/Shaders/Private/ScreenSpaceDenoise/SSDPublicHarmonics.ush" 2553
"../../../Engine/Shaders/Private/ScreenSpaceDenoise/SSDSignalFramework.ush" 2554
"../../../Engine/Shaders/Private/ScreenSpaceDenoise/SSDCommon.ush" 2555
"../../../Engine/Shaders/Private/SphericalGaussian.ush" 2556
"../../../Engine/Shaders/Public/WaveBroadcastIntrinsics.ush" 2557
"../../../Engine/Shaders/Private/ScreenSpaceDenoise/SSDMetadata.ush" 2558
"../../../Engine/Shaders/Private/ScreenSpaceDenoise/SSDSignalCore.ush" 2559
"../../../Engine/Shaders/Private/ScreenSpaceDenoise/DenoisingCommon.ush" 2560
"../../../Engine/Shaders/Private/ScreenSpaceDenoise/SSDSignalArray.ush" 2561
"../../../Engine/Shaders/Private/ScreenSpaceDenoise/SSDSignalBufferEncoding.ush" 2562
"../../../Engine/Shaders/Private/ScreenSpaceDenoise/SSDPublicBufferEncoding.ush" 2563
"../../../Engine/Shaders/Private/Lumen/LumenBufferEncoding.ush" 2564
"../../../Engine/Shaders/Private/ScreenSpaceDenoise/SSDTemporalAccumulation.usf" 2565
"../../../Engine/Shaders/Private/ScreenSpaceDenoise/SSDSpatialKernel.ush" 2566
"../../../Engine/Shaders/Private/ScreenSpaceDenoise/SSDSignalAccumulatorArray.ush" 2567
"../../../Engine/Shaders/Private/ScreenSpaceDenoise/SSDSignalAccumulator.ush" 2568
"../../../Engine/Shaders/Private/ScreenSpaceDenoise/SSDSignalCompression.ush" 2569
"../../../Engine/Shaders/Private/ScreenSpaceDenoise/SSDSpatialAccumulation.usf" 2570
"../../../Engine/Shaders/Private/ScreenSpaceDenoise/SSDInjest.usf" 2571
"../../../Engine/Shaders/Private/ScreenSpaceDenoise/SSDCompressMetadata.usf" 2572
"../../../Engine/Shaders/Private/DownsampleDepthPixelShader.usf" 2573
"../../../Engine/Shaders/Private/ScreenPass.usf" 2574
"../../../Engine/Shaders/Private/HZB.usf" 2575
"../../../Engine/Shaders/Private/OcclusionFeedbackShaders.usf" 2576
"../../../Engine/Shaders/Private/HZBOcclusion.usf" 2577
"../../../Engine/Shaders/Private/OcclusionQueryPixelShader.usf" 2578
"../../../Engine/Shaders/Private/OcclusionQueryVertexShader.usf" 2579
"../../../Engine/Shaders/Private/HitProxyCopy.usf" 2580
"../../../Engine/Shaders/Private/HitProxyPixelShader.usf" 2581
"../../../Engine/Shaders/Private/HitProxyVertexShader.usf" 2582
"../../../Engine/Shaders/Private/SceneCulling/SceneCullingDebugRender.usf" 2583
"../../../Engine/Shaders/Private/SceneCulling/SceneCulling.ush" 2584
"../../../Engine/Shaders/Private/SceneCulling/SceneCullingBuildExplicitBounds.usf" 2585
"../../../Engine/Shaders/Private/SceneCapturePixelShader.usf" 2586
"../../../Engine/Shaders/Private/RendererUtils.usf" 2587
"../../../Engine/Shaders/Private/RTWriteMaskDecode.usf" 2588
"../../../Engine/Shaders/Private/ReflectionEnvironmentShaders.usf" 2589
"../../../Engine/Shaders/Private/RectLightAtlas.usf" 2590
"../../../Engine/Shaders/Private/RayTracing/TraceRayInlineStatistics.usf" 2591
"../../../Engine/Shaders/Private/RayTracing/CompositeSkyLightPS.usf" 2592
"../../../Engine/Shaders/Private/RayTracing/GenerateSkyLightVisibilityRaysCS.usf" 2593
"../../../Engine/Shaders/Private/RayTracing/RayTracingSkyLightCommon.ush" 2594
"../../../Engine/Shaders/Private/RayTracing/SkyLightVisibilityRaysData.ush" 2595
"../../../Engine/Shaders/Private/Raytracing/RaytracingSkylightRGS.usf" 2596
"../../../Engine/Shaders/Private/HairStrands/HairStrandsRaytracing.ush" 2597
"../../../Engine/Shaders/Private/Raytracing/RayTracingSkyLightEvaluation.ush" 2598
"../../../Engine/Shaders/Private/Raytracing/RayTracingDeferredShadingCommon.ush" 2599
"../../../Engine/Shaders/Private/RayTracing/RayTracingOcclusionRGS.usf" 2600
"../../../Engine/Shaders/Private/RayTracing/RayTracingDirectionalLight.ush" 2601
"../../../Engine/Shaders/Private/RayTracing/RayTracingRectLight.ush" 2602
"../../../Engine/Shaders/Private/RayTracing/RayTracingSphereLight.ush" 2603
"../../../Engine/Shaders/Private/RayTracing/RayTracingCapsuleLight.ush" 2604
"../../../Engine/Shaders/Private/Raytracing/RayTracingFeedback.usf" 2605
"../../../Engine/Shaders/Shared/RayTracingDebugTypes.h" 2606
"../../../Engine/Shaders/Private/RayTracing/RayTracingPrimaryRays.usf" 2607
"../../../Engine/Shaders/Private/RayTracing/RayTracingLightingCommon.ush" 2608
"../../../Engine/Shaders/Private/RayTracing/RayTracingLightCullingCommon.ush" 2609
"../../../Engine/Shaders/Private/RayTracing/RayTracingMaterialDefaultHitShaders.usf" 2610
"../../../Engine/Shaders/Private/RayTracing/RayTracingMaterialHitShaders.usf" 2611
"../../../Engine/Shaders/Private/RayTracing/RayTracingShaderUtils.ush" 2612
"../../../Engine/Shaders/Private/RayTracing/RayTracingCalcInterpolants.ush" 2613
"../../../Engine/Shaders/Private/LightmapCommon.ush" 2614
"../../../Engine/Shaders/Private/Lumen/LumenHardwareRayTracingPayloadCommon.ush" 2615
"../../../Engine/Shaders/Shared/LumenDefinitions.h" 2616
"../../../Engine/Shaders/Private/Substrate/SubstrateExport.ush" 2617
"../../../Engine/Shaders/Private/RayTracing/RayTracingLightingMS.usf" 2618
"../../../Engine/Shaders/Private/Lumen/LumenDiffuseColorBoost.ush" 2619
"../../../Engine/Shaders/Private/RayTracing/RayTracingLightFunctionCommon.ush" 2620
"../../../Engine/Shaders/Private/RayTracing/RayTracingBuildLightGrid.usf" 2621
"../../../Engine/Shaders/Private/Raytracing/RayTracingInstanceBufferUtil.usf" 2622
"../../../Engine/Shaders/Private/RayTracing/RayTracingDynamicMesh.usf" 2623
"../../../Engine/Shaders/Private/RayTracing/RayTracingDefaultDecalHitShader.usf" 2624
"../../../Engine/Shaders/Private/RayTracing/RayTracingDecalMaterialShader.usf" 2625
"../../../Engine/Shaders/Private/PathTracing/PathTracingShaderUtils.ush" 2626
"../../../Engine/Shaders/Private/PathTracing/PathTracingCommon.ush" 2627
"../../../Engine/Shaders/Private/PathTracing/Material/PathTracingMaterialCommon.ush" 2628
"../../../Engine/Shaders/Private/PathTracing/Utilities/PathTracingRIS.ush" 2629
"../../../Engine/Shaders/Private/RayTracing/RayTracingBuildDecalGrid.usf" 2630
"../../../Engine/Shaders/Private/RayTracing/RayTracingDebugHitStatsUtils.usf" 2631
"../../../Engine/Shaders/Private/RayTracing/RayTracingDebugInstanceOverlap.usf" 2632
"../../../Engine/Shaders/Private/RayTracing/RayTracingDebugPicking.usf" 2633
"../../../Engine/Shaders/Private/RayTracing/RayTracingDebugUtils.ush" 2634
"../../../Engine/Shaders/Private/RayTracing/RayTracingDebugTraversal.usf" 2635
"../../../Engine/Shaders/Private/RayTracing/RayTracingDeferredMaterials.ush" 2636
"../../../Engine/Shaders/Shared/ThirdParty/AMD/ags_shader_intrinsics_dx12.h" 2637
"../../../Engine/Shaders/Shared/RayTracingDebugDefinitions.h" 2638
"../../../Engine/Shaders/Private/RayTracing/RayTracingDebugHitStatsCHS.usf" 2639
"../../../Engine/Shaders/Private/RayTracing/RayTracingDebugHitStats.usf" 2640
"../../../Engine/Shaders/Private/RayTracing/RayTracingDebugMS.usf" 2641
"../../../Engine/Shaders/Private/RayTracing/RayTracingDebugCHS.usf" 2642
"../../../Engine/Shaders/Private/RayTracing/RayTracingDebug.usf" 2643
"../../../Engine/Shaders/Private/RayTracing/RayTracingBuiltInShaders.usf" 2644
"../../../Engine/Shaders/Private/RayTracing/RayTracingBarycentrics.usf" 2645
"../../../Engine/Shaders/Private/RayTracing/RayTracingAmbientOcclusionRGS.usf" 2646
"../../../Engine/Shaders/Private/VisualizeShadingModels.usf" 2647
"../../../Engine/Shaders/Private/MotionBlur/VisualizeMotionVectors.usf" 2648
"../../../Engine/Shaders/Private/TemporalSuperResolution/TSRVisualize.usf" 2649
"../../../Engine/Shaders/Private/TemporalSuperResolution/TSRColorSpace.ush" 2650
"../../../Engine/Shaders/Private/TemporalSuperResolution/TSRCommon.ush" 2651
"../../../Engine/Shaders/Public/DualPixelVectorization.ush" 2652
"../../../Engine/Shaders/Private/TemporalSuperResolution/TSRReprojectionField.ush" 2653
"../../../Engine/Shaders/Private/TemporalSuperResolution/TSRResolveHistory.usf" 2654
"../../../Engine/Shaders/Private/TemporalSuperResolution/TSRConvolutionNetwork.ush" 2655
"../../../Engine/Shaders/Private/TemporalSuperResolution/TSRKernels.ush" 2656
"../../../Engine/Shaders/Public/LaneVectorization.ush" 2657
"../../../Engine/Shaders/Private/TemporalSuperResolution/TSRUpdateHistory.usf" 2658
"../../../Engine/Shaders/Private/TemporalSuperResolution/TSRSpatialAntiAliasing.ush" 2659
"../../../Engine/Shaders/Private/TemporalSuperResolution/TSRSpatialAntiAliasing.usf" 2660
"../../../Engine/Shaders/Private/TemporalSuperResolution/TSRRejectShading.usf" 2661
"../../../Engine/Shaders/Private/TemporalSuperResolution/TSRShadingAnalysis.ush" 2662
"../../../Engine/Shaders/Private/TemporalSuperResolution/TSRConvolutionNetworkPass.ush" 2663
"../../../Engine/Shaders/Private/TemporalSuperResolution/TSRDecimateHistory.usf" 2664
"../../../Engine/Shaders/Private/TemporalSuperResolution/TSRDepthVelocityAnalysis.ush" 2665
"../../../Engine/Shaders/Private/TemporalSuperResolution/TSRClosestOccluder.ush" 2666
"../../../Engine/Shaders/Private/TemporalSuperResolution/TSRWeightRelaxation.usf" 2667
"../../../Engine/Shaders/Private/TemporalSuperResolution/TSRThinGeometryCommon.ush" 2668
"../../../Engine/Shaders/Private/TemporalSuperResolution/TSRDetectThinGeometry.usf" 2669
"../../../Engine/Shaders/Private/TemporalSuperResolution/TSRDilateVelocity.usf" 2670
"../../../Engine/Shaders/Private/MotionBlur/MotionBlurVelocityFlatten.ush" 2671
"../../../Engine/Shaders/Private/MotionBlur/MotionBlurCommon.ush" 2672
"../../../Engine/Shaders/Private/TemporalSuperResolution/TSRClearPrevTextures.usf" 2673
"../../../Engine/Shaders/Private/TemporalSuperResolution/TSRMeasureCoverage.usf" 2674
"../../../Engine/Shaders/Private/TemporalSuperResolution/TSRMeasureFlickeringLuma.usf" 2675
"../../../Engine/Shaders/Private/TemporalAA.usf" 2676
"../../../Engine/Shaders/Private/FilterPixelShader.usf" 2677
"../../../Engine/Shaders/Private/FilterVertexShader.usf" 2678
"../../../Engine/Shaders/Private/VisualizeVirtualTexture.usf" 2679
"../../../Engine/Shaders/Private/PostProcessVisualizeBuffer.usf" 2680
"../../../Engine/Shaders/Private/PostProcessVisualizeLocalExposure.usf" 2681
"../../../Engine/Shaders/Private/PostProcessHistogramCommon.ush" 2682
"../../../Engine/Shaders/Private/TonemapCommon.ush" 2683
"../../../Engine/Shaders/Private/ACES/ACESCommon.ush" 2684
"../../../Engine/Shaders/Private/ACES/ACESOutputTransform.ush" 2685
"../../../Engine/Shaders/Private/ACES/ACESUtilities.ush" 2686
"../../../Engine/Shaders/Private/ACES/ACESTonescale.ush" 2687
"../../../Engine/Shaders/Private/ACES/ACESDisplayEncoding.ush" 2688
"../../../Engine/Shaders/Private/ACES/ACES_v1.3.ush" 2689
"../../../Engine/Shaders/Private/PostProcessVisualizeLevelInstance.usf" 2690
"../../../Engine/Shaders/Private/PostProcessVisualizeHDR.usf" 2691
"../../../Engine/Shaders/Private/ShaderComplexityApplyPixelShader.usf" 2692
"../../../Engine/Shaders/Private/QuadOverdraw.ush" 2693
"../../../Engine/Shaders/Private/PostProcessUpscale.usf" 2694
"../../../Engine/Shaders/Private/PostProcessTonemap.usf" 2695
"../../../Engine/Shaders/Private/PostProcessing/FilmGrainPackConstants.usf" 2696
"../../../Engine/Shaders/Private/PostProcessing/FilmGrainReduce.usf" 2697
"../../../Engine/Shaders/Private/PostProcessTestImage.usf" 2698
"../../../Engine/Shaders/Private/PostProcessSubsurface.usf" 2699
"../../../Engine/Shaders/Private/SeparableSSS.ush" 2700
"../../../Engine/Shaders/Private/SubsurfaceBurleyNormalized.ush" 2701
"../../../Engine/Shaders/Private/PostProcessSelectionOutline.usf" 2702
"../../../Engine/Shaders/Private/MotionBlur/MotionBlurVisualize.usf" 2703
"../../../Engine/Shaders/Private/MotionBlur/MotionBlurApply.usf" 2704
"../../../Engine/Shaders/Private/MotionBlur/MotionBlurFilterTileClassify.usf" 2705
"../../../Engine/Shaders/Private/MotionBlur/MotionBlurTileScatter.usf" 2706
"../../../Engine/Shaders/Private/MotionBlur/MotionBlurTileGather.usf" 2707
"../../../Engine/Shaders/Private/MotionBlur/MotionBlurVelocityFlatten.usf" 2708
"../../../Engine/Shaders/Private/PostProcessMobile.usf" 2709
"../../../Engine/Shaders/Private/PostProcessMitchellNetravali.usf" 2710
"../../../Engine/Shaders/Private/PostProcessMaterialShaders.usf" 2711
"../../../Engine/Shaders/Private/NeuralPostProcessCommon.usf" 2712
"../../../Engine/Shaders/Private/PostProcessLocalExposure.usf" 2713
"../../../Engine/Shaders/Private/PostProcessLensFlares.usf" 2714
"../../../Engine/Shaders/Private/PostProcessGBufferHints.usf" 2715
"../../../Engine/Shaders/Private/PostProcessHMD.usf" 2716
"../../../Engine/Shaders/Private/Histogram.usf" 2717
"../../../Engine/Shaders/Private/PostProcessHistogramReduce.usf" 2718
"../../../Engine/Shaders/Private/PostProcessHistogram.usf" 2719
"../../../Engine/Shaders/Private/Bloom/BloomFinalizeApplyConstants.usf" 2720
"../../../Engine/Shaders/Private/Bloom/BloomCommon.ush" 2721
"../../../Engine/Shaders/Private/Bloom/BloomResizeKernel.usf" 2722
"../../../Engine/Shaders/Private/Bloom/BloomDownsampleKernel.usf" 2723
"../../../Engine/Shaders/Private/Bloom/BloomClampKernel.usf" 2724
"../../../Engine/Shaders/Private/Bloom/BloomPackKernelConstants.usf" 2725
"../../../Engine/Shaders/Private/Bloom/BloomSumScatterDispersionEnergy.usf" 2726
"../../../Engine/Shaders/Private/Bloom/BloomReduceKernelSurvey.usf" 2727
"../../../Engine/Shaders/Private/Bloom/BloomSurveyKernelCenterEnergy.usf" 2728
"../../../Engine/Shaders/Private/Bloom/BloomSurveyMaxScatterDispersion.usf" 2729
"../../../Engine/Shaders/Private/Bloom/BloomFindKernelCenter.usf" 2730
"../../../Engine/Shaders/Private/PostProcessEyeAdaptation.usf" 2731
"../../../Engine/Shaders/Private/TranslucencyVolumeCommon.ush" 2732
"../../../Engine/Shaders/Private/PostProcessEyeAdaptationUtils.usf" 2733
"../../../Engine/Shaders/Private/PostProcessDownsample.usf" 2734
"../../../Engine/Shaders/Private/PostProcessDOF.usf" 2735
"../../../Engine/Shaders/Private/PostProcessDeviceEncodingOnly.usf" 2736
"../../../Engine/Shaders/Private/PostProcessCompositePrimitives.usf" 2737
"../../../Engine/Shaders/Private/PostProcessCombineLUTs.usf" 2738
"../../../Engine/Shaders/Private/PostProcessVisualizeDOF.usf" 2739
"../../../Engine/Shaders/Private/PostProcessBloom.usf" 2740
"../../../Engine/Shaders/Private/PostProcessAmbientOcclusionMobile.usf" 2741
"../../../Engine/Shaders/Private/PostProcessAmbientOcclusionCommon.ush" 2742
"../../../Engine/Shaders/Private/FXAAShader.usf" 2743
"../../../Engine/Shaders/Private/Fxaa3_11.ush" 2744
"../../../Engine/Shaders/Private/PaniniProjection.usf" 2745
"../../../Engine/Shaders/Private/DiaphragmDOF/DOFRecombine.usf" 2746
"../../../Engine/Shaders/Private/DiaphragmDOF/DOFHybridScatterPixelShader.usf" 2747
"../../../Engine/Shaders/Private/DiaphragmDOF/DOFHybridScatterCommon.ush" 2748
"../../../Engine/Shaders/Private/DiaphragmDOF/DOFVignetteCommon.ush" 2749
"../../../Engine/Shaders/Private/DiaphragmDOF/DOFHybridScatterVertexShader.usf" 2750
"../../../Engine/Shaders/Private/DiaphragmDOF/DOFPostfiltering.usf" 2751
"../../../Engine/Shaders/Private/DiaphragmDOF/DOFGatherTileSuggest.ush" 2752
"../../../Engine/Shaders/Private/DiaphragmDOF/DOFCocTileCommon.ush" 2753
"../../../Engine/Shaders/Private/DiaphragmDOF/DOFGatherPass.usf" 2754
"../../../Engine/Shaders/Private/DiaphragmDOF/DOFGatherCommon.ush" 2755
"../../../Engine/Shaders/Private/DiaphragmDOF/DOFGatherAccumulator.ush" 2756
"../../../Engine/Shaders/Private/DiaphragmDOF/DOFGatherKernel.ush" 2757
"../../../Engine/Shaders/Private/DiaphragmDOF/DOFBokehLUT.usf" 2758
"../../../Engine/Shaders/Private/DiaphragmDOF/DOFHybridScatterCompilation.usf" 2759
"../../../Engine/Shaders/Private/DiaphragmDOF/DOFReduce.usf" 2760
"../../../Engine/Shaders/Private/DiaphragmDOF/DOFDownsample.ush" 2761
"../../../Engine/Shaders/Private/DiaphragmDOF/DOFHybridScatterCompilation.ush" 2762
"../../../Engine/Shaders/Private/DiaphragmDOF/DOFDownsample.usf" 2763
"../../../Engine/Shaders/Private/DiaphragmDOF/DOFCocTileDilate.usf" 2764
"../../../Engine/Shaders/Private/DiaphragmDOF/DOFCocTileFlatten.usf" 2765
"../../../Engine/Shaders/Private/DiaphragmDOF/DOFSetup.usf" 2766
"../../../Engine/Shaders/Private/Tools/DebugAlphaChannel.usf" 2767
"../../../Engine/Shaders/Private/PostProcessAlphaInvert.usf" 2768
"../../../Engine/Shaders/Private/PlanarReflectionShaders.usf" 2769
"../../../Engine/Shaders/Private/PhysicsFieldVisualizer.usf" 2770
"../../../Engine/Shaders/Private/PathTracing/PathTracingSpatialTemporalDenoising.usf" 2771
"../../../Engine/Shaders/Private/ColorDifference.ush" 2772
"../../../Engine/Shaders/Private/PathTracing/PathTracingCompositingPixelShader.usf" 2773
"../../../Engine/Shaders/Private/PathTracing/PathTracingAdaptiveUtils.ush" 2774
"../../../Engine/Shaders/Private/PathTracing/PathTracingDefaultHitShader.usf" 2775
"../../../Engine/Shaders/Private/PathTracing/PathTracingGPULightmassMaterialHitShader.usf" 2776
"../../../Engine/Shaders/Private/PathTracing/PathTracingMaterialHitShader.usf" 2777
"../../../Engine/Shaders/Private/PathTracing/Material/PathTracingSubstrateCommon.ush" 2778
"../../../Engine/Shaders/Private/PathTracing/PathTracingLightingMissShader.usf" 2779
"../../../Engine/Shaders/Private/PathTracing/PathTracingMissShader.usf" 2780
"../../../Engine/Shaders/Private/PathTracing/PathTracingAdaptiveStart.usf" 2781
"../../../Engine/Shaders/Private/PathTracing/PathTracingBuildAdaptiveError.usf" 2782
"../../../Engine/Shaders/Private/PathTracing/PathTracingVolumetricCloudMaterialShader.usf" 2783
"../../../Engine/Shaders/Private/PathTracing/Volume/PathTracingCloudsMaterialCommon.ush" 2784
"../../../Engine/Shaders/Private/PathTracing/Volume/PathTracingVolumeCommon.ush" 2785
"../../../Engine/Shaders/Private/PathTracing/Volume/PathTracingCloudsCommon.ush" 2786
"../../../Engine/Shaders/Private/PathTracing/Volume/PathTracingFog.ush" 2787
"../../../Engine/Shaders/Private/PathTracing/Volume/PathTracingAtmosphere.ush" 2788
"../../../Engine/Shaders/Private/PathTracing/Volume/PathTracingAtmosphereCommon.ush" 2789
"../../../Engine/Shaders/Private/PathTracing/Volume/PathTracingVolumeSampling.ush" 2790
"../../../Engine/Shaders/Private/PathTracing/PathTracingBuildCloudAccelerationMap.usf" 2791
"../../../Engine/Shaders/Private/PathTracing/PathTracingBuildAtmosphereLUT.usf" 2792
"../../../Engine/Shaders/Private/PathTracing/PathTracingSwizzleScanlines.usf" 2793
"../../../Engine/Shaders/Private/PathTracing/PathTracingInitExtinctionCoefficient.usf" 2794
"../../../Engine/Shaders/Private/PathTracing/PathTracingCopyDepth.usf" 2795
"../../../Engine/Shaders/Private/PathTracing/PathTracingDebug.usf" 2796
"../../../Engine/Shaders/Private/RayTracing/RayTracingDecalGrid.ush" 2797
"../../../Engine/Shaders/Private/PathTracing/Material/PathTracingMaterialSampling.ush" 2798
"../../../Engine/Shaders/Private/PathTracing/Material/PathTracingLambert.ush" 2799
"../../../Engine/Shaders/Private/PathTracing/Material/PathTracingSubstrate.ush" 2800
"../../../Engine/Shaders/Private/PathTracing/Material/PathTracingSubstrateFoliage.ush" 2801
"../../../Engine/Shaders/Private/PathTracing/Material/PathTracingSubstrateSolidGlass.ush" 2802
"../../../Engine/Shaders/Private/PathTracing/Material/PathTracingSubstrateThinGlass.ush" 2803
"../../../Engine/Shaders/Private/PathTracing/Material/PathTracingSolidGlass.ush" 2804
"../../../Engine/Shaders/Private/PathTracing/Material/PathTracingEnergyConservation.ush" 2805
"../../../Engine/Shaders/Private/PathTracing/Material/PathTracingThinGlass.ush" 2806
"../../../Engine/Shaders/Private/PathTracing/Material/PathTracingDefaultLit.ush" 2807
"../../../Engine/Shaders/Private/PathTracing/Material/PathTracingClearCoat.ush" 2808
"../../../Engine/Shaders/Private/PathTracing/Material/PathTracingTwoSidedFoliage.ush" 2809
"../../../Engine/Shaders/Private/PathTracing/Material/PathTracingCloth.ush" 2810
"../../../Engine/Shaders/Private/PathTracing/Material/PathTracingSubsurfaceProfile.ush" 2811
"../../../Engine/Shaders/Private/PathTracing/Material/PathTracingEye.ush" 2812
"../../../Engine/Shaders/Private/PathTracing/Material/PathTracingHair.ush" 2813
"../../../Engine/Shaders/Private/PathTracing/Material/PathTracingMedium.ush" 2814
"../../../Engine/Shaders/Private/PathTracing/Light/PathTracingLightSampling.ush" 2815
"../../../Engine/Shaders/Private/PathTracing/Light/PathTracingLightCommon.ush" 2816
"../../../Engine/Shaders/Private/PathTracing/Light/PathTracingDirectionalLight.ush" 2817
"../../../Engine/Shaders/Private/PathTracing/Light/PathTracingPointLight.ush" 2818
"../../../Engine/Shaders/Private/PathTracing/Light/PathTracingCapsuleLight.ush" 2819
"../../../Engine/Shaders/Private/PathTracing/Light/PathTracingRectLight.ush" 2820
"../../../Engine/Shaders/Private/PathTracing/Light/PathTracingSkyLight.ush" 2821
"../../../Engine/Shaders/Private/PathTracing/Light/PathTracingLightGrid.ush" 2822
"../../../Engine/Shaders/Private/PathTracing/PathTracing.usf" 2823
"../../../Engine/Shaders/Private/PathTracing/PathTracingCore.ush" 2824
"../../../Engine/Shaders/Private/HeterogeneousVolumes/HeterogeneousVolumesVoxelGridTypes.ush" 2825
"../../../Engine/Shaders/Private/PathTracing/Volume/PathTracingVolume.ush" 2826
"../../../Engine/Shaders/Private/PathTracing/Volume/PathTracingClouds.ush" 2827
"../../../Engine/Shaders/Private/PathTracing/Volume/PathTracingHeterogeneousVolumes.ush" 2828
"../../../Engine/Shaders/Private/HeterogeneousVolumes/HeterogeneousVolumesVoxelGridTraversal.ush" 2829
"../../../Engine/Shaders/Private/HeterogeneousVolumes/HeterogeneousVolumesVoxelGridUtils.ush" 2830
"../../../Engine/Shaders/Private/HeterogeneousVolumes/HeterogeneousVolumesFrustumVoxelGridUtils.ush" 2831
"../../../Engine/Shaders/Private/PathTracing/PathTracingBuildLightGrid.usf" 2832
"../../../Engine/Shaders/Private/PathTracing/PathTracingSkylightMISCompensation.usf" 2833
"../../../Engine/Shaders/Private/PathTracing/PathTracingSkylightPrepare.usf" 2834
"../../../Engine/Shaders/Private/OIT/OITSorting.usf" 2835
"../../../Engine/Shaders/Private/OITCombine.usf" 2836
"../../../Engine/Shaders/Private/OITCommon.ush" 2837
"../../../Engine/Shaders/Private/Nanite/Voxel/RasterizeBricks.usf" 2838
"../../../Engine/Shaders/Private/Nanite/Voxel/Brick.ush" 2839
"../../../Engine/Shaders/Private/Nanite/Voxel/Voxel.ush" 2840
"../../../Engine/Shaders/Private/Nanite/Voxel/ScatterBricks.usf" 2841
"../../../Engine/Shaders/Private/Nanite/Voxel/TileBricks.usf" 2842
"../../../Engine/Shaders/Private/Nanite/Voxel/AutoVoxel.usf" 2843
"../../../Engine/Shaders/Private/Nanite/NaniteDebugViews.usf" 2844
"../../../Engine/Shaders/Private/Nanite/NaniteEditorCommon.ush" 2845
"../../../Engine/Shaders/Private/BinarySearch.ush" 2846
"../../../Engine/Shaders/Private/Nanite/NaniteDepthDecode.usf" 2847
"../../../Engine/Shaders/Private/HTileEncoding.ush" 2848
"../../../Engine/Shaders/Private/Nanite/NaniteVisualize.usf" 2849
"../../../Engine/Shaders/Private/Nanite/NaniteStreamOut.usf" 2850
"../../../Engine/Shaders/Private/Nanite/NaniteHierarchyTraversal.ush" 2851
"../../../Engine/Shaders/Private/Nanite/NaniteSkinningUpdateViewData.usf" 2852
"../../../Engine/Shaders/Private/Skinning/TransformProviders.usf" 2853
"../../../Engine/Shaders/Private/Nanite/NaniteShadeBinning.usf" 2854
"../../../Engine/Shaders/Private/Nanite/NaniteShadeCommon.ush" 2855
"../../../Engine/Shaders/Private/Nanite/NaniteFastClear.usf" 2856
"../../../Engine/Shaders/Private/Nanite/NaniteExportGBuffer.usf" 2857
"../../../Engine/Shaders/Private/Nanite/NaniteClusterCulling.usf" 2858
"../../../Engine/Shaders/Private/Nanite/NanitePrintStats.usf" 2859
"../../../Engine/Shaders/Private/Nanite/NaniteRasterizer.usf" 2860
"../../../Engine/Shaders/Private/Nanite/NaniteRasterizationCommon.ush" 2861
"../../../Engine/Shaders/Private/Nanite/NaniteRasterizer.ush" 2862
"../../../Engine/Shaders/Private/Nanite/NaniteWritePixel.ush" 2863
"../../../Engine/Shaders/Private/Nanite/NaniteTessellation.ush" 2864
"../../../Engine/Shaders/Private/WorkDistribution.ush" 2865
"../../../Engine/Shaders/Private/Nanite/NaniteDice.ush" 2866
"../../../Engine/Shaders/Private/ShaderBundleWorkGraphCommon.ush" 2867
"../../../Engine/Shaders/Public/RootConstants.ush" 2868
"../../../Engine/Shaders/Public/Platform/D3D/D3DRootConstants.ush" 2869
"../../../Engine/Shaders/Private/Nanite/NaniteSplit.usf" 2870
"../../../Engine/Shaders/Private/Nanite/NaniteRasterBinning.usf" 2871
"../../../Engine/Shaders/Private/Nanite/NaniteInstanceCulling.usf" 2872
"../../../Engine/Shaders/Private/Nanite/NaniteImposter.ush" 2873
"../../../Engine/Shaders/Private/Nanite/NaniteInstanceHierarchyCulling.usf" 2874
"../../../Engine/Shaders/Private/WorkGroupLoadBalancer.ush" 2875
"../../../Engine/Shaders/Private/Nanite/NanitePrimitiveFilter.usf" 2876
"../../../Engine/Shaders/Private/Nanite/NaniteRasterClear.usf" 2877
"../../../Engine/Shaders/Private/Nanite/NaniteDepthExport.usf" 2878
"../../../Engine/Shaders/Private/Nanite/NaniteEmitShadow.usf" 2879
"../../../Engine/Shaders/Private/MobileDeferredUtils.usf" 2880
"../../../Engine/Shaders/Private/MobileLocalLightsBuffer.usf" 2881
"../../../Engine/Shaders/Private/MobileFog.usf" 2882
"../../../Engine/Shaders/Private/DistortApplyScreenPS.usf" 2883
"../../../Engine/Shaders/Private/MobileDeferredShading.usf" 2884
"../../../Engine/Shaders/Private/MobileBasePassPixelShader.usf" 2885
"../../../Engine/Shaders/Private/MobileBasePassCommon.ush" 2886
"../../../Engine/Shaders/Private/BasePassCommon.ush" 2887
"../../../Engine/Shaders/Private/ShadingModelsMaterial.ush" 2888
"../../../Engine/Shaders/Private/ThinTranslucentCommon.ush" 2889
"../../../Engine/Shaders/Private/SingleLayerWaterShading.ush" 2890
"../../../Engine/Shaders/Private/DistortionCommon.ush" 2891
"../../../Engine/Shaders/Private/Substrate/SubstrateMobileForwardLighting.ush" 2892
"../../../Engine/Shaders/Private/MobileBasePassVertexShader.usf" 2893
"../../../Engine/Shaders/Private/MeshEdges.usf" 2894
"../../../Engine/Shaders/Private/MegaLights/MegaLightsVSMTracing.usf" 2895
"../../../Engine/Shaders/Private/MegaLights/MegaLights.ush" 2896
"../../../Engine/Shaders/Shared/MegaLightsDefinitions.h" 2897
"../../../Engine/Shaders/Private/HairStrands/HairStrandsVisibilityUtils.ush" 2898
"../../../Engine/Shaders/Private/MegaLights/MegaLightsRayTracing.ush" 2899
"../../../Engine/Shaders/Private/MegaLights/MegaLightsRayTracing.usf" 2900
"../../../Engine/Shaders/Private/DistanceField/GlobalDistanceFieldUtils.ush" 2901
"../../../Engine/Shaders/Private/Lumen/LumenScreenTracing.ush" 2902
"../../../Engine/Shaders/Private/MegaLights/MegaLightsVolumeRayTracing.usf" 2903
"../../../Engine/Shaders/Private/MegaLights/MegaLightsVolume.ush" 2904
"../../../Engine/Shaders/Private/MegaLights/MegaLightsVolumeHardwareRayTracing.usf" 2905
"../../../Engine/Shaders/Private/Lumen/LumenHardwareRayTracingCommon.ush" 2906
"../../../Engine/Shaders/Private/RayTracing/RayTracingReflectionEnvironment.ush" 2907
"../../../Engine/Shaders/Private/Lumen/LumenHardwareRayTracingPlatformCommon.ush" 2908
"../../../Engine/Shaders/Private/Lumen/LumenReflectionsCombine.ush" 2909
"../../../Engine/Shaders/Private/Lumen/LumenTracingCommon.ush" 2910
"../../../Engine/Shaders/Private/Lumen/SurfaceCache/LumenSurfaceCacheSampling.ush" 2911
"../../../Engine/Shaders/Private/Lumen/SurfaceCache/LumenSurfaceCache.ush" 2912
"../../../Engine/Shaders/Private/Lumen/LumenCardCommon.ush" 2913
"../../../Engine/Shaders/Private/Lumen/LumenCardTileShadowDownsampleFactor.ush" 2914
"../../../Engine/Shaders/Private/MegaLights/MegaLightsHardwareRayTracing.usf" 2915
"../../../Engine/Shaders/Private/MegaLights/MegaLights.usf" 2916
"../../../Engine/Shaders/Private/MegaLights/MegaLightsShading.ush" 2917
"../../../Engine/Shaders/Private/MegaLights/MegaLightsFilterVisibleLightHash.usf" 2918
"../../../Engine/Shaders/Private/MegaLights/MegaLightsDenoiserSpatial.usf" 2919
"../../../Engine/Shaders/Private/Lumen/LumenReflectionDenoiserCommon.ush" 2920
"../../../Engine/Shaders/Private/MegaLights/MegaLightsDenoiserTemporal.usf" 2921
"../../../Engine/Shaders/Private/MegaLights/MegaLightsShading.usf" 2922
"../../../Engine/Shaders/Private/StochasticLighting/StochasticLightingUpsample.ush" 2923
"../../../Engine/Shaders/Private/MegaLights/MegaLightsVisibleLightHash.usf" 2924
"../../../Engine/Shaders/Private/MegaLights/MegaLightsVolumeShading.usf" 2925
"../../../Engine/Shaders/Private/MegaLights/MegaLightsSampling.usf" 2926
"../../../Engine/Shaders/Private/MegaLights/MegaLightsSampling.ush" 2927
"../../../Engine/Shaders/Private/MegaLights/MegaLightsVolumeSampling.usf" 2928
"../../../Engine/Shaders/Private/MaterialCache/MaterialCacheABufferPages.usf" 2929
"../../../Engine/Shaders/Private/MaterialCache/MaterialCacheShade.usf" 2930
"../../../Engine/Shaders/Private/MaterialCache/MaterialCacheUnwrapNaniteShade.usf" 2931
"../../../Engine/Shaders/Private/MaterialCache/MaterialCacheUnwrapPixelShader.usf" 2932
"../../../Engine/Shaders/Private/MaterialCache/MaterialCacheUnwrapVertexShader.usf" 2933
"../../../Engine/Shaders/Private/Lumen/LumenVisualizeRadianceCache.usf" 2934
"../../../Engine/Shaders/Private/Lumen/LumenRadianceCacheCommon.ush" 2935
"../../../Engine/Shaders/Private/Lumen/LumenVisualizeHardwareRayTracing.usf" 2936
"../../../Engine/Shaders/Private/Lumen/LumenVisualize.ush" 2937
"../../../Engine/Shaders/Private/Lumen/LumenHairTracing.ush" 2938
"../../../Engine/Shaders/Private/Lumen/LumenVisualize.usf" 2939
"../../../Engine/Shaders/Private/Lumen/LumenSoftwareRayTracing.ush" 2940
"../../../Engine/Shaders/Private/DistanceField/GlobalDistanceFieldObjectGrid.ush" 2941
"../../../Engine/Shaders/Private/DistanceFieldLightingShared.ush" 2942
"../../../Engine/Shaders/Private/Lumen/LumenVisualizeTraces.ush" 2943
"../../../Engine/Shaders/Private/Lumen/LumenTranslucencyVolumeLighting.usf" 2944
"../../../Engine/Shaders/Private/Lumen/LumenRadianceCacheMarkCommon.ush" 2945
"../../../Engine/Shaders/Private/Lumen/LumenTranslucencyVolumeLightingShared.ush" 2946
"../../../Engine/Shaders/Private/Lumen/LumenScreenProbeCommon.ush" 2947
"../../../Engine/Shaders/Private/RayTracing/RayGenUtils.ush" 2948
"../../../Engine/Shaders/Private/Lumen/LumenRadianceCacheTracingCommon.ush" 2949
"../../../Engine/Shaders/Private/Lumen/LumenTranslucencyVolumeHardwareRayTracing.usf" 2950
"../../../Engine/Shaders/Private/Lumen/LumenTranslucencyRadianceCacheMarkShaders.usf" 2951
"../../../Engine/Shaders/Private/Lumen/SurfaceCache/LumenSurfaceCache.usf" 2952
"../../../Engine/Shaders/Private/Lumen/LumenShortRangeAOHardwareRayTracing.usf" 2953
"../../../Engine/Shaders/Private/Lumen/LumenScreenSpaceBentNormal.ush" 2954
"../../../Engine/Shaders/Private/Lumen/LumenScreenSpaceBentNormal.usf" 2955
"../../../Engine/Shaders/Private/Lumen/LumenScreenProbeTracing.usf" 2956
"../../../Engine/Shaders/Private/Lumen/LumenScreenProbeTracingCommon.ush" 2957
"../../../Engine/Shaders/Private/Lumen/LumenFloatQuantization.ush" 2958
"../../../Engine/Shaders/Private/Lumen/LumenScreenProbeImportanceSampling.usf" 2959
"../../../Engine/Shaders/Private/Lumen/LumenScreenProbeImportanceSamplingShared.ush" 2960
"../../../Engine/Shaders/Private/Lumen/LumenScreenProbeHardwareRayTracing.usf" 2961
"../../../Engine/Shaders/Private/Lumen/LumenScreenProbeDebug.usf" 2962
"../../../Engine/Shaders/Private/Lumen/LumenScreenProbeGather.usf" 2963
"../../../Engine/Shaders/Private/Lumen/LumenScreenProbeGatherTemporal.usf" 2964
"../../../Engine/Shaders/Private/Lumen/LumenScreenProbeFiltering.usf" 2965
"../../../Engine/Shaders/Private/Lumen/LumenSceneLighting.usf" 2966
"../../../Engine/Shaders/Private/Lumen/LumenCardTile.ush" 2967
"../../../Engine/Shaders/Private/Lumen/LumenSceneLighting.ush" 2968
"../../../Engine/Shaders/Private/Lumen/Radiosity/LumenRadiosity.ush" 2969
"../../../Engine/Shaders/Private/Lumen/LumenSceneLightingDebug.usf" 2970
"../../../Engine/Shaders/Private/Lumen/LumenScene.usf" 2971
"../../../Engine/Shaders/Private/Lumen/LumenSceneDirectLightingHardwareRayTracing.usf" 2972
"../../../Engine/Shaders/Private/Lumen/LumenSceneDirectLightingStochastic.ush" 2973
"../../../Engine/Shaders/Private/Lumen/LumenReflectionCommon.ush" 2974
"../../../Engine/Shaders/Private/Lumen/LumenSceneDirectLighting.ush" 2975
"../../../Engine/Shaders/Private/Lumen/LumenSceneDebugHardwareRayTracing.usf" 2976
"../../../Engine/Shaders/Private/Lumen/LumenSceneDirectLightingStochastic.usf" 2977
"../../../Engine/Shaders/Private/Lumen/LumenSceneDirectLightingSoftwareRayTracing.usf" 2978
"../../../Engine/Shaders/Private/DistanceFieldShadowingShared.ush" 2979
"../../../Engine/Shaders/Private/Lumen/LumenSceneDirectLightingPerLightShadowCommon.ush" 2980
"../../../Engine/Shaders/Private/Lumen/LumenSceneDirectLightingShadowMask.usf" 2981
"../../../Engine/Shaders/Private/Lumen/LumenSceneDirectLighting.usf" 2982
"../../../Engine/Shaders/Private/Lumen/LumenSceneDirectLightingCulling.usf" 2983
"../../../Engine/Shaders/Private/Lumen/LumenCardComputeShader.usf" 2984
"../../../Engine/Shaders/Private/Lumen/LumenCardBasePass.ush" 2985
"../../../Engine/Shaders/Private/Lumen/LumenCardPixelShader.usf" 2986
"../../../Engine/Shaders/Private/Lumen/LumenCardVertexShader.usf" 2987
"../../../Engine/Shaders/Private/Lumen/LumenReSTIRGather.usf" 2988
"../../../Engine/Shaders/Private/Lumen/LumenReflectionTracing.usf" 2989
"../../../Engine/Shaders/Private/Lumen/LumenReflectionDenoiserSpatial.usf" 2990
"../../../Engine/Shaders/Private/Lumen/LumenReflectionDenoiserClear.usf" 2991
"../../../Engine/Shaders/Private/Lumen/LumenReflectionDenoiserTemporal.usf" 2992
"../../../Engine/Shaders/Private/Lumen/LumenReflectionResolve.usf" 2993
"../../../Engine/Shaders/Private/Lumen/LumenReflections.usf" 2994
"../../../Engine/Shaders/Private/Lumen/RayTracedTranslucency.usf" 2995
"../../../Engine/Shaders/Private/Lumen/LumenReflectionHardwareRayTracing.usf" 2996
"../../../Engine/Shaders/Private/Lumen/Radiosity/LumenVisualizeRadiosityProbes.usf" 2997
"../../../Engine/Shaders/Private/Lumen/Radiosity/LumenRadiosity.usf" 2998
"../../../Engine/Shaders/Private/Lumen/Radiosity/LumenRadiosityHardwareRayTracing.usf" 2999
"../../../Engine/Shaders/Private/Lumen/Radiosity/LumenRadiosityCulling.usf" 3000
"../../../Engine/Shaders/Private/Lumen/LumenRadianceCacheHardwareRayTracing.usf" 3001
"../../../Engine/Shaders/Private/Lumen/LumenRadianceCache.usf" 3002
"../../../Engine/Shaders/Private/Lumen/LumenRadianceCacheUpdate.ush" 3003
"../../../Engine/Shaders/Private/Lumen/LumenRadianceCacheDebug.usf" 3004
"../../../Engine/Shaders/Private/Lumen/LumenRadianceCacheUpdate.usf" 3005
"../../../Engine/Shaders/Private/Lumen/LumenMeshSDFCulling.usf" 3006
"../../../Engine/Shaders/Private/HybridIndirectLighting.ush" 3007
"../../../Engine/Shaders/Private/MeshDistanceFieldCommon.ush" 3008
"../../../Engine/Shaders/Private/Lumen/LumenIrradianceFieldGather.usf" 3009
"../../../Engine/Shaders/Private/Lumen/LumenHardwareRayTracingMaterials.usf" 3010
"../../../Engine/Shaders/Private/Lumen/LumenFrontLayerTranslucency.usf" 3011
"../../../Engine/Shaders/Private/LocalFogVolumes/LocalFogVolumeSplat.usf" 3012
"../../../Engine/Shaders/Private/LocalFogVolumes/LocalFogVolumeTiledCulling.usf" 3013
"../../../Engine/Shaders/Private/LightShaftShader.usf" 3014
"../../../Engine/Shaders/Private/StationaryLightOverlapShaders.usf" 3015
"../../../Engine/Shaders/Private/DeferredLightPixelShaders.usf" 3016
"../../../Engine/Shaders/Private/DeferredLightVertexShaders.usf" 3017
"../../../Engine/Shaders/Private/LightMapDensityShader.usf" 3018
"../../../Engine/Shaders/Private/LightGridInjection.usf" 3019
"../../../Engine/Shaders/Shared/LightGridDefinitions.h" 3020
"../../../Engine/Shaders/Private/LightFunctionPixelShader.usf" 3021
"../../../Engine/Shaders/Private/LightFunctionVertexShader.usf" 3022
"../../../Engine/Shaders/Private/LightFunctionAtlas/LightFunctionAtlasRender.usf" 3023
"../../../Engine/Shaders/Private/InstanceCulling/InstanceCullingOcclusionQuery.usf" 3024
"../../../Engine/Shaders/Private/InstanceCulling/InstanceCullingSetup.ush" 3025
"../../../Engine/Shaders/Private/InstanceCulling/BuildInstanceDrawCommands.usf" 3026
"../../../Engine/Shaders/Private/InstanceCulling/InstanceCompactionCommon.ush" 3027
"../../../Engine/Shaders/Private/SceneDataMobileWriter.ush" 3028
"../../../Engine/Shaders/Private/InstanceCulling/CompactVisibleInstances.usf" 3029
"../../../Engine/Shaders/Private/ReflectionEnvironmentPixelShader.usf" 3030
"../../../Engine/Shaders/Private/AmbientCubemapComposite.usf" 3031
"../../../Engine/Shaders/Private/DiffuseIndirectComposite.usf" 3032
"../../../Engine/Shaders/Private/IESAtlas.usf" 3033
"../../../Engine/Shaders/Private/HeterogeneousVolumes/HeterogeneousVolumesVoxelGridShadows.usf" 3034
"../../../Engine/Shaders/Private/HeterogeneousVolumes/HeterogeneousVolumesStochasticFiltering.ush" 3035
"../../../Engine/Shaders/Private/HeterogeneousVolumes/HeterogeneousVolumesVoxelGridRenderingUtils.ush" 3036
"../../../Engine/Shaders/Private/HeterogeneousVolumes/HeterogeneousVolumesLightingUtils.ush" 3037
"../../../Engine/Shaders/Private/HeterogeneousVolumes/HeterogeneousVolumesVoxelGridRendering.usf" 3038
"../../../Engine/Shaders/Private/HeterogeneousVolumes/HeterogeneousVolumesVoxelGridPipeline.usf" 3039
"../../../Engine/Shaders/Private/HeterogeneousVolumes/HeterogeneousVolumesMaterialBakingPipeline.usf" 3040
"../../../Engine/Shaders/Private/HeterogeneousVolumes/HeterogeneousVolumesLiveShadingUtils.ush" 3041
"../../../Engine/Shaders/Private/HeterogeneousVolumes/HeterogeneousVolumesFrustumVoxelGrid.usf" 3042
"../../../Engine/Shaders/Private/HeterogeneousVolumes/HeterogeneousVolumesSparseVoxelPipeline.usf" 3043
"../../../Engine/Shaders/Private/HeterogeneousVolumes/HeterogeneousVolumesSparseVoxelUtils.ush" 3044
"../../../Engine/Shaders/Private/HeterogeneousVolumes/HeterogeneousVolumesSparseVoxelUniformBufferUtils.ush" 3045
"../../../Engine/Shaders/Private/HeterogeneousVolumes/HeterogeneousVolumesPreshadingPipeline.usf" 3046
"../../../Engine/Shaders/Private/HeterogeneousVolumes/HeterogeneousVolumesLiveShadingShadows.usf" 3047
"../../../Engine/Shaders/Private/HeterogeneousVolumes/HeterogeneousVolumesLiveShadingGlobalPipeline.usf" 3048
"../../../Engine/Shaders/Private/HeterogeneousVolumes/HeterogeneousVolumesLiveShadingPipeline.usf" 3049
"../../../Engine/Shaders/Private/HeterogeneousVolumes/HeterogeneousVolumesHardwareRayTracing.usf" 3050
"../../../Engine/Shaders/Private/HeterogeneousVolumes/HeterogeneousVolumesAmbientOcclusionPipeline.usf" 3051
"../../../Engine/Shaders/Private/HeterogeneousVolumes/HeterogeneousVolumesComposite.usf" 3052
"../../../Engine/Shaders/Private/HdrCustomResolveShaders.usf" 3053
"../../../Engine/Shaders/Private/HairStrands/RenderCurveRaster.usf" 3054
"../../../Engine/Shaders/Private/HairStrands/HairStrandsVoxelRasterCompute.usf" 3055
"../../../Engine/Shaders/Private/HairStrands/HairStrandsHitProxy.usf" 3056
"../../../Engine/Shaders/Private/HairStrands/HairStrandsVisibilityRasterComputeNaive.usf" 3057
"../../../Engine/Shaders/Private/HairStrands/HairStrandsVisibilityRasterHW.usf" 3058
"../../../Engine/Shaders/Private/HairStrands/HairStrandsVisibilityRasterCompute.usf" 3059
"../../../Engine/Shaders/Private/HairStrands/HairStrandsVisibilityRasterClassification.usf" 3060
"../../../Engine/Shaders/Private/HairStrands/HairStrandsCoverage.usf" 3061
"../../../Engine/Shaders/Private/HairStrands/HairStrandsVisibilityDepthPS.usf" 3062
"../../../Engine/Shaders/Private/HairStrands/HairStrandsVisibilityTransmittanceDepthPS.usf" 3063
"../../../Engine/Shaders/Private/HairStrands/HairStrandsVisibilityFillOpaqueDepthPS.usf" 3064
"../../../Engine/Shaders/Private/HairStrands/HairStrandsVisibilityCompactionComputeRaster.usf" 3065
"../../../Engine/Shaders/Private/HairStrands/HairStrandsVisibilityCompaction.usf" 3066
"../../../Engine/Shaders/Private/HairStrands/HairStrandsVisibilityCopyIndirectArg.usf" 3067
"../../../Engine/Shaders/Private/HairStrands/HairStrandsVisibilityClearPS.usf" 3068
"../../../Engine/Shaders/Private/HairStrands/HairStrandsVisibilityPS.usf" 3069
"../../../Engine/Shaders/Private/HairStrands/HairStrandsVisibilityVS.usf" 3070
"../../../Engine/Shaders/Private/HairStrands/HairStrandsVelocity.usf" 3071
"../../../Engine/Shaders/Private/HairStrands/HairStrandsVisibilityComputeSampleCoverage.usf" 3072
"../../../Engine/Shaders/Private/HairStrands/HairStrandsMaterialPS.usf" 3073
"../../../Engine/Shaders/Private/HairStrands/HairStrandsMaterialCommon.ush" 3074
"../../../Engine/Shaders/Private/HairStrands/HairStrandsMaterialVS.usf" 3075
"../../../Engine/Shaders/Private/HairStrands/HairStrandsLightSample.usf" 3076
"../../../Engine/Shaders/Private/HairStrands/HairStrandsDeepShadowMask.usf" 3077
"../../../Engine/Shaders/Private/HairStrands/HairStrandsDeepTransmittanceMask.usf" 3078
"../../../Engine/Shaders/Private/HairStrands/HairStrandsVisibilityTile.usf" 3079
"../../../Engine/Shaders/Private/HairStrands/HairStrandsDeepShadowPS.usf" 3080
"../../../Engine/Shaders/Private/HairStrands/HairStrandsDeepShadowVS.usf" 3081
"../../../Engine/Shaders/Private/HairStrands/HairStrandsAABB.usf" 3082
"../../../Engine/Shaders/Private/HairStrands/HairStrandsLUT.usf" 3083
"../../../Engine/Shaders/Private/HairStrands/HairStrandsForwardRaster.usf" 3084
"../../../Engine/Shaders/Private/HairStrands/HairStrandsForwardCulling.usf" 3085
"../../../Engine/Shaders/Private/HairStrands/HairStrandsEnvironmentLighting.usf" 3086
"../../../Engine/Shaders/Private/HairStrands/HairStrandsEnvironmentAO.usf" 3087
"../../../Engine/Shaders/Private/HairStrands/HairStrandsDeepShadowAllocation.usf" 3088
"../../../Engine/Shaders/Private/HairStrands/HairStrandsVoxelDebug.usf" 3089
"../../../Engine/Shaders/Private/HairStrands/HairStrandsComposition.usf" 3090
"../../../Engine/Shaders/Private/HairStrands/HairStrandsGBufferCommon.ush" 3091
"../../../Engine/Shaders/Private/GPUScene/GPUSceneDataManagement.usf" 3092
"../../../Engine/Shaders/Private/GPUSceneDebugRender.usf" 3093
"../../../Engine/Shaders/Private/GPUFeedbackCompaction.usf" 3094
"../../../Engine/Shaders/Private/GPUFastFourierTransform.usf" 3095
"../../../Engine/Shaders/Private/GPUFastFourierTransform2DCore.ush" 3096
"../../../Engine/Shaders/Private/GPUFastFourierTransformCore.ush" 3097
"../../../Engine/Shaders/Private/GPUBenchmark.usf" 3098
"../../../Engine/Shaders/Private/DistanceField/GlobalDistanceFieldDebug.usf" 3099
"../../../Engine/Shaders/Private/DistanceField/GlobalDistanceFieldUpdate.ush" 3100
"../../../Engine/Shaders/Private/DistanceField/GlobalDistanceFieldMip.usf" 3101
"../../../Engine/Shaders/Private/DistanceField/GlobalDistanceField.usf" 3102
"../../../Engine/Shaders/Private/DistanceField/GlobalDistanceFieldCompositeObjects.usf" 3103
"../../../Engine/Shaders/Private/DistanceField/GlobalDistanceFieldHeightfields.usf" 3104
"../../../Engine/Shaders/Private/HeightfieldLightingShared.ush" 3105
"../../../Engine/Shaders/Private/GenerateConservativeDepth.usf" 3106
"../../../Engine/Shaders/Private/HeightFogPixelShader.usf" 3107
"../../../Engine/Shaders/Private/HeightFogVertexShader.usf" 3108
"../../../Engine/Shaders/Private/DistortFiltering.usf" 3109
"../../../Engine/Shaders/Private/DistortAccumulatePS.usf" 3110
"../../../Engine/Shaders/Private/DistortAccumulateVS.usf" 3111
"../../../Engine/Shaders/Private/DistanceFieldVisualization.usf" 3112
"../../../Engine/Shaders/Private/DistanceFieldStreaming.usf" 3113
"../../../Engine/Shaders/Private/DistanceFieldShadowing.usf" 3114
"../../../Engine/Shaders/Private/DistanceFieldScreenGridLighting.usf" 3115
"../../../Engine/Shaders/Private/DistanceFieldObjectCulling.usf" 3116
"../../../Engine/Shaders/Private/DistanceFieldLightingPost.usf" 3117
"../../../Engine/Shaders/Private/DitheredTransitionStencil.usf" 3118
"../../../Engine/Shaders/Private/CopyDepthTexture.usf" 3119
"../../../Engine/Shaders/Private/CopyDepthTextureCS.usf" 3120
"../../../Engine/Shaders/Private/DeferredDecal.usf" 3121
"../../../Engine/Shaders/Private/DecalCommon.ush" 3122
"../../../Engine/Shaders/Private/DebugViewModeVertexShader.usf" 3123
"../../../Engine/Shaders/Private/DebugViewModeCommon.ush" 3124
"../../../Engine/Shaders/Private/DebugViewModePixelShader.usf" 3125
"../../../Engine/Shaders/Private/DebugProbes.usf" 3126
"../../../Engine/Shaders/Private/MeshDecals.usf" 3127
"../../../Engine/Shaders/Private/PostProcessAmbientOcclusion.usf" 3128
"../../../Engine/Shaders/Private/ClusteredDeferredShadingPixelShader.usf" 3129
"../../../Engine/Shaders/Private/ClusteredDeferredShadingVertexShader.usf" 3130
"../../../Engine/Shaders/Private/CapsuleShadowShaders.usf" 3131
"../../../Engine/Shaders/Private/BasePassPixelShader.usf" 3132
"../../../Engine/Shaders/Private/ForwardLightingCommon.ush" 3133
"../../../Engine/Shaders/Private/Substrate/SubstrateForwardLighting.ush" 3134
"../../../Engine/Shaders/Private/ComputeShaderOutputCommon.ush" 3135
"../../../Engine/Shaders/Private/BasePassVertexShader.usf" 3136
"../../../Engine/Shaders/Private/BasePassVertexCommon.ush" 3137
"../../../Engine/Shaders/Private/SimpleElementVolumeTexturePreviewPixelShader.usf" 3138
"../../../Engine/Shaders/Private/SimpleElementTexture2DPreviewPixelShader.usf" 3139
"../../../Engine/Shaders/Private/meshpaintdilatepixelshader.usf" 3140
"../../../Engine/Shaders/Private/meshpaintdilatevertexshader.usf" 3141
"../../../Engine/Shaders/Private/MeshPaintPixelShader.usf" 3142
"../../../Engine/Shaders/Private/MeshPaintVertexShader.usf" 3143
"../../../Engine/Shaders/Private/SlateElementPixelShader.usf" 3144
"../../../Engine/Shaders/Private/SlateShaderCommon.ush" 3145
"../../../Engine/Shaders/Private/SlateMaskingShader.usf" 3146
"../../../Engine/Shaders/Private/SlateVertexShader.usf" 3147
"../../../Engine/Shaders/Private/CompositeUIPixelShader.usf" 3148
"../../../Engine/Shaders/Private/ColorDeficiency.ush" 3149
"../../../Engine/Shaders/Private/SlatePostProcessColorDeficiencyPixelShader.usf" 3150
"../../../Engine/Shaders/Private/SlatePostProcessPixelShader.usf" 3151
"../../../Engine/Shaders/Private/Tools/VisualizeTexture.usf" 3152
"../../../Engine/Shaders/Private/UpdateDescriptorHandle.usf" 3153
"../../../Engine/Shaders/Private/ByteBuffer.usf" 3154
"../../../Engine/Shaders/Private/ShaderBundleWorkGraphDispatch.usf" 3155
"../../../Engine/Shaders/Private/ShaderBundleDispatch.usf" 3156
"../../../Engine/Shaders/Private/ResolveVertexShader.usf" 3157
"../../../Engine/Shaders/Private/ResolvePixelShader.usf" 3158
"../../../Engine/Shaders/Private/Tools/SetupIndirectArgs.usf" 3159
"../../../Engine/Shaders/Private/ClearReplacementShaders.usf" 3160
"../../../Engine/Shaders/Private/Tools/DrawTexture.usf" 3161
"../../../Engine/Shaders/Private/RayTracing/RayTracingValidation.usf" 3162
"../../../Engine/Shaders/Private/RenderGraphUtilities.usf" 3163
"../../../Engine/Shaders/Private/OneColorShader.usf" 3164
"../../../Engine/Shaders/Private/OculusShaders.usf" 3165
"../../../Engine/Shaders/Private/MediaShaders.usf" 3166
"../../../Engine/Shaders/Private/GPUMessaging.usf" 3167
"../../../Engine/Shaders/Private/Tools/GPUDebugCrashUtils.usf" 3168
"../../../Engine/Shaders/Private/NullPixelShader.usf" 3169
"../../../Engine/Shaders/Private/ComputeGenerateMips.usf" 3170
"../../../Engine/Shaders/Private/Tools/DumpTexture.usf" 3171
"../../../Engine/Shaders/Private/CopyTextureShaders.usf" 3172
"../../../Engine/Shaders/Private/Tools/FullscreenVertexShader.usf" 3173
"../../../Engine/Shaders/Private/RayTracing/RayTracingDispatchDesc.usf" 3174
"../../../Engine/Shaders/Private/Bink.usf" 3175
"../../../Engine/Shaders/Private/VelocityShader.usf" 3176
"../../../Engine/Shaders/Private/DepthOnlyPixelShader.usf" 3177
"../../../Engine/Shaders/Private/PositionOnlyDepthVertexShader.usf" 3178
"../../../Engine/Shaders/Private/DepthOnlyVertexShader.usf" 3179
"../../../Engine/Shaders/Private/AnisotropyPassShader.usf" 3180
"/Engine/EngineResources/WhiteSquareTexture" 3181
"../../../Engine/Content/EngineResources/WhiteSquareTexture.uasset" 3182
"/Engine/EngineResources/GradientTexture0" 3183
"../../../Engine/Content/EngineResources/GradientTexture0.uasset" 3184
"/Engine/EngineResources/Black" 3185
"../../../Engine/Content/EngineResources/Black.uasset" 3186
"/Engine/EditorResources/S_Actor" 3187
"../../../Engine/Content/EditorResources/S_Actor.uasset" 3188
"/Engine/EngineFonts/RobotoDistanceField" 3189
"../../../Engine/Content/EngineFonts/RobotoDistanceField.uasset" 3190
"/Engine/EngineMaterials/DefaultTextMaterialOpaque" 3191
"../../../Engine/Content/EngineMaterials/DefaultTextMaterialOpaque.uasset" 3192
"/Engine/Functions/Engine_MaterialFunctions01/Shading/PowerToRoughness" 3193
"../../../Engine/Content/Functions/Engine_MaterialFunctions01/Shading/PowerToRoughness.uasset" 3194
"/Engine/Functions/Engine_MaterialFunctions01/Shading/ConvertFromDiffSpec" 3195
"../../../Engine/Content/Functions/Engine_MaterialFunctions01/Shading/ConvertFromDiffSpec.uasset" 3196
"/Engine/EngineMaterials/WorldGridMaterial" 3197
"../../../Engine/Content/EngineMaterials/WorldGridMaterial.uasset" 3198
"../../../Engine/Content/Functions/Engine_MaterialFunctions01/Opacity/CameraDepthFade.uasset" 3199
"../../../Engine/Content/EngineMaterials/T_Default_Material_Grid_M.uasset" 3200
"../../../Engine/Content/EngineMaterials/T_Default_Material_Grid_N.uasset" 3201
"/Engine/EngineMaterials/DefaultDeferredDecalMaterial" 3202
"../../../Engine/Content/EngineMaterials/DefaultDeferredDecalMaterial.uasset" 3203
"../../../Engine/Content/EngineMaterials/DefaultDiffuse.uasset" 3204
"/Engine/EngineMaterials/DefaultLightFunctionMaterial" 3205
"../../../Engine/Content/EngineMaterials/DefaultLightFunctionMaterial.uasset" 3206
"/Engine/EngineMaterials/DefaultPostProcessMaterial" 3207
"../../../Engine/Content/EngineMaterials/DefaultPostProcessMaterial.uasset" 3208
"../../../Engine/Content/Functions/Engine_MaterialFunctions02/Utility/BreakOutFloat2Components.uasset" 3209
"/Engine/EditorResources/S_Trigger" 3210
"../../../Engine/Content/EditorResources/S_Trigger.uasset" 3211
"/Engine/EditorResources/S_BoxReflectionCapture" 3212
"../../../Engine/Content/EditorResources/S_BoxReflectionCapture.uasset" 3213
"/Engine/EngineResources/DefaultTexture" 3214
"../../../Engine/Content/EngineResources/DefaultTexture.uasset" 3215
"/Engine/EditorResources/S_TriggerBox" 3216
"../../../Engine/Content/EditorResources/S_TriggerBox.uasset" 3217
"/Engine/EditorResources/S_TriggerCapsule" 3218
"../../../Engine/Content/EditorResources/S_TriggerCapsule.uasset" 3219
"/Engine/EditorResources/S_TriggerSphere" 3220
"../../../Engine/Content/EditorResources/S_TriggerSphere.uasset" 3221
"/Engine/EngineDamageTypes/DmgTypeBP_Environmental" 3222
"../../../Engine/Content/EngineDamageTypes/DmgTypeBP_Environmental.uasset" 3223
"/Engine/EngineMeshes/Sphere" 3224
"../../../Engine/Content/EngineMeshes/Sphere.uasset" 3225
"/Engine/EngineResources/DefaultTextureCube" 3226
"../../../Engine/Content/EngineResources/DefaultTextureCube.uasset" 3227
"/Engine/EngineResources/DefaultVolumeTexture" 3228
"../../../Engine/Content/EngineResources/DefaultVolumeTexture.uasset" 3229
"../../../Engine/Content/EngineResources/DefaultVolumeTexture2D.uasset" 3230
"/Engine/VREditor/TransformGizmo/SM_Sequencer_Node" 3231
"../../../Engine/Content/VREditor/TransformGizmo/SM_Sequencer_Node.uasset" 3232
"../../../Engine/Content/VREditor/TransformGizmo/Main.uasset" 3233
"../../../Engine/Content/VREditor/TransformGizmo/Xray.uasset" 3234
"/Engine/EditorResources/S_Solver" 3235
"../../../Engine/Content/EditorResources/S_Solver.uasset" 3236
"/Engine/EngineDebugMaterials/VolumeToRender" 3237
"../../../Engine/Content/EngineDebugMaterials/VolumeToRender.uasset" 3238
"/Engine/EngineDebugMaterials/M_VolumeRenderSphereTracePP" 3239
"../../../Engine/Content/EngineDebugMaterials/M_VolumeRenderSphereTracePP.uasset" 3240
"../../../Engine/Content/Functions/Engine_MaterialFunctions02/Utility/CameraDirectionVector.uasset" 3241
"/Engine/EditorMeshes/Camera/SM_CraneRig_Base" 3242
"../../../Engine/Content/EditorMeshes/Camera/SM_CraneRig_Base.uasset" 3243
"../../../Engine/Content/EditorMaterials/Camera/MI_CineMat_Rig.uasset" 3244
"../../../Engine/Content/EditorMaterials/Camera/CineMat.uasset" 3245
"/Engine/EditorMeshes/Camera/SM_CraneRig_Arm" 3246
"../../../Engine/Content/EditorMeshes/Camera/SM_CraneRig_Arm.uasset" 3247
"/Engine/EditorMeshes/Camera/SM_CraneRig_Mount" 3248
"../../../Engine/Content/EditorMeshes/Camera/SM_CraneRig_Mount.uasset" 3249
"/Engine/EditorMeshes/Camera/SM_CraneRig_Body" 3250
"../../../Engine/Content/EditorMeshes/Camera/SM_CraneRig_Body.uasset" 3251
"/Engine/EditorMeshes/Camera/SM_RailRig_Track" 3252
"../../../Engine/Content/EditorMeshes/Camera/SM_RailRig_Track.uasset" 3253
"/Engine/EditorMeshes/Camera/SM_RailRig_Mount" 3254
"../../../Engine/Content/EditorMeshes/Camera/SM_RailRig_Mount.uasset" 3255
"/Engine/EditorLandscapeResources/SplineEditorMesh" 3256
"../../../Engine/Content/EditorLandscapeResources/SplineEditorMesh.uasset" 3257
"../../../Engine/Content/EditorLandscapeResources/SplineEditorMeshMat.uasset" 3258
"/Engine/BasicShapes/Cube" 3259
"../../../Engine/Content/BasicShapes/Cube.uasset" 3260
"/CameraCalibrationCore/Materials/M_DefaultOddSquare" 3261
"../../Plugins/VirtualProduction/CameraCalibrationCore/Content/Materials/M_DefaultOddSquare.uasset" 3262
"/CameraCalibrationCore/Materials/M_DefaultEvenSquare" 3263
"../../Plugins/VirtualProduction/CameraCalibrationCore/Content/Materials/M_DefaultEvenSquare.uasset" 3264
"/Water/Icons/WaterBodyIslandSprite" 3265
"../../Plugins/Experimental/Water/Content/Icons/WaterBodyIslandSprite.uasset" 3266
"/Water/Icons/WaterZoneActorSprite" 3267
"../../Plugins/Experimental/Water/Content/Icons/WaterZoneActorSprite.uasset" 3268
"/HairStrands/Materials/HairDebugMaterial" 3269
"../../Plugins/Runtime/HairStrands/Content/Materials/HairDebugMaterial.uasset" 3270
"../../../Engine/Content/Functions/Engine_MaterialFunctions02/Utility/MakeFloat2.uasset" 3271
"../../../Engine/Content/Functions/Engine_MaterialFunctions02/Utility/MakeFloat3.uasset" 3272
"../../../Engine/Content/EngineMaterials/HairColorMap.uasset" 3273
"../../../Engine/Content/EngineMaterials/HairDebugColor.uasset" 3274
"../../Plugins/Runtime/HairStrands/Content/Materials/HairGroupColors.uasset" 3275
"/HairStrands/Materials/HairDefaultMaterial" 3276
"../../Plugins/Runtime/HairStrands/Content/Materials/HairDefaultMaterial.uasset" 3277
"/HairStrands/Materials/HairCardsDefaultMaterial" 3278
"../../Plugins/Runtime/HairStrands/Content/Materials/HairCardsDefaultMaterial.uasset" 3279
"/HairStrands/Materials/HairMeshesDefaultMaterial" 3280
"../../Plugins/Runtime/HairStrands/Content/Materials/HairMeshesDefaultMaterial.uasset" 3281
"/Engine/EngineMaterials/Widget3DPassThrough_Translucent" 3282
"../../../Engine/Content/EngineMaterials/Widget3DPassThrough_Translucent.uasset" 3283
"../../../Engine/Content/EngineMaterials/Widget3DPassThrough.uasset" 3284
"/Engine/EngineMaterials/Widget3DPassThrough_Translucent_OneSided" 3285
"../../../Engine/Content/EngineMaterials/Widget3DPassThrough_Translucent_OneSided.uasset" 3286
"/Engine/EngineMaterials/Widget3DPassThrough_Opaque" 3287
"../../../Engine/Content/EngineMaterials/Widget3DPassThrough_Opaque.uasset" 3288
"/Engine/EngineMaterials/Widget3DPassThrough_Opaque_OneSided" 3289
"../../../Engine/Content/EngineMaterials/Widget3DPassThrough_Opaque_OneSided.uasset" 3290
"/Engine/EngineMaterials/Widget3DPassThrough_Masked" 3291
"../../../Engine/Content/EngineMaterials/Widget3DPassThrough_Masked.uasset" 3292
"/Engine/EngineMaterials/Widget3DPassThrough_Masked_OneSided" 3293
"../../../Engine/Content/EngineMaterials/Widget3DPassThrough_Masked_OneSided.uasset" 3294
"/Engine/VREditor/ViewportInteractionAssetContainerData" 3295
"../../../Engine/Content/VREditor/ViewportInteractionAssetContainerData.uasset" 3296
"../../../Engine/Content/VREditor/SnapGrid/SnapGridMaterial.uasset" 3297
"../../../Engine/Content/VREditor/TransformGizmo/TransformGizmoMaterial_Inst.uasset" 3298
"../../../Engine/Content/VREditor/TransformGizmo/TranslucentTransformGizmoMaterial_Inst.uasset" 3299
"../../../Engine/Content/VREditor/SnapGrid/SnapGridPlaneMesh.uasset" 3300
"../../../Engine/Content/VREditor/Sounds/UI/Drop_Item_From_ContentBrowser.uasset" 3301
"../../../Engine/Content/VREditor/Sounds/UI/Gizmo_Handle_Clicked.uasset" 3302
"../../../Engine/Content/VREditor/Sounds/UI/Object_PickUp.uasset" 3303
"../../../Engine/Content/VREditor/Sounds/UI/Object_Snaps_To_Another_Actor.uasset" 3304
"../../../Engine/Content/VREditor/Sounds/UI/Object_Snaps_To_Grid.uasset" 3305
"../../../Engine/Content/VREditor/Sounds/UI/Scaling_Down.uasset" 3306
"../../../Engine/Content/VREditor/Sounds/UI/Scaling_Up.uasset" 3307
"../../../Engine/Content/VREditor/Sounds/UI/Selection_Changes.uasset" 3308
"../../../Engine/Content/VREditor/TransformGizmo/PlaneTranslationHandle.uasset" 3309
"../../../Engine/Content/VREditor/TransformGizmo/RotationHandleFull.uasset" 3310
"../../../Engine/Content/VREditor/TransformGizmo/RotationHandleIndicator.uasset" 3311
"../../../Engine/Content/VREditor/TransformGizmo/RotationHandleQuarter.uasset" 3312
"../../../Engine/Content/VREditor/TransformGizmo/StartRotationHandleIndicator.uasset" 3313
"../../../Engine/Content/VREditor/TransformGizmo/TransformGizmoFreeRotation.uasset" 3314
"../../../Engine/Content/VREditor/TransformGizmo/TranslateArrowHandle.uasset" 3315
"../../../Engine/Content/VREditor/TransformGizmo/UniformScaleHandle.uasset" 3316
"../../../Engine/Content/Functions/Engine_MaterialFunctions02/Math/Transform3x3Matrix.uasset" 3317
"../../../Engine/Content/Functions/Engine_MaterialFunctions02/SplitComponents.uasset" 3318
"../../../Engine/Content/VREditor/TransformGizmo/TransformGizmoMaterial.uasset" 3319
"../../../Engine/Content/VREditor/TransformGizmo/TranslucentTransformGizmoMaterial.uasset" 3320
"../../../Engine/Content/Functions/Engine_MaterialFunctions02/Utility/BreakOutFloat3Components.uasset" 3321
"../../../Engine/Content/VREditor/LaserPointer/VR_LaserPower_01.uasset" 3322
"/Engine/VREditor/TransformGizmo/BoundingBoxCorner" 3323
"../../../Engine/Content/VREditor/TransformGizmo/BoundingBoxCorner.uasset" 3324
"/Engine/VREditor/TransformGizmo/BoundingBoxEdge" 3325
"../../../Engine/Content/VREditor/TransformGizmo/BoundingBoxEdge.uasset" 3326
"/Engine/ArtTools/RenderToTexture/Meshes/S_1_Unit_Plane" 3327
"../../../Engine/Content/ArtTools/RenderToTexture/Meshes/S_1_Unit_Plane.uasset" 3328
"/Engine/EngineDebugMaterials/M_SimpleUnlitTranslucent" 3329
"../../../Engine/Content/EngineDebugMaterials/M_SimpleUnlitTranslucent.uasset" 3330
"/Engine/EngineFonts/Roboto" 3331
"../../../Engine/Content/EngineFonts/Roboto.uasset" 3332
"../../../Engine/Content/EngineFonts/Faces/DroidSansFallback.uasset" 3333
"../../../Engine/Content/EngineFonts/Faces/RobotoBold.uasset" 3334
"../../../Engine/Content/EngineFonts/Faces/RobotoBoldItalic.uasset" 3335
"../../../Engine/Content/EngineFonts/Faces/RobotoItalic.uasset" 3336
"../../../Engine/Content/EngineFonts/Faces/RobotoLight.uasset" 3337
"../../../Engine/Content/EngineFonts/Faces/RobotoRegular.uasset" 3338
"/Engine/EditorMaterials/ParticleSystems/PSysThumbnail_NoImage" 3339
"../../../Engine/Content/EditorMaterials/ParticleSystems/PSysThumbnail_NoImage.uasset" 3340
"/Engine/EditorMaterials/ParticleSystems/PSysThumbnail_OOD" 3341
"../../../Engine/Content/EditorMaterials/ParticleSystems/PSysThumbnail_OOD.uasset" 3342
"/Engine/EngineResources/LandscapeVisibilityLayerInfo" 3343
"../../../Engine/Content/EngineResources/LandscapeVisibilityLayerInfo.uasset" 3344
"/Water/Meshes/LakeMesh" 3345
"../../Plugins/Experimental/Water/Content/Meshes/LakeMesh.uasset" 3346
"/Water/Meshes/RiverMesh" 3347
"../../Plugins/Experimental/Water/Content/Meshes/RiverMesh.uasset" 3348
"/Water/Icons/WaterBodyExclusionVolumeSprite" 3349
"../../Plugins/Experimental/Water/Content/Icons/WaterBodyExclusionVolumeSprite.uasset" 3350
"/ACLPlugin/ACLAnimBoneCompressionSettings" 3351
"../../Plugins/Animation/ACLPlugin/Content/ACLAnimBoneCompressionSettings.uasset" 3352
"/Engine/Animation/DefaultRecorderBoneCompression" 3353
"../../../Engine/Content/Animation/DefaultRecorderBoneCompression.uasset" 3354
"/ACLPlugin/ACLAnimCurveCompressionSettings" 3355
"../../Plugins/Animation/ACLPlugin/Content/ACLAnimCurveCompressionSettings.uasset" 3356
"/Engine/Animation/DefaultVariableFrameStrippingSettings" 3357
"../../../Engine/Content/Animation/DefaultVariableFrameStrippingSettings.uasset" 3358
"/Paper2D/MaskedUnlitSpriteMaterial" 3359
"../../Plugins/2D/Paper2D/Content/MaskedUnlitSpriteMaterial.uasset" 3360
"../../Plugins/2D/Paper2D/Content/DefaultSpriteMaterial.uasset" 3361
"../../Plugins/2D/Paper2D/Content/PlaceholderTextures/DummySpriteTexture.uasset" 3362
"/Paper2D/OpaqueUnlitSpriteMaterial" 3363
"../../Plugins/2D/Paper2D/Content/OpaqueUnlitSpriteMaterial.uasset" 3364
"/Paper2D/DefaultPaperTerrainMaterial" 3365
"../../Plugins/2D/Paper2D/Content/DefaultPaperTerrainMaterial.uasset" 3366
"../../Plugins/2D/Paper2D/Content/DummySprite.uasset" 3367
"/ControlRig/Controls/ControlRigXRayMaterial" 3368
"../../Plugins/Animation/ControlRig/Content/Controls/ControlRigXRayMaterial.uasset" 3369
"/ControlRig/Controls/DefaultGizmoLibraryNormalized" 3370
"../../Plugins/Animation/ControlRig/Content/Controls/DefaultGizmoLibraryNormalized.uasset" 3371
"/ControlRig/M_Manip" 3372
"../../Plugins/Animation/ControlRig/Content/M_Manip.uasset" 3373
"../../../Engine/Content/Functions/Engine_MaterialFunctions02/WorldPositionOffset/CameraOffset.uasset" 3374
"/AudioWidgets/Resources/ScrubHandleDown_Clamped" 3375
"../../Plugins/Runtime/AudioWidgets/Content/Resources/ScrubHandleDown_Clamped.uasset" 3376
"/MediaPlate/SM_MediaPlateScreen" 3377
"../../Plugins/Media/MediaPlate/Content/SM_MediaPlateScreen.uasset" 3378
"/SpeedTreeImporter/SpeedTree9/SpeedTreeMaster" 3379
"../../Plugins/Editor/SpeedTreeImporter/Content/SpeedTree9/SpeedTreeMaster.uasset" 3380
"../../../Engine/Content/Functions/Engine_MaterialFunctions02/ObjectLocalBounds.uasset" 3381
"../../../Engine/Content/Functions/Engine_MaterialFunctions02/SafeNormalize.uasset" 3382
"../../../Engine/Content/Functions/Engine_MaterialFunctions02/Utility/VectorLength.uasset" 3383
"../../../Engine/Content/Functions/Engine_MaterialFunctions02/UVs/BoundingBoxBased_0-1_UVW.uasset" 3384
"../../../Engine/Content/Functions/Engine_MaterialFunctions02/WorldPositionOffset/ObjectScale.uasset" 3385
"../../Plugins/Editor/SpeedTreeImporter/Content/SpeedTree9/SpeedTreeBranchMotion.uasset" 3386
"../../Plugins/Editor/SpeedTreeImporter/Content/SpeedTree9/SpeedTreeCameraFacing.uasset" 3387
"../../Plugins/Editor/SpeedTreeImporter/Content/SpeedTree9/SpeedTreeWind.uasset" 3388
"../../Plugins/Editor/SpeedTreeImporter/Content/SpeedTree9/SpeedTreeWindMotion.uasset" 3389
"../../Plugins/Editor/SpeedTreeImporter/Content/SpeedTree9/UnpackDirection.uasset" 3390
"../../Plugins/Editor/SpeedTreeImporter/Content/SpeedTree9/UnpackInteger3.uasset" 3391
"../../Plugins/Editor/SpeedTreeImporter/Content/SpeedTree9/Empty.uasset" 3392
"../../Plugins/Editor/SpeedTreeImporter/Content/SpeedTree9/EmptyNormal.uasset" 3393
"../../Plugins/Editor/SpeedTreeImporter/Content/SpeedTree9/game_wind_noise.uasset" 3394
"/SpeedTreeImporter/SpeedTree9/SpeedTreeBillboardMaster" 3395
"../../Plugins/Editor/SpeedTreeImporter/Content/SpeedTree9/SpeedTreeBillboardMaster.uasset" 3396
"../../Plugins/Editor/SpeedTreeImporter/Content/SpeedTree9/SpeedTreeBillboard.uasset" 3397
"/Landmass/Landscape/BlueprintBrushes/Materials/Internal/BrushBounds" 3398
"../../Plugins/Experimental/Landmass/Content/Landscape/BlueprintBrushes/Materials/Internal/BrushBounds.uasset" 3399
"../../../Engine/Content/EditorMaterials/TilingAAGrid.uasset" 3400
"../../../Engine/Content/EditorMaterials/TilingAALineBoxFiltered.uasset" 3401
"../../../Engine/Content/EditorMaterials/TilingAALineIntegral.uasset" 3402
"../../../Engine/Content/Functions/Engine_MaterialFunctions01/ImageAdjustment/SCurve.uasset" 3403
"../../../Engine/Content/Functions/Engine_MaterialFunctions02/WorldPositionOffset/V2/ObjectScale.uasset" 3404
"../../../Engine/Content/Functions/Engine_MaterialFunctions03/Blends/Blend_Screen.uasset" 3405
"../../../Engine/Content/Functions/Engine_MaterialFunctions03/Procedurals/ComputeFilterWidth.uasset" 3406
"../../Plugins/Experimental/Landmass/Content/Landscape/BlueprintBrushes/Materials/BrushMaterials/BasicFunctions/LandmassBrush_ShapeMask.uasset" 3407
"../../Plugins/Experimental/Landmass/Content/Landscape/BlueprintBrushes/MF/Landmass_BrushTilt.uasset" 3408
"../../Plugins/Experimental/Landmass/Content/Landscape/BlueprintBrushes/MF/LandmassBrush_EdgeFalloff.uasset" 3409
"../../Plugins/Experimental/Landmass/Content/Landscape/BlueprintBrushes/MF/LandmassBrush_Noise.uasset" 3410
"../../Plugins/Experimental/Landmass/Content/Landscape/BlueprintBrushes/MF/LandmassBrush_UVs.uasset" 3411
"../../Plugins/Experimental/Landmass/Content/Landscape/BlueprintBrushes/MF/PointSampleLandscapeUVs.uasset" 3412
"../../Plugins/Experimental/Landmass/Content/Landscape/OldPrototype_BP/Mats/MF/UnpackRG8Height.uasset" 3413
"../../Plugins/Experimental/Landmass/Content/Landscape/BlueprintBrushes/MPC/MPC_Landscape.uasset" 3414
"../../../Engine/Content/ArtTools/RenderToTexture/Textures/T_EV_BlankWhite_01.uasset" 3415
"../../../Engine/Content/EngineMaterials/BlendFunc_DefBase.uasset" 3416
"../../../Engine/Content/EngineMaterials/BlendFunc_DefBlend.uasset" 3417
"../../../Engine/Content/EngineResources/Black_Low.uasset" 3418
"/Landmass/Landscape/Meshes/S_SpritePlane" 3419
"../../Plugins/Experimental/Landmass/Content/Landscape/Meshes/S_SpritePlane.uasset" 3420
"/Landmass/Landscape/BlueprintBrushes/Materials/Sprite/M_BrushSprite_01" 3421
"../../Plugins/Experimental/Landmass/Content/Landscape/BlueprintBrushes/Materials/Sprite/M_BrushSprite_01.uasset" 3422
"../../../Engine/Content/Functions/Engine_MaterialFunctions02/WorldPositionOffset/ComponentPivotLocation.uasset" 3423
"../../../Engine/Content/Functions/Engine_MaterialFunctions02/WorldPositionOffset/Sprite.uasset" 3424
"../../../Engine/Content/EditorResources/S_Terrain.uasset" 3425
"/CommonUI/VideoPlayerMaterial" 3426
"../../Plugins/Runtime/CommonUI/Content/VideoPlayerMaterial.uasset" 3427
"../../Plugins/Runtime/CommonUI/Content/DefaultMediaTexture.uasset" 3428
"/Engine/BasicShapes/BasicShapeMaterial" 3429
"../../../Engine/Content/BasicShapes/BasicShapeMaterial.uasset" 3430
"/Engine/EditorMaterials/Dataflow/DataflowVertexMaterial" 3431
"../../../Engine/Content/EditorMaterials/Dataflow/DataflowVertexMaterial.uasset" 3432
"/Engine/EditorMaterials/Dataflow/DataflowTwoSidedVertexMaterial" 3433
"../../../Engine/Content/EditorMaterials/Dataflow/DataflowTwoSidedVertexMaterial.uasset" 3434
"/Engine/EditorLandscapeResources/LayerVisMaterial" 3435
"../../../Engine/Content/EditorLandscapeResources/LayerVisMaterial.uasset" 3436
"../../../Engine/Content/EditorLandscapeResources/WhiteSquareTexture.uasset" 3437
"/Engine/EditorLandscapeResources/SelectBrushMaterial_Selected" 3438
"../../../Engine/Content/EditorLandscapeResources/SelectBrushMaterial_Selected.uasset" 3439
"../../../Engine/Content/EditorLandscapeResources/SelectBrushMaterial.uasset" 3440
"../../../Engine/Content/Functions/Engine_MaterialFunctions03/Math/WithinRangeFloat2.uasset" 3441
"../../../Engine/Content/EditorLandscapeResources/DefaultAlphaTexture.uasset" 3442
"/Engine/EditorLandscapeResources/SelectBrushMaterial_SelectedRegion" 3443
"../../../Engine/Content/EditorLandscapeResources/SelectBrushMaterial_SelectedRegion.uasset" 3444
"/Engine/EditorLandscapeResources/MaskBrushMaterial_MaskedRegion" 3445
"../../../Engine/Content/EditorLandscapeResources/MaskBrushMaterial_MaskedRegion.uasset" 3446
"../../../Engine/Content/EditorLandscapeResources/MaskBrushMaterial.uasset" 3447
"/Engine/EditorLandscapeResources/ColorMaskBrushMaterial_MaskedRegion" 3448
"../../../Engine/Content/EditorLandscapeResources/ColorMaskBrushMaterial_MaskedRegion.uasset" 3449
"../../../Engine/Content/EditorLandscapeResources/ColorMaskBrushMaterial.uasset" 3450
"/Engine/EditorLandscapeResources/LandscapeDirtyMaterial" 3451
"../../../Engine/Content/EditorLandscapeResources/LandscapeDirtyMaterial.uasset" 3452
"/Engine/EditorLandscapeResources/LandscapeLayerUsageMaterial" 3453
"../../../Engine/Content/EditorLandscapeResources/LandscapeLayerUsageMaterial.uasset" 3454
"../../../Engine/Content/Functions/Engine_MaterialFunctions01/Debug/DebugIntValues.uasset" 3455
"../../../Engine/Content/Functions/Engine_MaterialFunctions01/Texturing/ScaleUVsByCenter.uasset" 3456
"../../../Engine/Content/Functions/Engine_MaterialFunctions02/WorldPositionOffset/LocalPosition.uasset" 3457
"../../../Engine/Content/Functions/Engine_MaterialFunctions01/Texturing/TextureCropping.uasset" 3458
"../../../Engine/Content/Functions/Engine_MaterialFunctions02/ExampleContent/DebugNumberStrip.uasset" 3459
"C:/Users/phoni/AppData/Local/UnrealEngine/Editor/UInteractiveToolsPresetCollectionAsset_DefaultCollection.json" 3460
"/Engine/EngineMaterials/NaniteHiddenSectionMaterial" 3461
"../../../Engine/Content/EngineMaterials/NaniteHiddenSectionMaterial.uasset" 3462
"/Engine/EngineMaterials/RemoveSurfaceMaterial" 3463
"../../../Engine/Content/EngineMaterials/RemoveSurfaceMaterial.uasset" 3464
"/Engine/EngineDebugMaterials/DebugMeshMaterial" 3465
"../../../Engine/Content/EngineDebugMaterials/DebugMeshMaterial.uasset" 3466
"/Engine/EngineMaterials/EmissiveMeshMaterial" 3467
"../../../Engine/Content/EngineMaterials/EmissiveMeshMaterial.uasset" 3468
"../../../Engine/Content/EngineMaterials/DefaultWhiteGrid_Low.uasset" 3469
"/Engine/EngineMaterials/M_InvalidLightmapSettings" 3470
"../../../Engine/Content/EngineMaterials/M_InvalidLightmapSettings.uasset" 3471
"../../../Engine/Content/EngineMaterials/InvalidLightmapSettings.uasset" 3472
"/Engine/EngineMaterials/GizmoMaterial" 3473
"../../../Engine/Content/EngineMaterials/GizmoMaterial.uasset" 3474
"/Engine/EngineMaterials/PhAT_JointLimitMaterial" 3475
"../../../Engine/Content/EngineMaterials/PhAT_JointLimitMaterial.uasset" 3476
"/Engine/EngineMaterials/FlattenMaterial" 3477
"../../../Engine/Content/EngineMaterials/FlattenMaterial.uasset" 3478
"../../../Engine/Content/EngineMaterials/BaseFlattenDiffuseMap.uasset" 3479
"../../../Engine/Content/EngineMaterials/BaseFlattenEmissiveMap.uasset" 3480
"../../../Engine/Content/EngineMaterials/BaseFlattenGrayscaleMap.uasset" 3481
"../../../Engine/Content/EngineMaterials/BaseFlattenLinearColor.uasset" 3482
"../../../Engine/Content/EngineMaterials/BaseFlattenNormalMap.uasset" 3483
"../../../Engine/Content/Functions/Engine_MaterialFunctions02/PivotPainter2/Black_1x1_EXR_Texture.uasset" 3484
"/Engine/EngineMaterials/FlattenMaterial_VT" 3485
"../../../Engine/Content/EngineMaterials/FlattenMaterial_VT.uasset" 3486
"../../../Engine/Content/EngineMaterials/BaseFlattenDiffuseMap_VT.uasset" 3487
"../../../Engine/Content/EngineMaterials/BaseFlattenEmissiveMap_VT.uasset" 3488
"../../../Engine/Content/EngineMaterials/BaseFlattenGrayscaleMap_VT.uasset" 3489
"../../../Engine/Content/EngineMaterials/BaseFlattenLinearColor_VT.uasset" 3490
"../../../Engine/Content/EngineMaterials/BaseFlattenNormalMap_VT.uasset" 3491
"../../../Engine/Content/EngineMaterials/Black_1x1_EXR_Texture_VT.uasset" 3492
"/Engine/EngineMaterials/FlattenMaterial_WS_Normal_VT" 3493
"../../../Engine/Content/EngineMaterials/FlattenMaterial_WS_Normal_VT.uasset" 3494
"/Engine/EngineMaterials/Good64x64TilingNoiseHighFreq" 3495
"../../../Engine/Content/EngineMaterials/Good64x64TilingNoiseHighFreq.uasset" 3496
"/Engine/EngineMaterials/DefaultBokeh" 3497
"../../../Engine/Content/EngineMaterials/DefaultBokeh.uasset" 3498
"/Engine/EngineMaterials/MiniFont" 3499
"../../../Engine/Content/EngineMaterials/MiniFont.uasset" 3500
"/Engine/EngineMaterials/WeightMapPlaceholderTexture" 3501
"../../../Engine/Content/EngineMaterials/WeightMapPlaceholderTexture.uasset" 3502
"/Engine/EngineMaterials/WeightMapArrayPlaceholderTexture" 3503
"../../../Engine/Content/EngineMaterials/WeightMapArrayPlaceholderTexture.uasset" 3504
"/Engine/EngineMaterials/DefaultWhiteGrid" 3505
"../../../Engine/Content/EngineMaterials/DefaultWhiteGrid.uasset" 3506
"/Engine/EngineMaterials/PreintegratedSkinBRDF" 3507
"../../../Engine/Content/EngineMaterials/PreintegratedSkinBRDF.uasset" 3508
"/Engine/EngineMaterials/LTC/GGX_LTCAmp" 3509
"../../../Engine/Content/EngineMaterials/LTC/GGX_LTCAmp.uasset" 3510
"/Engine/EngineMaterials/LTC/GGX_LTCMat" 3511
"../../../Engine/Content/EngineMaterials/LTC/GGX_LTCMat.uasset" 3512
"/Engine/EngineMaterials/EnergyConservation/GGX_ReflectionEnergy" 3513
"../../../Engine/Content/EngineMaterials/EnergyConservation/GGX_ReflectionEnergy.uasset" 3514
"/Engine/EngineMaterials/EnergyConservation/GGX_TransmissionEnergyArray" 3515
"../../../Engine/Content/EngineMaterials/EnergyConservation/GGX_TransmissionEnergyArray.uasset" 3516
"/Engine/EngineMaterials/EnergyConservation/SheenLegacy_Energy" 3517
"../../../Engine/Content/EngineMaterials/EnergyConservation/SheenLegacy_Energy.uasset" 3518
"/Engine/EngineMaterials/DefaultPhysicalMaterial" 3519
"../../../Engine/Content/EngineMaterials/DefaultPhysicalMaterial.uasset" 3520
"/Engine/EngineMaterials/DefaultDestructiblePhysicalMaterial" 3521
"../../../Engine/Content/EngineMaterials/DefaultDestructiblePhysicalMaterial.uasset" 3522
"/Water/Materials/MPC/MPC_Water" 3523
"../../Plugins/Experimental/Water/Content/Materials/MPC/MPC_Water.uasset" 3524
"C:/Users/phoni/AppData/Local/UnrealEngine/Editor/ProjectEditorRecords.json" 3525
"/Niagara/ParameterDefinitions/SpriteRenderer" 3526
"../../Plugins/FX/Niagara/Content/ParameterDefinitions/SpriteRenderer.uasset" 3527
"/Niagara/ParameterDefinitions/RibbonRenderer" 3528
"../../Plugins/FX/Niagara/Content/ParameterDefinitions/RibbonRenderer.uasset" 3529
"/Niagara/ParameterDefinitions/MeshRenderer" 3530
"../../Plugins/FX/Niagara/Content/ParameterDefinitions/MeshRenderer.uasset" 3531
"/Niagara/ParameterDefinitions/LightRenderer" 3532
"../../Plugins/FX/Niagara/Content/ParameterDefinitions/LightRenderer.uasset" 3533
"/Niagara/ParameterDefinitions/DecalRenderer" 3534
"../../Plugins/FX/Niagara/Content/ParameterDefinitions/DecalRenderer.uasset" 3535
"/Niagara/ParameterDefinitions/CoreParameters" 3536
"../../Plugins/FX/Niagara/Content/ParameterDefinitions/CoreParameters.uasset" 3537
"/DeformerGraph/Deformers/DG_LinearBlendSkin_Morph_Cloth" 3538
"../../Plugins/Animation/DeformerGraph/Content/Deformers/DG_LinearBlendSkin_Morph_Cloth.uasset" 3539
"../../Plugins/Animation/DeformerGraph/Content/DeformerFunctions/DG_Function_LinearBlendSkin_Morph_Cloth.uasset" 3540
"/DeformerGraph/Deformers/DG_LinearBlendSkin_Morph_Cloth_RecomputeNormals" 3541
"../../Plugins/Animation/DeformerGraph/Content/Deformers/DG_LinearBlendSkin_Morph_Cloth_RecomputeNormals.uasset" 3542
"../../Plugins/Animation/DeformerGraph/Content/DeformerFunctions/DG_Function_ComputeNormalsTangents.uasset" 3543
"../../Plugins/Animation/DeformerGraph/Content/DeformerFunctions/DG_Function_LinearBlendSkin_Morph_Cloth_PositionOnly.uasset" 3544
"/Engine/BasicShapes/Sphere" 3545
"../../../Engine/Content/BasicShapes/Sphere.uasset" 3546
"../../../Engine/Content/EngineMaterials/DefaultMaterial.uasset" 3547
"/Engine/BasicShapes/Cylinder" 3548
"../../../Engine/Content/BasicShapes/Cylinder.uasset" 3549
"/Engine/BasicShapes/Cone" 3550
"../../../Engine/Content/BasicShapes/Cone.uasset" 3551
"/Engine/BasicShapes/Plane" 3552
"../../../Engine/Content/BasicShapes/Plane.uasset" 3553
"/Engine/EditorResources/SequenceRecorder/Countdown" 3554
"../../../Engine/Content/EditorResources/SequenceRecorder/Countdown.uasset" 3555
"/Engine/EditorResources/SequenceRecorder/RecordingIndicator" 3556
"../../../Engine/Content/EditorResources/SequenceRecorder/RecordingIndicator.uasset" 3557
"/Engine/EditorMaterials/PhAT_UnselectedMaterial" 3558
"../../../Engine/Content/EditorMaterials/PhAT_UnselectedMaterial.uasset" 3559
"/Engine/EditorMaterials/PhAT_NoCollisionMaterial" 3560
"../../../Engine/Content/EditorMaterials/PhAT_NoCollisionMaterial.uasset" 3561
"/Engine/EngineFonts/DroidSansMono" 3562
"../../../Engine/Content/EngineFonts/DroidSansMono.uasset" 3563
"../../../Engine/Content/EngineFonts/Faces/DroidSansMono.uasset" 3564
"../../../Engine/Documentation/Source/Shared/Types/ABrush/ABrush.INT.udn" 3565
"../../../Engine/Content/Internationalization/icudt64l/brkitr/en.res" 3566
"../../../Engine/Content/Internationalization/icudt64l/brkitr/root.res" 3567
"../../../Engine/Content/Internationalization/icudt64l/brkitr/char.brk" 3568
"../../../Engine/Content/Internationalization/icudt64l/brkitr/word.brk" 3569
"/Water/Curves/FloatCurve" 3570
"../../Plugins/Experimental/Water/Content/Curves/FloatCurve.uasset" 3571
"/Water/Curves/FloatCurve_WaterBodyIsland" 3572
"../../Plugins/Experimental/Water/Content/Curves/FloatCurve_WaterBodyIsland.uasset" 3573
"/Water/Waves/GerstnerWaves_Lake" 3574
"../../Plugins/Experimental/Water/Content/Waves/GerstnerWaves_Lake.uasset" 3575
"/Water/Waves/GerstnerWaves_Ocean" 3576
"../../Plugins/Experimental/Water/Content/Waves/GerstnerWaves_Ocean.uasset" 3577
"/Water/Icons/WaterSprite" 3578
"../../Plugins/Experimental/Water/Content/Icons/WaterSprite.uasset" 3579
"/Water/Icons/WaterErrorSprite" 3580
"../../Plugins/Experimental/Water/Content/Icons/WaterErrorSprite.uasset" 3581
"/Water/Icons/WaterLandscapeBrushSprite" 3582
"../../Plugins/Experimental/Water/Content/Icons/WaterLandscapeBrushSprite.uasset" 3583
"../../../Engine/Plugins/FX/Niagara/Shaders/Private/NiagaraDataInterfaceTexture2DArrayTemplate.ush" 3584
"../../../Engine/Plugins/FX/Niagara/Shaders/Private/NiagaraDataInterfaceActorComponentTemplate.ush" 3585
"../../../Engine/Plugins/FX/Niagara/Shaders/Private/NiagaraDataInterfaceArrayTemplate.ush" 3586
"../../../Engine/Plugins/FX/Niagara/Shaders/Private/NiagaraDataInterfaceArrayRWTemplate.ush" 3587
"../../../Engine/Plugins/FX/Niagara/Shaders/Private/NiagaraDataInterfaceAsyncGpuTrace.ush" 3588
"../../../Engine/Plugins/FX/Niagara/Shaders/Private/NiagaraDataInterfaceAsyncGpuTraceTemplate.ush" 3589
"../../../Engine/Plugins/FX/Niagara/Shaders/Private/NiagaraDataInterfaceCamera.ush" 3590
"../../../Engine/Plugins/Experimental/ChaosNiagara/Shaders/NiagaraDataInterfaceChaosDestruction.ush" 3591
"../../../Engine/Plugins/FX/Niagara/Shaders/Private/NiagaraDataInterfaceCollisionQuery.ush" 3592
"D:/CodingProjects/Game Project/WeLeftTheLightsOn/Intermediate/ShaderAutogen/PCD3D_SM5/AutogenShaderHeaders.ush" 3593
"../../../Engine/Plugins/FX/Niagara/Shaders/Private/NiagaraDataInterfaceCollisionQueryTemplate.ush" 3594
"../../../Engine/Plugins/FX/Niagara/Shaders/Private/NiagaraDataInterfaceCurveTemplate.ush" 3595
"../../../Engine/Plugins/FX/Niagara/Shaders/Private/NiagaraDataInterfaceCubeTextureTemplate.ush" 3596
"../../../Engine/Plugins/FX/Niagara/Shaders/Private/DataChannel/NiagaraDataInterfaceDataChannelCommon.ush" 3597
"../../../Engine/Plugins/FX/Niagara/Shaders/Private/DataChannel/NiagaraDataInterfaceDataChannelTemplateCommon.ush" 3598
"../../../Engine/Plugins/FX/Niagara/Shaders/Private/DataChannel/NiagaraDataInterfaceDataChannelTemplateReadCommon.ush" 3599
"../../../Engine/Plugins/FX/Niagara/Shaders/Private/DataChannel/NiagaraDataInterfaceDataChannelTemplate_Read.ush" 3600
"../../../Engine/Plugins/FX/Niagara/Shaders/Private/DataChannel/NiagaraDataInterfaceDataChannelTemplate_Consume.ush" 3601
"../../../Engine/Plugins/FX/Niagara/Shaders/Private/DataChannel/NiagaraDataInterfaceDataChannelTemplateWriteCommon.ush" 3602
"../../../Engine/Plugins/FX/Niagara/Shaders/Private/DataChannel/NiagaraDataInterfaceDataChannelTemplate_Append.ush" 3603
"../../../Engine/Plugins/FX/Niagara/Shaders/Private/NiagaraDataInterfaceDataTableTemplate.ush" 3604
"../../../Engine/Plugins/FX/Niagara/Shaders/Private/NiagaraDataInterfaceDebugDraw.ush" 3605
"../../../Engine/Plugins/FX/Niagara/Shaders/Private/NiagaraDataInterfaceDebugDrawTemplate.ush" 3606
"../../../Engine/Plugins/FX/Niagara/Shaders/Private/NiagaraDataInterfaceDynamicMeshTemplate.ush" 3607
"../../../Engine/Plugins/FX/Niagara/Shaders/Private/NiagaraDataInterfaceEmitterPropertiesTemplate.ush" 3608
"../../../Engine/Plugins/FX/Niagara/Shaders/Private/NiagaraDataInterfaceExportTemplate.ush" 3609
"../../../Engine/Plugins/FX/Niagara/Shaders/Private/NiagaraDataInterfaceGBufferTemplate.ush" 3610
"../../../Engine/Plugins/Experimental/ChaosNiagara/Shaders/NiagaraDataInterfaceGeometryCollection.ush" 3611
"../../../Engine/Plugins/FX/Niagara/Shaders/Private/NiagaraTransformUtils.ush" 3612
"../../../Engine/Plugins/Runtime/HairStrands/Shaders/Private/NiagaraStrandsExternalForce.ush" 3613
"../../../Engine/Plugins/Runtime/HairStrands/Shaders/Private/NiagaraHookeSpringMaterial.ush" 3614
"../../../Engine/Plugins/Runtime/HairStrands/Shaders/Private/NiagaraAngularSpringMaterial.ush" 3615
"../../../Engine/Plugins/Runtime/HairStrands/Shaders/Private/NiagaraConstantVolumeMaterial.ush" 3616
"../../../Engine/Plugins/Runtime/HairStrands/Shaders/Private/NiagaraCosseratRodMaterial.ush" 3617
"../../../Engine/Plugins/Runtime/HairStrands/Shaders/Private/NiagaraStaticCollisionConstraint.ush" 3618
"../../../Engine/Plugins/Runtime/HairStrands/Shaders/Private/NiagaraDataInterfaceHairStrands.ush" 3619
"../../../Engine/Plugins/Runtime/HairStrands/Shaders/Private/NiagaraDataInterfaceHairStrandsTemplate.ush" 3620
"../../../Engine/Plugins/FX/Niagara/Shaders/Private/NiagaraDataInterfaceIntRenderTarget2D.ush" 3621
"../../../Engine/Plugins/FX/Niagara/Shaders/Private/NiagaraDataInterfaceLandscape.ush" 3622
"../../../Engine/Plugins/FX/Niagara/Shaders/Private/NiagaraDataInterfaceMemoryBufferTemplate.ush" 3623
"../../../Engine/Plugins/FX/Niagara/Shaders/Private/NiagaraDataInterfaceMeshRendererInfoTemplate.ush" 3624
"../../../Engine/Plugins/FX/Niagara/Shaders/Private/NiagaraDataInterfaceOcclusion.ush" 3625
"../../../Engine/Plugins/FX/Niagara/Shaders/Private/NiagaraDataInterfacePhysicsAsset.ush" 3626
"../../../Engine/Plugins/Experimental/ChaosNiagara/Shaders/NiagaraDataInterfacePhysicsField.ush" 3627
"../../../Engine/Plugins/FX/Niagara/Shaders/Private/NiagaraDataInterfacePlatformSetTemplate.ush" 3628
"../../../Engine/Plugins/Runtime/HairStrands/Shaders/Private/NiagaraDataInterfaceVelocityGrid.ush" 3629
"../../../Engine/Plugins/Runtime/HairStrands/Shaders/Private/NiagaraDataInterfaceVelocityGridTemplate.ush" 3630
"../../../Engine/Plugins/Runtime/HairStrands/Shaders/Private/NiagaraDataInterfacePressureGrid.ush" 3631
"../../../Engine/Plugins/Runtime/HairStrands/Shaders/Private/NiagaraDataInterfacePressureGridTemplate.ush" 3632
"../../../Engine/Plugins/FX/Niagara/Shaders/Private/NiagaraDataInterfaceRenderTarget2DTemplate.ush" 3633
"../../../Engine/Plugins/FX/Niagara/Shaders/Private/NiagaraDataInterfaceRenderTarget2DArrayTemplate.ush" 3634
"../../../Engine/Plugins/FX/Niagara/Shaders/Private/NiagaraDataInterfaceRenderTargetCubeTemplate.ush" 3635
"../../../Engine/Plugins/FX/Niagara/Shaders/Private/NiagaraDataInterfaceRenderTargetVolumeTemplate.ush" 3636
"../../../Engine/Plugins/FX/Niagara/Shaders/Private/NiagaraDataInterfaceRigidMeshCollisionQuery.ush" 3637
"../../../Engine/Plugins/FX/Niagara/Shaders/Private/NiagaraDistanceFieldQueries.ush" 3638
"../../../Engine/Plugins/FX/Niagara/Shaders/Private/NiagaraDataInterfaceSceneCapture2DTemplate.ush" 3639
"../../../Engine/Plugins/FX/Niagara/Shaders/Private/NiagaraDataInterfaceSimCacheReaderTemplate.ush" 3640
"../../../Engine/Plugins/FX/Niagara/Shaders/Private/NiagaraDataInterfaceSimpleCounterTemplate.ush" 3641
"../../../Engine/Plugins/FX/Niagara/Shaders/Private/NiagaraDataInterfaceSkeletalMesh.ush" 3642
"../../../Engine/Plugins/FX/Niagara/Shaders/Private/NiagaraBaryCentricUtils.ush" 3643
"../../../Engine/Plugins/FX/Niagara/Shaders/Private/NiagaraDataInterfaceSkeletalMeshTemplate.ush" 3644
"../../../Engine/Plugins/FX/Niagara/Shaders/Private/NiagaraDataInterfaceSocketReaderTemplate.ush" 3645
"../../../Engine/Plugins/FX/Niagara/Shaders/Private/NiagaraDataInterfaceSparseVolumeTextureTemplate.ush" 3646
"../../../Engine/Plugins/FX/Niagara/Shaders/Private/NiagaraDataInterfaceSplineTemplate.ush" 3647
"../../../Engine/Plugins/FX/Niagara/Shaders/Private/NiagaraDataInterfaceSpriteRendererInfoTemplate.ush" 3648
"../../../Engine/Plugins/FX/Niagara/Shaders/Private/NiagaraDataInterfaceStaticMeshTemplate.ush" 3649
"../../../Engine/Plugins/FX/Niagara/Shaders/Private/NiagaraDataInterfaceTextureTemplate.ush" 3650
"../../../Engine/Plugins/FX/Niagara/Shaders/Private/NiagaraDataInterfaceVirtualTexture.ush" 3651
"../../../Engine/Plugins/FX/Niagara/Shaders/Private/NiagaraDataInterfaceVirtualTextureTemplate.ush" 3652
"../../../Engine/Plugins/FX/Niagara/Shaders/Private/NiagaraDataInterfaceVolumeCache.ush" 3653
"../../../Engine/Plugins/FX/Niagara/Shaders/Private/NiagaraDataInterfaceVolumeTextureTemplate.ush" 3654
"D:/CodingProjects/Game Project/WeLeftTheLightsOn/Content/Characters/Mannequins/Anims/Unarmed/Jog/MF_Unarmed_Jog_Right.uasset" 3655
"D:/CodingProjects/Game Project/WeLeftTheLightsOn/Content/Characters/Mannequins/Anims/Unarmed/Walk/MF_Unarmed_Walk_Left.uasset" 3656
"D:/CodingProjects/Game Project/WeLeftTheLightsOn/Content/Characters/Mannequins/Anims/Unarmed/Jog/MF_Unarmed_Jog_Fwd.uasset" 3657
"D:/CodingProjects/Game Project/WeLeftTheLightsOn/Content/Characters/Mannequins/Anims/Unarmed/MM_Idle.uasset" 3658
"D:/CodingProjects/Game Project/WeLeftTheLightsOn/Content/Characters/Mannequins/Anims/Unarmed/Jump/MM_Jump.uasset" 3659
"../../../Engine/Content/Animation/DefaultAnimBoneCompressionSettings.uasset" 3660
"D:/CodingProjects/Game Project/WeLeftTheLightsOn/Content/Characters/Mannequins/Anims/Unarmed/Walk/MF_Unarmed_Walk_Right.uasset" 3661
"D:/CodingProjects/Game Project/WeLeftTheLightsOn/Content/Characters/Mannequins/Anims/Unarmed/BS_Idle_Walk_Run.uasset" 3662
"D:/CodingProjects/Game Project/WeLeftTheLightsOn/Content/Characters/Mannequins/Anims/Unarmed/Walk/MF_Unarmed_Walk_Bwd.uasset" 3663
"../../../Engine/Content/EngineSounds/Submixes/MasterEQSubmixDefault.uasset" 3664
"../../../Engine/Content/EngineSounds/Submixes/MasterSubmixDefault.uasset" 3665
"D:/CodingProjects/Game Project/WeLeftTheLightsOn/Content/__ExternalActors__/Maps/Lvl_SwiftJ1818/0/TX/DHNCOE0N0SZUEARGGBVM2G.uasset" 3666
"D:/CodingProjects/Game Project/WeLeftTheLightsOn/Content/FirstPerson/Anims/CtrlRig_FPWarp.uasset" 3667
"D:/CodingProjects/Game Project/WeLeftTheLightsOn/Content/Characters/Mannequins/Rigs/CR_Mannequin_FootIK.uasset" 3668
"../../../Engine/Content/EngineSounds/Submixes/MasterEQEffectPreset.uasset" 3669
"D:/CodingProjects/Game Project/WeLeftTheLightsOn/Content/FirstPerson/Anims/ABP_FP_Copy.uasset" 3670
"D:/CodingProjects/Game Project/WeLeftTheLightsOn/Content/Characters/Mannequins/Textures/Manny/T_Manny_02_BN.uasset" 3671
"../../../Engine/Content/EngineSounds/Submixes/MasterReverbEffectPreset.uasset" 3672
"D:/CodingProjects/Game Project/WeLeftTheLightsOn/Content/Characters/Mannequins/Textures/Manny/T_Manny_01_BN.uasset" 3673
"D:/CodingProjects/Game Project/WeLeftTheLightsOn/Content/Characters/Mannequins/Textures/Manny/T_Manny_02_MRA.uasset" 3674
"D:/CodingProjects/Game Project/WeLeftTheLightsOn/Content/Characters/Mannequins/Textures/Manny/T_Manny_01_MRA.uasset" 3675
"../../../Engine/Content/EngineSounds/Submixes/MasterReverbSubmixDefault.uasset" 3676
"D:/CodingProjects/Game Project/WeLeftTheLightsOn/Content/Characters/Mannequins/Anims/Unarmed/Jog/MF_Unarmed_Jog_Left.uasset" 3677
"D:/CodingProjects/Game Project/WeLeftTheLightsOn/Content/Characters/Mannequins/Textures/Manny/T_Manny_01_D.uasset" 3678
"D:/CodingProjects/Game Project/WeLeftTheLightsOn/Content/Characters/Mannequins/Anims/Unarmed/Jump/MM_Fall_Loop.uasset" 3679
"/Engine/Animation/DefaultAnimBoneCompressionSettings" 3680
"D:/CodingProjects/Game Project/WeLeftTheLightsOn/Content/Characters/Mannequins/Textures/Manny/T_Manny_02_D.uasset" 3681
"D:/CodingProjects/Game Project/WeLeftTheLightsOn/Content/Characters/Mannequins/Anims/Unarmed/Jump/MM_Land.uasset" 3682
"D:/CodingProjects/Game Project/WeLeftTheLightsOn/Content/Characters/Mannequins/Anims/Unarmed/Walk/MF_Unarmed_Walk_Fwd.uasset" 3683
"D:/CodingProjects/Game Project/WeLeftTheLightsOn/Content/Characters/Mannequins/Anims/Unarmed/Jog/MF_Unarmed_Jog_Bwd.uasset" 3684
"../../../Engine/Content/Animation/DefaultAnimCurveCompressionSettings.uasset" 3685
"D:/CodingProjects/Game Project/WeLeftTheLightsOn/Content/Characters/Mannequins/Anims/Unarmed/ABP_Unarmed.uasset" 3686
"D:/CodingProjects/Game Project/WeLeftTheLightsOn/Content/FirstPerson/Blueprints/BP_FP_CameraManager.uasset" 3687
"/Game/FirstPerson/Anims/CtrlRig_FPWarp" 3688
"D:/CodingProjects/Game Project/WeLeftTheLightsOn/Content/Characters/Mannequins/Materials/M_Mannequin.uasset" 3689
"D:/CodingProjects/Game Project/WeLeftTheLightsOn/Content/Characters/Mannequins/Textures/Shared/T_UE_Logo_M.uasset" 3690
"/Engine/EngineSounds/Submixes/MasterReverbEffectPreset" 3691
"/Engine/EngineSounds/Submixes/MasterEQEffectPreset" 3692
"/Engine/EngineSounds/Submixes/MasterEQSubmixDefault" 3693
"/Game/__ExternalActors__/Maps/Lvl_SwiftJ1818/0/TX/DHNCOE0N0SZUEARGGBVM2G" 3694
"D:/CodingProjects/Game Project/WeLeftTheLightsOn/Content/Maps/Lvl_SwiftJ1818.umap" 3695
"D:/CodingProjects/Game Project/WeLeftTheLightsOn/Content/FirstPerson/Blueprints/GM_FirstPerson.uasset" 3696
"D:/CodingProjects/Game Project/WeLeftTheLightsOn/Content/FirstPerson/Blueprints/BP_FirstPersonCharacter.uasset" 3697
"D:/CodingProjects/Game Project/WeLeftTheLightsOn/Content/FirstPerson/Blueprints/BP_FirstPersonPlayerController.uasset" 3698
"D:/CodingProjects/Game Project/WeLeftTheLightsOn/Content/Players/BP_PlayerState.uasset" 3699
"D:/CodingProjects/Game Project/WeLeftTheLightsOn/Content/Systems/BP_GameStateBase.uasset" 3700
"../../../Engine/Content/EditorBlueprintResources/StandardMacros.uasset" 3701
"D:/CodingProjects/Game Project/WeLeftTheLightsOn/Content/Input/Touch/BPI_TouchInterface.uasset" 3702
"D:/CodingProjects/Game Project/WeLeftTheLightsOn/Content/Systems/Items/Blueprints/BP_Item.uasset" 3703
"D:/CodingProjects/Game Project/WeLeftTheLightsOn/Content/Utils/BPFL_Logging.uasset" 3704
"D:/CodingProjects/Game Project/WeLeftTheLightsOn/Content/Input/Actions/IA_Jump.uasset" 3705
"D:/CodingProjects/Game Project/WeLeftTheLightsOn/Content/Input/Actions/IA_Look.uasset" 3706
"D:/CodingProjects/Game Project/WeLeftTheLightsOn/Content/Input/Actions/IA_MouseLook.uasset" 3707
"D:/CodingProjects/Game Project/WeLeftTheLightsOn/Content/Input/Actions/IA_Move.uasset" 3708
"D:/CodingProjects/Game Project/WeLeftTheLightsOn/Content/Input/IMC_MouseLook.uasset" 3709
"D:/CodingProjects/Game Project/WeLeftTheLightsOn/Content/Characters/Mannequins/Meshes/SKM_Manny_Simple.uasset" 3710
"D:/CodingProjects/Game Project/WeLeftTheLightsOn/Content/Input/Touch/UI_TouchSimple.uasset" 3711
"D:/CodingProjects/Game Project/WeLeftTheLightsOn/Content/Systems/Items/Data/EN_ItemState.uasset" 3712
"D:/CodingProjects/Game Project/WeLeftTheLightsOn/Content/Players/EffectsSystem/BPFL_EffectService.uasset" 3713
"D:/CodingProjects/Game Project/WeLeftTheLightsOn/Content/Systems/DropOffZone/BP_DropOffZone.uasset" 3714
"D:/CodingProjects/Game Project/WeLeftTheLightsOn/Content/Systems/Items/Blueprints/BPI_ItemInteractionReceiver.uasset" 3715
"D:/CodingProjects/Game Project/WeLeftTheLightsOn/Content/Systems/Items/Components/AC_ItemManager.uasset" 3716
"D:/CodingProjects/Game Project/WeLeftTheLightsOn/Content/Systems/Items/Data/DA_ItemDefinition.uasset" 3717
"D:/CodingProjects/Game Project/WeLeftTheLightsOn/Content/Systems/Jobs/BPFL_JobService.uasset" 3718
"D:/CodingProjects/Game Project/WeLeftTheLightsOn/Content/Systems/UI/AC_UIManager.uasset" 3719
"D:/CodingProjects/Game Project/WeLeftTheLightsOn/Content/Systems/UI/BPI_Interactable.uasset" 3720
"D:/CodingProjects/Game Project/WeLeftTheLightsOn/Content/Systems/UI/BPI_Interactor.uasset" 3721
"D:/CodingProjects/Game Project/WeLeftTheLightsOn/Content/Utils/BPFL_Operations.uasset" 3722
"D:/CodingProjects/Game Project/WeLeftTheLightsOn/Content/Input/Actions/IA_Consume.uasset" 3723
"D:/CodingProjects/Game Project/WeLeftTheLightsOn/Content/Input/Actions/IA_DropItem.uasset" 3724
"D:/CodingProjects/Game Project/WeLeftTheLightsOn/Content/Input/Actions/IA_Interact.uasset" 3725
"D:/CodingProjects/Game Project/WeLeftTheLightsOn/Content/Input/Actions/IA_ToggleInventory.uasset" 3726
"D:/CodingProjects/Game Project/WeLeftTheLightsOn/Content/Input/IMC_Default.uasset" 3727
"D:/CodingProjects/Game Project/WeLeftTheLightsOn/Content/Players/EffectsSystem/Data/EN_EffectType.uasset" 3728
"D:/CodingProjects/Game Project/WeLeftTheLightsOn/Content/Players/EffectsSystem/Data/ST_ActiveEffect.uasset" 3729
"D:/CodingProjects/Game Project/WeLeftTheLightsOn/Content/Players/HUD/WBP_PlayerHUD.uasset" 3730
"D:/CodingProjects/Game Project/WeLeftTheLightsOn/Content/Players/StatSystem/EN_PlayerStatType.uasset" 3731
"D:/CodingProjects/Game Project/WeLeftTheLightsOn/Content/Players/StatSystem/ST_PlayerStat.uasset" 3732
"D:/CodingProjects/Game Project/WeLeftTheLightsOn/Content/Systems/Items/Data/ST_ItemData.uasset" 3733
"D:/CodingProjects/Game Project/WeLeftTheLightsOn/Content/Systems/UI/E_UIType.uasset" 3734
"D:/CodingProjects/Game Project/WeLeftTheLightsOn/Content/Players/StatSystem/BPFL_PlayerStatService.uasset" 3735
"D:/CodingProjects/Game Project/WeLeftTheLightsOn/Content/Players/EffectsSystem/DT_Effects.uasset" 3736
"D:/CodingProjects/Game Project/WeLeftTheLightsOn/Content/Players/StatSystem/DT_PlayerStats.uasset" 3737
"D:/CodingProjects/Game Project/WeLeftTheLightsOn/Content/Players/EffectsSystem/Data/ST_EffectDataRow.uasset" 3738
"D:/CodingProjects/Game Project/WeLeftTheLightsOn/Content/Players/StatSystem/ST_PlayerStatsRow.uasset" 3739
"D:/CodingProjects/Game Project/WeLeftTheLightsOn/Content/Systems/Jobs/JobStructs/ST_Job.uasset" 3740
"D:/CodingProjects/Game Project/WeLeftTheLightsOn/Content/Systems/Jobs/ST_JobState.uasset" 3741
"D:/CodingProjects/Game Project/WeLeftTheLightsOn/Content/Systems/Ship/ST_ShipState.uasset" 3742
"D:/CodingProjects/Game Project/WeLeftTheLightsOn/Content/Systems/ST_InventorySlot_WIP.uasset" 3743
"D:/CodingProjects/Game Project/WeLeftTheLightsOn/Content/Characters/Mannequins/Meshes/SK_Mannequin.uasset" 3744
"D:/CodingProjects/Game Project/WeLeftTheLightsOn/Content/Systems/Items/Components/AC_InteractableItemComponent.uasset" 3745
"D:/CodingProjects/Game Project/WeLeftTheLightsOn/Content/Systems/Items/Components/AC_ItemComponent.uasset" 3746
"D:/CodingProjects/Game Project/WeLeftTheLightsOn/Content/Systems/UI/BP_InteractableActor.uasset" 3747
"D:/CodingProjects/Game Project/WeLeftTheLightsOn/Content/Systems/Items/Data/DT_ItemData.uasset" 3748
"D:/CodingProjects/Game Project/WeLeftTheLightsOn/Content/Systems/Items/Data/EN_ItemType.uasset" 3749
"D:/CodingProjects/Game Project/WeLeftTheLightsOn/Content/Characters/Mannequins/Materials/Manny/MI_Manny_01_New.uasset" 3750
"D:/CodingProjects/Game Project/WeLeftTheLightsOn/Content/Characters/Mannequins/Materials/Manny/MI_Manny_02_New.uasset" 3751
"D:/CodingProjects/Game Project/WeLeftTheLightsOn/Content/Characters/Mannequins/Rigs/PA_Mannequin.uasset" 3752
"../../../Engine/Content/MobileResources/HUD/VirtualJoystick_Thumb.uasset" 3753
"D:/CodingProjects/Game Project/WeLeftTheLightsOn/Content/Input/Touch/UI_Thumbstick.uasset" 3754
"D:/CodingProjects/Game Project/WeLeftTheLightsOn/Content/Players/EffectsSystem/Data/DA_EffectDefinition.uasset" 3755
"D:/CodingProjects/Game Project/WeLeftTheLightsOn/Content/Players/EffectsSystem/Data/EN_StatModifierType.uasset" 3756
"D:/CodingProjects/Game Project/WeLeftTheLightsOn/Content/Players/EffectsSystem/Data/ST_StatModifier.uasset" 3757
"D:/CodingProjects/Game Project/WeLeftTheLightsOn/Content/Audio/Player/SpecialDeliverySoundEffect.uasset" 3758
"D:/CodingProjects/Game Project/WeLeftTheLightsOn/Content/Systems/Inventory/BPO_InventoryService.uasset" 3759
"D:/CodingProjects/Game Project/WeLeftTheLightsOn/Content/Systems/Items/BP_ItemSpawnPoint.uasset" 3760
"D:/CodingProjects/Game Project/WeLeftTheLightsOn/Content/Audio/Player/drop_item.uasset" 3761
"D:/CodingProjects/Game Project/WeLeftTheLightsOn/Content/Audio/Player/equip_gear.uasset" 3762
"D:/CodingProjects/Game Project/WeLeftTheLightsOn/Content/Audio/Player/unequip_gear.uasset" 3763
"D:/CodingProjects/Game Project/WeLeftTheLightsOn/Content/Systems/Inventory/Data/ST_InventoryItem.uasset" 3764
"D:/CodingProjects/Game Project/WeLeftTheLightsOn/Content/Systems/Items/Data/ST_HoldableItemData.uasset" 3765
"D:/CodingProjects/Game Project/WeLeftTheLightsOn/Content/Systems/Jobs/EN_ObjectiveType.uasset" 3766
"D:/CodingProjects/Game Project/WeLeftTheLightsOn/Content/Systems/Jobs/JobStructs/ST_CompletionDetails.uasset" 3767
"D:/CodingProjects/Game Project/WeLeftTheLightsOn/Content/Systems/Jobs/JobStructs/ST_Objective.uasset" 3768
"D:/CodingProjects/Game Project/WeLeftTheLightsOn/Content/Systems/Jobs/JobStructs/ST_Reward.uasset" 3769
"D:/CodingProjects/Game Project/WeLeftTheLightsOn/Content/Systems/Jobs/Data/Resolver/DA_IntegerResolver.uasset" 3770
"D:/CodingProjects/Game Project/WeLeftTheLightsOn/Content/Systems/Jobs/Data/Resolver/DA_JobTextResolver.uasset" 3771
"D:/CodingProjects/Game Project/WeLeftTheLightsOn/Content/Systems/Jobs/Data/Resolver/DA_ObjectiveTypeResolver.uasset" 3772
"D:/CodingProjects/Game Project/WeLeftTheLightsOn/Content/Systems/Ship/BPFL_ShipService.uasset" 3773
"D:/CodingProjects/Game Project/WeLeftTheLightsOn/Content/Systems/Jobs/Data/EN_JobPlaceholders.uasset" 3774
"D:/CodingProjects/Game Project/WeLeftTheLightsOn/Content/Systems/Jobs/Data/ST_JobData.uasset" 3775
"D:/CodingProjects/Game Project/WeLeftTheLightsOn/Content/Systems/Ship/Terminal/BP_Terminal.uasset" 3776
"D:/CodingProjects/Game Project/WeLeftTheLightsOn/Content/Systems/Inventory/Widgets/WBP_InventoryUI.uasset" 3777
"D:/CodingProjects/Game Project/WeLeftTheLightsOn/Content/Systems/Ship/Terminal/Widgets/CUI_Terminal.uasset" 3778
"D:/CodingProjects/Game Project/WeLeftTheLightsOn/Content/Systems/Inventory/Widgets/CUI_InventoryMenu.uasset" 3779
"D:/CodingProjects/Game Project/WeLeftTheLightsOn/Content/Systems/UI/Data/E_UIActionType.uasset" 3780
"D:/CodingProjects/Game Project/WeLeftTheLightsOn/Content/Systems/UI/S_UIAction.uasset" 3781
"D:/CodingProjects/Game Project/WeLeftTheLightsOn/Content/Players/HUD/CircularProgressBar/WBP_CircularProgressBar.uasset" 3782
"D:/CodingProjects/Game Project/WeLeftTheLightsOn/Content/Players/HUD/hunger_icon.uasset" 3783
"D:/CodingProjects/Game Project/WeLeftTheLightsOn/Content/Players/HUD/thirst_icon.uasset" 3784
"D:/CodingProjects/Game Project/WeLeftTheLightsOn/Content/Audio/Player/hut_grunt.uasset" 3785
"D:/CodingProjects/Game Project/WeLeftTheLightsOn/Content/Players/EffectsSystem/Data/EffectDefinitions/DA_Freezing.uasset" 3786
"D:/CodingProjects/Game Project/WeLeftTheLightsOn/Content/Players/EffectsSystem/Data/EffectDefinitions/DA_Heat.uasset" 3787
"D:/CodingProjects/Game Project/WeLeftTheLightsOn/Content/Players/EffectsSystem/Data/EffectDefinitions/DA_Poison.uasset" 3788
"D:/CodingProjects/Game Project/WeLeftTheLightsOn/Content/Players/EffectsSystem/Data/EffectDefinitions/DA_Radiation.uasset" 3789
"D:/CodingProjects/Game Project/WeLeftTheLightsOn/Content/Systems/Items/Components/ST_ItemInteractionsMap.uasset" 3790
"D:/CodingProjects/Game Project/WeLeftTheLightsOn/Content/Systems/Items/Components/ST_ItemInteractionsMapValue.uasset" 3791
"D:/CodingProjects/Game Project/WeLeftTheLightsOn/Content/Systems/UI/Widgets/WBP_MultiInteractionPrompt.uasset" 3792
"D:/CodingProjects/Game Project/WeLeftTheLightsOn/Content/Systems/Items/Data/Assets/DA_Beacon.uasset" 3793
"D:/CodingProjects/Game Project/WeLeftTheLightsOn/Content/Systems/Items/Data/Assets/DA_Blood.uasset" 3794
"D:/CodingProjects/Game Project/WeLeftTheLightsOn/Content/Systems/Items/Data/Assets/DA_ChickenNuggets.uasset" 3795
"D:/CodingProjects/Game Project/WeLeftTheLightsOn/Content/Systems/Items/Data/Assets/DA_Disk.uasset" 3796
"D:/CodingProjects/Game Project/WeLeftTheLightsOn/Content/Systems/Items/Data/Assets/DA_Drive.uasset" 3797
"D:/CodingProjects/Game Project/WeLeftTheLightsOn/Content/Systems/Items/Data/Assets/DA_DVDBox.uasset" 3798
"D:/CodingProjects/Game Project/WeLeftTheLightsOn/Content/Systems/Items/Data/Assets/DA_Energy_Core.uasset" 3799
"D:/CodingProjects/Game Project/WeLeftTheLightsOn/Content/Systems/Items/Data/Assets/DA_Lens.uasset" 3800
"D:/CodingProjects/Game Project/WeLeftTheLightsOn/Content/Systems/Items/Data/Assets/DA_MediKit.uasset" 3801
"D:/CodingProjects/Game Project/WeLeftTheLightsOn/Content/Systems/Items/Data/Assets/DA_Shroom.uasset" 3802
"D:/CodingProjects/Game Project/WeLeftTheLightsOn/Content/Systems/Items/Data/Assets/DA_Simple_Relic.uasset" 3803
"D:/CodingProjects/Game Project/WeLeftTheLightsOn/Content/Systems/Items/Data/Assets/DA_Token.uasset" 3804
"D:/CodingProjects/Game Project/WeLeftTheLightsOn/Content/Systems/Items/Data/Assets/DA_WaterBottle.uasset" 3805
"../../../Engine/Content/MobileResources/HUD/VirtualJoystick_Background.uasset" 3806
"D:/CodingProjects/Game Project/WeLeftTheLightsOn/Content/Systems/Jobs/Data/Resolver/ST_ReplacementList.uasset" 3807
"D:/CodingProjects/Game Project/WeLeftTheLightsOn/Content/Systems/Jobs/Data/DT_JobData.uasset" 3808
"D:/CodingProjects/Game Project/WeLeftTheLightsOn/Content/Systems/Ship/Terminal/scifi_terminal_2/StaticMeshes/scifi_terminal_2.uasset" 3809
"D:/CodingProjects/Game Project/WeLeftTheLightsOn/Content/Systems/Inventory/Widgets/WBP_InventorySlot.uasset" 3810
"D:/CodingProjects/Game Project/WeLeftTheLightsOn/Content/Systems/Ship/Terminal/Widgets/TabJobs/WBP_TerminalTabActiveJob.uasset" 3811
"D:/CodingProjects/Game Project/WeLeftTheLightsOn/Content/Systems/Ship/Terminal/Widgets/TabJobs/WBP_TerminalTabJobs.uasset" 3812
"D:/CodingProjects/Game Project/WeLeftTheLightsOn/Content/Systems/Ship/Terminal/Widgets/WBP_Badge.uasset" 3813
"D:/CodingProjects/Game Project/WeLeftTheLightsOn/Content/Systems/Ship/Terminal/Widgets/WBP_NavButton.uasset" 3814
"D:/CodingProjects/Game Project/WeLeftTheLightsOn/Content/Systems/Ship/Terminal/Widgets/WBP_TerminalTabDataBase.uasset" 3815
"D:/CodingProjects/Game Project/WeLeftTheLightsOn/Content/Systems/Ship/Terminal/Widgets/WBP_TerminalTabStore.uasset" 3816
"D:/CodingProjects/Game Project/WeLeftTheLightsOn/Content/Utils/BPFL_ParamNames.uasset" 3817
"D:/CodingProjects/Game Project/WeLeftTheLightsOn/Content/Players/HUD/CircularProgressBar/M_CIrcularProgressBar_Inst.uasset" 3818
"D:/CodingProjects/Game Project/WeLeftTheLightsOn/Content/Players/EffectsSystem/Assets/schneeflocke.uasset" 3819
"D:/CodingProjects/Game Project/WeLeftTheLightsOn/Content/Players/EffectsSystem/Assets/heisses-wetter.uasset" 3820
"D:/CodingProjects/Game Project/WeLeftTheLightsOn/Content/Players/EffectsSystem/Assets/gift.uasset" 3821
"D:/CodingProjects/Game Project/WeLeftTheLightsOn/Content/Players/EffectsSystem/Assets/nuclear.uasset" 3822
"D:/CodingProjects/Game Project/WeLeftTheLightsOn/Content/Systems/UI/Widgets/WBP_SingleInteractionPrompt.uasset" 3823
"D:/CodingProjects/Game Project/WeLeftTheLightsOn/Content/Systems/Items/Components/BehaviorComponents/AC_Equip.uasset" 3824
"D:/CodingProjects/Game Project/WeLeftTheLightsOn/Content/Systems/Items/Components/BehaviorComponents/AC_Pickup.uasset" 3825
"D:/CodingProjects/Game Project/WeLeftTheLightsOn/Content/Systems/Items/Models/medic_gun_from_team_fortress_2/StaticMeshes/medic_gun_from_team_fortress_2.uasset" 3826
"D:/CodingProjects/Game Project/WeLeftTheLightsOn/Content/Systems/Items/Models/loveheart_potion_stylized/StaticMeshes/loveheart_potion_stylized.uasset" 3827
"D:/CodingProjects/Game Project/WeLeftTheLightsOn/Content/Systems/Items/Components/BehaviorComponents/AC_Consume.uasset" 3828
"D:/CodingProjects/Game Project/WeLeftTheLightsOn/Content/Systems/Items/Models/chicken_nuggets/StaticMeshes/chicken_nuggets.uasset" 3829
"D:/CodingProjects/Game Project/WeLeftTheLightsOn/Content/Systems/Items/Models/Floppy_Disk/floppy_disk/StaticMeshes/floppy_disk.uasset" 3830
"D:/CodingProjects/Game Project/WeLeftTheLightsOn/Content/Systems/Items/Models/punto_de_venta_n82-pos/StaticMeshes/punto_de_venta_n82-pos.uasset" 3831
"D:/CodingProjects/Game Project/WeLeftTheLightsOn/Content/Systems/Items/Models/Diskette_box/diskette_box/StaticMeshes/diskette_box.uasset" 3832
"D:/CodingProjects/Game Project/WeLeftTheLightsOn/Content/Systems/Items/Models/energy_sphere_game_prop/StaticMeshes/energy_sphere_game_prop.uasset" 3833
"D:/CodingProjects/Game Project/WeLeftTheLightsOn/Content/Systems/Items/Models/seijins_fresnel_lens_free_version/StaticMeshes/seijins_fresnel_lens_free_version.uasset" 3834
"D:/CodingProjects/Game Project/WeLeftTheLightsOn/Content/Systems/Items/Models/medkit_voxel/StaticMeshes/medkit_voxel.uasset" 3835
"D:/CodingProjects/Game Project/WeLeftTheLightsOn/Content/Systems/Items/Models/small_mushroom_lamp/StaticMeshes/small_mushroom_lamp.uasset" 3836
"D:/CodingProjects/Game Project/WeLeftTheLightsOn/Content/Systems/Items/Models/eschers_artifact/StaticMeshes/eschers_artifact.uasset" 3837
"D:/CodingProjects/Game Project/WeLeftTheLightsOn/Content/Systems/Items/Models/ai_texturing_coin_high_poly/StaticMeshes/ai_texturing_coin_high_poly.uasset" 3838
"D:/CodingProjects/Game Project/WeLeftTheLightsOn/Content/Systems/Items/Models/water_bottle_low_poly/StaticMeshes/water_bottle_low_poly.uasset" 3839
"D:/CodingProjects/Game Project/WeLeftTheLightsOn/Content/Systems/Jobs/Data/ReplacementAssets/DA_ObjectiveDefaultReplacements.uasset" 3840
"D:/CodingProjects/Game Project/WeLeftTheLightsOn/Content/Systems/Ship/Terminal/scifi_terminal_2/Materials/T_Terminal.uasset" 3841
"D:/CodingProjects/Game Project/WeLeftTheLightsOn/Content/Systems/Ship/Terminal/Widgets/TabJobs/WBP_JobDescription.uasset" 3842
"D:/CodingProjects/Game Project/WeLeftTheLightsOn/Content/Systems/Ship/Terminal/Widgets/TabJobs/WBP_ObjectiveItem.uasset" 3843
"D:/CodingProjects/Game Project/WeLeftTheLightsOn/Content/Systems/Ship/Terminal/Widgets/TabJobs/WBP_JobItem.uasset" 3844
"D:/CodingProjects/Game Project/WeLeftTheLightsOn/Content/Players/HUD/CircularProgressBar/M_CIrcularProgressBar.uasset" 3845
"D:/CodingProjects/Game Project/WeLeftTheLightsOn/Content/Audio/Player/pickup_item.uasset" 3846
"D:/CodingProjects/Game Project/WeLeftTheLightsOn/Content/Systems/Items/Models/medic_gun_from_team_fortress_2/Materials/Material_004.uasset" 3847
"D:/CodingProjects/Game Project/WeLeftTheLightsOn/Content/Systems/Items/Models/medic_gun_from_team_fortress_2/Materials/Material_005.uasset" 3848
"D:/CodingProjects/Game Project/WeLeftTheLightsOn/Content/Systems/Items/Models/medic_gun_from_team_fortress_2/Materials/Material_006.uasset" 3849
"D:/CodingProjects/Game Project/WeLeftTheLightsOn/Content/Systems/Items/Models/medic_gun_from_team_fortress_2/Materials/Material_007.uasset" 3850
"D:/CodingProjects/Game Project/WeLeftTheLightsOn/Content/Systems/Items/Models/medic_gun_from_team_fortress_2/Materials/Material_008.uasset" 3851
"D:/CodingProjects/Game Project/WeLeftTheLightsOn/Content/Systems/Items/Models/medic_gun_from_team_fortress_2/Materials/Material_009.uasset" 3852
"D:/CodingProjects/Game Project/WeLeftTheLightsOn/Content/Systems/Items/Models/medic_gun_from_team_fortress_2/Materials/Material_010.uasset" 3853
"D:/CodingProjects/Game Project/WeLeftTheLightsOn/Content/Systems/Items/Models/loveheart_potion_stylized/Materials/glass_002.uasset" 3854
"D:/CodingProjects/Game Project/WeLeftTheLightsOn/Content/Systems/Items/Models/loveheart_potion_stylized/Materials/glass_003.uasset" 3855
"D:/CodingProjects/Game Project/WeLeftTheLightsOn/Content/Systems/Items/Models/loveheart_potion_stylized/Materials/glass_005.uasset" 3856
"D:/CodingProjects/Game Project/WeLeftTheLightsOn/Content/Systems/Items/Models/chicken_nuggets/Materials/auto.uasset" 3857
"D:/CodingProjects/Game Project/WeLeftTheLightsOn/Content/Systems/Items/Models/chicken_nuggets/Materials/auto_1.uasset" 3858
"D:/CodingProjects/Game Project/WeLeftTheLightsOn/Content/Systems/Items/Models/chicken_nuggets/Materials/auto_2.uasset" 3859
"D:/CodingProjects/Game Project/WeLeftTheLightsOn/Content/Systems/Items/Models/chicken_nuggets/Materials/auto_4.uasset" 3860
"D:/CodingProjects/Game Project/WeLeftTheLightsOn/Content/Systems/Items/Models/chicken_nuggets/Materials/auto_5.uasset" 3861
"D:/CodingProjects/Game Project/WeLeftTheLightsOn/Content/Systems/Items/Models/chicken_nuggets/Materials/auto_6.uasset" 3862
"D:/CodingProjects/Game Project/WeLeftTheLightsOn/Content/Systems/Items/Models/chicken_nuggets/Materials/auto_7.uasset" 3863
"D:/CodingProjects/Game Project/WeLeftTheLightsOn/Content/Systems/Items/Models/chicken_nuggets/Materials/auto_8.uasset" 3864
"D:/CodingProjects/Game Project/WeLeftTheLightsOn/Content/Systems/Items/Models/chicken_nuggets/Materials/edge_color000255.uasset" 3865
"D:/CodingProjects/Game Project/WeLeftTheLightsOn/Content/Systems/Items/Models/chicken_nuggets/Materials/material.uasset" 3866
"D:/CodingProjects/Game Project/WeLeftTheLightsOn/Content/Systems/Items/Models/Floppy_Disk/floppy_disk/Materials/black_plastic.uasset" 3867
"D:/CodingProjects/Game Project/WeLeftTheLightsOn/Content/Systems/Items/Models/Floppy_Disk/floppy_disk/Materials/made_by.uasset" 3868
"D:/CodingProjects/Game Project/WeLeftTheLightsOn/Content/Systems/Items/Models/Floppy_Disk/floppy_disk/Materials/metal.uasset" 3869
"D:/CodingProjects/Game Project/WeLeftTheLightsOn/Content/Systems/Items/Models/Floppy_Disk/floppy_disk/Materials/slide.uasset" 3870
"D:/CodingProjects/Game Project/WeLeftTheLightsOn/Content/Systems/Items/Models/Floppy_Disk/floppy_disk/Materials/white_paper.uasset" 3871
"D:/CodingProjects/Game Project/WeLeftTheLightsOn/Content/Systems/Items/Models/punto_de_venta_n82-pos/Materials/Material_001.uasset" 3872
"D:/CodingProjects/Game Project/WeLeftTheLightsOn/Content/Systems/Items/Models/punto_de_venta_n82-pos/Materials/Material_003.uasset" 3873
"D:/CodingProjects/Game Project/WeLeftTheLightsOn/Content/Systems/Items/Models/punto_de_venta_n82-pos/Materials/Material_004.uasset" 3874
"D:/CodingProjects/Game Project/WeLeftTheLightsOn/Content/Systems/Items/Models/punto_de_venta_n82-pos/Materials/Material_005.uasset" 3875
"D:/CodingProjects/Game Project/WeLeftTheLightsOn/Content/Systems/Items/Models/punto_de_venta_n82-pos/Materials/Material_007.uasset" 3876
"D:/CodingProjects/Game Project/WeLeftTheLightsOn/Content/Systems/Items/Models/Diskette_box/diskette_box/Materials/material0.uasset" 3877
"D:/CodingProjects/Game Project/WeLeftTheLightsOn/Content/Systems/Items/Models/energy_sphere_game_prop/Materials/body.uasset" 3878
"D:/CodingProjects/Game Project/WeLeftTheLightsOn/Content/Systems/Items/Models/energy_sphere_game_prop/Materials/light.uasset" 3879
"D:/CodingProjects/Game Project/WeLeftTheLightsOn/Content/Systems/Items/Models/seijins_fresnel_lens_free_version/Materials/lambert1.uasset" 3880
"D:/CodingProjects/Game Project/WeLeftTheLightsOn/Content/Systems/Items/Models/medkit_voxel/Materials/Voxel_mat10.uasset" 3881
"D:/CodingProjects/Game Project/WeLeftTheLightsOn/Content/Systems/Items/Models/medkit_voxel/Materials/Voxel_mat15.uasset" 3882
"D:/CodingProjects/Game Project/WeLeftTheLightsOn/Content/Systems/Items/Models/medkit_voxel/Materials/Voxel_mat16.uasset" 3883
"D:/CodingProjects/Game Project/WeLeftTheLightsOn/Content/Systems/Items/Models/medkit_voxel/Materials/Voxel_mat2.uasset" 3884
"D:/CodingProjects/Game Project/WeLeftTheLightsOn/Content/Systems/Items/Models/medkit_voxel/Materials/Voxel_mat50.uasset" 3885
"D:/CodingProjects/Game Project/WeLeftTheLightsOn/Content/Systems/Items/Models/medkit_voxel/Materials/Voxel_mat8.uasset" 3886
"D:/CodingProjects/Game Project/WeLeftTheLightsOn/Content/Systems/Items/Models/small_mushroom_lamp/Materials/LampTexture.uasset" 3887
"D:/CodingProjects/Game Project/WeLeftTheLightsOn/Content/Systems/Items/Models/eschers_artifact/Materials/Base_011.uasset" 3888
"D:/CodingProjects/Game Project/WeLeftTheLightsOn/Content/Systems/Items/Models/eschers_artifact/Materials/Marble-Black_012.uasset" 3889
"D:/CodingProjects/Game Project/WeLeftTheLightsOn/Content/Systems/Items/Models/eschers_artifact/Materials/Marble-Green_005.uasset" 3890
"D:/CodingProjects/Game Project/WeLeftTheLightsOn/Content/Systems/Items/Models/eschers_artifact/Materials/Marble-Mix_005.uasset" 3891
"D:/CodingProjects/Game Project/WeLeftTheLightsOn/Content/Systems/Items/Models/eschers_artifact/Materials/material.uasset" 3892
"D:/CodingProjects/Game Project/WeLeftTheLightsOn/Content/Systems/Items/Models/eschers_artifact/Materials/Neon-White_001.uasset" 3893
"D:/CodingProjects/Game Project/WeLeftTheLightsOn/Content/Systems/Items/Models/ai_texturing_coin_high_poly/Materials/Mat_1.uasset" 3894
"D:/CodingProjects/Game Project/WeLeftTheLightsOn/Content/Systems/Items/Models/water_bottle_low_poly/Materials/Matriau.uasset" 3895
"D:/CodingProjects/Game Project/WeLeftTheLightsOn/Content/Systems/Items/Models/water_bottle_low_poly/Materials/Matriau_001.uasset" 3896
"../../Plugins/Interchange/Assets/Content/gltf/MaterialInstances/MI_Default_Opaque_DS.uasset" 3897
"D:/CodingProjects/Game Project/WeLeftTheLightsOn/Content/Systems/Ship/Terminal/scifi_terminal_2/Textures/scifi_terminal_2_texture_0.uasset" 3898
"D:/CodingProjects/Game Project/WeLeftTheLightsOn/Content/Systems/Ship/Terminal/scifi_terminal_2/Textures/scifi_terminal_2_texture_1.uasset" 3899
"D:/CodingProjects/Game Project/WeLeftTheLightsOn/Content/Systems/Ship/Terminal/scifi_terminal_2/Textures/scifi_terminal_2_texture_2.uasset" 3900
"D:/CodingProjects/Game Project/WeLeftTheLightsOn/Content/Systems/Ship/Terminal/scifi_terminal_2/Textures/scifi_terminal_2_texture_3.uasset" 3901
"D:/CodingProjects/Game Project/WeLeftTheLightsOn/Content/Systems/Ship/Terminal/Widgets/TabJobs/WBP_SmallBadge.uasset" 3902
"../../../Engine/Content/Functions/Engine_MaterialFunctions01/Density/ExponentialDensity.uasset" 3903
"../../../Engine/Content/Functions/Engine_MaterialFunctions01/Gradient/RadialGradientExponential.uasset" 3904
"../../../Engine/Content/Functions/Engine_MaterialFunctions02/Texturing/CustomRotator.uasset" 3905
"../../../Engine/Content/Functions/Engine_MaterialFunctions02/Utility/VectorToRadialValue.uasset" 3906
"../../Plugins/Interchange/Assets/Content/gltf/MaterialInstances/MI_ClearCoat_Opaque_DS.uasset" 3907
"../../Plugins/Interchange/Assets/Content/gltf/MaterialInstances/MI_Transmission_DS.uasset" 3908
"D:/CodingProjects/Game Project/WeLeftTheLightsOn/Content/Systems/Items/Models/loveheart_potion_stylized/Textures/loveheart_potion_stylized_texture_0.uasset" 3909
"../../Plugins/Interchange/Assets/Content/gltf/MaterialInstances/MI_Default_Opaque.uasset" 3910
"D:/CodingProjects/Game Project/WeLeftTheLightsOn/Content/Systems/Items/Models/chicken_nuggets/Textures/chicken_nuggets_texture_0.uasset" 3911
"D:/CodingProjects/Game Project/WeLeftTheLightsOn/Content/Systems/Items/Models/chicken_nuggets/Textures/chicken_nuggets_texture_1.uasset" 3912
"D:/CodingProjects/Game Project/WeLeftTheLightsOn/Content/Systems/Items/Models/chicken_nuggets/Textures/chicken_nuggets_texture_2.uasset" 3913
"D:/CodingProjects/Game Project/WeLeftTheLightsOn/Content/Systems/Items/Models/chicken_nuggets/Textures/chicken_nuggets_texture_3.uasset" 3914
"D:/CodingProjects/Game Project/WeLeftTheLightsOn/Content/Systems/Items/Models/chicken_nuggets/Textures/chicken_nuggets_texture_4.uasset" 3915
"../../Plugins/Interchange/Assets/Content/gltf/MaterialInstances/MI_Default_Blend.uasset" 3916
"D:/CodingProjects/Game Project/WeLeftTheLightsOn/Content/Systems/Items/Models/chicken_nuggets/Textures/chicken_nuggets_texture_5.uasset" 3917
"D:/CodingProjects/Game Project/WeLeftTheLightsOn/Content/Systems/Items/Models/chicken_nuggets/Textures/chicken_nuggets_texture_6.uasset" 3918
"D:/CodingProjects/Game Project/WeLeftTheLightsOn/Content/Systems/Items/Models/chicken_nuggets/Textures/chicken_nuggets_texture_7.uasset" 3919
"D:/CodingProjects/Game Project/WeLeftTheLightsOn/Content/Systems/Items/Models/Floppy_Disk/floppy_disk/Textures/floppy_disk_texture_2.uasset" 3920
"D:/CodingProjects/Game Project/WeLeftTheLightsOn/Content/Systems/Items/Models/Floppy_Disk/floppy_disk/Textures/floppy_disk_texture_1.uasset" 3921
"D:/CodingProjects/Game Project/WeLeftTheLightsOn/Content/Systems/Items/Models/Floppy_Disk/floppy_disk/Textures/floppy_disk_texture_0.uasset" 3922
"../../Plugins/Interchange/Assets/Content/gltf/MaterialInstances/MI_Unlit_Opaque_DS.uasset" 3923
"D:/CodingProjects/Game Project/WeLeftTheLightsOn/Content/Systems/Items/Models/Diskette_box/diskette_box/Textures/diskette_box_texture_0.uasset" 3924
"D:/CodingProjects/Game Project/WeLeftTheLightsOn/Content/Systems/Items/Models/energy_sphere_game_prop/Textures/energy_sphere_game_prop_texture_0.uasset" 3925
"D:/CodingProjects/Game Project/WeLeftTheLightsOn/Content/Systems/Items/Models/energy_sphere_game_prop/Textures/energy_sphere_game_prop_texture_1.uasset" 3926
"D:/CodingProjects/Game Project/WeLeftTheLightsOn/Content/Systems/Items/Models/energy_sphere_game_prop/Textures/energy_sphere_game_prop_texture_2.uasset" 3927
"../../Plugins/Interchange/Assets/Content/gltf/MaterialInstances/MI_Default_Blend_DS.uasset" 3928
"D:/CodingProjects/Game Project/WeLeftTheLightsOn/Content/Systems/Items/Models/small_mushroom_lamp/Textures/small_mushroom_lamp_texture_0.uasset" 3929
"D:/CodingProjects/Game Project/WeLeftTheLightsOn/Content/Systems/Items/Models/small_mushroom_lamp/Textures/small_mushroom_lamp_texture_1.uasset" 3930
"D:/CodingProjects/Game Project/WeLeftTheLightsOn/Content/Systems/Items/Models/small_mushroom_lamp/Textures/small_mushroom_lamp_texture_2.uasset" 3931
"D:/CodingProjects/Game Project/WeLeftTheLightsOn/Content/Systems/Items/Models/eschers_artifact/Textures/eschers_artifact_texture_6.uasset" 3932
"D:/CodingProjects/Game Project/WeLeftTheLightsOn/Content/Systems/Items/Models/eschers_artifact/Textures/eschers_artifact_texture_7.uasset" 3933
"D:/CodingProjects/Game Project/WeLeftTheLightsOn/Content/Systems/Items/Models/eschers_artifact/Textures/eschers_artifact_texture_8.uasset" 3934
"D:/CodingProjects/Game Project/WeLeftTheLightsOn/Content/Systems/Items/Models/eschers_artifact/Textures/eschers_artifact_texture_3.uasset" 3935
"D:/CodingProjects/Game Project/WeLeftTheLightsOn/Content/Systems/Items/Models/eschers_artifact/Textures/eschers_artifact_texture_4.uasset" 3936
"D:/CodingProjects/Game Project/WeLeftTheLightsOn/Content/Systems/Items/Models/eschers_artifact/Textures/eschers_artifact_texture_5.uasset" 3937
"D:/CodingProjects/Game Project/WeLeftTheLightsOn/Content/Systems/Items/Models/eschers_artifact/Textures/eschers_artifact_texture_0.uasset" 3938
"D:/CodingProjects/Game Project/WeLeftTheLightsOn/Content/Systems/Items/Models/eschers_artifact/Textures/eschers_artifact_texture_1.uasset" 3939
"D:/CodingProjects/Game Project/WeLeftTheLightsOn/Content/Systems/Items/Models/eschers_artifact/Textures/eschers_artifact_texture_2.uasset" 3940
"../../Plugins/Interchange/Assets/Content/gltf/MaterialInstances/MI_Transmission.uasset" 3941
"D:/CodingProjects/Game Project/WeLeftTheLightsOn/Content/Systems/Items/Models/ai_texturing_coin_high_poly/Textures/ai_texturing_coin_high_poly_texture_0.uasset" 3942
"D:/CodingProjects/Game Project/WeLeftTheLightsOn/Content/Systems/Items/Models/ai_texturing_coin_high_poly/Textures/ai_texturing_coin_high_poly_texture_1.uasset" 3943
"D:/CodingProjects/Game Project/WeLeftTheLightsOn/Content/Systems/Items/Models/ai_texturing_coin_high_poly/Textures/ai_texturing_coin_high_poly_texture_2.uasset" 3944
"D:/CodingProjects/Game Project/WeLeftTheLightsOn/Content/Systems/Items/Models/water_bottle_low_poly/Textures/water_bottle_low_poly_texture_0.uasset" 3945
"D:/CodingProjects/Game Project/WeLeftTheLightsOn/Content/Systems/Items/Models/water_bottle_low_poly/Textures/water_bottle_low_poly_texture_1.uasset" 3946
"../../Plugins/Interchange/Assets/Content/gltf/M_Default.uasset" 3947
"../../Plugins/Interchange/Assets/Content/gltf/M_ClearCoat.uasset" 3948
"../../Plugins/Interchange/Assets/Content/gltf/M_Transmission.uasset" 3949
"../../Plugins/Interchange/Assets/Content/gltf/M_Unlit.uasset" 3950
"../../../Engine/Content/Functions/Engine_MaterialFunctions03/Math/RemapValueRange.uasset" 3951
"../../Plugins/Interchange/Assets/Content/Functions/MF_Iridescence.uasset" 3952
"../../Plugins/Interchange/Assets/Content/gltf/MaterialBodies/MF_Default_Body.uasset" 3953
"../../Plugins/Interchange/Assets/Content/gltf/MaterialFunctions/MF_BaseColor.uasset" 3954
"../../Plugins/Interchange/Assets/Content/gltf/MaterialFunctions/MF_Emissive.uasset" 3955
"../../Plugins/Interchange/Assets/Content/gltf/MaterialFunctions/MF_IOR.uasset" 3956
"../../Plugins/Interchange/Assets/Content/gltf/MaterialFunctions/MF_Iridescence.uasset" 3957
"../../Plugins/Interchange/Assets/Content/gltf/MaterialFunctions/MF_MetallicRoughness.uasset" 3958
"../../Plugins/Interchange/Assets/Content/gltf/MaterialFunctions/MF_Normals.uasset" 3959
"../../Plugins/Interchange/Assets/Content/gltf/MaterialFunctions/MF_Occlusion.uasset" 3960
"../../Plugins/Interchange/Assets/Content/gltf/MaterialFunctions/MF_RotateNormals_TS.uasset" 3961
"../../Plugins/Interchange/Assets/Content/gltf/MaterialFunctions/MF_RotateV2.uasset" 3962
"../../Plugins/Interchange/Assets/Content/gltf/MaterialFunctions/MF_ScaleNormal.uasset" 3963
"../../Plugins/Interchange/Assets/Content/gltf/MaterialFunctions/MF_Specular.uasset" 3964
"../../Plugins/Interchange/Assets/Content/gltf/MaterialFunctions/MF_SpecularAnisotropy.uasset" 3965
"../../Plugins/Interchange/Assets/Content/gltf/MaterialFunctions/MF_TransformUVs.uasset" 3966
"../../Plugins/Interchange/Assets/Content/gltf/Textures/T_Anisotropy_Direction_Linear.uasset" 3967
"../../Plugins/Interchange/Assets/Content/gltf/Textures/T_Generic_N.uasset" 3968
"../../Plugins/Interchange/Assets/Content/gltf/Textures/T_White_Linear.uasset" 3969
"../../Plugins/Interchange/Assets/Content/gltf/Textures/T_White_srgb.uasset" 3970
"../../Plugins/Interchange/Assets/Content/Utilities/New_LUT.uasset" 3971
"../../../Engine/Content/Functions/Engine_MaterialFunctions01/Texturing/FlattenNormal.uasset" 3972
"../../Plugins/Interchange/Assets/Content/gltf/MaterialBodies/MF_ClearCoat_Body.uasset" 3973
"../../Plugins/Interchange/Assets/Content/gltf/MaterialFunctions/MF_Clearcoat.uasset" 3974
"../../../Engine/Content/Functions/Engine_MaterialFunctions02/Texturing/ScreenAlignedPixelToPixelUVs.uasset" 3975
"../../Plugins/Interchange/Assets/Content/gltf/MaterialBodies/MF_Transmission_Body.uasset" 3976
"../../Plugins/Interchange/Assets/Content/gltf/MaterialFunctions/MF_Fresnel_DS.uasset" 3977
"../../Plugins/Interchange/Assets/Content/gltf/MaterialFunctions/MF_Temporal_Blur.uasset" 3978
"../../Plugins/Interchange/Assets/Content/gltf/MaterialFunctions/MF_Transmission.uasset" 3979
"../../Plugins/Interchange/Assets/Content/gltf/MaterialBodies/MF_Unlit_Body.uasset" 3980
"../../Plugins/Interchange/Assets/Content/Functions/MF_IridescenceNoLUT.uasset" 3981
"D:/CodingProjects/Game Project/WeLeftTheLightsOn/Content/Audio/Hazards/Explosion_Sound_Effect.uasset" 3982
"D:/CodingProjects/Game Project/WeLeftTheLightsOn/Content/Systems/Hazards/Data/EN_TriggerType.uasset" 3983
"D:/CodingProjects/Game Project/WeLeftTheLightsOn/Content/Systems/Hazards/Data/DT_HazardData.uasset" 3984
"D:/CodingProjects/Game Project/WeLeftTheLightsOn/Content/Systems/Hazards/Data/EN_HazardType.uasset" 3985
"D:/CodingProjects/Game Project/WeLeftTheLightsOn/Content/Systems/Hazards/Data/ST_HazardData.uasset" 3986
"D:/CodingProjects/Game Project/WeLeftTheLightsOn/Content/Systems/Hazards/Explosion/GC_Cube_Explosion.uasset" 3987
"D:/CodingProjects/Game Project/WeLeftTheLightsOn/Content/Systems/Hazards/Explosion/Blueprints/BP_ExplosionBase.uasset" 3988
"../../../Engine/Plugins/Interchange/Assets/Content/gltf/MaterialInstances/MI_ClearCoat_Opaque.uasset" 3989
"../../../Engine/Plugins/Interchange/Assets/Content/gltf/MaterialInstances/MI_ClearCoat_Blend.uasset" 3990
"../../../Engine/Content/Functions/Engine_MaterialFunctions02/Math/AddComponents.uasset" 3991
"../../../Engine/Plugins/Interchange/Assets/Content/gltf/MaterialInstances/MI_ClearCoat_Blend_DS.uasset" 3992
"../../../Engine/Plugins/Interchange/Assets/Content/gltf/MaterialBodies/MF_SpecularGlossiness_Body.uasset" 3993
"../../../Engine/Plugins/Interchange/Assets/Content/gltf/MaterialInstances/MI_ClearCoat_Mask.uasset" 3994
"../../../Engine/Plugins/Interchange/Assets/Content/gltf/MaterialInstances/MI_Default_Mask_DS.uasset" 3995
"../../../Engine/Plugins/Interchange/Assets/Content/gltf/MaterialFunctions/MF_PerceivedBrightness.uasset" 3996
"../../../Engine/Plugins/Interchange/Assets/Content/gltf/MaterialFunctions/MF_DiffuseSpecGloss.uasset" 3997
"../../../Engine/Plugins/Interchange/Assets/Content/gltf/MaterialFunctions/MF_MaxComponentValue.uasset" 3998
"../../../Engine/Plugins/Interchange/Assets/Content/gltf/MaterialFunctions/MF_SpecGlossToMetalRoughness.uasset" 3999
"../../../Engine/Plugins/Interchange/Assets/Content/gltf/MaterialInstances/MI_Sheen_Blend_DS.uasset" 4000
"../../../Engine/Plugins/Interchange/Assets/Content/gltf/M_Sheen.uasset" 4001
"../../../Engine/Plugins/Interchange/Assets/Content/gltf/MaterialBodies/MF_Sheen_Body.uasset" 4002
"../../../Engine/Plugins/Interchange/Assets/Content/gltf/MaterialInstances/MI_Sheen_Mask_DS.uasset" 4003
"../../../Engine/Plugins/Interchange/Assets/Content/gltf/MaterialFunctions/MF_Sheen.uasset" 4004
"../../../Engine/Plugins/Interchange/Assets/Content/gltf/MaterialInstances/MI_Default_Mask.uasset" 4005
"../../../Engine/Plugins/Interchange/Assets/Content/gltf/MaterialInstances/MI_Sheen_Opaque.uasset" 4006
"../../../Engine/Plugins/Interchange/Assets/Content/gltf/MaterialInstances/MI_Sheen_Blend.uasset" 4007
"../../../Engine/Plugins/Interchange/Assets/Content/gltf/MaterialInstances/MI_Sheen_Mask.uasset" 4008
"../../../Engine/Plugins/Interchange/Assets/Content/gltf/M_SpecularGlossiness.uasset" 4009
"../../../Engine/Plugins/Interchange/Assets/Content/gltf/MaterialInstances/MI_Sheen_Opaque_DS.uasset" 4010
"../../../Engine/Plugins/Interchange/Assets/Content/gltf/MaterialInstances/MI_ClearCoat_Mask_DS.uasset" 4011
"../../../Engine/Plugins/Interchange/Assets/Shaders/ThinFilmFunctions.usf" 4012
"../../../Engine/Plugins/Interchange/Assets/Content/gltf/MaterialInstances/MI_SpecularGlossiness_Mask.uasset" 4013
"../../../Engine/Plugins/Interchange/Assets/Content/gltf/MaterialInstances/MI_SpecularGlossiness_Opaque.uasset" 4014
"/Game/Audio/Hazards/Explosion_Sound_Effect" 4015
"/Engine/Functions/Engine_MaterialFunctions02/Math/AddComponents" 4016
"/Game/Systems/Hazards/Data/DT_HazardData" 4017
"/Game/Systems/Hazards/Explosion/GC_Cube_Explosion" 4018
"/InterchangeAssets/gltf/MaterialInstances/MI_ClearCoat_Blend" 4019
"/InterchangeAssets/gltf/MaterialInstances/MI_ClearCoat_Opaque" 4020
"/Game/__ExternalActors__/Maps/Lvl_SwiftJ1818/0/0W/CQ3DYRI0SPZP7CDXO9MZTJ" 4021
"D:/CodingProjects/Game Project/WeLeftTheLightsOn/Content/__ExternalActors__/Maps/Lvl_SwiftJ1818/0/0W/CQ3DYRI0SPZP7CDXO9MZTJ.uasset" 4022
"D:/CodingProjects/Game Project/WeLeftTheLightsOn/Content/Maps/Assets/wooden_crate/StaticMeshes/wooden_crate.uasset" 4023
"D:/CodingProjects/Game Project/WeLeftTheLightsOn/Content/Maps/Assets/wooden_crate/Materials/Material_001.uasset" 4024
"D:/CodingProjects/Game Project/WeLeftTheLightsOn/Content/Maps/Assets/wooden_crate/Textures/wooden_crate_texture_0.uasset" 4025
"D:/CodingProjects/Game Project/WeLeftTheLightsOn/Content/Maps/Assets/wooden_crate/Textures/wooden_crate_texture_1.uasset" 4026
"D:/CodingProjects/Game Project/WeLeftTheLightsOn/Content/Maps/Assets/wooden_crate/Textures/wooden_crate_texture_2.uasset" 4027
"/Game/__ExternalActors__/Maps/Lvl_SwiftJ1818/0/2R/5VSCOSGOE3OMDRIMINZM89" 4028
"D:/CodingProjects/Game Project/WeLeftTheLightsOn/Content/__ExternalActors__/Maps/Lvl_SwiftJ1818/0/2R/5VSCOSGOE3OMDRIMINZM89.uasset" 4029
"/Game/__ExternalActors__/Maps/Lvl_SwiftJ1818/0/32/V0LIC9H9PYEOS7A5YX47AT" 4030
"D:/CodingProjects/Game Project/WeLeftTheLightsOn/Content/__ExternalActors__/Maps/Lvl_SwiftJ1818/0/32/V0LIC9H9PYEOS7A5YX47AT.uasset" 4031
"D:/CodingProjects/Game Project/WeLeftTheLightsOn/Content/NPCs/Enemies/BP_PatrolPoint.uasset" 4032
"/Game/__ExternalActors__/Maps/Lvl_SwiftJ1818/B/BJ/X545O6OGX1EN852WUDSV7L" 4033
"D:/CodingProjects/Game Project/WeLeftTheLightsOn/Content/__ExternalActors__/Maps/Lvl_SwiftJ1818/B/BJ/X545O6OGX1EN852WUDSV7L.uasset" 4034
"D:/CodingProjects/Game Project/WeLeftTheLightsOn/Content/NPCs/Enemies/BP_EnemyBaseCharacter.uasset" 4035
"D:/CodingProjects/Game Project/WeLeftTheLightsOn/Content/__ExternalActors__/Maps/Lvl_SwiftJ1818/7/U3/MB57HLW3M6B9TUX614C8N0.uasset" 4036
"D:/CodingProjects/Game Project/WeLeftTheLightsOn/Content/__ExternalActors__/Maps/Lvl_SwiftJ1818/1/B1/2REV93ZF4LDRJJEPAQCV21.uasset" 4037
"D:/CodingProjects/Game Project/WeLeftTheLightsOn/Content/__ExternalActors__/Maps/Lvl_SwiftJ1818/7/PT/4J9N28HG2TCQK5A5ZY92UN.uasset" 4038
"D:/CodingProjects/Game Project/WeLeftTheLightsOn/Content/__ExternalActors__/Maps/Lvl_SwiftJ1818/D/DU/PU6SJKMGN7A5163VPM814C.uasset" 4039
"D:/CodingProjects/Game Project/WeLeftTheLightsOn/Content/__ExternalActors__/Maps/Lvl_SwiftJ1818/E/HB/568ARWQSUJK028JO2JB0L4.uasset" 4040
"D:/CodingProjects/Game Project/WeLeftTheLightsOn/Content/__ExternalActors__/Maps/Lvl_SwiftJ1818/C/AR/8TQIEMHSYMWXRDLK2FSQB5.uasset" 4041
"D:/CodingProjects/Game Project/WeLeftTheLightsOn/Content/__ExternalActors__/Maps/Lvl_SwiftJ1818/3/1V/DGF2FN0WMUKZON2NEFHTZQ.uasset" 4042
"D:/CodingProjects/Game Project/WeLeftTheLightsOn/Content/__ExternalActors__/Maps/Lvl_SwiftJ1818/C/5M/ZW7HSI5SK20E9PCEZ8FM5L.uasset" 4043
"D:/CodingProjects/Game Project/WeLeftTheLightsOn/Content/NPCs/Enemies/BP_EnemyController.uasset" 4044
"D:/CodingProjects/Game Project/WeLeftTheLightsOn/Content/NPCs/Enemies/cage.uasset" 4045
"D:/CodingProjects/Game Project/WeLeftTheLightsOn/Content/NPCs/Enemies/Behavior/BT_EnemyBase.uasset" 4046
"D:/CodingProjects/Game Project/WeLeftTheLightsOn/Content/NPCs/Enemies/Behavior/BB_EnemyBase.uasset" 4047
"D:/CodingProjects/Game Project/WeLeftTheLightsOn/Content/Utils/BPFL_BlackboardKeyNames.uasset" 4048
"D:/CodingProjects/Game Project/WeLeftTheLightsOn/Content/NPCs/Enemies/Behavior/BTTask_AttackPlayer.uasset" 4049
"D:/CodingProjects/Game Project/WeLeftTheLightsOn/Content/NPCs/Enemies/Behavior/BTTask_UpdatePatrolTarget.uasset" 4050
"D:/CodingProjects/Game Project/WeLeftTheLightsOn/Content/Audio/Enemies/GivingBirthSoundEffect.uasset" 4051
"/Game/__ExternalActors__/Maps/Lvl_SwiftJ1818/0/47/9IJC9N1Y8165UKYLRUCXX0" 4052
"D:/CodingProjects/Game Project/WeLeftTheLightsOn/Content/__ExternalActors__/Maps/Lvl_SwiftJ1818/0/47/9IJC9N1Y8165UKYLRUCXX0.uasset" 4053
"/Game/__ExternalActors__/Maps/Lvl_SwiftJ1818/0/AQ/BMQ6LE9ACCZ8A2Z1490HDE" 4054
"D:/CodingProjects/Game Project/WeLeftTheLightsOn/Content/__ExternalActors__/Maps/Lvl_SwiftJ1818/0/AQ/BMQ6LE9ACCZ8A2Z1490HDE.uasset" 4055
"/Game/__ExternalActors__/Maps/Lvl_SwiftJ1818/0/DN/FE8YADDYBBPUYTOYFHCRUK" 4056
"D:/CodingProjects/Game Project/WeLeftTheLightsOn/Content/__ExternalActors__/Maps/Lvl_SwiftJ1818/0/DN/FE8YADDYBBPUYTOYFHCRUK.uasset" 4057
"/Game/__ExternalActors__/Maps/Lvl_SwiftJ1818/0/FW/1L39PETA30622LPFMT71O4" 4058
"D:/CodingProjects/Game Project/WeLeftTheLightsOn/Content/__ExternalActors__/Maps/Lvl_SwiftJ1818/0/FW/1L39PETA30622LPFMT71O4.uasset" 4059
"D:/CodingProjects/Game Project/WeLeftTheLightsOn/Content/Players/EffectsSystem/Zone/BP_CylindricalZone.uasset" 4060
"D:/CodingProjects/Game Project/WeLeftTheLightsOn/Content/Players/EffectsSystem/Zone/M_ZoneTransparent.uasset" 4061
"/Game/__ExternalActors__/Maps/Lvl_SwiftJ1818/0/J8/XCAKOOJBD06D3K61JXIRJE" 4062
"D:/CodingProjects/Game Project/WeLeftTheLightsOn/Content/__ExternalActors__/Maps/Lvl_SwiftJ1818/0/J8/XCAKOOJBD06D3K61JXIRJE.uasset" 4063
"/Game/__ExternalActors__/Maps/Lvl_SwiftJ1818/0/LB/SV804C9G3N662DJH04L205" 4064
"D:/CodingProjects/Game Project/WeLeftTheLightsOn/Content/__ExternalActors__/Maps/Lvl_SwiftJ1818/0/LB/SV804C9G3N662DJH04L205.uasset" 4065
"D:/CodingProjects/Game Project/WeLeftTheLightsOn/Content/LevelPrototyping/Meshes/SM_Cube.uasset" 4066
"D:/CodingProjects/Game Project/WeLeftTheLightsOn/Content/LevelPrototyping/Materials/MI_PrototypeGrid_Gray.uasset" 4067
"D:/CodingProjects/Game Project/WeLeftTheLightsOn/Content/LevelPrototyping/Materials/M_PrototypeGrid.uasset" 4068
"../../../Engine/Content/Functions/Engine_MaterialFunctions01/Gradient/LinearGradient.uasset" 4069
"../../../Engine/Content/Functions/Engine_MaterialFunctions01/ImageAdjustment/CheapContrast.uasset" 4070
"D:/CodingProjects/Game Project/WeLeftTheLightsOn/Content/LevelPrototyping/Materials/MF_ProcGrid.uasset" 4071
"D:/CodingProjects/Game Project/WeLeftTheLightsOn/Content/LevelPrototyping/Textures/T_GridChecker_A.uasset" 4072
"/Game/__ExternalActors__/Maps/Lvl_SwiftJ1818/0/NN/FFWFEQ6LU839MRSB99PI2W" 4073
"D:/CodingProjects/Game Project/WeLeftTheLightsOn/Content/__ExternalActors__/Maps/Lvl_SwiftJ1818/0/NN/FFWFEQ6LU839MRSB99PI2W.uasset" 4074
"/Game/__ExternalActors__/Maps/Lvl_SwiftJ1818/0/O8/OD0YTZ99P6PIXIX5HG1S08" 4075
"D:/CodingProjects/Game Project/WeLeftTheLightsOn/Content/__ExternalActors__/Maps/Lvl_SwiftJ1818/0/O8/OD0YTZ99P6PIXIX5HG1S08.uasset" 4076
"D:/CodingProjects/Game Project/WeLeftTheLightsOn/Content/Maps/Assets/radioactive__barrel_mid-lowpoly_-/StaticMeshes/radioactive__barrel_mid-lowpoly_-.uasset" 4077
"D:/CodingProjects/Game Project/WeLeftTheLightsOn/Content/Maps/Assets/radioactive__barrel_mid-lowpoly_-/Materials/Barrel.uasset" 4078
"D:/CodingProjects/Game Project/WeLeftTheLightsOn/Content/Maps/Assets/radioactive__barrel_mid-lowpoly_-/Textures/radioactive__barrel_mid-lowpoly_-_texture_0.uasset" 4079
"D:/CodingProjects/Game Project/WeLeftTheLightsOn/Content/Maps/Assets/radioactive__barrel_mid-lowpoly_-/Textures/radioactive__barrel_mid-lowpoly_-_texture_1.uasset" 4080
"D:/CodingProjects/Game Project/WeLeftTheLightsOn/Content/Maps/Assets/radioactive__barrel_mid-lowpoly_-/Textures/radioactive__barrel_mid-lowpoly_-_texture_2.uasset" 4081
"/Game/__ExternalActors__/Maps/Lvl_SwiftJ1818/0/RQ/6EGF55ESHCJDOU4GZ3GJ6N" 4082
"D:/CodingProjects/Game Project/WeLeftTheLightsOn/Content/__ExternalActors__/Maps/Lvl_SwiftJ1818/0/RQ/6EGF55ESHCJDOU4GZ3GJ6N.uasset" 4083
"../../../Engine/Content/EngineSky/VolumetricClouds/m_SimpleVolumetricCloud_Inst.uasset" 4084
"../../../Engine/Content/EngineSky/VolumetricClouds/m_SimpleVolumetricCloud.uasset" 4085
"../../../Engine/Content/EngineSky/VolumetricClouds/T_CloudMask.uasset" 4086
"../../../Engine/Content/EngineSky/VolumetricClouds/T_CloudPattern.uasset" 4087
"../../../Engine/Content/EngineSky/VolumetricClouds/T_Profile_08.uasset" 4088
"../../../Engine/Content/EngineSky/VolumetricClouds/VT_PerlinWorley_Balanced.uasset" 4089
"../../../Engine/Content/Functions/Engine_MaterialFunctions01/Units/Km-to-Cm.uasset" 4090
"../../../Engine/Content/Functions/Engine_MaterialFunctions02/Utility/BreakOutFloat4Components.uasset" 4091
"../../../Engine/Content/Functions/Engine_MaterialFunctions02/Utility/MakeFloat4.uasset" 4092
"../../../Engine/Content/EngineSky/VolumetricClouds/VT_Lightning.uasset" 4093
"/Game/__ExternalActors__/Maps/Lvl_SwiftJ1818/1/0Q/AN5NRG9WAOPJZVN7YGJGGF" 4094
"D:/CodingProjects/Game Project/WeLeftTheLightsOn/Content/__ExternalActors__/Maps/Lvl_SwiftJ1818/1/0Q/AN5NRG9WAOPJZVN7YGJGGF.uasset" 4095
"/Game/__ExternalActors__/Maps/Lvl_SwiftJ1818/1/2E/KJHE4FQRFGHYO4EMQCETIJ" 4096
"D:/CodingProjects/Game Project/WeLeftTheLightsOn/Content/__ExternalActors__/Maps/Lvl_SwiftJ1818/1/2E/KJHE4FQRFGHYO4EMQCETIJ.uasset" 4097
"D:/CodingProjects/Game Project/WeLeftTheLightsOn/Content/Stylized_Tree_Pack/Meshes/Joshua/SM_Stylized_Tree_Joshua_01_FoliageType.uasset" 4098
"D:/CodingProjects/Game Project/WeLeftTheLightsOn/Content/Stylized_Tree_Pack/Meshes/Joshua/SM_Stylized_Tree_Joshua_02_FoliageType.uasset" 4099
"D:/CodingProjects/Game Project/WeLeftTheLightsOn/Content/Stylized_Tree_Pack/Meshes/Joshua/SM_Stylized_Tree_Joshua_03_FoliageType.uasset" 4100
"D:/CodingProjects/Game Project/WeLeftTheLightsOn/Content/Stylized_Tree_Pack/Meshes/Joshua/SM_Stylized_Tree_Joshua_04_FoliageType.uasset" 4101
"D:/CodingProjects/Game Project/WeLeftTheLightsOn/Content/Stylized_Tree_Pack/Meshes/Joshua/SM_Stylized_Tree_Joshua_05_FoliageType.uasset" 4102
"D:/CodingProjects/Game Project/WeLeftTheLightsOn/Content/Stylized_Tree_Pack/Meshes/Joshua/SM_Stylized_Tree_Joshua_06_FoliageType.uasset" 4103
"D:/CodingProjects/Game Project/WeLeftTheLightsOn/Content/Stylized_Tree_Pack/Meshes/Joshua/SM_Stylized_Tree_Joshua_07_FoliageType.uasset" 4104
"D:/CodingProjects/Game Project/WeLeftTheLightsOn/Content/Stylized_Tree_Pack/Meshes/Joshua/SM_Stylized_Tree_Joshua_08_FoliageType.uasset" 4105
"D:/CodingProjects/Game Project/WeLeftTheLightsOn/Content/Stylized_Tree_Pack/Meshes/Joshua/SM_Stylized_Tree_Joshua_09_FoliageType.uasset" 4106
"D:/CodingProjects/Game Project/WeLeftTheLightsOn/Content/Stylized_Tree_Pack/Meshes/Joshua/SM_Stylized_Tree_Joshua_10_FoliageType.uasset" 4107
"D:/CodingProjects/Game Project/WeLeftTheLightsOn/Content/Stylized_Tree_Pack/Meshes/Willow/SM_Stylized_Tree_Willow_01_FoliageType.uasset" 4108
"D:/CodingProjects/Game Project/WeLeftTheLightsOn/Content/Stylized_Tree_Pack/Meshes/Willow/SM_Stylized_Tree_Willow_02_FoliageType.uasset" 4109
"D:/CodingProjects/Game Project/WeLeftTheLightsOn/Content/Stylized_Tree_Pack/Meshes/Willow/SM_Stylized_Tree_Willow_03_FoliageType.uasset" 4110
"D:/CodingProjects/Game Project/WeLeftTheLightsOn/Content/Stylized_Tree_Pack/Meshes/Willow/SM_Stylized_Tree_Willow_04_FoliageType.uasset" 4111
"D:/CodingProjects/Game Project/WeLeftTheLightsOn/Content/Stylized_Tree_Pack/Meshes/Willow/SM_Stylized_Tree_Willow_05_FoliageType.uasset" 4112
"D:/CodingProjects/Game Project/WeLeftTheLightsOn/Content/Stylized_Tree_Pack/Meshes/Willow/SM_Stylized_Tree_Willow_06_FoliageType.uasset" 4113
"D:/CodingProjects/Game Project/WeLeftTheLightsOn/Content/Stylized_Tree_Pack/Meshes/Willow/SM_Stylized_Tree_Willow_07_FoliageType.uasset" 4114
"D:/CodingProjects/Game Project/WeLeftTheLightsOn/Content/Stylized_Tree_Pack/Meshes/Willow/SM_Stylized_Tree_Willow_08_FoliageType.uasset" 4115
"D:/CodingProjects/Game Project/WeLeftTheLightsOn/Content/Stylized_Tree_Pack/Meshes/Willow/SM_Stylized_Tree_Willow_09_FoliageType.uasset" 4116
"D:/CodingProjects/Game Project/WeLeftTheLightsOn/Content/Stylized_Tree_Pack/Meshes/Willow/SM_Stylized_Tree_Willow_10_FoliageType.uasset" 4117
"D:/CodingProjects/Game Project/WeLeftTheLightsOn/Content/Stylized_Tree_Pack/Meshes/Joshua/SM_Stylized_Tree_Joshua_01.uasset" 4118
"D:/CodingProjects/Game Project/WeLeftTheLightsOn/Content/Stylized_Tree_Pack/Meshes/Joshua/SM_Stylized_Tree_Joshua_02.uasset" 4119
"D:/CodingProjects/Game Project/WeLeftTheLightsOn/Content/Stylized_Tree_Pack/Meshes/Joshua/SM_Stylized_Tree_Joshua_03.uasset" 4120
"D:/CodingProjects/Game Project/WeLeftTheLightsOn/Content/Stylized_Tree_Pack/Meshes/Joshua/SM_Stylized_Tree_Joshua_04.uasset" 4121
"D:/CodingProjects/Game Project/WeLeftTheLightsOn/Content/Stylized_Tree_Pack/Meshes/Joshua/SM_Stylized_Tree_Joshua_05.uasset" 4122
"D:/CodingProjects/Game Project/WeLeftTheLightsOn/Content/Stylized_Tree_Pack/Meshes/Joshua/SM_Stylized_Tree_Joshua_06.uasset" 4123
"D:/CodingProjects/Game Project/WeLeftTheLightsOn/Content/Stylized_Tree_Pack/Meshes/Joshua/SM_Stylized_Tree_Joshua_07.uasset" 4124
"D:/CodingProjects/Game Project/WeLeftTheLightsOn/Content/Stylized_Tree_Pack/Meshes/Joshua/SM_Stylized_Tree_Joshua_08.uasset" 4125
"D:/CodingProjects/Game Project/WeLeftTheLightsOn/Content/Stylized_Tree_Pack/Meshes/Joshua/SM_Stylized_Tree_Joshua_09.uasset" 4126
"D:/CodingProjects/Game Project/WeLeftTheLightsOn/Content/Stylized_Tree_Pack/Meshes/Joshua/SM_Stylized_Tree_Joshua_10.uasset" 4127
"D:/CodingProjects/Game Project/WeLeftTheLightsOn/Content/Stylized_Tree_Pack/Meshes/Willow/SM_Stylized_Tree_Willow_01.uasset" 4128
"D:/CodingProjects/Game Project/WeLeftTheLightsOn/Content/Stylized_Tree_Pack/Meshes/Willow/SM_Stylized_Tree_Willow_02.uasset" 4129
"D:/CodingProjects/Game Project/WeLeftTheLightsOn/Content/Stylized_Tree_Pack/Meshes/Willow/SM_Stylized_Tree_Willow_03.uasset" 4130
"D:/CodingProjects/Game Project/WeLeftTheLightsOn/Content/Stylized_Tree_Pack/Meshes/Willow/SM_Stylized_Tree_Willow_04.uasset" 4131
"D:/CodingProjects/Game Project/WeLeftTheLightsOn/Content/Stylized_Tree_Pack/Meshes/Willow/SM_Stylized_Tree_Willow_05.uasset" 4132
"D:/CodingProjects/Game Project/WeLeftTheLightsOn/Content/Stylized_Tree_Pack/Meshes/Willow/SM_Stylized_Tree_Willow_06.uasset" 4133
"D:/CodingProjects/Game Project/WeLeftTheLightsOn/Content/Stylized_Tree_Pack/Meshes/Willow/SM_Stylized_Tree_Willow_07.uasset" 4134
"D:/CodingProjects/Game Project/WeLeftTheLightsOn/Content/Stylized_Tree_Pack/Meshes/Willow/SM_Stylized_Tree_Willow_08.uasset" 4135
"D:/CodingProjects/Game Project/WeLeftTheLightsOn/Content/Stylized_Tree_Pack/Meshes/Willow/SM_Stylized_Tree_Willow_09.uasset" 4136
"D:/CodingProjects/Game Project/WeLeftTheLightsOn/Content/Stylized_Tree_Pack/Meshes/Willow/SM_Stylized_Tree_Willow_10.uasset" 4137
"D:/CodingProjects/Game Project/WeLeftTheLightsOn/Content/Stylized_Tree_Pack/Materials/Master_Materials/M_Bark.uasset" 4138
"D:/CodingProjects/Game Project/WeLeftTheLightsOn/Content/Stylized_Tree_Pack/Materials/Material_Instances/Joshua/MI_Leaf_Joshua_01.uasset" 4139
"D:/CodingProjects/Game Project/WeLeftTheLightsOn/Content/Stylized_Tree_Pack/Materials/Material_Instances/Bark/MI_Bark_04.uasset" 4140
"D:/CodingProjects/Game Project/WeLeftTheLightsOn/Content/Stylized_Tree_Pack/Materials/Material_Instances/Joshua/MI_Leaf_Joshua_04.uasset" 4141
"D:/CodingProjects/Game Project/WeLeftTheLightsOn/Content/Stylized_Tree_Pack/Materials/Material_Instances/Bark/MI_Bark_02.uasset" 4142
"D:/CodingProjects/Game Project/WeLeftTheLightsOn/Content/Stylized_Tree_Pack/Materials/Material_Instances/Joshua/MI_Leaf_Joshua_05.uasset" 4143
"D:/CodingProjects/Game Project/WeLeftTheLightsOn/Content/Stylized_Tree_Pack/Materials/Material_Instances/Bark/MI_Bark_01.uasset" 4144
"D:/CodingProjects/Game Project/WeLeftTheLightsOn/Content/Stylized_Tree_Pack/Materials/Material_Instances/Joshua/MI_Leaf_Joshua_03.uasset" 4145
"D:/CodingProjects/Game Project/WeLeftTheLightsOn/Content/Stylized_Tree_Pack/Materials/Material_Instances/Joshua/MI_Leaf_Joshua_02.uasset" 4146
"D:/CodingProjects/Game Project/WeLeftTheLightsOn/Content/Stylized_Tree_Pack/Materials/Material_Instances/Willow/MI_Leaf_Willow_01.uasset" 4147
"D:/CodingProjects/Game Project/WeLeftTheLightsOn/Content/Stylized_Tree_Pack/Materials/Material_Instances/Willow/MI_Leaf_Willow_03.uasset" 4148
"D:/CodingProjects/Game Project/WeLeftTheLightsOn/Content/Stylized_Tree_Pack/Materials/Material_Instances/Willow/MI_Leaf_Willow_04.uasset" 4149
"D:/CodingProjects/Game Project/WeLeftTheLightsOn/Content/Stylized_Tree_Pack/Materials/Material_Instances/Bark/MI_Bark_03.uasset" 4150
"D:/CodingProjects/Game Project/WeLeftTheLightsOn/Content/Stylized_Tree_Pack/Materials/Material_Instances/Willow/MI_Leaf_Willow_02.uasset" 4151
"../../../Engine/Content/Functions/Engine_MaterialFunctions01/AlphaBlend/WorldAlignedBlend.uasset" 4152
"../../../Engine/Content/Functions/Engine_MaterialFunctions02/Utility/DitherTemporalAA.uasset" 4153
"D:/CodingProjects/Game Project/WeLeftTheLightsOn/Content/Stylized_Tree_Pack/Wind/MP_Wind.uasset" 4154
"D:/CodingProjects/Game Project/WeLeftTheLightsOn/Content/Stylized_Tree_Pack/Textures/Stylized_Bark_Texture/T_Stylized_Bark_1_COLOR.uasset" 4155
"D:/CodingProjects/Game Project/WeLeftTheLightsOn/Content/Stylized_Tree_Pack/Textures/Stylized_Bark_Texture/T_Stylized_Bark_1_NORM.uasset" 4156
"D:/CodingProjects/Game Project/WeLeftTheLightsOn/Content/Stylized_Tree_Pack/Textures/T_Moss_Normal.uasset" 4157
"D:/CodingProjects/Game Project/WeLeftTheLightsOn/Content/Stylized_Tree_Pack/Textures/T_Snow_Normal.uasset" 4158
"D:/CodingProjects/Game Project/WeLeftTheLightsOn/Content/Stylized_Tree_Pack/Materials/Master_Materials/M_Leaf.uasset" 4159
"D:/CodingProjects/Game Project/WeLeftTheLightsOn/Content/Stylized_Tree_Pack/Textures/Leaf_Textures/T_Leaf_Texture_Joshua.uasset" 4160
"D:/CodingProjects/Game Project/WeLeftTheLightsOn/Content/Stylized_Tree_Pack/Textures/Leaf_Textures/T_Leaf_Texture_Willow.uasset" 4161
"../../../Engine/Content/Functions/Engine_MaterialFunctions01/WorldPositionOffset/SimpleGrassWind.uasset" 4162
"../../../Engine/Content/Functions/Engine_MaterialFunctions02/WorldPositionOffset/ObjectPivotPoint.uasset" 4163
"D:/CodingProjects/Game Project/WeLeftTheLightsOn/Content/Stylized_Tree_Pack/Textures/T_WhiteBlack_Gradient.uasset" 4164
"/Game/__ExternalActors__/Maps/Lvl_SwiftJ1818/1/2N/U9GU8W6JV94WLQ04DC18BC" 4165
"D:/CodingProjects/Game Project/WeLeftTheLightsOn/Content/__ExternalActors__/Maps/Lvl_SwiftJ1818/1/2N/U9GU8W6JV94WLQ04DC18BC.uasset" 4166
"D:/CodingProjects/Game Project/WeLeftTheLightsOn/Content/Maps/Assets/old_wooden_pallet/StaticMeshes/old_wooden_pallet.uasset" 4167
"D:/CodingProjects/Game Project/WeLeftTheLightsOn/Content/Maps/Assets/old_wooden_pallet/Materials/Wooden_Pallet_SHD.uasset" 4168
"D:/CodingProjects/Game Project/WeLeftTheLightsOn/Content/Maps/Assets/old_wooden_pallet/Textures/old_wooden_pallet_texture_0.uasset" 4169
"D:/CodingProjects/Game Project/WeLeftTheLightsOn/Content/Maps/Assets/old_wooden_pallet/Textures/old_wooden_pallet_texture_1.uasset" 4170
"D:/CodingProjects/Game Project/WeLeftTheLightsOn/Content/Maps/Assets/old_wooden_pallet/Textures/old_wooden_pallet_texture_2.uasset" 4171
"/Game/__ExternalActors__/Maps/Lvl_SwiftJ1818/1/7O/7WXURQYG66ZTS7TVWMQCBQ" 4172
"D:/CodingProjects/Game Project/WeLeftTheLightsOn/Content/__ExternalActors__/Maps/Lvl_SwiftJ1818/1/7O/7WXURQYG66ZTS7TVWMQCBQ.uasset" 4173
"/Game/__ExternalActors__/Maps/Lvl_SwiftJ1818/B/TP/CLF3K1KTOKR29XO27R3QY5" 4174
"D:/CodingProjects/Game Project/WeLeftTheLightsOn/Content/__ExternalActors__/Maps/Lvl_SwiftJ1818/B/TP/CLF3K1KTOKR29XO27R3QY5.uasset" 4175
"D:/CodingProjects/Game Project/WeLeftTheLightsOn/Content/__ExternalActors__/Maps/Lvl_SwiftJ1818/3/2A/WHF0T1BDJUPDWBU06ONOYN.uasset" 4176
"D:/CodingProjects/Game Project/WeLeftTheLightsOn/Content/__ExternalActors__/Maps/Lvl_SwiftJ1818/B/8R/LY17OAJXRJPBSP11GVAKMQ.uasset" 4177
"D:/CodingProjects/Game Project/WeLeftTheLightsOn/Content/__ExternalActors__/Maps/Lvl_SwiftJ1818/8/A4/3C84GWTOHB9O9FIU3E6SAU.uasset" 4178
"D:/CodingProjects/Game Project/WeLeftTheLightsOn/Content/__ExternalActors__/Maps/Lvl_SwiftJ1818/B/5P/W3Z3JW44FHWXT5V6JG3IXU.uasset" 4179
"D:/CodingProjects/Game Project/WeLeftTheLightsOn/Content/__ExternalActors__/Maps/Lvl_SwiftJ1818/A/7C/CJDP0EOY0JEJW3RIYXFFO1.uasset" 4180
"D:/CodingProjects/Game Project/WeLeftTheLightsOn/Content/__ExternalActors__/Maps/Lvl_SwiftJ1818/E/M1/LCKKQO7IC9PUD1E5BR1H9C.uasset" 4181
"/Game/__ExternalActors__/Maps/Lvl_SwiftJ1818/1/9H/GGDWXUP093TFBNZS1S2E13" 4182
"D:/CodingProjects/Game Project/WeLeftTheLightsOn/Content/__ExternalActors__/Maps/Lvl_SwiftJ1818/1/9H/GGDWXUP093TFBNZS1S2E13.uasset" 4183
"/Game/__ExternalActors__/Maps/Lvl_SwiftJ1818/1/B1/G4RIOMU7PPEVAXLLW7FF5J" 4184
"D:/CodingProjects/Game Project/WeLeftTheLightsOn/Content/__ExternalActors__/Maps/Lvl_SwiftJ1818/1/B1/G4RIOMU7PPEVAXLLW7FF5J.uasset" 4185
"D:/CodingProjects/Game Project/WeLeftTheLightsOn/Content/Fab/Megascans/Surfaces/RockyMoss_LayerInfo.uasset" 4186
"D:/CodingProjects/Game Project/WeLeftTheLightsOn/Content/Fab/Megascans/Surfaces/UncutGrass_LayerInfo.uasset" 4187
"D:/CodingProjects/Game Project/WeLeftTheLightsOn/Content/Fab/Megascans/Surfaces/M_Landscape_Paint.uasset" 4188
"D:/CodingProjects/Game Project/WeLeftTheLightsOn/Content/Fab/Megascans/Surfaces/Mossy_Rocky_Ground_vcqhcig/Medium/vcqhcig_tier_2/Textures/T_vcqhcig_2K_B.uasset" 4189
"D:/CodingProjects/Game Project/WeLeftTheLightsOn/Content/Fab/Megascans/Surfaces/Mossy_Rocky_Ground_vcqhcig/Medium/vcqhcig_tier_2/Textures/T_vcqhcig_2K_N.uasset" 4190
"D:/CodingProjects/Game Project/WeLeftTheLightsOn/Content/Fab/Megascans/Surfaces/Uncut_Grass_oeeb70/High/oeeb70_tier_1/Textures/T_oeeb70_4K_B.uasset" 4191
"D:/CodingProjects/Game Project/WeLeftTheLightsOn/Content/Fab/Megascans/Surfaces/Uncut_Grass_oeeb70/High/oeeb70_tier_1/Textures/T_oeeb70_4K_N.uasset" 4192
"/Game/__ExternalActors__/Maps/Lvl_SwiftJ1818/1/CL/EE0IAQGK81J7E843LNF5V9" 4193
"D:/CodingProjects/Game Project/WeLeftTheLightsOn/Content/__ExternalActors__/Maps/Lvl_SwiftJ1818/1/CL/EE0IAQGK81J7E843LNF5V9.uasset" 4194
"/Game/__ExternalActors__/Maps/Lvl_SwiftJ1818/1/CO/60143TWFY8RQANHEGS2F7W" 4195
"D:/CodingProjects/Game Project/WeLeftTheLightsOn/Content/__ExternalActors__/Maps/Lvl_SwiftJ1818/1/CO/60143TWFY8RQANHEGS2F7W.uasset" 4196
"/Game/__ExternalActors__/Maps/Lvl_SwiftJ1818/1/I4/K4LP1BMVZNU6MMR803NJGL" 4197
"D:/CodingProjects/Game Project/WeLeftTheLightsOn/Content/__ExternalActors__/Maps/Lvl_SwiftJ1818/1/I4/K4LP1BMVZNU6MMR803NJGL.uasset" 4198
"/Game/__ExternalActors__/Maps/Lvl_SwiftJ1818/1/LR/G313TRKSU5Y1D1VSSGR0RM" 4199
"D:/CodingProjects/Game Project/WeLeftTheLightsOn/Content/__ExternalActors__/Maps/Lvl_SwiftJ1818/1/LR/G313TRKSU5Y1D1VSSGR0RM.uasset" 4200
"/Game/__ExternalActors__/Maps/Lvl_SwiftJ1818/1/P8/BPCFFOU8D9H8W8MRC70UGU" 4201
"D:/CodingProjects/Game Project/WeLeftTheLightsOn/Content/__ExternalActors__/Maps/Lvl_SwiftJ1818/1/P8/BPCFFOU8D9H8W8MRC70UGU.uasset" 4202
"/Game/__ExternalActors__/Maps/Lvl_SwiftJ1818/1/QY/I23W4XUN08GVFG10VH3BJW" 4203
"D:/CodingProjects/Game Project/WeLeftTheLightsOn/Content/__ExternalActors__/Maps/Lvl_SwiftJ1818/1/QY/I23W4XUN08GVFG10VH3BJW.uasset" 4204
"/Game/__ExternalActors__/Maps/Lvl_SwiftJ1818/1/VB/3B92BK7QL0R4YA42XB6OMX" 4205
"D:/CodingProjects/Game Project/WeLeftTheLightsOn/Content/__ExternalActors__/Maps/Lvl_SwiftJ1818/1/VB/3B92BK7QL0R4YA42XB6OMX.uasset" 4206
"/Game/__ExternalActors__/Maps/Lvl_SwiftJ1818/1/VT/E2C6I2G8Y3VT90E6GCV9I6" 4207
"D:/CodingProjects/Game Project/WeLeftTheLightsOn/Content/__ExternalActors__/Maps/Lvl_SwiftJ1818/1/VT/E2C6I2G8Y3VT90E6GCV9I6.uasset" 4208
"D:/CodingProjects/Game Project/WeLeftTheLightsOn/Content/LevelPrototyping/Meshes/SM_Cylinder.uasset" 4209
"/Game/__ExternalActors__/Maps/Lvl_SwiftJ1818/1/Z7/E4V5HM3R76DHZN2WCLEK6T" 4210
"D:/CodingProjects/Game Project/WeLeftTheLightsOn/Content/__ExternalActors__/Maps/Lvl_SwiftJ1818/1/Z7/E4V5HM3R76DHZN2WCLEK6T.uasset" 4211
"/Game/__ExternalActors__/Maps/Lvl_SwiftJ1818/2/07/KDB57UKS0I51IL4WXS1W5S" 4212
"D:/CodingProjects/Game Project/WeLeftTheLightsOn/Content/__ExternalActors__/Maps/Lvl_SwiftJ1818/2/07/KDB57UKS0I51IL4WXS1W5S.uasset" 4213
"/Game/__ExternalActors__/Maps/Lvl_SwiftJ1818/2/0I/K4VZ4ET08Y8YWW3NRH27OA" 4214
"D:/CodingProjects/Game Project/WeLeftTheLightsOn/Content/__ExternalActors__/Maps/Lvl_SwiftJ1818/2/0I/K4VZ4ET08Y8YWW3NRH27OA.uasset" 4215
"/Game/__ExternalActors__/Maps/Lvl_SwiftJ1818/2/0J/FY90O562DU3SXH2SIMS02R" 4216
"D:/CodingProjects/Game Project/WeLeftTheLightsOn/Content/__ExternalActors__/Maps/Lvl_SwiftJ1818/2/0J/FY90O562DU3SXH2SIMS02R.uasset" 4217
"/Game/__ExternalActors__/Maps/Lvl_SwiftJ1818/2/24/GP2ZYIGOKJHFJ8HEL4LKFR" 4218
"D:/CodingProjects/Game Project/WeLeftTheLightsOn/Content/__ExternalActors__/Maps/Lvl_SwiftJ1818/2/24/GP2ZYIGOKJHFJ8HEL4LKFR.uasset" 4219
"/Game/__ExternalActors__/Maps/Lvl_SwiftJ1818/2/CG/NAPT6EXFP79YBVAK3EA9AM" 4220
"D:/CodingProjects/Game Project/WeLeftTheLightsOn/Content/__ExternalActors__/Maps/Lvl_SwiftJ1818/2/CG/NAPT6EXFP79YBVAK3EA9AM.uasset" 4221
"/Game/__ExternalActors__/Maps/Lvl_SwiftJ1818/2/D0/ZOROYH3D6LU3AC2PLTBB2V" 4222
"D:/CodingProjects/Game Project/WeLeftTheLightsOn/Content/__ExternalActors__/Maps/Lvl_SwiftJ1818/2/D0/ZOROYH3D6LU3AC2PLTBB2V.uasset" 4223
"/Game/__ExternalActors__/Maps/Lvl_SwiftJ1818/2/D8/35OAWMLPUR51O795KNQM5M" 4224
"D:/CodingProjects/Game Project/WeLeftTheLightsOn/Content/__ExternalActors__/Maps/Lvl_SwiftJ1818/2/D8/35OAWMLPUR51O795KNQM5M.uasset" 4225
"D:/CodingProjects/Game Project/WeLeftTheLightsOn/Content/Maps/Assets/buchanka_snow_glider/StaticMeshes/buchanka_snow_glider.uasset" 4226
"D:/CodingProjects/Game Project/WeLeftTheLightsOn/Content/Maps/Assets/buchanka_snow_glider/Materials/body.uasset" 4227
"D:/CodingProjects/Game Project/WeLeftTheLightsOn/Content/Maps/Assets/buchanka_snow_glider/Materials/details.uasset" 4228
"D:/CodingProjects/Game Project/WeLeftTheLightsOn/Content/Maps/Assets/buchanka_snow_glider/Materials/engine.uasset" 4229
"D:/CodingProjects/Game Project/WeLeftTheLightsOn/Content/Maps/Assets/buchanka_snow_glider/Materials/glass.uasset" 4230
"D:/CodingProjects/Game Project/WeLeftTheLightsOn/Content/Maps/Assets/buchanka_snow_glider/Materials/gliders.uasset" 4231
"D:/CodingProjects/Game Project/WeLeftTheLightsOn/Content/Maps/Assets/buchanka_snow_glider/Materials/interior.uasset" 4232
"D:/CodingProjects/Game Project/WeLeftTheLightsOn/Content/Maps/Assets/buchanka_snow_glider/Materials/small_props.uasset" 4233
"D:/CodingProjects/Game Project/WeLeftTheLightsOn/Content/Maps/Assets/buchanka_snow_glider/Textures/buchanka_snow_glider_texture_13.uasset" 4234
"D:/CodingProjects/Game Project/WeLeftTheLightsOn/Content/Maps/Assets/buchanka_snow_glider/Textures/buchanka_snow_glider_texture_14.uasset" 4235
"D:/CodingProjects/Game Project/WeLeftTheLightsOn/Content/Maps/Assets/buchanka_snow_glider/Textures/buchanka_snow_glider_texture_15.uasset" 4236
"D:/CodingProjects/Game Project/WeLeftTheLightsOn/Content/Maps/Assets/buchanka_snow_glider/Textures/buchanka_snow_glider_texture_16.uasset" 4237
"D:/CodingProjects/Game Project/WeLeftTheLightsOn/Content/Maps/Assets/buchanka_snow_glider/Textures/buchanka_snow_glider_texture_0.uasset" 4238
"D:/CodingProjects/Game Project/WeLeftTheLightsOn/Content/Maps/Assets/buchanka_snow_glider/Textures/buchanka_snow_glider_texture_1.uasset" 4239
"D:/CodingProjects/Game Project/WeLeftTheLightsOn/Content/Maps/Assets/buchanka_snow_glider/Textures/buchanka_snow_glider_texture_2.uasset" 4240
"D:/CodingProjects/Game Project/WeLeftTheLightsOn/Content/Maps/Assets/buchanka_snow_glider/Textures/buchanka_snow_glider_texture_3.uasset" 4241
"D:/CodingProjects/Game Project/WeLeftTheLightsOn/Content/Maps/Assets/buchanka_snow_glider/Textures/buchanka_snow_glider_texture_4.uasset" 4242
"D:/CodingProjects/Game Project/WeLeftTheLightsOn/Content/Maps/Assets/buchanka_snow_glider/Textures/buchanka_snow_glider_texture_5.uasset" 4243
"D:/CodingProjects/Game Project/WeLeftTheLightsOn/Content/Maps/Assets/buchanka_snow_glider/Textures/buchanka_snow_glider_texture_6.uasset" 4244
"D:/CodingProjects/Game Project/WeLeftTheLightsOn/Content/Maps/Assets/buchanka_snow_glider/Textures/buchanka_snow_glider_texture_17.uasset" 4245
"D:/CodingProjects/Game Project/WeLeftTheLightsOn/Content/Maps/Assets/buchanka_snow_glider/Textures/buchanka_snow_glider_texture_18.uasset" 4246
"D:/CodingProjects/Game Project/WeLeftTheLightsOn/Content/Maps/Assets/buchanka_snow_glider/Textures/buchanka_snow_glider_texture_19.uasset" 4247
"D:/CodingProjects/Game Project/WeLeftTheLightsOn/Content/Maps/Assets/buchanka_snow_glider/Textures/buchanka_snow_glider_texture_10.uasset" 4248
"D:/CodingProjects/Game Project/WeLeftTheLightsOn/Content/Maps/Assets/buchanka_snow_glider/Textures/buchanka_snow_glider_texture_11.uasset" 4249
"D:/CodingProjects/Game Project/WeLeftTheLightsOn/Content/Maps/Assets/buchanka_snow_glider/Textures/buchanka_snow_glider_texture_12.uasset" 4250
"D:/CodingProjects/Game Project/WeLeftTheLightsOn/Content/Maps/Assets/buchanka_snow_glider/Textures/buchanka_snow_glider_texture_20.uasset" 4251
"D:/CodingProjects/Game Project/WeLeftTheLightsOn/Content/Maps/Assets/buchanka_snow_glider/Textures/buchanka_snow_glider_texture_21.uasset" 4252
"D:/CodingProjects/Game Project/WeLeftTheLightsOn/Content/Maps/Assets/buchanka_snow_glider/Textures/buchanka_snow_glider_texture_22.uasset" 4253
"D:/CodingProjects/Game Project/WeLeftTheLightsOn/Content/Maps/Assets/buchanka_snow_glider/Textures/buchanka_snow_glider_texture_7.uasset" 4254
"D:/CodingProjects/Game Project/WeLeftTheLightsOn/Content/Maps/Assets/buchanka_snow_glider/Textures/buchanka_snow_glider_texture_8.uasset" 4255
"D:/CodingProjects/Game Project/WeLeftTheLightsOn/Content/Maps/Assets/buchanka_snow_glider/Textures/buchanka_snow_glider_texture_9.uasset" 4256
"/Game/__ExternalActors__/Maps/Lvl_SwiftJ1818/2/DK/O7K1L9JI802KPJP4WIQ2SU" 4257
"D:/CodingProjects/Game Project/WeLeftTheLightsOn/Content/__ExternalActors__/Maps/Lvl_SwiftJ1818/2/DK/O7K1L9JI802KPJP4WIQ2SU.uasset" 4258
"/Game/__ExternalActors__/Maps/Lvl_SwiftJ1818/2/HJ/Y2CSD5EII8LQC3MJAGA3ER" 4259
"D:/CodingProjects/Game Project/WeLeftTheLightsOn/Content/__ExternalActors__/Maps/Lvl_SwiftJ1818/2/HJ/Y2CSD5EII8LQC3MJAGA3ER.uasset" 4260
"/Game/__ExternalActors__/Maps/Lvl_SwiftJ1818/2/KY/03CK3GU29H7QKM66KDIHZL" 4261
"D:/CodingProjects/Game Project/WeLeftTheLightsOn/Content/__ExternalActors__/Maps/Lvl_SwiftJ1818/2/KY/03CK3GU29H7QKM66KDIHZL.uasset" 4262
"/Game/__ExternalActors__/Maps/Lvl_SwiftJ1818/2/MS/GEP2POOMCD9J7ONRDHCKA8" 4263
"D:/CodingProjects/Game Project/WeLeftTheLightsOn/Content/__ExternalActors__/Maps/Lvl_SwiftJ1818/2/MS/GEP2POOMCD9J7ONRDHCKA8.uasset" 4264
"/Game/__ExternalActors__/Maps/Lvl_SwiftJ1818/2/OR/KQ6U6LJNZEHMG5ZCJXXMUR" 4265
"D:/CodingProjects/Game Project/WeLeftTheLightsOn/Content/__ExternalActors__/Maps/Lvl_SwiftJ1818/2/OR/KQ6U6LJNZEHMG5ZCJXXMUR.uasset" 4266
"/Game/__ExternalActors__/Maps/Lvl_SwiftJ1818/2/PP/BZD7P2NKBH5HYH3J0JBBPI" 4267
"D:/CodingProjects/Game Project/WeLeftTheLightsOn/Content/__ExternalActors__/Maps/Lvl_SwiftJ1818/2/PP/BZD7P2NKBH5HYH3J0JBBPI.uasset" 4268
"/Game/__ExternalActors__/Maps/Lvl_SwiftJ1818/2/QL/Y4W3HYT6SC4N0PQAVDU4E4" 4269
"D:/CodingProjects/Game Project/WeLeftTheLightsOn/Content/__ExternalActors__/Maps/Lvl_SwiftJ1818/2/QL/Y4W3HYT6SC4N0PQAVDU4E4.uasset" 4270
"D:/CodingProjects/Game Project/WeLeftTheLightsOn/Content/Maps/Assets/space_corridor/StaticMeshes/SpaceCorridorOpen.uasset" 4271
"D:/CodingProjects/Game Project/WeLeftTheLightsOn/Content/Maps/Assets/space_corridor/Materials/056_Yellow.uasset" 4272
"D:/CodingProjects/Game Project/WeLeftTheLightsOn/Content/Maps/Assets/space_corridor/Materials/130_Gainsboro.uasset" 4273
"D:/CodingProjects/Game Project/WeLeftTheLightsOn/Content/Maps/Assets/space_corridor/Materials/134_DimGray.uasset" 4274
"D:/CodingProjects/Game Project/WeLeftTheLightsOn/Content/Maps/Assets/space_corridor/Materials/136_Charcoal.uasset" 4275
"D:/CodingProjects/Game Project/WeLeftTheLightsOn/Content/Maps/Assets/space_corridor/Materials/arch.uasset" 4276
"D:/CodingProjects/Game Project/WeLeftTheLightsOn/Content/Maps/Assets/space_corridor/Materials/Color_B04.uasset" 4277
"D:/CodingProjects/Game Project/WeLeftTheLightsOn/Content/Maps/Assets/space_corridor/Materials/Color_C05.uasset" 4278
"D:/CodingProjects/Game Project/WeLeftTheLightsOn/Content/Maps/Assets/space_corridor/Materials/Color_D01.uasset" 4279
"D:/CodingProjects/Game Project/WeLeftTheLightsOn/Content/Maps/Assets/space_corridor/Materials/Color_H05.uasset" 4280
"D:/CodingProjects/Game Project/WeLeftTheLightsOn/Content/Maps/Assets/space_corridor/Materials/Color_M01.uasset" 4281
"D:/CodingProjects/Game Project/WeLeftTheLightsOn/Content/Maps/Assets/space_corridor/Materials/Color_M04.uasset" 4282
"D:/CodingProjects/Game Project/WeLeftTheLightsOn/Content/Maps/Assets/space_corridor/Materials/Color_M06.uasset" 4283
"D:/CodingProjects/Game Project/WeLeftTheLightsOn/Content/Maps/Assets/space_corridor/Materials/Color_M09.uasset" 4284
"D:/CodingProjects/Game Project/WeLeftTheLightsOn/Content/Maps/Assets/space_corridor/Materials/Grey.uasset" 4285
"D:/CodingProjects/Game Project/WeLeftTheLightsOn/Content/Maps/Assets/space_corridor/Materials/material.uasset" 4286
"D:/CodingProjects/Game Project/WeLeftTheLightsOn/Content/Maps/Assets/space_corridor/Materials/material_0.uasset" 4287
"D:/CodingProjects/Game Project/WeLeftTheLightsOn/Content/Maps/Assets/space_corridor/Materials/Translucent_Glass_Gray.uasset" 4288
"D:/CodingProjects/Game Project/WeLeftTheLightsOn/Content/Maps/Assets/space_corridor/Materials/Trek_Black.uasset" 4289
"D:/CodingProjects/Game Project/WeLeftTheLightsOn/Content/Maps/Assets/space_corridor/Materials/trek_red_other.uasset" 4290
"D:/CodingProjects/Game Project/WeLeftTheLightsOn/Content/Maps/Assets/space_corridor/Materials/Trek_Silver.uasset" 4291
"/Game/__ExternalActors__/Maps/Lvl_SwiftJ1818/2/UM/J8XORK0D4UB84NGIORLK3C" 4292
"D:/CodingProjects/Game Project/WeLeftTheLightsOn/Content/__ExternalActors__/Maps/Lvl_SwiftJ1818/2/UM/J8XORK0D4UB84NGIORLK3C.uasset" 4293
"/Game/__ExternalActors__/Maps/Lvl_SwiftJ1818/2/VU/33D35SBGIIT6LIOAKQXU3S" 4294
"D:/CodingProjects/Game Project/WeLeftTheLightsOn/Content/__ExternalActors__/Maps/Lvl_SwiftJ1818/2/VU/33D35SBGIIT6LIOAKQXU3S.uasset" 4295
"/Game/__ExternalActors__/Maps/Lvl_SwiftJ1818/2/VY/Z2QAXMNPZRNVJZVUP75ED6" 4296
"D:/CodingProjects/Game Project/WeLeftTheLightsOn/Content/__ExternalActors__/Maps/Lvl_SwiftJ1818/2/VY/Z2QAXMNPZRNVJZVUP75ED6.uasset" 4297
"/Game/__ExternalActors__/Maps/Lvl_SwiftJ1818/2/XI/VUZH0NY25IFGSWE4SROQZ5" 4298
"D:/CodingProjects/Game Project/WeLeftTheLightsOn/Content/__ExternalActors__/Maps/Lvl_SwiftJ1818/2/XI/VUZH0NY25IFGSWE4SROQZ5.uasset" 4299
"/Game/__ExternalActors__/Maps/Lvl_SwiftJ1818/2/XM/JU8IJE5ZQWIVL9JRXAF5AG" 4300
"D:/CodingProjects/Game Project/WeLeftTheLightsOn/Content/__ExternalActors__/Maps/Lvl_SwiftJ1818/2/XM/JU8IJE5ZQWIVL9JRXAF5AG.uasset" 4301
"/Game/__ExternalActors__/Maps/Lvl_SwiftJ1818/2/ZY/RE9VK76M89WL4AGJHVR6DK" 4302
"D:/CodingProjects/Game Project/WeLeftTheLightsOn/Content/__ExternalActors__/Maps/Lvl_SwiftJ1818/2/ZY/RE9VK76M89WL4AGJHVR6DK.uasset" 4303
"/Game/__ExternalActors__/Maps/Lvl_SwiftJ1818/3/2H/TM5R3BZJ2D7KZRERM4UY1W" 4304
"D:/CodingProjects/Game Project/WeLeftTheLightsOn/Content/__ExternalActors__/Maps/Lvl_SwiftJ1818/3/2H/TM5R3BZJ2D7KZRERM4UY1W.uasset" 4305
"/Game/__ExternalActors__/Maps/Lvl_SwiftJ1818/3/3E/GV6AL45P5WVCVKYQJPN0TP" 4306
"D:/CodingProjects/Game Project/WeLeftTheLightsOn/Content/__ExternalActors__/Maps/Lvl_SwiftJ1818/3/3E/GV6AL45P5WVCVKYQJPN0TP.uasset" 4307
"/Game/__ExternalActors__/Maps/Lvl_SwiftJ1818/3/4G/YWKS68H1WMY4OT90LY33PT" 4308
"D:/CodingProjects/Game Project/WeLeftTheLightsOn/Content/__ExternalActors__/Maps/Lvl_SwiftJ1818/3/4G/YWKS68H1WMY4OT90LY33PT.uasset" 4309
"/Game/__ExternalActors__/Maps/Lvl_SwiftJ1818/3/5N/D7Y3U60GVRRBXV1GBWDW2U" 4310
"D:/CodingProjects/Game Project/WeLeftTheLightsOn/Content/__ExternalActors__/Maps/Lvl_SwiftJ1818/3/5N/D7Y3U60GVRRBXV1GBWDW2U.uasset" 4311
"../../Plugins/Experimental/Water/Content/Materials/WaterSurface/Water_FarMesh.uasset" 4312
"../../Plugins/Experimental/Water/Content/Materials/WaterSurface/Water_Material.uasset" 4313
"../../Plugins/Experimental/Water/Content/Caustics/Materials/Functions/WaterCaustics_GerstnerWaves.uasset" 4314
"../../Plugins/Experimental/Water/Content/Materials/Functions/ClipDynamicBounds.uasset" 4315
"../../Plugins/Experimental/Water/Content/Materials/Functions/ComputeGerstnerWaves.uasset" 4316
"../../Plugins/Experimental/Water/Content/Materials/Functions/GetWaterTime.uasset" 4317
"../../Plugins/Experimental/Water/Content/Materials/Functions/SampleFluidSimulation.uasset" 4318
"../../Plugins/Experimental/Water/Content/Materials/Functions/SetWaveAttributes.uasset" 4319
"../../Plugins/Experimental/Water/Content/Materials/Functions/Water_Underside.uasset" 4320
"../../Plugins/Experimental/Water/Content/Materials/Functions/WaterCoefficientMask.uasset" 4321
"../../Plugins/Experimental/Water/Content/Materials/Functions/WaterHeightMappingVS.uasset" 4322
"../../Plugins/Experimental/Water/Content/Materials/Functions/WaterOpacityMaskFromDepth.uasset" 4323
"../../Plugins/Experimental/Water/Content/Materials/Functions/WaterRiverFlowmaps.uasset" 4324
"../../Plugins/Experimental/Water/Content/Materials/Functions/WaterTextureSurface.uasset" 4325
"../../Plugins/Experimental/Water/Content/Materials/Functions/WaveVelocityMask.uasset" 4326
"../../Plugins/Experimental/Water/Content/Materials/Layers/BeachFoam.uasset" 4327
"../../Plugins/Experimental/Water/Content/Materials/Layers/WaterAttributes.uasset" 4328
"../../Plugins/Experimental/Water/Content/Caustics/Materials/Functions/GetDistortionUV.uasset" 4329
"../../Plugins/Experimental/Water/Content/Materials/Functions/WorldNormalBehindWater.uasset" 4330
"../../Plugins/Experimental/Water/Content/Materials/Functions/WorldPositionBehindWater.uasset" 4331
"../../Plugins/Experimental/Water/Content/Materials/Functions/WaterZoneData.uasset" 4332
"../../Plugins/Experimental/Water/Content/Materials/Functions/WaveDepthFalloff_Overrides.uasset" 4333
"../../../Engine/Content/Functions/Engine_MaterialFunctions01/Gradient/BoxMask-2D.uasset" 4334
"../../../Engine/Content/Functions/Engine_MaterialFunctions01/Opacity/AlphaOffset.uasset" 4335
"../../../Engine/Content/Functions/Engine_MaterialFunctions02/Math/TimeWithSpeedVariable.uasset" 4336
"../../../Engine/Content/Functions/Engine_MaterialFunctions02/Texturing/Flowmaps.uasset" 4337
"../../../Engine/Content/Functions/Engine_MaterialFunctions02/Texturing/HeightLerp.uasset" 4338
"../../Plugins/Experimental/Water/Content/FluidSimulation/Materials/Functions/Fluidsim_WorldPosition_to_UV.uasset" 4339
"../../Plugins/Experimental/Water/Content/Materials/Functions/WaterBodyData.uasset" 4340
"../../Plugins/Experimental/Water/Content/FluidSimulation/WaveFoam/WaterDistanceField.uasset" 4341
"../../Plugins/Experimental/Water/Content/Textures/Foam/T_WaterFlow_01_Foam_Tiled.uasset" 4342
"../../Plugins/Experimental/Water/Content/Textures/Foam/T_WaterFlow_01_Foam_Tiled_N.uasset" 4343
"../../../Engine/Content/Functions/Engine_MaterialFunctions01/Coordinates/WorldPosition-XY.uasset" 4344
"../../../Engine/Content/Functions/Engine_MaterialFunctions02/ExampleContent/Textures/LowResBlurredNoise.uasset" 4345
"../../Plugins/Experimental/Water/Content/Textures/Flowmaps/RiverFlowmap_Diffuse.uasset" 4346
"../../Plugins/Experimental/Water/Content/Textures/Flowmaps/RiverFlowmap_Normal.uasset" 4347
"../../Plugins/Experimental/Water/Content/Materials/Functions/WaterTextureWaves.uasset" 4348
"../../Plugins/Experimental/Water/Content/Textures/Normals/T_Water_TilingNormal_With_Height_02_Softened.uasset" 4349
"../../../Engine/Content/Functions/Engine_MaterialFunctions03/Procedurals/NormalFromHeightmap.uasset" 4350
"../../../Engine/Content/EngineSky/VolumetricClouds/T_VolumeNoiseShape128.uasset" 4351
"../../Plugins/Experimental/Water/Content/FluidSimulation/WaveFoam/FoamRT.uasset" 4352
"../../Plugins/Experimental/Water/Content/Materials/Functions/ComputeWavesAttenuationFactor.uasset" 4353
"../../../Engine/Content/Functions/Engine_MaterialFunctions01/Texturing/ComputeMipLevel.uasset" 4354
"../../../Engine/Content/Functions/Engine_MaterialFunctions02/Math/MakeVectorsOrthogonal.uasset" 4355
"../../../Engine/Content/Functions/Engine_MaterialFunctions02/Utility/BlendAngleCorrectedNormals.uasset" 4356
"../../../Engine/Content/Functions/Engine_MaterialFunctions02/Utility/LinearSine.uasset" 4357
"../../../Engine/Content/EngineMaterials/DefaultNormal.uasset" 4358
"../../Plugins/Experimental/Water/Content/Materials/Functions/HighQualityTextureFiltering.uasset" 4359
"../../Plugins/Experimental/Water/Content/Materials/Functions/SampleBakedFluidSimulation.uasset" 4360
"../../Plugins/Experimental/Water/Content/Textures/BlackTexture2DArray.uasset" 4361
"../../../Engine/Content/EngineSky/VolumetricClouds/T_NoiseShape.uasset" 4362
"../../Plugins/Experimental/Water/Content/Textures/Black.uasset" 4363
"/Game/__ExternalActors__/Maps/Lvl_SwiftJ1818/3/DP/WZD8MVTYS8HA1PU956UYHR" 4364
"D:/CodingProjects/Game Project/WeLeftTheLightsOn/Content/__ExternalActors__/Maps/Lvl_SwiftJ1818/3/DP/WZD8MVTYS8HA1PU956UYHR.uasset" 4365
"/Game/__ExternalActors__/Maps/Lvl_SwiftJ1818/3/IK/EFVW6MPM7JF9AXGSX2NEGT" 4366
"D:/CodingProjects/Game Project/WeLeftTheLightsOn/Content/__ExternalActors__/Maps/Lvl_SwiftJ1818/3/IK/EFVW6MPM7JF9AXGSX2NEGT.uasset" 4367
"D:/CodingProjects/Game Project/WeLeftTheLightsOn/Content/Maps/Assets/cyber_crate_yellow/StaticMeshes/cyber_crate_yellow.uasset" 4368
"D:/CodingProjects/Game Project/WeLeftTheLightsOn/Content/Maps/Assets/cyber_crate_yellow/Materials/Material.uasset" 4369
"D:/CodingProjects/Game Project/WeLeftTheLightsOn/Content/Maps/Assets/cyber_crate_yellow/Materials/Material_001.uasset" 4370
"D:/CodingProjects/Game Project/WeLeftTheLightsOn/Content/Maps/Assets/cyber_crate_yellow/Materials/Material_002.uasset" 4371
"D:/CodingProjects/Game Project/WeLeftTheLightsOn/Content/Maps/Assets/cyber_crate_yellow/Textures/cyber_crate_yellow_texture_0.uasset" 4372
"D:/CodingProjects/Game Project/WeLeftTheLightsOn/Content/Maps/Assets/cyber_crate_yellow/Textures/cyber_crate_yellow_texture_1.uasset" 4373
"D:/CodingProjects/Game Project/WeLeftTheLightsOn/Content/Maps/Assets/cyber_crate_yellow/Textures/cyber_crate_yellow_texture_2.uasset" 4374
"D:/CodingProjects/Game Project/WeLeftTheLightsOn/Content/Maps/Assets/cyber_crate_yellow/Textures/cyber_crate_yellow_texture_5.uasset" 4375
"D:/CodingProjects/Game Project/WeLeftTheLightsOn/Content/Maps/Assets/cyber_crate_yellow/Textures/cyber_crate_yellow_texture_6.uasset" 4376
"D:/CodingProjects/Game Project/WeLeftTheLightsOn/Content/Maps/Assets/cyber_crate_yellow/Textures/cyber_crate_yellow_texture_7.uasset" 4377
"D:/CodingProjects/Game Project/WeLeftTheLightsOn/Content/Maps/Assets/cyber_crate_yellow/Textures/cyber_crate_yellow_texture_3.uasset" 4378
"D:/CodingProjects/Game Project/WeLeftTheLightsOn/Content/Maps/Assets/cyber_crate_yellow/Textures/cyber_crate_yellow_texture_4.uasset" 4379
"/Game/__ExternalActors__/Maps/Lvl_SwiftJ1818/3/IZ/332OPIR5IF6FEVY3YCMUOP" 4380
"D:/CodingProjects/Game Project/WeLeftTheLightsOn/Content/__ExternalActors__/Maps/Lvl_SwiftJ1818/3/IZ/332OPIR5IF6FEVY3YCMUOP.uasset" 4381
"/Game/__ExternalActors__/Maps/Lvl_SwiftJ1818/3/JU/6269YQSQ2WNIHM1525XEG0" 4382
"D:/CodingProjects/Game Project/WeLeftTheLightsOn/Content/__ExternalActors__/Maps/Lvl_SwiftJ1818/3/JU/6269YQSQ2WNIHM1525XEG0.uasset" 4383
"/Game/__ExternalActors__/Maps/Lvl_SwiftJ1818/3/PV/SICES7172E03USKHU3OF6S" 4384
"D:/CodingProjects/Game Project/WeLeftTheLightsOn/Content/__ExternalActors__/Maps/Lvl_SwiftJ1818/3/PV/SICES7172E03USKHU3OF6S.uasset" 4385
"D:/CodingProjects/Game Project/WeLeftTheLightsOn/Content/Maps/Assets/scifi_desk/StaticMeshes/scifi_desk.uasset" 4386
"D:/CodingProjects/Game Project/WeLeftTheLightsOn/Content/Maps/Assets/scifi_desk/Materials/T_desk.uasset" 4387
"D:/CodingProjects/Game Project/WeLeftTheLightsOn/Content/Maps/Assets/scifi_desk/Textures/scifi_desk_texture_0.uasset" 4388
"D:/CodingProjects/Game Project/WeLeftTheLightsOn/Content/Maps/Assets/scifi_desk/Textures/scifi_desk_texture_1.uasset" 4389
"D:/CodingProjects/Game Project/WeLeftTheLightsOn/Content/Maps/Assets/scifi_desk/Textures/scifi_desk_texture_2.uasset" 4390
"D:/CodingProjects/Game Project/WeLeftTheLightsOn/Content/Maps/Assets/scifi_desk/Textures/scifi_desk_texture_3.uasset" 4391
"/Game/__ExternalActors__/Maps/Lvl_SwiftJ1818/3/QW/KJ0Z1SSTVKTM7M0NYAN2UC" 4392
"D:/CodingProjects/Game Project/WeLeftTheLightsOn/Content/__ExternalActors__/Maps/Lvl_SwiftJ1818/3/QW/KJ0Z1SSTVKTM7M0NYAN2UC.uasset" 4393
"/Game/__ExternalActors__/Maps/Lvl_SwiftJ1818/3/S3/709N3FU841STVTQZN350CR" 4394
"D:/CodingProjects/Game Project/WeLeftTheLightsOn/Content/__ExternalActors__/Maps/Lvl_SwiftJ1818/3/S3/709N3FU841STVTQZN350CR.uasset" 4395
"/Game/__ExternalActors__/Maps/Lvl_SwiftJ1818/3/SU/U6PJ3H1C0WUWRJA06GT4G8" 4396
"D:/CodingProjects/Game Project/WeLeftTheLightsOn/Content/__ExternalActors__/Maps/Lvl_SwiftJ1818/3/SU/U6PJ3H1C0WUWRJA06GT4G8.uasset" 4397
"/Game/__ExternalActors__/Maps/Lvl_SwiftJ1818/3/Z9/OBRJ8LEVJL9LBXHCALATA1" 4398
"D:/CodingProjects/Game Project/WeLeftTheLightsOn/Content/__ExternalActors__/Maps/Lvl_SwiftJ1818/3/Z9/OBRJ8LEVJL9LBXHCALATA1.uasset" 4399
"/Game/__ExternalActors__/Maps/Lvl_SwiftJ1818/4/0N/Q42354074QX9PW9IRMWFYG" 4400
"D:/CodingProjects/Game Project/WeLeftTheLightsOn/Content/__ExternalActors__/Maps/Lvl_SwiftJ1818/4/0N/Q42354074QX9PW9IRMWFYG.uasset" 4401
"/Game/__ExternalActors__/Maps/Lvl_SwiftJ1818/4/12/XSAF1KG3OM2CAL0HBVCT3F" 4402
"D:/CodingProjects/Game Project/WeLeftTheLightsOn/Content/__ExternalActors__/Maps/Lvl_SwiftJ1818/4/12/XSAF1KG3OM2CAL0HBVCT3F.uasset" 4403
"/Game/__ExternalActors__/Maps/Lvl_SwiftJ1818/4/42/FFCHEWVL4RXUL3VMM9JYIH" 4404
"D:/CodingProjects/Game Project/WeLeftTheLightsOn/Content/__ExternalActors__/Maps/Lvl_SwiftJ1818/4/42/FFCHEWVL4RXUL3VMM9JYIH.uasset" 4405
"/Game/__ExternalActors__/Maps/Lvl_SwiftJ1818/4/6V/UAP0RTEY39374EE681VCS2" 4406
"D:/CodingProjects/Game Project/WeLeftTheLightsOn/Content/__ExternalActors__/Maps/Lvl_SwiftJ1818/4/6V/UAP0RTEY39374EE681VCS2.uasset" 4407
"/Game/__ExternalActors__/Maps/Lvl_SwiftJ1818/4/C8/J90W636EKBHKE27GEUWQKN" 4408
"D:/CodingProjects/Game Project/WeLeftTheLightsOn/Content/__ExternalActors__/Maps/Lvl_SwiftJ1818/4/C8/J90W636EKBHKE27GEUWQKN.uasset" 4409
"/Game/__ExternalActors__/Maps/Lvl_SwiftJ1818/4/CT/C1IBB9B8ULG1MSRGPMLZK4" 4410
"D:/CodingProjects/Game Project/WeLeftTheLightsOn/Content/__ExternalActors__/Maps/Lvl_SwiftJ1818/4/CT/C1IBB9B8ULG1MSRGPMLZK4.uasset" 4411
"/Game/__ExternalActors__/Maps/Lvl_SwiftJ1818/4/G6/NPWH5ARN0YEFYBYDO883JM" 4412
"D:/CodingProjects/Game Project/WeLeftTheLightsOn/Content/__ExternalActors__/Maps/Lvl_SwiftJ1818/4/G6/NPWH5ARN0YEFYBYDO883JM.uasset" 4413
"/Game/__ExternalActors__/Maps/Lvl_SwiftJ1818/4/GK/B5U0ENZZI4HT26UGPFG97M" 4414
"D:/CodingProjects/Game Project/WeLeftTheLightsOn/Content/__ExternalActors__/Maps/Lvl_SwiftJ1818/4/GK/B5U0ENZZI4HT26UGPFG97M.uasset" 4415
"/Game/__ExternalActors__/Maps/Lvl_SwiftJ1818/4/HH/UBUIV83AJ0L1SYYYN6MM8I" 4416
"D:/CodingProjects/Game Project/WeLeftTheLightsOn/Content/__ExternalActors__/Maps/Lvl_SwiftJ1818/4/HH/UBUIV83AJ0L1SYYYN6MM8I.uasset" 4417
"/Game/__ExternalActors__/Maps/Lvl_SwiftJ1818/4/IE/ETNJRMHHUOW52S2MS5159W" 4418
"D:/CodingProjects/Game Project/WeLeftTheLightsOn/Content/__ExternalActors__/Maps/Lvl_SwiftJ1818/4/IE/ETNJRMHHUOW52S2MS5159W.uasset" 4419
"/Game/__ExternalActors__/Maps/Lvl_SwiftJ1818/4/MO/R37DHG1OHT0GFSKWI6U3OZ" 4420
"D:/CodingProjects/Game Project/WeLeftTheLightsOn/Content/__ExternalActors__/Maps/Lvl_SwiftJ1818/4/MO/R37DHG1OHT0GFSKWI6U3OZ.uasset" 4421
"D:/CodingProjects/Game Project/WeLeftTheLightsOn/Content/__ExternalActors__/Maps/Lvl_SwiftJ1818/A/3R/B64RHV04OPJE02G214325N.uasset" 4422
"../../Plugins/Experimental/Landmass/Content/DistanceFields/Materials/BlurEdges.uasset" 4423
"../../Plugins/Experimental/Landmass/Content/DistanceFields/Materials/DetectEdges.uasset" 4424
"../../Plugins/Experimental/Landmass/Content/DistanceFields/Materials/JumpFloodStep.uasset" 4425
"../../Plugins/Experimental/Landmass/Content/Landscape/BlueprintBrushes/Materials/CacheDistanceField.uasset" 4426
"../../Plugins/Experimental/Landmass/Content/Landscape/BlueprintBrushes/Materials/RenderSplineDepths.uasset" 4427
"../../Plugins/Experimental/Water/Content/Materials/Brushes/CanvasDrawing.uasset" 4428
"../../Plugins/Experimental/Water/Content/Materials/Brushes/CompositeWaterBodyTexture.uasset" 4429
"../../Plugins/Experimental/Water/Content/Materials/Brushes/MeshBrush_Angle.uasset" 4430
"../../Plugins/Experimental/Water/Content/Materials/Brushes/MeshBrush_Island.uasset" 4431
"../../Plugins/Experimental/Water/Content/Materials/Brushes/MeshBrush_Weightmap.uasset" 4432
"../../Plugins/Experimental/Water/Content/Materials/Brushes/MeshBrush_Width.uasset" 4433
"../../Plugins/Experimental/Landmass/Content/Landscape/OldPrototype_BP/Textures/LS_Debug_RT_01.uasset" 4434
"../../Plugins/Experimental/Landmass/Content/Landscape/BlueprintBrushes/MPC/MPC_Erosion.uasset" 4435
"../../Plugins/Experimental/Landmass/Content/Landscape/BlueprintBrushes/MF/LocalizeLandscapeZValue.uasset" 4436
"../../Plugins/Experimental/Landmass/Content/Landscape/BlueprintBrushes/MF/SampleDistanceField.uasset" 4437
"../../Plugins/Experimental/Landmass/Content/Landscape/Curves/DynamicCurve_RT.uasset" 4438
"../../../Engine/Content/Functions/Engine_MaterialFunctions02/TangentBasis.uasset" 4439
"../../Plugins/Experimental/Landmass/Content/Landscape/BlueprintBrushes/MF/ReadCachedDistanceField.uasset" 4440
"../../Plugins/Experimental/Landmass/Content/Landscape/BlueprintBrushes/MF/UnpackRG8Height.uasset" 4441
"../../../Engine/Content/Functions/Engine_MaterialFunctions01/Math/SmoothCeil.uasset" 4442
"../../../Engine/Content/Functions/Engine_MaterialFunctions02/WorldPositionOffset/GenerateASpline.uasset" 4443
"../../Plugins/Experimental/Landmass/Content/Landscape/BlueprintBrushes/MF/BrushAlphaMask.uasset" 4444
"../../Plugins/Experimental/Landmass/Content/Landscape/BlueprintBrushes/MF/BrushBlendModes.uasset" 4445
"../../Plugins/Experimental/Landmass/Content/Landscape/BlueprintBrushes/MF/BrushDisplaceMask.uasset" 4446
"../../Plugins/Experimental/Landmass/Content/Landscape/BlueprintBrushes/MF/BrushTerracing.uasset" 4447
"../../Plugins/Experimental/Landmass/Content/Landscape/BlueprintBrushes/MF/PackRG8Height.uasset" 4448
"../../Plugins/Experimental/Landmass/Content/Landscape/BlueprintBrushes/MF/SmoothIntersections.uasset" 4449
"../../Plugins/Experimental/Landmass/Content/Landscape/Mats/MF/CatmullRomTexture.uasset" 4450
"../../Plugins/Experimental/Landmass/Content/Landscape/Mats/MF/SmoothTerracing.uasset" 4451
"../../Plugins/Experimental/Landmass/Content/Landscape/Mats/MF/UnpackRG8Height.uasset" 4452
"../../../Engine/Content/MapTemplates/TilingNoise05.uasset" 4453
"../../Plugins/Experimental/Landmass/Content/Landscape/Mats/MF/BrushAlphaMask.uasset" 4454
"../../Plugins/Experimental/Landmass/Content/Landscape/Mats/MF/BrushBlendModes.uasset" 4455
"../../Plugins/Experimental/Landmass/Content/Landscape/Mats/MF/BrushDisplaceMask.uasset" 4456
"../../Plugins/Experimental/Landmass/Content/Landscape/Mats/MF/BrushTerracing.uasset" 4457
"../../Plugins/Experimental/Landmass/Content/Landscape/Mats/MF/SmoothIntersections.uasset" 4458
"../../Plugins/Experimental/Landmass/Content/Landscape/OldPrototype_BP/Mats/MF/CatmullRomTexture.uasset" 4459
"../../Plugins/Experimental/Landmass/Content/Landscape/OldPrototype_BP/Mats/MF/SmoothTerracing.uasset" 4460
"../../Plugins/Experimental/Landmass/Content/Landscape/OldPrototype_BP/Mats/MF/BrushAlphaMask.uasset" 4461
"../../Plugins/Experimental/Landmass/Content/Landscape/OldPrototype_BP/Mats/MF/BrushBlendModes_Manual.uasset" 4462
"../../Plugins/Experimental/Landmass/Content/Landscape/OldPrototype_BP/Mats/MF/BrushDisplaceMask.uasset" 4463
"../../Plugins/Experimental/Landmass/Content/Landscape/OldPrototype_BP/Mats/MF/BrushTerracing.uasset" 4464
"../../Plugins/Experimental/Landmass/Content/Landscape/OldPrototype_BP/Mats/MF/SmoothIntersections.uasset" 4465
"/Game/__ExternalActors__/Maps/Lvl_SwiftJ1818/4/RE/5SGGH9OND065V4TUHCUPS7" 4466
"D:/CodingProjects/Game Project/WeLeftTheLightsOn/Content/__ExternalActors__/Maps/Lvl_SwiftJ1818/4/RE/5SGGH9OND065V4TUHCUPS7.uasset" 4467
"/Game/__ExternalActors__/Maps/Lvl_SwiftJ1818/4/RS/KJHSL0ZGI2P5SAJUGNZP7Y" 4468
"D:/CodingProjects/Game Project/WeLeftTheLightsOn/Content/__ExternalActors__/Maps/Lvl_SwiftJ1818/4/RS/KJHSL0ZGI2P5SAJUGNZP7Y.uasset" 4469
"/Game/__ExternalActors__/Maps/Lvl_SwiftJ1818/4/U9/35AJHAOSVU2GJ0ENBRLFW6" 4470
"D:/CodingProjects/Game Project/WeLeftTheLightsOn/Content/__ExternalActors__/Maps/Lvl_SwiftJ1818/4/U9/35AJHAOSVU2GJ0ENBRLFW6.uasset" 4471
"/Game/__ExternalActors__/Maps/Lvl_SwiftJ1818/4/YI/V3INZSET46FZ99KZKLM78X" 4472
"D:/CodingProjects/Game Project/WeLeftTheLightsOn/Content/__ExternalActors__/Maps/Lvl_SwiftJ1818/4/YI/V3INZSET46FZ99KZKLM78X.uasset" 4473
"/Game/__ExternalActors__/Maps/Lvl_SwiftJ1818/4/YY/ER73NMLA0PLH4RTS94MZK2" 4474
"D:/CodingProjects/Game Project/WeLeftTheLightsOn/Content/__ExternalActors__/Maps/Lvl_SwiftJ1818/4/YY/ER73NMLA0PLH4RTS94MZK2.uasset" 4475
"/Game/__ExternalActors__/Maps/Lvl_SwiftJ1818/4/ZW/4PKVENA5HJ76JB34V3J4B7" 4476
"D:/CodingProjects/Game Project/WeLeftTheLightsOn/Content/__ExternalActors__/Maps/Lvl_SwiftJ1818/4/ZW/4PKVENA5HJ76JB34V3J4B7.uasset" 4477
"/Game/__ExternalActors__/Maps/Lvl_SwiftJ1818/5/0A/0Y4EN5QW8B156YVAQ2IQ90" 4478
"D:/CodingProjects/Game Project/WeLeftTheLightsOn/Content/__ExternalActors__/Maps/Lvl_SwiftJ1818/5/0A/0Y4EN5QW8B156YVAQ2IQ90.uasset" 4479
"/Game/__ExternalActors__/Maps/Lvl_SwiftJ1818/5/4T/NW7JUKA2KSFDCWTI41M0RO" 4480
"D:/CodingProjects/Game Project/WeLeftTheLightsOn/Content/__ExternalActors__/Maps/Lvl_SwiftJ1818/5/4T/NW7JUKA2KSFDCWTI41M0RO.uasset" 4481
"/Game/__ExternalActors__/Maps/Lvl_SwiftJ1818/5/5B/F5FR3GM8A2TJHVCYQSWTBY" 4482
"D:/CodingProjects/Game Project/WeLeftTheLightsOn/Content/__ExternalActors__/Maps/Lvl_SwiftJ1818/5/5B/F5FR3GM8A2TJHVCYQSWTBY.uasset" 4483
"/Game/__ExternalActors__/Maps/Lvl_SwiftJ1818/5/73/77NJNSU6UQFCPS1JDN7CWH" 4484
"D:/CodingProjects/Game Project/WeLeftTheLightsOn/Content/__ExternalActors__/Maps/Lvl_SwiftJ1818/5/73/77NJNSU6UQFCPS1JDN7CWH.uasset" 4485
"/Game/__ExternalActors__/Maps/Lvl_SwiftJ1818/5/B7/8P48LIFKURI37AL97XAXSD" 4486
"D:/CodingProjects/Game Project/WeLeftTheLightsOn/Content/__ExternalActors__/Maps/Lvl_SwiftJ1818/5/B7/8P48LIFKURI37AL97XAXSD.uasset" 4487
"/Game/__ExternalActors__/Maps/Lvl_SwiftJ1818/5/CE/0P4BU8UQ9E5VNPYSA0TINL" 4488
"D:/CodingProjects/Game Project/WeLeftTheLightsOn/Content/__ExternalActors__/Maps/Lvl_SwiftJ1818/5/CE/0P4BU8UQ9E5VNPYSA0TINL.uasset" 4489
"/Game/__ExternalActors__/Maps/Lvl_SwiftJ1818/5/D7/DBPW99P6PSRAKVFVKQT1W0" 4490
"D:/CodingProjects/Game Project/WeLeftTheLightsOn/Content/__ExternalActors__/Maps/Lvl_SwiftJ1818/5/D7/DBPW99P6PSRAKVFVKQT1W0.uasset" 4491
"/Game/__ExternalActors__/Maps/Lvl_SwiftJ1818/5/FH/ZHBL4Z62CB09808QOCDB4I" 4492
"D:/CodingProjects/Game Project/WeLeftTheLightsOn/Content/__ExternalActors__/Maps/Lvl_SwiftJ1818/5/FH/ZHBL4Z62CB09808QOCDB4I.uasset" 4493
"/Game/__ExternalActors__/Maps/Lvl_SwiftJ1818/5/JI/89NR56PD9NUVIJ3BG7X7DT" 4494
"D:/CodingProjects/Game Project/WeLeftTheLightsOn/Content/__ExternalActors__/Maps/Lvl_SwiftJ1818/5/JI/89NR56PD9NUVIJ3BG7X7DT.uasset" 4495
"/Game/__ExternalActors__/Maps/Lvl_SwiftJ1818/5/KE/8RIKKUI1J0G2Y90GCBRMZG" 4496
"D:/CodingProjects/Game Project/WeLeftTheLightsOn/Content/__ExternalActors__/Maps/Lvl_SwiftJ1818/5/KE/8RIKKUI1J0G2Y90GCBRMZG.uasset" 4497
"/Game/__ExternalActors__/Maps/Lvl_SwiftJ1818/5/LA/QDSCBNKSW96E8WPP7CPJX8" 4498
"D:/CodingProjects/Game Project/WeLeftTheLightsOn/Content/__ExternalActors__/Maps/Lvl_SwiftJ1818/5/LA/QDSCBNKSW96E8WPP7CPJX8.uasset" 4499
"D:/CodingProjects/Game Project/WeLeftTheLightsOn/Content/Systems/Ship/MedStation/BP_MedStation.uasset" 4500
"D:/CodingProjects/Game Project/WeLeftTheLightsOn/Content/Audio/Player/whoosh-heal-choir.uasset" 4501
"D:/CodingProjects/Game Project/WeLeftTheLightsOn/Content/Systems/Ship/MedStation/med_bay_table/StaticMeshes/med_bay_table.uasset" 4502
"D:/CodingProjects/Game Project/WeLeftTheLightsOn/Content/Systems/Ship/MedStation/med_bay_table/Materials/Med_Bay_Table.uasset" 4503
"D:/CodingProjects/Game Project/WeLeftTheLightsOn/Content/Systems/Ship/MedStation/med_bay_table/Textures/med_bay_table_texture_0.uasset" 4504
"D:/CodingProjects/Game Project/WeLeftTheLightsOn/Content/Systems/Ship/MedStation/med_bay_table/Textures/med_bay_table_texture_1.uasset" 4505
"D:/CodingProjects/Game Project/WeLeftTheLightsOn/Content/Systems/Ship/MedStation/med_bay_table/Textures/med_bay_table_texture_2.uasset" 4506
"D:/CodingProjects/Game Project/WeLeftTheLightsOn/Content/Systems/Ship/MedStation/med_bay_table/Textures/med_bay_table_texture_3.uasset" 4507
"/Game/__ExternalActors__/Maps/Lvl_SwiftJ1818/5/PC/K7RHKO0QEEA4LPGPM7BRB2" 4508
"D:/CodingProjects/Game Project/WeLeftTheLightsOn/Content/__ExternalActors__/Maps/Lvl_SwiftJ1818/5/PC/K7RHKO0QEEA4LPGPM7BRB2.uasset" 4509
"/Game/__ExternalActors__/Maps/Lvl_SwiftJ1818/5/SS/G6TSNG3ECH6G6K74LB26DH" 4510
"D:/CodingProjects/Game Project/WeLeftTheLightsOn/Content/__ExternalActors__/Maps/Lvl_SwiftJ1818/5/SS/G6TSNG3ECH6G6K74LB26DH.uasset" 4511
"/Game/__ExternalActors__/Maps/Lvl_SwiftJ1818/5/TO/D0VX2WKNBR4JEKCRAP80Z2" 4512
"D:/CodingProjects/Game Project/WeLeftTheLightsOn/Content/__ExternalActors__/Maps/Lvl_SwiftJ1818/5/TO/D0VX2WKNBR4JEKCRAP80Z2.uasset" 4513
"/Game/__ExternalActors__/Maps/Lvl_SwiftJ1818/5/UW/20NVM2Y140Z6K7Z41JGQHB" 4514
"D:/CodingProjects/Game Project/WeLeftTheLightsOn/Content/__ExternalActors__/Maps/Lvl_SwiftJ1818/5/UW/20NVM2Y140Z6K7Z41JGQHB.uasset" 4515
"/Game/__ExternalActors__/Maps/Lvl_SwiftJ1818/5/V5/I10VIBOSQR3VSPD135HBMJ" 4516
"D:/CodingProjects/Game Project/WeLeftTheLightsOn/Content/__ExternalActors__/Maps/Lvl_SwiftJ1818/5/V5/I10VIBOSQR3VSPD135HBMJ.uasset" 4517
"/Game/__ExternalActors__/Maps/Lvl_SwiftJ1818/5/WZ/TR3LIMPPDQZ1I2OJMTK88S" 4518
"D:/CodingProjects/Game Project/WeLeftTheLightsOn/Content/__ExternalActors__/Maps/Lvl_SwiftJ1818/5/WZ/TR3LIMPPDQZ1I2OJMTK88S.uasset" 4519
"/Game/__ExternalActors__/Maps/Lvl_SwiftJ1818/5/X4/ZK1A2UQMN0NI02BN1ONGYP" 4520
"D:/CodingProjects/Game Project/WeLeftTheLightsOn/Content/__ExternalActors__/Maps/Lvl_SwiftJ1818/5/X4/ZK1A2UQMN0NI02BN1ONGYP.uasset" 4521
"/Game/__ExternalActors__/Maps/Lvl_SwiftJ1818/5/Y2/DU1GLR7B37Z6T0Q09GJMEI" 4522
"D:/CodingProjects/Game Project/WeLeftTheLightsOn/Content/__ExternalActors__/Maps/Lvl_SwiftJ1818/5/Y2/DU1GLR7B37Z6T0Q09GJMEI.uasset" 4523
"/Game/__ExternalActors__/Maps/Lvl_SwiftJ1818/5/Y8/8Q56APRV52IE3AVO03HFB9" 4524
"D:/CodingProjects/Game Project/WeLeftTheLightsOn/Content/__ExternalActors__/Maps/Lvl_SwiftJ1818/5/Y8/8Q56APRV52IE3AVO03HFB9.uasset" 4525
"D:/CodingProjects/Game Project/WeLeftTheLightsOn/Content/Maps/Assets/ice_king_house/StaticMeshes/ice_king_house.uasset" 4526
"D:/CodingProjects/Game Project/WeLeftTheLightsOn/Content/Maps/Assets/ice_king_house/Materials/02_-_Default.uasset" 4527
"D:/CodingProjects/Game Project/WeLeftTheLightsOn/Content/Maps/Assets/ice_king_house/Materials/Material_540.uasset" 4528
"D:/CodingProjects/Game Project/WeLeftTheLightsOn/Content/Maps/Assets/ice_king_house/Materials/Material_594.uasset" 4529
"D:/CodingProjects/Game Project/WeLeftTheLightsOn/Content/Maps/Assets/ice_king_house/Materials/Material_595.uasset" 4530
"D:/CodingProjects/Game Project/WeLeftTheLightsOn/Content/Maps/Assets/ice_king_house/Textures/ice_king_house_texture_0.uasset" 4531
"D:/CodingProjects/Game Project/WeLeftTheLightsOn/Content/Maps/Assets/ice_king_house/Textures/ice_king_house_texture_1.uasset" 4532
"D:/CodingProjects/Game Project/WeLeftTheLightsOn/Content/Maps/Assets/ice_king_house/Textures/ice_king_house_texture_2.uasset" 4533
"D:/CodingProjects/Game Project/WeLeftTheLightsOn/Content/Maps/Assets/ice_king_house/Textures/ice_king_house_texture_3.uasset" 4534
"/Game/__ExternalActors__/Maps/Lvl_SwiftJ1818/5/YC/Q4BHYYABWHHCR4U45N13KX" 4535
"D:/CodingProjects/Game Project/WeLeftTheLightsOn/Content/__ExternalActors__/Maps/Lvl_SwiftJ1818/5/YC/Q4BHYYABWHHCR4U45N13KX.uasset" 4536
"/Game/__ExternalActors__/Maps/Lvl_SwiftJ1818/6/0C/PRSYC1S1P1L6QHYJO7VIKM" 4537
"D:/CodingProjects/Game Project/WeLeftTheLightsOn/Content/__ExternalActors__/Maps/Lvl_SwiftJ1818/6/0C/PRSYC1S1P1L6QHYJO7VIKM.uasset" 4538
"/Game/__ExternalActors__/Maps/Lvl_SwiftJ1818/6/1Z/KQWTY0R3XEKFSOTCW8LDF6" 4539
"D:/CodingProjects/Game Project/WeLeftTheLightsOn/Content/__ExternalActors__/Maps/Lvl_SwiftJ1818/6/1Z/KQWTY0R3XEKFSOTCW8LDF6.uasset" 4540
"/Game/__ExternalActors__/Maps/Lvl_SwiftJ1818/6/7I/EMI4V2UARMS39USSPI25QY" 4541
"D:/CodingProjects/Game Project/WeLeftTheLightsOn/Content/__ExternalActors__/Maps/Lvl_SwiftJ1818/6/7I/EMI4V2UARMS39USSPI25QY.uasset" 4542
"/Game/__ExternalActors__/Maps/Lvl_SwiftJ1818/6/9O/5DS1W1H3YKD9MJ78RX7YWD" 4543
"D:/CodingProjects/Game Project/WeLeftTheLightsOn/Content/__ExternalActors__/Maps/Lvl_SwiftJ1818/6/9O/5DS1W1H3YKD9MJ78RX7YWD.uasset" 4544
"/Game/__ExternalActors__/Maps/Lvl_SwiftJ1818/6/F3/BV06E5ESLDA8T4S4IH2AO8" 4545
"D:/CodingProjects/Game Project/WeLeftTheLightsOn/Content/__ExternalActors__/Maps/Lvl_SwiftJ1818/6/F3/BV06E5ESLDA8T4S4IH2AO8.uasset" 4546
"/Game/__ExternalActors__/Maps/Lvl_SwiftJ1818/6/G3/US1PMRID6P85Z5J27NVN4D" 4547
"D:/CodingProjects/Game Project/WeLeftTheLightsOn/Content/__ExternalActors__/Maps/Lvl_SwiftJ1818/6/G3/US1PMRID6P85Z5J27NVN4D.uasset" 4548
"/Game/__ExternalActors__/Maps/Lvl_SwiftJ1818/6/HB/CEME395M1C8PYRUBLOWCH4" 4549
"D:/CodingProjects/Game Project/WeLeftTheLightsOn/Content/__ExternalActors__/Maps/Lvl_SwiftJ1818/6/HB/CEME395M1C8PYRUBLOWCH4.uasset" 4550
"../../../Engine/Content/EngineSky/M_SimpleSkyDome.uasset" 4551
"../../../Engine/Content/EngineSky/SM_SkySphere.uasset" 4552
"../../../Engine/Content/EngineSky/M_Sky_Panning_Clouds2.uasset" 4553
"../../../Engine/Content/EngineSky/T_Sky_Blue.uasset" 4554
"../../../Engine/Content/EngineSky/T_Sky_Clouds_M.uasset" 4555
"../../../Engine/Content/EngineSky/T_Sky_Stars.uasset" 4556
"/Game/__ExternalActors__/Maps/Lvl_SwiftJ1818/6/KZ/8IDQRG4D9SRZDK31IYKWD2" 4557
"D:/CodingProjects/Game Project/WeLeftTheLightsOn/Content/__ExternalActors__/Maps/Lvl_SwiftJ1818/6/KZ/8IDQRG4D9SRZDK31IYKWD2.uasset" 4558
"/Game/__ExternalActors__/Maps/Lvl_SwiftJ1818/6/MZ/KA9ZQJPIRZCCJVFW95EJZF" 4559
"D:/CodingProjects/Game Project/WeLeftTheLightsOn/Content/__ExternalActors__/Maps/Lvl_SwiftJ1818/6/MZ/KA9ZQJPIRZCCJVFW95EJZF.uasset" 4560
"/Game/__ExternalActors__/Maps/Lvl_SwiftJ1818/6/NG/UCMXW8CX1PG17ZM83OITVL" 4561
"D:/CodingProjects/Game Project/WeLeftTheLightsOn/Content/__ExternalActors__/Maps/Lvl_SwiftJ1818/6/NG/UCMXW8CX1PG17ZM83OITVL.uasset" 4562
"/Game/__ExternalActors__/Maps/Lvl_SwiftJ1818/6/OU/BYIT4MXIZRJT8XOX0RXZTF" 4563
"D:/CodingProjects/Game Project/WeLeftTheLightsOn/Content/__ExternalActors__/Maps/Lvl_SwiftJ1818/6/OU/BYIT4MXIZRJT8XOX0RXZTF.uasset" 4564
"/Game/__ExternalActors__/Maps/Lvl_SwiftJ1818/6/SC/8HIWLDE97PA4SSTN2212V4" 4565
"D:/CodingProjects/Game Project/WeLeftTheLightsOn/Content/__ExternalActors__/Maps/Lvl_SwiftJ1818/6/SC/8HIWLDE97PA4SSTN2212V4.uasset" 4566
"/Game/__ExternalActors__/Maps/Lvl_SwiftJ1818/6/SQ/LPS5L5TSEHOXWLN8ABUMQO" 4567
"D:/CodingProjects/Game Project/WeLeftTheLightsOn/Content/__ExternalActors__/Maps/Lvl_SwiftJ1818/6/SQ/LPS5L5TSEHOXWLN8ABUMQO.uasset" 4568
"/Game/__ExternalActors__/Maps/Lvl_SwiftJ1818/6/TQ/3DW76UZR0WC6XBMQN8G2T2" 4569
"D:/CodingProjects/Game Project/WeLeftTheLightsOn/Content/__ExternalActors__/Maps/Lvl_SwiftJ1818/6/TQ/3DW76UZR0WC6XBMQN8G2T2.uasset" 4570
"/Game/__ExternalActors__/Maps/Lvl_SwiftJ1818/7/1N/9H8UP9E6KLBHVAOCGH0VAD" 4571
"D:/CodingProjects/Game Project/WeLeftTheLightsOn/Content/__ExternalActors__/Maps/Lvl_SwiftJ1818/7/1N/9H8UP9E6KLBHVAOCGH0VAD.uasset" 4572
"/Game/__ExternalActors__/Maps/Lvl_SwiftJ1818/7/4P/H6U1QSYYY1NRDGVYWNR2SY" 4573
"D:/CodingProjects/Game Project/WeLeftTheLightsOn/Content/__ExternalActors__/Maps/Lvl_SwiftJ1818/7/4P/H6U1QSYYY1NRDGVYWNR2SY.uasset" 4574
"/Game/__ExternalActors__/Maps/Lvl_SwiftJ1818/7/81/7JB5TPVBV1FN2FH3U7YF77" 4575
"D:/CodingProjects/Game Project/WeLeftTheLightsOn/Content/__ExternalActors__/Maps/Lvl_SwiftJ1818/7/81/7JB5TPVBV1FN2FH3U7YF77.uasset" 4576
"/Game/__ExternalActors__/Maps/Lvl_SwiftJ1818/7/82/69YP79C7MKUEPHUVXG2W76" 4577
"D:/CodingProjects/Game Project/WeLeftTheLightsOn/Content/__ExternalActors__/Maps/Lvl_SwiftJ1818/7/82/69YP79C7MKUEPHUVXG2W76.uasset" 4578
"/Game/__ExternalActors__/Maps/Lvl_SwiftJ1818/7/A8/4G159CS0U1UK07ICJTY9C9" 4579
"D:/CodingProjects/Game Project/WeLeftTheLightsOn/Content/__ExternalActors__/Maps/Lvl_SwiftJ1818/7/A8/4G159CS0U1UK07ICJTY9C9.uasset" 4580
"/Game/__ExternalActors__/Maps/Lvl_SwiftJ1818/7/CB/Z1DUU6LP9OI66BNEYPP0WE" 4581
"D:/CodingProjects/Game Project/WeLeftTheLightsOn/Content/__ExternalActors__/Maps/Lvl_SwiftJ1818/7/CB/Z1DUU6LP9OI66BNEYPP0WE.uasset" 4582
"D:/CodingProjects/Game Project/WeLeftTheLightsOn/Content/Maps/Assets/space_corridor/StaticMeshes/space_corridor.uasset" 4583
"/Game/__ExternalActors__/Maps/Lvl_SwiftJ1818/7/DG/40HQWD0FKGNRGE9D01702P" 4584
"D:/CodingProjects/Game Project/WeLeftTheLightsOn/Content/__ExternalActors__/Maps/Lvl_SwiftJ1818/7/DG/40HQWD0FKGNRGE9D01702P.uasset" 4585
"/Game/__ExternalActors__/Maps/Lvl_SwiftJ1818/7/GU/U97ZSVGP967R95M24MYGJS" 4586
"D:/CodingProjects/Game Project/WeLeftTheLightsOn/Content/__ExternalActors__/Maps/Lvl_SwiftJ1818/7/GU/U97ZSVGP967R95M24MYGJS.uasset" 4587
"/Game/__ExternalActors__/Maps/Lvl_SwiftJ1818/7/J8/8098ZHS4HIUPFRATTZZPI9" 4588
"D:/CodingProjects/Game Project/WeLeftTheLightsOn/Content/__ExternalActors__/Maps/Lvl_SwiftJ1818/7/J8/8098ZHS4HIUPFRATTZZPI9.uasset" 4589
"/Game/__ExternalActors__/Maps/Lvl_SwiftJ1818/7/JB/8YTIGCLSP8YT8X5AO5NYBX" 4590
"D:/CodingProjects/Game Project/WeLeftTheLightsOn/Content/__ExternalActors__/Maps/Lvl_SwiftJ1818/7/JB/8YTIGCLSP8YT8X5AO5NYBX.uasset" 4591
"/Game/__ExternalActors__/Maps/Lvl_SwiftJ1818/7/VJ/R91LY79VEY4WK65C50BJCP" 4592
"D:/CodingProjects/Game Project/WeLeftTheLightsOn/Content/__ExternalActors__/Maps/Lvl_SwiftJ1818/7/VJ/R91LY79VEY4WK65C50BJCP.uasset" 4593
"/Game/__ExternalActors__/Maps/Lvl_SwiftJ1818/7/XR/3ADK3F2N4CK2F9PHWESBKE" 4594
"D:/CodingProjects/Game Project/WeLeftTheLightsOn/Content/__ExternalActors__/Maps/Lvl_SwiftJ1818/7/XR/3ADK3F2N4CK2F9PHWESBKE.uasset" 4595
"/Game/__ExternalActors__/Maps/Lvl_SwiftJ1818/7/XX/ZVDL8ULFY0TNQF8HXCIJ15" 4596
"D:/CodingProjects/Game Project/WeLeftTheLightsOn/Content/__ExternalActors__/Maps/Lvl_SwiftJ1818/7/XX/ZVDL8ULFY0TNQF8HXCIJ15.uasset" 4597
"/Game/__ExternalActors__/Maps/Lvl_SwiftJ1818/8/2X/V8YE052AH7GWSTE2RJI9VK" 4598
"D:/CodingProjects/Game Project/WeLeftTheLightsOn/Content/__ExternalActors__/Maps/Lvl_SwiftJ1818/8/2X/V8YE052AH7GWSTE2RJI9VK.uasset" 4599
"/Game/__ExternalActors__/Maps/Lvl_SwiftJ1818/8/6G/D9UHQ1WZ2FXJ3MI5QUK9FC" 4600
"D:/CodingProjects/Game Project/WeLeftTheLightsOn/Content/__ExternalActors__/Maps/Lvl_SwiftJ1818/8/6G/D9UHQ1WZ2FXJ3MI5QUK9FC.uasset" 4601
"/Game/__ExternalActors__/Maps/Lvl_SwiftJ1818/8/7C/C50185YBZNQFICUF3B7MCO" 4602
"D:/CodingProjects/Game Project/WeLeftTheLightsOn/Content/__ExternalActors__/Maps/Lvl_SwiftJ1818/8/7C/C50185YBZNQFICUF3B7MCO.uasset" 4603
"/Game/__ExternalActors__/Maps/Lvl_SwiftJ1818/8/9K/9D0EW3KETCH0AXAS784MOL" 4604
"D:/CodingProjects/Game Project/WeLeftTheLightsOn/Content/__ExternalActors__/Maps/Lvl_SwiftJ1818/8/9K/9D0EW3KETCH0AXAS784MOL.uasset" 4605
"/Game/__ExternalActors__/Maps/Lvl_SwiftJ1818/8/AV/NVVASR4BFBKRBX8Z19MBN4" 4606
"D:/CodingProjects/Game Project/WeLeftTheLightsOn/Content/__ExternalActors__/Maps/Lvl_SwiftJ1818/8/AV/NVVASR4BFBKRBX8Z19MBN4.uasset" 4607
"/Game/__ExternalActors__/Maps/Lvl_SwiftJ1818/8/EC/461OCISXRCXVE0CNIDCNIF" 4608
"D:/CodingProjects/Game Project/WeLeftTheLightsOn/Content/__ExternalActors__/Maps/Lvl_SwiftJ1818/8/EC/461OCISXRCXVE0CNIDCNIF.uasset" 4609
"/Game/__ExternalActors__/Maps/Lvl_SwiftJ1818/8/HV/0SXI6R9ACHXKV9TQZKFX3G" 4610
"D:/CodingProjects/Game Project/WeLeftTheLightsOn/Content/__ExternalActors__/Maps/Lvl_SwiftJ1818/8/HV/0SXI6R9ACHXKV9TQZKFX3G.uasset" 4611
"/Game/__ExternalActors__/Maps/Lvl_SwiftJ1818/8/JK/BP5P1B4MF10T23IPDBRMNY" 4612
"D:/CodingProjects/Game Project/WeLeftTheLightsOn/Content/__ExternalActors__/Maps/Lvl_SwiftJ1818/8/JK/BP5P1B4MF10T23IPDBRMNY.uasset" 4613
"/Game/__ExternalActors__/Maps/Lvl_SwiftJ1818/8/MO/GX3H5IUAWPWETRQBFBH8UR" 4614
"D:/CodingProjects/Game Project/WeLeftTheLightsOn/Content/__ExternalActors__/Maps/Lvl_SwiftJ1818/8/MO/GX3H5IUAWPWETRQBFBH8UR.uasset" 4615
"/Game/__ExternalActors__/Maps/Lvl_SwiftJ1818/8/N8/UO7WXIHRZQ7NMVRCVHJ46N" 4616
"D:/CodingProjects/Game Project/WeLeftTheLightsOn/Content/__ExternalActors__/Maps/Lvl_SwiftJ1818/8/N8/UO7WXIHRZQ7NMVRCVHJ46N.uasset" 4617
"/Game/__ExternalActors__/Maps/Lvl_SwiftJ1818/8/O6/7AWKFTUNP4H5ETBXR3U7SC" 4618
"D:/CodingProjects/Game Project/WeLeftTheLightsOn/Content/__ExternalActors__/Maps/Lvl_SwiftJ1818/8/O6/7AWKFTUNP4H5ETBXR3U7SC.uasset" 4619
"/Game/__ExternalActors__/Maps/Lvl_SwiftJ1818/8/QI/PGY6FVTOJFHRCM5TGD3F30" 4620
"D:/CodingProjects/Game Project/WeLeftTheLightsOn/Content/__ExternalActors__/Maps/Lvl_SwiftJ1818/8/QI/PGY6FVTOJFHRCM5TGD3F30.uasset" 4621
"/Game/__ExternalActors__/Maps/Lvl_SwiftJ1818/8/WT/J20U3Y8PYFVZ4ZAG7BYRED" 4622
"D:/CodingProjects/Game Project/WeLeftTheLightsOn/Content/__ExternalActors__/Maps/Lvl_SwiftJ1818/8/WT/J20U3Y8PYFVZ4ZAG7BYRED.uasset" 4623
"/Game/__ExternalActors__/Maps/Lvl_SwiftJ1818/8/XE/YYKV6B8A7KOU1GUU1S9P6C" 4624
"D:/CodingProjects/Game Project/WeLeftTheLightsOn/Content/__ExternalActors__/Maps/Lvl_SwiftJ1818/8/XE/YYKV6B8A7KOU1GUU1S9P6C.uasset" 4625
"/Game/__ExternalActors__/Maps/Lvl_SwiftJ1818/8/YJ/86JRMJIPE6POFTND43E8RA" 4626
"D:/CodingProjects/Game Project/WeLeftTheLightsOn/Content/__ExternalActors__/Maps/Lvl_SwiftJ1818/8/YJ/86JRMJIPE6POFTND43E8RA.uasset" 4627
"/Game/__ExternalActors__/Maps/Lvl_SwiftJ1818/8/YU/S5SBOA57RWMWEN6C8OMEUF" 4628
"D:/CodingProjects/Game Project/WeLeftTheLightsOn/Content/__ExternalActors__/Maps/Lvl_SwiftJ1818/8/YU/S5SBOA57RWMWEN6C8OMEUF.uasset" 4629
"/Game/__ExternalActors__/Maps/Lvl_SwiftJ1818/9/1B/3D5JKLQFA0D3BNPOFEXVB6" 4630
"D:/CodingProjects/Game Project/WeLeftTheLightsOn/Content/__ExternalActors__/Maps/Lvl_SwiftJ1818/9/1B/3D5JKLQFA0D3BNPOFEXVB6.uasset" 4631
"/Game/__ExternalActors__/Maps/Lvl_SwiftJ1818/9/4B/W5AAI6VOELMXOHK7M76LGR" 4632
"D:/CodingProjects/Game Project/WeLeftTheLightsOn/Content/__ExternalActors__/Maps/Lvl_SwiftJ1818/9/4B/W5AAI6VOELMXOHK7M76LGR.uasset" 4633
"/Game/__ExternalActors__/Maps/Lvl_SwiftJ1818/9/8G/M712L7QV7VWR8ZMO5U02S2" 4634
"D:/CodingProjects/Game Project/WeLeftTheLightsOn/Content/__ExternalActors__/Maps/Lvl_SwiftJ1818/9/8G/M712L7QV7VWR8ZMO5U02S2.uasset" 4635
"/Game/__ExternalActors__/Maps/Lvl_SwiftJ1818/9/D9/9H1L7RMALUB2MTXYVTVEEC" 4636
"D:/CodingProjects/Game Project/WeLeftTheLightsOn/Content/__ExternalActors__/Maps/Lvl_SwiftJ1818/9/D9/9H1L7RMALUB2MTXYVTVEEC.uasset" 4637
"/Game/__ExternalActors__/Maps/Lvl_SwiftJ1818/9/DP/YHAQLFMTG0Q7R8QG5TI3FS" 4638
"D:/CodingProjects/Game Project/WeLeftTheLightsOn/Content/__ExternalActors__/Maps/Lvl_SwiftJ1818/9/DP/YHAQLFMTG0Q7R8QG5TI3FS.uasset" 4639
"/Game/__ExternalActors__/Maps/Lvl_SwiftJ1818/9/E5/3HMSK9CYKWOCFFF28C6ROE" 4640
"D:/CodingProjects/Game Project/WeLeftTheLightsOn/Content/__ExternalActors__/Maps/Lvl_SwiftJ1818/9/E5/3HMSK9CYKWOCFFF28C6ROE.uasset" 4641
"/Game/__ExternalActors__/Maps/Lvl_SwiftJ1818/9/EM/QLZIKI4YP2GNUJZPR5K8YP" 4642
"D:/CodingProjects/Game Project/WeLeftTheLightsOn/Content/__ExternalActors__/Maps/Lvl_SwiftJ1818/9/EM/QLZIKI4YP2GNUJZPR5K8YP.uasset" 4643
"/Game/__ExternalActors__/Maps/Lvl_SwiftJ1818/9/GN/2IMZGMOV6OPRWQZVT9EK0A" 4644
"D:/CodingProjects/Game Project/WeLeftTheLightsOn/Content/__ExternalActors__/Maps/Lvl_SwiftJ1818/9/GN/2IMZGMOV6OPRWQZVT9EK0A.uasset" 4645
"/Game/__ExternalActors__/Maps/Lvl_SwiftJ1818/9/KV/CCJZIZQMPX29AERSZ9UF48" 4646
"D:/CodingProjects/Game Project/WeLeftTheLightsOn/Content/__ExternalActors__/Maps/Lvl_SwiftJ1818/9/KV/CCJZIZQMPX29AERSZ9UF48.uasset" 4647
"/Game/__ExternalActors__/Maps/Lvl_SwiftJ1818/9/QL/1RI9EV115DWXWW5F96M6ZD" 4648
"D:/CodingProjects/Game Project/WeLeftTheLightsOn/Content/__ExternalActors__/Maps/Lvl_SwiftJ1818/9/QL/1RI9EV115DWXWW5F96M6ZD.uasset" 4649
"/Game/__ExternalActors__/Maps/Lvl_SwiftJ1818/9/T7/RM9S4CJGNJI4HMHYL9JS3X" 4650
"D:/CodingProjects/Game Project/WeLeftTheLightsOn/Content/__ExternalActors__/Maps/Lvl_SwiftJ1818/9/T7/RM9S4CJGNJI4HMHYL9JS3X.uasset" 4651
"/Game/__ExternalActors__/Maps/Lvl_SwiftJ1818/9/YE/0NV0M59IZBSXEQ9Z6ZK7VO" 4652
"D:/CodingProjects/Game Project/WeLeftTheLightsOn/Content/__ExternalActors__/Maps/Lvl_SwiftJ1818/9/YE/0NV0M59IZBSXEQ9Z6ZK7VO.uasset" 4653
"/Game/__ExternalActors__/Maps/Lvl_SwiftJ1818/A/4I/QNWCBNNPSQ6RGM1D8VSTVV" 4654
"D:/CodingProjects/Game Project/WeLeftTheLightsOn/Content/__ExternalActors__/Maps/Lvl_SwiftJ1818/A/4I/QNWCBNNPSQ6RGM1D8VSTVV.uasset" 4655
"/Game/__ExternalActors__/Maps/Lvl_SwiftJ1818/A/51/W3HOLXS2UCAMRZ1QWOJRQT" 4656
"D:/CodingProjects/Game Project/WeLeftTheLightsOn/Content/__ExternalActors__/Maps/Lvl_SwiftJ1818/A/51/W3HOLXS2UCAMRZ1QWOJRQT.uasset" 4657
"/Game/__ExternalActors__/Maps/Lvl_SwiftJ1818/A/5A/X7YZE8JVYODY9DPZXC6KPT" 4658
"D:/CodingProjects/Game Project/WeLeftTheLightsOn/Content/__ExternalActors__/Maps/Lvl_SwiftJ1818/A/5A/X7YZE8JVYODY9DPZXC6KPT.uasset" 4659
"D:/CodingProjects/Game Project/WeLeftTheLightsOn/Content/Maps/Assets/low_poly_grey_boulder/StaticMeshes/low_poly_grey_boulder.uasset" 4660
"D:/CodingProjects/Game Project/WeLeftTheLightsOn/Content/Maps/Assets/low_poly_grey_boulder/Materials/Rock_Cave_Wall_004.uasset" 4661
"D:/CodingProjects/Game Project/WeLeftTheLightsOn/Content/Maps/Assets/low_poly_grey_boulder/Textures/low_poly_grey_boulder_texture_0.uasset" 4662
"D:/CodingProjects/Game Project/WeLeftTheLightsOn/Content/Maps/Assets/low_poly_grey_boulder/Textures/low_poly_grey_boulder_texture_1.uasset" 4663
"D:/CodingProjects/Game Project/WeLeftTheLightsOn/Content/Maps/Assets/low_poly_grey_boulder/Textures/low_poly_grey_boulder_texture_2.uasset" 4664
"/Game/__ExternalActors__/Maps/Lvl_SwiftJ1818/A/61/E34U050J2CBF42509BKRA1" 4665
"D:/CodingProjects/Game Project/WeLeftTheLightsOn/Content/__ExternalActors__/Maps/Lvl_SwiftJ1818/A/61/E34U050J2CBF42509BKRA1.uasset" 4666
"/Game/__ExternalActors__/Maps/Lvl_SwiftJ1818/A/68/GBDFPGS83OH51E1ACWHUX6" 4667
"D:/CodingProjects/Game Project/WeLeftTheLightsOn/Content/__ExternalActors__/Maps/Lvl_SwiftJ1818/A/68/GBDFPGS83OH51E1ACWHUX6.uasset" 4668
"/Game/__ExternalActors__/Maps/Lvl_SwiftJ1818/A/7A/HFYLGQUQJZX5LISDH0O45W" 4669
"D:/CodingProjects/Game Project/WeLeftTheLightsOn/Content/__ExternalActors__/Maps/Lvl_SwiftJ1818/A/7A/HFYLGQUQJZX5LISDH0O45W.uasset" 4670
"/Game/__ExternalActors__/Maps/Lvl_SwiftJ1818/A/9U/T39DB90QA580LVR619AQLY" 4671
"D:/CodingProjects/Game Project/WeLeftTheLightsOn/Content/__ExternalActors__/Maps/Lvl_SwiftJ1818/A/9U/T39DB90QA580LVR619AQLY.uasset" 4672
"../../Plugins/Experimental/Water/Content/Materials/PostProcessing/M_UnderWater_PostProcess_Volume.uasset" 4673
"../../Plugins/Experimental/Water/Content/Materials/WaterInfo/DrawWaterInfo.uasset" 4674
"../../Plugins/Experimental/Water/Content/Materials/HLOD/HLODWater.uasset" 4675
"../../Plugins/Experimental/Water/Content/Materials/WaterSurface/LODs/Water_Material_Lake_LOD.uasset" 4676
"../../../Engine/Content/Functions/Engine_MaterialFunctions01/Volumetrics/SchlickPhase.uasset" 4677
"../../../Engine/Content/Functions/Engine_MaterialFunctions02/Utility/DebugScalarValues.uasset" 4678
"../../Plugins/Experimental/Water/Content/Materials/WaterSurface/Water_Material_Lake.uasset" 4679
"../../../Engine/Content/Functions/Engine_MaterialFunctions02/ExampleContent/Textures/DebugNumberPeriod.uasset" 4680
"../../Plugins/Experimental/Water/Content/Materials/WaterSurface/Water_Material_Inst.uasset" 4681
"../../../Engine/Content/Functions/Engine_MaterialFunctions02/ExampleContent/Textures/water_d.uasset" 4682
"../../../Engine/Content/Functions/Engine_MaterialFunctions02/ExampleContent/Textures/water_n.uasset" 4683
"/Game/__ExternalActors__/Maps/Lvl_SwiftJ1818/A/A1/3BK41W6YMH3SKR2Z911FXT" 4684
"D:/CodingProjects/Game Project/WeLeftTheLightsOn/Content/__ExternalActors__/Maps/Lvl_SwiftJ1818/A/A1/3BK41W6YMH3SKR2Z911FXT.uasset" 4685
"/Game/__ExternalActors__/Maps/Lvl_SwiftJ1818/A/AO/OU6PFM8A8VNY7MOUWXKHN7" 4686
"D:/CodingProjects/Game Project/WeLeftTheLightsOn/Content/__ExternalActors__/Maps/Lvl_SwiftJ1818/A/AO/OU6PFM8A8VNY7MOUWXKHN7.uasset" 4687
"/Game/__ExternalActors__/Maps/Lvl_SwiftJ1818/A/D5/K2IX4IB6QAT7YHIBINKFQM" 4688
"D:/CodingProjects/Game Project/WeLeftTheLightsOn/Content/__ExternalActors__/Maps/Lvl_SwiftJ1818/A/D5/K2IX4IB6QAT7YHIBINKFQM.uasset" 4689
"/Game/__ExternalActors__/Maps/Lvl_SwiftJ1818/A/EP/V6N4A1CSXM4RJY4IXHTC2R" 4690
"D:/CodingProjects/Game Project/WeLeftTheLightsOn/Content/__ExternalActors__/Maps/Lvl_SwiftJ1818/A/EP/V6N4A1CSXM4RJY4IXHTC2R.uasset" 4691
"/Game/__ExternalActors__/Maps/Lvl_SwiftJ1818/A/GF/M8BEQBDR42EDSDK2K6XQCC" 4692
"D:/CodingProjects/Game Project/WeLeftTheLightsOn/Content/__ExternalActors__/Maps/Lvl_SwiftJ1818/A/GF/M8BEQBDR42EDSDK2K6XQCC.uasset" 4693
"/Game/__ExternalActors__/Maps/Lvl_SwiftJ1818/A/JK/YJUJEZBPGEHMAPK2WYE9AM" 4694
"D:/CodingProjects/Game Project/WeLeftTheLightsOn/Content/__ExternalActors__/Maps/Lvl_SwiftJ1818/A/JK/YJUJEZBPGEHMAPK2WYE9AM.uasset" 4695
"/Game/__ExternalActors__/Maps/Lvl_SwiftJ1818/A/O6/JLRSV0I2LV00MPBLP3TGF9" 4696
"D:/CodingProjects/Game Project/WeLeftTheLightsOn/Content/__ExternalActors__/Maps/Lvl_SwiftJ1818/A/O6/JLRSV0I2LV00MPBLP3TGF9.uasset" 4697
"/Game/__ExternalActors__/Maps/Lvl_SwiftJ1818/A/OR/8AC9RQAQ54EGUIRJRYWAKR" 4698
"D:/CodingProjects/Game Project/WeLeftTheLightsOn/Content/__ExternalActors__/Maps/Lvl_SwiftJ1818/A/OR/8AC9RQAQ54EGUIRJRYWAKR.uasset" 4699
"/Game/__ExternalActors__/Maps/Lvl_SwiftJ1818/A/P8/GXLI5XXOHJDRHGL9VH00NL" 4700
"D:/CodingProjects/Game Project/WeLeftTheLightsOn/Content/__ExternalActors__/Maps/Lvl_SwiftJ1818/A/P8/GXLI5XXOHJDRHGL9VH00NL.uasset" 4701
"/Game/__ExternalActors__/Maps/Lvl_SwiftJ1818/A/PY/7JOY5G2XEYS7SLBA9JRTFH" 4702
"D:/CodingProjects/Game Project/WeLeftTheLightsOn/Content/__ExternalActors__/Maps/Lvl_SwiftJ1818/A/PY/7JOY5G2XEYS7SLBA9JRTFH.uasset" 4703
"/Game/__ExternalActors__/Maps/Lvl_SwiftJ1818/A/T9/DGQAKG1ENKC40B1BKNJ5WG" 4704
"D:/CodingProjects/Game Project/WeLeftTheLightsOn/Content/__ExternalActors__/Maps/Lvl_SwiftJ1818/A/T9/DGQAKG1ENKC40B1BKNJ5WG.uasset" 4705
"/Game/__ExternalActors__/Maps/Lvl_SwiftJ1818/A/V2/GQFXVBIR98WUZYQ7T810AC" 4706
"D:/CodingProjects/Game Project/WeLeftTheLightsOn/Content/__ExternalActors__/Maps/Lvl_SwiftJ1818/A/V2/GQFXVBIR98WUZYQ7T810AC.uasset" 4707
"/Game/__ExternalActors__/Maps/Lvl_SwiftJ1818/A/WV/6VRWFLG8HTWEGEKB4OJ7JS" 4708
"D:/CodingProjects/Game Project/WeLeftTheLightsOn/Content/__ExternalActors__/Maps/Lvl_SwiftJ1818/A/WV/6VRWFLG8HTWEGEKB4OJ7JS.uasset" 4709
"/Game/__ExternalActors__/Maps/Lvl_SwiftJ1818/A/X3/6KPH4TRXKBAJGGEEX4P9CA" 4710
"D:/CodingProjects/Game Project/WeLeftTheLightsOn/Content/__ExternalActors__/Maps/Lvl_SwiftJ1818/A/X3/6KPH4TRXKBAJGGEEX4P9CA.uasset" 4711
"/Game/__ExternalActors__/Maps/Lvl_SwiftJ1818/A/X5/3FPBZ5OYB5MWMPTC8T9DBZ" 4712
"D:/CodingProjects/Game Project/WeLeftTheLightsOn/Content/__ExternalActors__/Maps/Lvl_SwiftJ1818/A/X5/3FPBZ5OYB5MWMPTC8T9DBZ.uasset" 4713
"/Game/__ExternalActors__/Maps/Lvl_SwiftJ1818/A/Z7/ME4SUDUXSVJO2OG28TDQBG" 4714
"D:/CodingProjects/Game Project/WeLeftTheLightsOn/Content/__ExternalActors__/Maps/Lvl_SwiftJ1818/A/Z7/ME4SUDUXSVJO2OG28TDQBG.uasset" 4715
"/Game/__ExternalActors__/Maps/Lvl_SwiftJ1818/B/47/8QEAPYUY907HBS79TUC4NS" 4716
"D:/CodingProjects/Game Project/WeLeftTheLightsOn/Content/__ExternalActors__/Maps/Lvl_SwiftJ1818/B/47/8QEAPYUY907HBS79TUC4NS.uasset" 4717
"/Game/__ExternalActors__/Maps/Lvl_SwiftJ1818/B/4P/4LUOSA4BUD8UOU883VZ3P8" 4718
"D:/CodingProjects/Game Project/WeLeftTheLightsOn/Content/__ExternalActors__/Maps/Lvl_SwiftJ1818/B/4P/4LUOSA4BUD8UOU883VZ3P8.uasset" 4719
"/Game/__ExternalActors__/Maps/Lvl_SwiftJ1818/B/4R/7MH1TEOW5GOYQTV3IH17SR" 4720
"D:/CodingProjects/Game Project/WeLeftTheLightsOn/Content/__ExternalActors__/Maps/Lvl_SwiftJ1818/B/4R/7MH1TEOW5GOYQTV3IH17SR.uasset" 4721
"/Game/__ExternalActors__/Maps/Lvl_SwiftJ1818/B/5P/AUOAMXE89NDS2SM0QF8SZ5" 4722
"D:/CodingProjects/Game Project/WeLeftTheLightsOn/Content/__ExternalActors__/Maps/Lvl_SwiftJ1818/B/5P/AUOAMXE89NDS2SM0QF8SZ5.uasset" 4723
"/Game/__ExternalActors__/Maps/Lvl_SwiftJ1818/B/7U/1ZBJE80AX6QYNIC4CFZOBZ" 4724
"D:/CodingProjects/Game Project/WeLeftTheLightsOn/Content/__ExternalActors__/Maps/Lvl_SwiftJ1818/B/7U/1ZBJE80AX6QYNIC4CFZOBZ.uasset" 4725
"/Game/__ExternalActors__/Maps/Lvl_SwiftJ1818/B/AT/VE7VE0IZ9Z9SSQ1V0EWHQY" 4726
"D:/CodingProjects/Game Project/WeLeftTheLightsOn/Content/__ExternalActors__/Maps/Lvl_SwiftJ1818/B/AT/VE7VE0IZ9Z9SSQ1V0EWHQY.uasset" 4727
"/Game/__ExternalActors__/Maps/Lvl_SwiftJ1818/B/AW/OP1TPR8AEFST1B2LAQWZR6" 4728
"D:/CodingProjects/Game Project/WeLeftTheLightsOn/Content/__ExternalActors__/Maps/Lvl_SwiftJ1818/B/AW/OP1TPR8AEFST1B2LAQWZR6.uasset" 4729
"/Game/__ExternalActors__/Maps/Lvl_SwiftJ1818/B/GS/TVOCSFANDR9HM3LYGZ4D4P" 4730
"D:/CodingProjects/Game Project/WeLeftTheLightsOn/Content/__ExternalActors__/Maps/Lvl_SwiftJ1818/B/GS/TVOCSFANDR9HM3LYGZ4D4P.uasset" 4731
"/Game/__ExternalActors__/Maps/Lvl_SwiftJ1818/B/GX/7QWNDUFM450S60OG30QNQK" 4732
"D:/CodingProjects/Game Project/WeLeftTheLightsOn/Content/__ExternalActors__/Maps/Lvl_SwiftJ1818/B/GX/7QWNDUFM450S60OG30QNQK.uasset" 4733
"/Game/__ExternalActors__/Maps/Lvl_SwiftJ1818/B/HJ/VS429M3G6ZCKA4SZQM6X4B" 4734
"D:/CodingProjects/Game Project/WeLeftTheLightsOn/Content/__ExternalActors__/Maps/Lvl_SwiftJ1818/B/HJ/VS429M3G6ZCKA4SZQM6X4B.uasset" 4735
"/Game/__ExternalActors__/Maps/Lvl_SwiftJ1818/B/J4/OOV1MASRK7UHJS1UC4T4H9" 4736
"D:/CodingProjects/Game Project/WeLeftTheLightsOn/Content/__ExternalActors__/Maps/Lvl_SwiftJ1818/B/J4/OOV1MASRK7UHJS1UC4T4H9.uasset" 4737
"D:/CodingProjects/Game Project/WeLeftTheLightsOn/Content/LevelPrototyping/Meshes/SM_Ramp.uasset" 4738
"/Game/__ExternalActors__/Maps/Lvl_SwiftJ1818/B/JK/3E5993M31F3Z1JUTEADRUN" 4739
"D:/CodingProjects/Game Project/WeLeftTheLightsOn/Content/__ExternalActors__/Maps/Lvl_SwiftJ1818/B/JK/3E5993M31F3Z1JUTEADRUN.uasset" 4740
"/Game/__ExternalActors__/Maps/Lvl_SwiftJ1818/B/OW/V0NHS5KZHU71JBVG66FDNR" 4741
"D:/CodingProjects/Game Project/WeLeftTheLightsOn/Content/__ExternalActors__/Maps/Lvl_SwiftJ1818/B/OW/V0NHS5KZHU71JBVG66FDNR.uasset" 4742
"/Game/__ExternalActors__/Maps/Lvl_SwiftJ1818/B/W1/2X3Y6OH8HVQME0M8CUI2LT" 4743
"D:/CodingProjects/Game Project/WeLeftTheLightsOn/Content/__ExternalActors__/Maps/Lvl_SwiftJ1818/B/W1/2X3Y6OH8HVQME0M8CUI2LT.uasset" 4744
"/Game/__ExternalActors__/Maps/Lvl_SwiftJ1818/B/WL/YMQEEPLDHIGH617WS4KJR1" 4745
"D:/CodingProjects/Game Project/WeLeftTheLightsOn/Content/__ExternalActors__/Maps/Lvl_SwiftJ1818/B/WL/YMQEEPLDHIGH617WS4KJR1.uasset" 4746
"/Game/__ExternalActors__/Maps/Lvl_SwiftJ1818/C/3T/W9QF363EV8FTSMXQPT3Y7Q" 4747
"D:/CodingProjects/Game Project/WeLeftTheLightsOn/Content/__ExternalActors__/Maps/Lvl_SwiftJ1818/C/3T/W9QF363EV8FTSMXQPT3Y7Q.uasset" 4748
"/Game/__ExternalActors__/Maps/Lvl_SwiftJ1818/C/4B/W9PQ9CGFXQRR4Y9BLUJ8TL" 4749
"D:/CodingProjects/Game Project/WeLeftTheLightsOn/Content/__ExternalActors__/Maps/Lvl_SwiftJ1818/C/4B/W9PQ9CGFXQRR4Y9BLUJ8TL.uasset" 4750
"/Game/__ExternalActors__/Maps/Lvl_SwiftJ1818/C/58/1ZDM2FYQL50MJIHNRC5MRC" 4751
"D:/CodingProjects/Game Project/WeLeftTheLightsOn/Content/__ExternalActors__/Maps/Lvl_SwiftJ1818/C/58/1ZDM2FYQL50MJIHNRC5MRC.uasset" 4752
"/Game/__ExternalActors__/Maps/Lvl_SwiftJ1818/C/5B/A0OL3G28Q47LBE2X67R7KV" 4753
"D:/CodingProjects/Game Project/WeLeftTheLightsOn/Content/__ExternalActors__/Maps/Lvl_SwiftJ1818/C/5B/A0OL3G28Q47LBE2X67R7KV.uasset" 4754
"/Game/__ExternalActors__/Maps/Lvl_SwiftJ1818/C/6A/9B0HMLZWJVRSYB4W2AZ25X" 4755
"D:/CodingProjects/Game Project/WeLeftTheLightsOn/Content/__ExternalActors__/Maps/Lvl_SwiftJ1818/C/6A/9B0HMLZWJVRSYB4W2AZ25X.uasset" 4756
"/Game/__ExternalActors__/Maps/Lvl_SwiftJ1818/C/7V/RXTCZ18P1T7BLBH6HFA1O0" 4757
"D:/CodingProjects/Game Project/WeLeftTheLightsOn/Content/__ExternalActors__/Maps/Lvl_SwiftJ1818/C/7V/RXTCZ18P1T7BLBH6HFA1O0.uasset" 4758
"/Game/__ExternalActors__/Maps/Lvl_SwiftJ1818/C/9A/MNJVSNLSRMFLKHP2EFV5Y1" 4759
"D:/CodingProjects/Game Project/WeLeftTheLightsOn/Content/__ExternalActors__/Maps/Lvl_SwiftJ1818/C/9A/MNJVSNLSRMFLKHP2EFV5Y1.uasset" 4760
"/Game/__ExternalActors__/Maps/Lvl_SwiftJ1818/C/EE/48HDW8Y0SPGBCWT4AMV28E" 4761
"D:/CodingProjects/Game Project/WeLeftTheLightsOn/Content/__ExternalActors__/Maps/Lvl_SwiftJ1818/C/EE/48HDW8Y0SPGBCWT4AMV28E.uasset" 4762
"/Game/__ExternalActors__/Maps/Lvl_SwiftJ1818/C/GX/3MGUMLEC331VG8XPIPD280" 4763
"D:/CodingProjects/Game Project/WeLeftTheLightsOn/Content/__ExternalActors__/Maps/Lvl_SwiftJ1818/C/GX/3MGUMLEC331VG8XPIPD280.uasset" 4764
"/Game/__ExternalActors__/Maps/Lvl_SwiftJ1818/C/H7/4A1QRJ2MX9YQU3CZCTNHO5" 4765
"D:/CodingProjects/Game Project/WeLeftTheLightsOn/Content/__ExternalActors__/Maps/Lvl_SwiftJ1818/C/H7/4A1QRJ2MX9YQU3CZCTNHO5.uasset" 4766
"/Game/__ExternalActors__/Maps/Lvl_SwiftJ1818/C/KJ/K5U7QLFJ6GZJ12MCJHHIH2" 4767
"D:/CodingProjects/Game Project/WeLeftTheLightsOn/Content/__ExternalActors__/Maps/Lvl_SwiftJ1818/C/KJ/K5U7QLFJ6GZJ12MCJHHIH2.uasset" 4768
"/Game/__ExternalActors__/Maps/Lvl_SwiftJ1818/C/OZ/U9HGOS8HCY40VPZVHFKKOZ" 4769
"D:/CodingProjects/Game Project/WeLeftTheLightsOn/Content/__ExternalActors__/Maps/Lvl_SwiftJ1818/C/OZ/U9HGOS8HCY40VPZVHFKKOZ.uasset" 4770
"/Game/__ExternalActors__/Maps/Lvl_SwiftJ1818/C/PC/NFJGT18P1BC25OHMXQGL9M" 4771
"D:/CodingProjects/Game Project/WeLeftTheLightsOn/Content/__ExternalActors__/Maps/Lvl_SwiftJ1818/C/PC/NFJGT18P1BC25OHMXQGL9M.uasset" 4772
"/Game/__ExternalActors__/Maps/Lvl_SwiftJ1818/C/RP/6R76PQ6KM9AFMXS8OVB99C" 4773
"D:/CodingProjects/Game Project/WeLeftTheLightsOn/Content/__ExternalActors__/Maps/Lvl_SwiftJ1818/C/RP/6R76PQ6KM9AFMXS8OVB99C.uasset" 4774
"/Game/__ExternalActors__/Maps/Lvl_SwiftJ1818/C/RV/HU8FO0KPJR5X9GT85PBA2J" 4775
"D:/CodingProjects/Game Project/WeLeftTheLightsOn/Content/__ExternalActors__/Maps/Lvl_SwiftJ1818/C/RV/HU8FO0KPJR5X9GT85PBA2J.uasset" 4776
"/Game/__ExternalActors__/Maps/Lvl_SwiftJ1818/C/WL/APMYF1EUMR6N47LBEDGO2I" 4777
"D:/CodingProjects/Game Project/WeLeftTheLightsOn/Content/__ExternalActors__/Maps/Lvl_SwiftJ1818/C/WL/APMYF1EUMR6N47LBEDGO2I.uasset" 4778
"/Game/__ExternalActors__/Maps/Lvl_SwiftJ1818/C/XT/CONC30ZTMGBUNAK7OTF5DJ" 4779
"D:/CodingProjects/Game Project/WeLeftTheLightsOn/Content/__ExternalActors__/Maps/Lvl_SwiftJ1818/C/XT/CONC30ZTMGBUNAK7OTF5DJ.uasset" 4780
"/Game/__ExternalActors__/Maps/Lvl_SwiftJ1818/C/XZ/0DH1GBVS5IA5YARTHQP3W7" 4781
"D:/CodingProjects/Game Project/WeLeftTheLightsOn/Content/__ExternalActors__/Maps/Lvl_SwiftJ1818/C/XZ/0DH1GBVS5IA5YARTHQP3W7.uasset" 4782
"/Game/__ExternalActors__/Maps/Lvl_SwiftJ1818/D/0Y/DPP3B67OKZJ28ZLYXKWUFI" 4783
"D:/CodingProjects/Game Project/WeLeftTheLightsOn/Content/__ExternalActors__/Maps/Lvl_SwiftJ1818/D/0Y/DPP3B67OKZJ28ZLYXKWUFI.uasset" 4784
"/Game/__ExternalActors__/Maps/Lvl_SwiftJ1818/D/22/8I9MVPXR6K2VSVXXVAK87S" 4785
"D:/CodingProjects/Game Project/WeLeftTheLightsOn/Content/__ExternalActors__/Maps/Lvl_SwiftJ1818/D/22/8I9MVPXR6K2VSVXXVAK87S.uasset" 4786
"/Game/__ExternalActors__/Maps/Lvl_SwiftJ1818/D/5W/X4F2A2FHQ9U5A4A7SI5NUO" 4787
"D:/CodingProjects/Game Project/WeLeftTheLightsOn/Content/__ExternalActors__/Maps/Lvl_SwiftJ1818/D/5W/X4F2A2FHQ9U5A4A7SI5NUO.uasset" 4788
"/Game/__ExternalActors__/Maps/Lvl_SwiftJ1818/D/CL/F95PO6OCL6XYJF0MIKE6UM" 4789
"D:/CodingProjects/Game Project/WeLeftTheLightsOn/Content/__ExternalActors__/Maps/Lvl_SwiftJ1818/D/CL/F95PO6OCL6XYJF0MIKE6UM.uasset" 4790
"/Game/__ExternalActors__/Maps/Lvl_SwiftJ1818/D/HF/14X5J2B2H5SMGVMLJMFDBX" 4791
"D:/CodingProjects/Game Project/WeLeftTheLightsOn/Content/__ExternalActors__/Maps/Lvl_SwiftJ1818/D/HF/14X5J2B2H5SMGVMLJMFDBX.uasset" 4792
"/Game/__ExternalActors__/Maps/Lvl_SwiftJ1818/D/LY/D8VUUOQB6J41MGAHI93RYT" 4793
"D:/CodingProjects/Game Project/WeLeftTheLightsOn/Content/__ExternalActors__/Maps/Lvl_SwiftJ1818/D/LY/D8VUUOQB6J41MGAHI93RYT.uasset" 4794
"/Game/__ExternalActors__/Maps/Lvl_SwiftJ1818/D/N7/CPLJY9VS4MDDLXYLE1PA7A" 4795
"D:/CodingProjects/Game Project/WeLeftTheLightsOn/Content/__ExternalActors__/Maps/Lvl_SwiftJ1818/D/N7/CPLJY9VS4MDDLXYLE1PA7A.uasset" 4796
"/Game/__ExternalActors__/Maps/Lvl_SwiftJ1818/D/NG/MLBCHWH0KKADU08CY1FY4D" 4797
"D:/CodingProjects/Game Project/WeLeftTheLightsOn/Content/__ExternalActors__/Maps/Lvl_SwiftJ1818/D/NG/MLBCHWH0KKADU08CY1FY4D.uasset" 4798
"/Game/__ExternalActors__/Maps/Lvl_SwiftJ1818/D/OR/UJWAP030V80RZK03ACGGNP" 4799
"D:/CodingProjects/Game Project/WeLeftTheLightsOn/Content/__ExternalActors__/Maps/Lvl_SwiftJ1818/D/OR/UJWAP030V80RZK03ACGGNP.uasset" 4800
"/Game/__ExternalActors__/Maps/Lvl_SwiftJ1818/D/PH/LX76JDX9QNVPCU2ORB9ITE" 4801
"D:/CodingProjects/Game Project/WeLeftTheLightsOn/Content/__ExternalActors__/Maps/Lvl_SwiftJ1818/D/PH/LX76JDX9QNVPCU2ORB9ITE.uasset" 4802
"/Game/__ExternalActors__/Maps/Lvl_SwiftJ1818/D/SL/W3VYPU2OLNGUY344ICX1CP" 4803
"D:/CodingProjects/Game Project/WeLeftTheLightsOn/Content/__ExternalActors__/Maps/Lvl_SwiftJ1818/D/SL/W3VYPU2OLNGUY344ICX1CP.uasset" 4804
"/Game/__ExternalActors__/Maps/Lvl_SwiftJ1818/D/TE/INV3OF9OJ5I5Q124UTB4SV" 4805
"D:/CodingProjects/Game Project/WeLeftTheLightsOn/Content/__ExternalActors__/Maps/Lvl_SwiftJ1818/D/TE/INV3OF9OJ5I5Q124UTB4SV.uasset" 4806
"/Game/__ExternalActors__/Maps/Lvl_SwiftJ1818/D/XQ/AF45VA6JP7IPXCD2HPA99B" 4807
"D:/CodingProjects/Game Project/WeLeftTheLightsOn/Content/__ExternalActors__/Maps/Lvl_SwiftJ1818/D/XQ/AF45VA6JP7IPXCD2HPA99B.uasset" 4808
"/Game/__ExternalActors__/Maps/Lvl_SwiftJ1818/D/YI/WG1QDYY23CMU84LK0Z3L5X" 4809
"D:/CodingProjects/Game Project/WeLeftTheLightsOn/Content/__ExternalActors__/Maps/Lvl_SwiftJ1818/D/YI/WG1QDYY23CMU84LK0Z3L5X.uasset" 4810
"/Game/__ExternalActors__/Maps/Lvl_SwiftJ1818/E/1S/EZ3EGTBNK4O2VV9Q9YA1CG" 4811
"D:/CodingProjects/Game Project/WeLeftTheLightsOn/Content/__ExternalActors__/Maps/Lvl_SwiftJ1818/E/1S/EZ3EGTBNK4O2VV9Q9YA1CG.uasset" 4812
"/Game/__ExternalActors__/Maps/Lvl_SwiftJ1818/E/29/JCH1M1BR0YEETUWJ6FX75O" 4813
"D:/CodingProjects/Game Project/WeLeftTheLightsOn/Content/__ExternalActors__/Maps/Lvl_SwiftJ1818/E/29/JCH1M1BR0YEETUWJ6FX75O.uasset" 4814
"/Game/__ExternalActors__/Maps/Lvl_SwiftJ1818/E/4H/XKD56JVI5GMQEP75NESLFR" 4815
"D:/CodingProjects/Game Project/WeLeftTheLightsOn/Content/__ExternalActors__/Maps/Lvl_SwiftJ1818/E/4H/XKD56JVI5GMQEP75NESLFR.uasset" 4816
"/Game/__ExternalActors__/Maps/Lvl_SwiftJ1818/E/EO/0EMYO7SC17MZNXWRIBXZBJ" 4817
"D:/CodingProjects/Game Project/WeLeftTheLightsOn/Content/__ExternalActors__/Maps/Lvl_SwiftJ1818/E/EO/0EMYO7SC17MZNXWRIBXZBJ.uasset" 4818
"/Game/__ExternalActors__/Maps/Lvl_SwiftJ1818/E/F4/9DONPWMF8816DDLFXNFROB" 4819
"D:/CodingProjects/Game Project/WeLeftTheLightsOn/Content/__ExternalActors__/Maps/Lvl_SwiftJ1818/E/F4/9DONPWMF8816DDLFXNFROB.uasset" 4820
"/Game/__ExternalActors__/Maps/Lvl_SwiftJ1818/E/HN/55LJ5IN4CXPF1MVDCFSLYJ" 4821
"D:/CodingProjects/Game Project/WeLeftTheLightsOn/Content/__ExternalActors__/Maps/Lvl_SwiftJ1818/E/HN/55LJ5IN4CXPF1MVDCFSLYJ.uasset" 4822
"/Game/__ExternalActors__/Maps/Lvl_SwiftJ1818/E/NS/3KFA93RJ1PO5NZDNL5H61B" 4823
"D:/CodingProjects/Game Project/WeLeftTheLightsOn/Content/__ExternalActors__/Maps/Lvl_SwiftJ1818/E/NS/3KFA93RJ1PO5NZDNL5H61B.uasset" 4824
"D:/CodingProjects/Game Project/WeLeftTheLightsOn/Content/Maps/Assets/malware_empire_core/StaticMeshes/malware_empire_core.uasset" 4825
"D:/CodingProjects/Game Project/WeLeftTheLightsOn/Content/Maps/Assets/malware_empire_core/Materials/c3a2e_TeleporterTower.uasset" 4826
"D:/CodingProjects/Game Project/WeLeftTheLightsOn/Content/Maps/Assets/malware_empire_core/Materials/Material_002.uasset" 4827
"D:/CodingProjects/Game Project/WeLeftTheLightsOn/Content/Maps/Assets/malware_empire_core/Materials/Material_003.uasset" 4828
"D:/CodingProjects/Game Project/WeLeftTheLightsOn/Content/Maps/Assets/malware_empire_core/Materials/Material_1.uasset" 4829
"D:/CodingProjects/Game Project/WeLeftTheLightsOn/Content/Maps/Assets/malware_empire_core/Materials/Material_2.uasset" 4830
"D:/CodingProjects/Game Project/WeLeftTheLightsOn/Content/Maps/Assets/malware_empire_core/Textures/malware_empire_core_texture_5.uasset" 4831
"D:/CodingProjects/Game Project/WeLeftTheLightsOn/Content/Maps/Assets/malware_empire_core/Textures/malware_empire_core_texture_6.uasset" 4832
"D:/CodingProjects/Game Project/WeLeftTheLightsOn/Content/Maps/Assets/malware_empire_core/Textures/malware_empire_core_texture_0.uasset" 4833
"D:/CodingProjects/Game Project/WeLeftTheLightsOn/Content/Maps/Assets/malware_empire_core/Textures/malware_empire_core_texture_1.uasset" 4834
"D:/CodingProjects/Game Project/WeLeftTheLightsOn/Content/Maps/Assets/malware_empire_core/Textures/malware_empire_core_texture_2.uasset" 4835
"D:/CodingProjects/Game Project/WeLeftTheLightsOn/Content/Maps/Assets/malware_empire_core/Textures/malware_empire_core_texture_3.uasset" 4836
"D:/CodingProjects/Game Project/WeLeftTheLightsOn/Content/Maps/Assets/malware_empire_core/Textures/malware_empire_core_texture_4.uasset" 4837
"/Game/__ExternalActors__/Maps/Lvl_SwiftJ1818/E/PB/FY5GBMW1KI978O1HPVNT38" 4838
"D:/CodingProjects/Game Project/WeLeftTheLightsOn/Content/__ExternalActors__/Maps/Lvl_SwiftJ1818/E/PB/FY5GBMW1KI978O1HPVNT38.uasset" 4839
"/Game/__ExternalActors__/Maps/Lvl_SwiftJ1818/E/SD/6GQB2V32M9SSE98CZEGJ03" 4840
"D:/CodingProjects/Game Project/WeLeftTheLightsOn/Content/__ExternalActors__/Maps/Lvl_SwiftJ1818/E/SD/6GQB2V32M9SSE98CZEGJ03.uasset" 4841
"/Game/__ExternalActors__/Maps/Lvl_SwiftJ1818/E/SV/KI24X9WH1CUEQRY0N5RUEN" 4842
"D:/CodingProjects/Game Project/WeLeftTheLightsOn/Content/__ExternalActors__/Maps/Lvl_SwiftJ1818/E/SV/KI24X9WH1CUEQRY0N5RUEN.uasset" 4843
"/Game/__ExternalActors__/Maps/Lvl_SwiftJ1818/E/UF/T4S2VTXGUINK1ZFHDVIENM" 4844
"D:/CodingProjects/Game Project/WeLeftTheLightsOn/Content/__ExternalActors__/Maps/Lvl_SwiftJ1818/E/UF/T4S2VTXGUINK1ZFHDVIENM.uasset" 4845
"/Game/__ExternalActors__/Maps/Lvl_SwiftJ1818/E/XJ/5YV0H5XUV6EG56X2KG3CNL" 4846
"D:/CodingProjects/Game Project/WeLeftTheLightsOn/Content/__ExternalActors__/Maps/Lvl_SwiftJ1818/E/XJ/5YV0H5XUV6EG56X2KG3CNL.uasset" 4847
"/Engine/EditorResources/EmptyActor" 4848
"../../../Engine/Content/EditorResources/EmptyActor.uasset" 4849
"/Engine/EditorResources/LightIcons/S_LightError" 4850
"../../../Engine/Content/EditorResources/LightIcons/S_LightError.uasset" 4851
"/Water/Icons/WaterBodyLakeSprite" 4852
"../../Plugins/Experimental/Water/Content/Icons/WaterBodyLakeSprite.uasset" 4853
"/InterchangeAssets/gltf/MaterialInstances/MI_ClearCoat_Mask" 4854
"/InterchangeAssets/gltf/MaterialInstances/MI_ClearCoat_Mask_DS" 4855
"/InterchangeAssets/gltf/MaterialInstances/MI_ClearCoat_Blend_DS" 4856
"/InterchangeAssets/gltf/MaterialInstances/MI_Default_Mask" 4857
"/InterchangeAssets/gltf/MaterialInstances/MI_Default_Mask_DS" 4858
"/InterchangeAssets/gltf/MaterialFunctions/MF_Sheen" 4859
"/InterchangeAssets/gltf/MaterialBodies/MF_Sheen_Body" 4860
"/InterchangeAssets/gltf/M_Sheen" 4861
"/InterchangeAssets/gltf/MaterialInstances/MI_Sheen_Opaque" 4862
"/InterchangeAssets/gltf/MaterialInstances/MI_Sheen_Mask" 4863
"/InterchangeAssets/gltf/MaterialInstances/MI_Sheen_Blend" 4864
"/InterchangeAssets/gltf/MaterialInstances/MI_Sheen_Opaque_DS" 4865
"/InterchangeAssets/gltf/MaterialInstances/MI_Sheen_Mask_DS" 4866
"/InterchangeAssets/gltf/MaterialInstances/MI_Sheen_Blend_DS" 4867
"/InterchangeAssets/gltf/MaterialFunctions/MF_PerceivedBrightness" 4868
"/InterchangeAssets/gltf/MaterialFunctions/MF_SpecGlossToMetalRoughness" 4869
"/InterchangeAssets/gltf/MaterialFunctions/MF_MaxComponentValue" 4870
"/InterchangeAssets/gltf/MaterialFunctions/MF_DiffuseSpecGloss" 4871
"/InterchangeAssets/gltf/MaterialBodies/MF_SpecularGlossiness_Body" 4872
"/InterchangeAssets/gltf/M_SpecularGlossiness" 4873
"/InterchangeAssets/gltf/MaterialInstances/MI_SpecularGlossiness_Mask" 4874
"/InterchangeAssets/gltf/MaterialInstances/MI_SpecularGlossiness_Opaque" 4875
"../../../Engine/Plugins/Interchange/Assets/Content/gltf/MaterialInstances/MI_SpecularGlossiness_Blend_DS.uasset" 4876
"../../../Engine/Plugins/Interchange/Assets/Content/Functions/MX_TransmissionSurface.uasset" 4877
"../../../Engine/Plugins/Interchange/Assets/Content/gltf/MaterialInstances/MI_Unlit_Opaque.uasset" 4878
"../../../Engine/Plugins/Interchange/Assets/Content/Functions/MX_Transmission.uasset" 4879
"../../../Engine/Plugins/Interchange/Assets/Content/gltf/MaterialInstances/MI_SpecularGlossiness_Opaque_DS.uasset" 4880
"../../../Engine/Content/Functions/Engine_MaterialFunctions01/Volumetrics/BeersLaw.uasset" 4881
"../../../Engine/Content/Functions/Substrate/MF_SchlickInternal.uasset" 4882
"../../../Engine/Plugins/Interchange/Assets/Content/Functions/MF_OrenNayerView.uasset" 4883
"../../../Engine/Plugins/Interchange/Assets/Content/gltf/MaterialInstances/MI_Unlit_Blend.uasset" 4884
"../../../Engine/Plugins/Interchange/Assets/Content/gltf/MaterialInstances/MI_Unlit_Mask_DS.uasset" 4885
"../../../Engine/Plugins/Interchange/Assets/Content/gltf/MaterialInstances/MI_Unlit_Mask.uasset" 4886
"../../../Engine/Plugins/Interchange/Assets/Content/gltf/MaterialInstances/MI_Unlit_Blend_DS.uasset" 4887
"../../../Engine/Plugins/Experimental/Water/Shaders/Private/GerstnerWaveFunctions.ush" 4888
"../../../Engine/Plugins/Interchange/Assets/Content/Functions/MX_OpenPBR_Translucent.uasset" 4889
"../../../Engine/Plugins/Experimental/Water/Shaders/Private/WaterDataFunctions.ush" 4890
"../../../Engine/Plugins/Interchange/Assets/Content/Functions/MX_StandardSurface.uasset" 4891
"../../../Engine/Plugins/Interchange/Assets/Content/gltf/MaterialInstances/MI_SpecularGlossiness_Blend.uasset" 4892
"../../../Engine/Plugins/Interchange/Assets/Content/gltf/MaterialInstances/MI_SpecularGlossiness_Mask_DS.uasset" 4893
"/InterchangeAssets/gltf/MaterialInstances/MI_SpecularGlossiness_Opaque_DS" 4894
"/InterchangeAssets/gltf/MaterialInstances/MI_SpecularGlossiness_Blend" 4895
"/InterchangeAssets/gltf/MaterialInstances/MI_Unlit_Blend_DS" 4896
"/InterchangeAssets/gltf/MaterialInstances/MI_Unlit_Mask_DS" 4897
"/InterchangeAssets/gltf/MaterialInstances/MI_Unlit_Blend" 4898
"/InterchangeAssets/gltf/MaterialInstances/MI_Unlit_Mask" 4899
"/InterchangeAssets/gltf/MaterialInstances/MI_Unlit_Opaque" 4900
"/InterchangeAssets/Functions/MX_OpenPBR_Translucent" 4901
"/InterchangeAssets/gltf/MaterialInstances/MI_SpecularGlossiness_Blend_DS" 4902
"/InterchangeAssets/gltf/MaterialInstances/MI_SpecularGlossiness_Mask_DS" 4903
"../../../Engine/Plugins/Animation/ControlRig/Content/Controls/ControlRig_Arrow4_solid.uasset" 4904
"../../../Engine/Plugins/Interchange/Assets/Content/Functions/MX_OpenPBR_Opaque.uasset" 4905
"../../../Engine/Plugins/Animation/ControlRig/Content/Controls/ControlRig_Arrow2_3mm.uasset" 4906
"../../../Engine/Plugins/Animation/ControlRig/Content/Controls/ControlRig_Arrow2_solid.uasset" 4907
"../../../Engine/Plugins/Animation/ControlRig/Content/Controls/ControlRig_Arrow2_1mm.uasset" 4908
"../../../Engine/Plugins/Animation/ControlRig/Content/Controls/ControlRig_Arrow_3mm.uasset" 4909
"../../../Engine/Plugins/Animation/ControlRig/Content/Controls/ControlRig_Arrow4_3mm.uasset" 4910
"../../../Engine/Plugins/Animation/ControlRig/Content/Controls/ControlRig_Arrow4_1mm.uasset" 4911
"../../../Engine/Plugins/Animation/ControlRig/Content/Controls/ControlRig_Sphere_solid.uasset" 4912
"../../../Engine/Plugins/Animation/ControlRig/Content/Controls/ControlRig_Arrow_1mm.uasset" 4913
"/ControlRig/Controls/ControlRig_Arrow_3mm" 4914
"../../../Engine/Plugins/Animation/ControlRig/Content/Controls/ControlRig_Circle_1mm.uasset" 4915
"../../../Engine/Plugins/Animation/ControlRig/Content/Controls/ControlRig_Box_1mm.uasset" 4916
"../../../Engine/Plugins/Animation/ControlRig/Content/Controls/ControlRig_Box_solid.uasset" 4917
"../../../Engine/Plugins/Animation/ControlRig/Content/Controls/ControlRig_Circle_solid.uasset" 4918
"../../../Engine/Plugins/Animation/ControlRig/Content/Controls/ControlRig_HalfCircle_3mm.uasset" 4919
"../../../Engine/Plugins/Animation/ControlRig/Content/Controls/ControlRig_Octagon_solid.uasset" 4920
"../../../Engine/Plugins/Animation/ControlRig/Content/Controls/ControlRig_Box_3mm.uasset" 4921
"../../../Engine/Plugins/Animation/ControlRig/Content/Controls/ControlRig_Diamond_solid.uasset" 4922
"../../../Engine/Plugins/Animation/ControlRig/Content/Controls/ControlRig_Hexagon_solid.uasset" 4923
"../../../Engine/Plugins/Animation/ControlRig/Content/Controls/ControlRig_Arrow_solid.uasset" 4924
"../../../Engine/Plugins/Animation/ControlRig/Content/Controls/ControlRig_Hexagon_1mm.uasset" 4925
"../../../Engine/Plugins/Animation/ControlRig/Content/Controls/ControlRig_Pyramid_3mm.uasset" 4926
"../../../Engine/Plugins/Animation/ControlRig/Content/Controls/ControlRig_Octagon_1mm.uasset" 4927
"../../../Engine/Plugins/Animation/ControlRig/Content/Controls/ControlRig_Circle_3mm.uasset" 4928
"../../../Engine/Plugins/Animation/ControlRig/Content/Controls/ControlRig_Pyramid_1mm.uasset" 4929
"../../../Engine/Plugins/Animation/ControlRig/Content/Controls/ControlRig_HalfCircle_1mm.uasset" 4930
"../../../Engine/Plugins/Animation/ControlRig/Content/Controls/ControlRig_Pyramid_solid.uasset" 4931
"../../../Engine/Plugins/Animation/ControlRig/Content/Controls/ControlRig_Diamond_1mm.uasset" 4932
"../../../Engine/Plugins/Animation/ControlRig/Content/Controls/ControlRig_Diamond_3mm.uasset" 4933
"../../../Engine/Plugins/Animation/ControlRig/Content/Controls/ControlRig_Hexagon_3mm.uasset" 4934
"../../../Engine/Plugins/Animation/ControlRig/Content/Controls/ControlRig_HalfCircle_solid.uasset" 4935
"../../../Engine/Plugins/Animation/ControlRig/Content/Controls/ControlRig_Octagon_3mm.uasset" 4936
"/ControlRig/Controls/ControlRig_Arrow_1mm" 4937
"/ControlRig/Controls/ControlRig_Arrow4_solid" 4938
"/ControlRig/Controls/ControlRig_Arrow4_3mm" 4939
"/ControlRig/Controls/ControlRig_Arrow4_1mm" 4940
"/ControlRig/Controls/ControlRig_Arrow2_solid" 4941
"/ControlRig/Controls/ControlRig_Arrow2_3mm" 4942
"/ControlRig/Controls/ControlRig_Arrow2_1mm" 4943
"/ControlRig/Controls/ControlRig_Sphere_solid" 4944
"/InterchangeAssets/Functions/MX_OpenPBR_Opaque" 4945
"/ControlRig/Controls/ControlRig_Circle_3mm" 4946
"/ControlRig/Controls/ControlRig_Circle_1mm" 4947
"/ControlRig/Controls/ControlRig_Pyramid_solid" 4948
"/ControlRig/Controls/ControlRig_Pyramid_3mm" 4949
"/ControlRig/Controls/ControlRig_Pyramid_1mm" 4950
"/ControlRig/Controls/ControlRig_Octagon_solid" 4951
"/ControlRig/Controls/ControlRig_Octagon_3mm" 4952
"../../../Engine/Plugins/Animation/ControlRig/Content/Controls/ControlRig_QuarterCircle_3mm.uasset" 4953
"../../../Engine/Plugins/Animation/ControlRig/Content/Controls/ControlRig_RoundedTriangle_solid.uasset" 4954
"../../../Engine/Plugins/Animation/ControlRig/Content/Controls/ControlRig_RoundedSquare_solid.uasset" 4955
"../../../Engine/Plugins/Animation/ControlRig/Content/Controls/ControlRig_RoundedTriangle_3mm.uasset" 4956
"../../../Engine/Plugins/Animation/ControlRig/Content/Controls/ControlRig_QuarterCircle_1mm.uasset" 4957
"../../../Engine/Plugins/Animation/ControlRig/Content/Controls/ControlRig_QuarterCircle_solid.uasset" 4958
"../../../Engine/Plugins/Animation/ControlRig/Content/Controls/ControlRig_RoundedTriangle_1mm.uasset" 4959
"../../../Engine/Plugins/Animation/ControlRig/Content/Controls/ControlRig_RoundedSquare_3mm.uasset" 4960
"../../../Engine/Plugins/Animation/ControlRig/Content/Controls/ControlRig_RoundedSquare_1mm.uasset" 4961
"/ControlRig/Controls/ControlRig_Octagon_1mm" 4962
"/ControlRig/Controls/ControlRig_Hexagon_solid" 4963
"/ControlRig/Controls/ControlRig_Hexagon_3mm" 4964
"/ControlRig/Controls/ControlRig_Hexagon_1mm" 4965
"/ControlRig/Controls/ControlRig_HalfCircle_solid" 4966
"/ControlRig/Controls/ControlRig_HalfCircle_3mm" 4967
"/ControlRig/Controls/ControlRig_HalfCircle_1mm" 4968
"/ControlRig/Controls/ControlRig_Diamond_solid" 4969
"/ControlRig/Controls/ControlRig_Diamond_3mm" 4970
"/ControlRig/Controls/ControlRig_Diamond_1mm" 4971
"/ControlRig/Controls/ControlRig_Circle_solid" 4972
"/ControlRig/Controls/ControlRig_Box_solid" 4973
"/ControlRig/Controls/ControlRig_Box_3mm" 4974
"/ControlRig/Controls/ControlRig_Box_1mm" 4975
"/ControlRig/Controls/ControlRig_Arrow_solid" 4976
"../../../Engine/Plugins/Animation/ControlRig/Content/Controls/ControlRig_Star4_solid.uasset" 4977
"../../../Engine/Plugins/Animation/ControlRig/Content/Controls/ControlRig_Star4_3mm.uasset" 4978
"../../../Engine/Content/Maps/Entry.umap" 4979
"../../../Engine/Plugins/Animation/ControlRig/Content/Controls/ControlRig_Triangle_3mm.uasset" 4980
"../../../Engine/Plugins/Animation/ControlRig/Content/Controls/ControlRig_Wedge_solid.uasset" 4981
"../../../Engine/Plugins/Animation/ControlRig/Content/Controls/ControlRig_Square_3mm.uasset" 4982
"../../../Engine/Content/Maps/Entry_BuiltData.uasset" 4983
"../../../Engine/Plugins/Animation/ControlRig/Content/Controls/ControlRig_Star4_1mm.uasset" 4984
"../../../Engine/Plugins/Animation/ControlRig/Content/Controls/ControlRig_Sphere_1mm.uasset" 4985
"../../../Engine/Plugins/Animation/ControlRig/Content/Controls/ControlRig_Square_solid.uasset" 4986
"../../../Engine/Plugins/Animation/ControlRig/Content/Controls/ControlRig_Square_1mm.uasset" 4987
"../../../Engine/Plugins/Animation/ControlRig/Content/Controls/ControlRig_Wedge_3mm.uasset" 4988
"../../../Engine/Plugins/Animation/ControlRig/Content/Controls/ControlRig_Wedge_1mm.uasset" 4989
"../../../Engine/Plugins/Animation/ControlRig/Content/Controls/ControlRig_Triangle_1mm.uasset" 4990
"../../../Engine/Plugins/Animation/ControlRig/Content/Controls/ControlRig_Triangle_solid.uasset" 4991
"../../../Engine/Plugins/Animation/ControlRig/Content/Controls/ControlRig_Sphere_3mm.uasset" 4992
"/ControlRig/Controls/ControlRig_RoundedTriangle_solid" 4993
"/ControlRig/Controls/ControlRig_RoundedTriangle_3mm" 4994
"/ControlRig/Controls/ControlRig_RoundedTriangle_1mm" 4995
"/ControlRig/Controls/ControlRig_RoundedSquare_solid" 4996
"/ControlRig/Controls/ControlRig_RoundedSquare_3mm" 4997
"/ControlRig/Controls/ControlRig_RoundedSquare_1mm" 4998
"/ControlRig/Controls/ControlRig_QuarterCircle_solid" 4999
"/ControlRig/Controls/ControlRig_QuarterCircle_3mm" 5000
"/ControlRig/Controls/ControlRig_QuarterCircle_1mm" 5001
"/Engine/Maps/Entry" 5002
"/ControlRig/Controls/ControlRig_Wedge_solid" 5003
"/ControlRig/Controls/ControlRig_Wedge_3mm" 5004
"/ControlRig/Controls/ControlRig_Wedge_1mm" 5005
"/ControlRig/Controls/ControlRig_Triangle_solid" 5006
"/ControlRig/Controls/ControlRig_Triangle_3mm" 5007
"/ControlRig/Controls/ControlRig_Triangle_1mm" 5008
"/ControlRig/Controls/ControlRig_Star4_solid" 5009
"/ControlRig/Controls/ControlRig_Star4_3mm" 5010
"/ControlRig/Controls/ControlRig_Star4_1mm" 5011
"/ControlRig/Controls/ControlRig_Square_solid" 5012
"/ControlRig/Controls/ControlRig_Square_3mm" 5013
"/ControlRig/Controls/ControlRig_Square_1mm" 5014
"/ControlRig/Controls/ControlRig_Sphere_3mm" 5015
"/ControlRig/Controls/ControlRig_Sphere_1mm" 5016
"../../../Engine/Content/EditorMaterials/PreviewShadowIndicatorMaterial.uasset" 5017
"../../../Engine/Content/EditorMaterials/PreviewShadowIndicator.uasset" 5018
"../../../Engine/Content/EngineMaterials/Substrate/GLints/dict_16_192_64_0p5_0p02_0000_0013.uasset" 5019
"../../../Engine/Content/EngineMaterials/Substrate/GLints/dict_16_192_64_0p5_0p02_0001_0000.uasset" 5020
"../../../Engine/Content/EngineMaterials/Substrate/GLints/dict_16_192_64_0p5_0p02_0000_0004.uasset" 5021
"../../../Engine/Content/EngineMaterials/Substrate/GLints/dict_16_192_64_0p5_0p02_0001_0002.uasset" 5022
"../../../Engine/Content/EngineMaterials/Substrate/GLints/dict_16_192_64_0p5_0p02_0000_0007.uasset" 5023
"../../../Engine/Content/EngineMaterials/Substrate/GLints/dict_16_192_64_0p5_0p02_0001_0001.uasset" 5024
"../../../Engine/Content/EngineMaterials/Substrate/GLints/dict_16_192_64_0p5_0p02_0000_0000.uasset" 5025
"../../../Engine/Content/EngineMaterials/Substrate/GLints/dict_16_192_64_0p5_0p02_0000_0002.uasset" 5026
"../../../Engine/Content/EngineMaterials/Substrate/GLints/dict_16_192_64_0p5_0p02_0000_0015.uasset" 5027
"../../../Engine/Content/EngineMaterials/Substrate/GLints/dict_16_192_64_0p5_0p02_0001_0004.uasset" 5028
"../../../Engine/Content/EngineMaterials/Substrate/GLints/dict_16_192_64_0p5_0p02_0000_0008.uasset" 5029
"../../../Engine/Content/EngineMaterials/Substrate/GLints/dict_16_192_64_0p5_0p02_0001_0003.uasset" 5030
"../../../Engine/Content/EngineMaterials/Substrate/GLints/dict_16_192_64_0p5_0p02_0000_0003.uasset" 5031
"../../../Engine/Content/EngineMaterials/Substrate/GLints/dict_16_192_64_0p5_0p02_0001_0005.uasset" 5032
"../../../Engine/Content/EngineMaterials/Substrate/GLints/dict_16_192_64_0p5_0p02_0000_0001.uasset" 5033
"../../../Engine/Content/EngineMaterials/Substrate/GLints/dict_16_192_64_0p5_0p02_0000_0010.uasset" 5034
"../../../Engine/Content/EngineMaterials/Substrate/GLints/dict_16_192_64_0p5_0p02_0000_0011.uasset" 5035
"../../../Engine/Content/EngineMaterials/Substrate/GLints/dict_16_192_64_0p5_0p02_0000_0005.uasset" 5036
"../../../Engine/Content/EngineMaterials/Substrate/GLints/dict_16_192_64_0p5_0p02_0000_0009.uasset" 5037
"../../../Engine/Content/EngineMaterials/Substrate/GLints/dict_16_192_64_0p5_0p02_0000_0012.uasset" 5038
"../../../Engine/Content/EngineMaterials/Substrate/GLints/dict_16_192_64_0p5_0p02_0001_0012.uasset" 5039
"../../../Engine/Content/EngineMaterials/Substrate/GLints/dict_16_192_64_0p5_0p02_0001_0013.uasset" 5040
"../../../Engine/Content/EngineMaterials/Substrate/GLints/dict_16_192_64_0p5_0p02_0001_0010.uasset" 5041
"../../../Engine/Content/EngineMaterials/Substrate/GLints/dict_16_192_64_0p5_0p02_0001_0009.uasset" 5042
"../../../Engine/Content/EngineMaterials/Substrate/GLints/dict_16_192_64_0p5_0p02_0001_0007.uasset" 5043
"../../../Engine/Content/EngineMaterials/Substrate/GLints/dict_16_192_64_0p5_0p02_0000_0006.uasset" 5044
"../../../Engine/Content/EngineMaterials/Substrate/GLints/dict_16_192_64_0p5_0p02_0000_0014.uasset" 5045
"../../../Engine/Content/EngineMaterials/Substrate/GLints/dict_16_192_64_0p5_0p02_0001_0006.uasset" 5046
"../../../Engine/Content/EngineMaterials/Substrate/GLints/dict_16_192_64_0p5_0p02_0001_0008.uasset" 5047
"../../../Engine/Content/EngineMaterials/Substrate/GLints/dict_16_192_64_0p5_0p02_0001_0011.uasset" 5048
"/Engine/EngineMaterials/Substrate/GLints/dict_16_192_64_0p5_0p02_0001_0012" 5049
"/Engine/EngineMaterials/Substrate/GLints/dict_16_192_64_0p5_0p02_0001_0011" 5050
"/Engine/EngineMaterials/Substrate/GLints/dict_16_192_64_0p5_0p02_0001_0010" 5051
"/Engine/EngineMaterials/Substrate/GLints/dict_16_192_64_0p5_0p02_0001_0009" 5052
"/Engine/EngineMaterials/Substrate/GLints/dict_16_192_64_0p5_0p02_0001_0008" 5053
"/Engine/EngineMaterials/Substrate/GLints/dict_16_192_64_0p5_0p02_0001_0007" 5054
"/Engine/EngineMaterials/Substrate/GLints/dict_16_192_64_0p5_0p02_0000_0013" 5055
"/Engine/EngineMaterials/Substrate/GLints/dict_16_192_64_0p5_0p02_0000_0012" 5056
"/Engine/EngineMaterials/Substrate/GLints/dict_16_192_64_0p5_0p02_0000_0011" 5057
"/Engine/EngineMaterials/Substrate/GLints/dict_16_192_64_0p5_0p02_0000_0010" 5058
"/Engine/EngineMaterials/Substrate/GLints/dict_16_192_64_0p5_0p02_0000_0009" 5059
"/Engine/EngineMaterials/Substrate/GLints/dict_16_192_64_0p5_0p02_0000_0008" 5060
"/Engine/EngineMaterials/Substrate/GLints/dict_16_192_64_0p5_0p02_0000_0007" 5061
"/Engine/EngineMaterials/Substrate/GLints/dict_16_192_64_0p5_0p02_0000_0006" 5062
"/Engine/EngineMaterials/Substrate/GLints/dict_16_192_64_0p5_0p02_0000_0005" 5063
"/Engine/EngineMaterials/Substrate/GLints/dict_16_192_64_0p5_0p02_0000_0004" 5064
"/Engine/EngineMaterials/Substrate/GLints/dict_16_192_64_0p5_0p02_0000_0003" 5065
"/Engine/EngineMaterials/Substrate/GLints/dict_16_192_64_0p5_0p02_0000_0002" 5066
"/Engine/EngineMaterials/Substrate/GLints/dict_16_192_64_0p5_0p02_0000_0001" 5067
"/Engine/EngineMaterials/Substrate/GLints/dict_16_192_64_0p5_0p02_0000_0000" 5068
"/Engine/EditorMaterials/PreviewShadowIndicatorMaterial" 5069
"/Engine/EngineMaterials/Substrate/GLints/dict_16_192_64_0p5_0p02_0001_0013" 5070
"/Engine/EngineMaterials/Substrate/GLints/dict_16_192_64_0p5_0p02_0001_0006" 5071
"/Engine/EngineMaterials/Substrate/GLints/dict_16_192_64_0p5_0p02_0001_0005" 5072
"/Engine/EngineMaterials/Substrate/GLints/dict_16_192_64_0p5_0p02_0001_0004" 5073
"/Engine/EngineMaterials/Substrate/GLints/dict_16_192_64_0p5_0p02_0001_0003" 5074
"/Engine/EngineMaterials/Substrate/GLints/dict_16_192_64_0p5_0p02_0001_0002" 5075
"/Engine/EngineMaterials/Substrate/GLints/dict_16_192_64_0p5_0p02_0001_0001" 5076
"/Engine/EngineMaterials/Substrate/GLints/dict_16_192_64_0p5_0p02_0001_0000" 5077
"/Engine/EngineMaterials/Substrate/GLints/dict_16_192_64_0p5_0p02_0000_0015" 5078
"/Engine/EngineMaterials/Substrate/GLints/dict_16_192_64_0p5_0p02_0000_0014" 5079
"../../../Engine/Content/EngineMaterials/Substrate/GLints/dict_16_192_64_0p5_0p02_0003_0002.uasset" 5080
"../../../Engine/Content/EngineMaterials/Substrate/GLints/dict_16_192_64_0p5_0p02_0002_0008.uasset" 5081
"../../../Engine/Content/EngineMaterials/Substrate/GLints/dict_16_192_64_0p5_0p02_0001_0015.uasset" 5082
"../../../Engine/Content/EngineMaterials/Substrate/GLints/dict_16_192_64_0p5_0p02_0002_0010.uasset" 5083
"../../../Engine/Content/EngineMaterials/Substrate/GLints/dict_16_192_64_0p5_0p02_0002_0004.uasset" 5084
"../../../Engine/Content/EngineMaterials/Substrate/GLints/dict_16_192_64_0p5_0p02_0002_0006.uasset" 5085
"../../../Engine/Content/EngineMaterials/Substrate/GLints/dict_16_192_64_0p5_0p02_0002_0003.uasset" 5086
"../../../Engine/Content/EngineMaterials/Substrate/GLints/dict_16_192_64_0p5_0p02_0001_0014.uasset" 5087
"../../../Engine/Content/EngineMaterials/Substrate/GLints/dict_16_192_64_0p5_0p02_0002_0007.uasset" 5088
"../../../Engine/Content/EngineMaterials/Substrate/GLints/dict_16_192_64_0p5_0p02_0002_0009.uasset" 5089
"../../../Engine/Content/EngineMaterials/Substrate/GLints/dict_16_192_64_0p5_0p02_0002_0011.uasset" 5090
"../../../Engine/Content/EngineMaterials/Substrate/GLints/dict_16_192_64_0p5_0p02_0003_0001.uasset" 5091
"../../../Engine/Content/EngineMaterials/Substrate/GLints/dict_16_192_64_0p5_0p02_0003_0003.uasset" 5092
"../../../Engine/Content/EngineMaterials/Substrate/GLints/dict_16_192_64_0p5_0p02_0002_0001.uasset" 5093
"../../../Engine/Content/EngineMaterials/Substrate/GLints/dict_16_192_64_0p5_0p02_0002_0005.uasset" 5094
"../../../Engine/Content/EngineMaterials/Substrate/GLints/dict_16_192_64_0p5_0p02_0002_0002.uasset" 5095
"../../../Engine/Content/EngineMaterials/Substrate/GLints/dict_16_192_64_0p5_0p02_0003_0000.uasset" 5096
"../../../Engine/Content/EngineMaterials/Substrate/GLints/dict_16_192_64_0p5_0p02_0002_0014.uasset" 5097
"../../../Engine/Content/EngineMaterials/Substrate/GLints/dict_16_192_64_0p5_0p02_0002_0000.uasset" 5098
"../../../Engine/Content/EngineMaterials/Substrate/GLints/dict_16_192_64_0p5_0p02_0002_0013.uasset" 5099
"../../../Engine/Content/EngineMaterials/Substrate/GLints/dict_16_192_64_0p5_0p02_0002_0015.uasset" 5100
"../../../Engine/Content/EngineMaterials/Substrate/GLints/dict_16_192_64_0p5_0p02_0002_0012.uasset" 5101
"../../../Engine/Content/EngineMaterials/Substrate/GLints/dict_16_192_64_0p5_0p02_0003_0008.uasset" 5102
"../../../Engine/Content/EngineMaterials/Substrate/GLints/dict_16_192_64_0p5_0p02_0003_0006.uasset" 5103
"../../../Engine/Content/EngineMaterials/Substrate/GLints/dict_16_192_64_0p5_0p02_0003_0007.uasset" 5104
"../../../Engine/Content/EngineMaterials/Substrate/GLints/dict_16_192_64_0p5_0p02_0003_0013.uasset" 5105
"../../../Engine/Content/EngineMaterials/Substrate/GLints/dict_16_192_64_0p5_0p02_0003_0010.uasset" 5106
"../../../Engine/Content/EngineMaterials/Substrate/GLints/dict_16_192_64_0p5_0p02_0003_0011.uasset" 5107
"../../../Engine/Content/EngineMaterials/Substrate/GLints/dict_16_192_64_0p5_0p02_0003_0005.uasset" 5108
"../../../Engine/Content/EngineMaterials/Substrate/GLints/dict_16_192_64_0p5_0p02_0003_0012.uasset" 5109
"../../../Engine/Content/EngineMaterials/Substrate/GLints/dict_16_192_64_0p5_0p02_0003_0004.uasset" 5110
"../../../Engine/Content/EngineMaterials/Substrate/GLints/dict_16_192_64_0p5_0p02_0003_0009.uasset" 5111
"../../../Engine/Plugins/Animation/DeformerGraph/Shaders/Private/DataInterfaceCustomComputeKernel.ush" 5112
"../../../Engine/Plugins/Animation/DeformerGraph/Shaders/Private/DataInterfaceCloth.ush" 5113
"../../../Engine/Plugins/Animation/DeformerGraph/Shaders/Private/DataInterfaceSkinnedMeshRead.ush" 5114
"../../../Engine/Plugins/Animation/DeformerGraph/Shaders/Private/DataInterfaceSkeleton.ush" 5115
"../../../Engine/Plugins/Animation/DeformerGraph/Shaders/Private/DataInterfaceSkeletonCommon.ush" 5116
"../../../Engine/Plugins/Animation/DeformerGraph/Shaders/Private/DataInterfaceMorphTarget.ush" 5117
"../../../Engine/Plugins/Animation/DeformerGraph/Shaders/Private/DataInterfaceSkinnedMeshWrite.ush" 5118
"../../../Engine/Plugins/Animation/DeformerGraph/Shaders/Private/DataInterfaceRawBuffer.ush" 5119
"../../../Engine/Plugins/Runtime/ComputeFramework/Shaders/Private/BufferAlias.ush" 5120
"../../../Engine/Plugins/Animation/DeformerGraph/Shaders/Private/DataInterfaceSkinnedMesh.ush" 5121
"../../../Engine/Plugins/Animation/DeformerGraph/Shaders/Private/DataInterfaceHalfEdge.ush" 5122
"/Engine/EngineMaterials/Substrate/GLints/dict_16_192_64_0p5_0p02_0003_0013" 5123
"/Engine/EngineMaterials/Substrate/GLints/dict_16_192_64_0p5_0p02_0003_0012" 5124
"/Engine/EngineMaterials/Substrate/GLints/dict_16_192_64_0p5_0p02_0003_0011" 5125
"/Engine/EngineMaterials/Substrate/GLints/dict_16_192_64_0p5_0p02_0003_0010" 5126
"/Engine/EngineMaterials/Substrate/GLints/dict_16_192_64_0p5_0p02_0003_0009" 5127
"/Engine/EngineMaterials/Substrate/GLints/dict_16_192_64_0p5_0p02_0003_0008" 5128
"/Engine/EngineMaterials/Substrate/GLints/dict_16_192_64_0p5_0p02_0003_0007" 5129
"/Engine/EngineMaterials/Substrate/GLints/dict_16_192_64_0p5_0p02_0003_0006" 5130
"/Engine/EngineMaterials/Substrate/GLints/dict_16_192_64_0p5_0p02_0003_0005" 5131
"/Engine/EngineMaterials/Substrate/GLints/dict_16_192_64_0p5_0p02_0003_0004" 5132
"/Engine/EngineMaterials/Substrate/GLints/dict_16_192_64_0p5_0p02_0003_0003" 5133
"/Engine/EngineMaterials/Substrate/GLints/dict_16_192_64_0p5_0p02_0003_0002" 5134
"/Engine/EngineMaterials/Substrate/GLints/dict_16_192_64_0p5_0p02_0003_0001" 5135
"/Engine/EngineMaterials/Substrate/GLints/dict_16_192_64_0p5_0p02_0003_0000" 5136
"/Engine/EngineMaterials/Substrate/GLints/dict_16_192_64_0p5_0p02_0002_0015" 5137
"/Engine/EngineMaterials/Substrate/GLints/dict_16_192_64_0p5_0p02_0002_0014" 5138
"/Engine/EngineMaterials/Substrate/GLints/dict_16_192_64_0p5_0p02_0002_0013" 5139
"/Engine/EngineMaterials/Substrate/GLints/dict_16_192_64_0p5_0p02_0002_0012" 5140
"/Engine/EngineMaterials/Substrate/GLints/dict_16_192_64_0p5_0p02_0002_0011" 5141
"/Engine/EngineMaterials/Substrate/GLints/dict_16_192_64_0p5_0p02_0002_0010" 5142
"/Engine/EngineMaterials/Substrate/GLints/dict_16_192_64_0p5_0p02_0002_0009" 5143
"/Engine/EngineMaterials/Substrate/GLints/dict_16_192_64_0p5_0p02_0002_0008" 5144
"/Engine/EngineMaterials/Substrate/GLints/dict_16_192_64_0p5_0p02_0002_0007" 5145
"/Engine/EngineMaterials/Substrate/GLints/dict_16_192_64_0p5_0p02_0002_0006" 5146
"/Engine/EngineMaterials/Substrate/GLints/dict_16_192_64_0p5_0p02_0002_0005" 5147
"/Engine/EngineMaterials/Substrate/GLints/dict_16_192_64_0p5_0p02_0002_0004" 5148
"/Engine/EngineMaterials/Substrate/GLints/dict_16_192_64_0p5_0p02_0002_0003" 5149
"/Engine/EngineMaterials/Substrate/GLints/dict_16_192_64_0p5_0p02_0002_0002" 5150
"/Engine/EngineMaterials/Substrate/GLints/dict_16_192_64_0p5_0p02_0002_0001" 5151
"/Engine/EngineMaterials/Substrate/GLints/dict_16_192_64_0p5_0p02_0002_0000" 5152
"/Engine/EngineMaterials/Substrate/GLints/dict_16_192_64_0p5_0p02_0001_0015" 5153
"/Engine/EngineMaterials/Substrate/GLints/dict_16_192_64_0p5_0p02_0001_0014" 5154
"../../../Engine/Content/EngineMaterials/Substrate/GLints/dict_16_192_64_0p5_0p02_0003_0014.uasset" 5155
"../../../Engine/Content/EngineMaterials/Substrate/GLints/dict_16_192_64_0p5_0p02_0004_0000.uasset" 5156
"../../../Engine/Content/EngineMaterials/Substrate/GLints/dict_16_192_64_0p5_0p02_0004_0002.uasset" 5157
"../../../Engine/Content/EngineMaterials/Substrate/GLints/dict_16_192_64_0p5_0p02_0004_0004.uasset" 5158
"../../../Engine/Content/EngineMaterials/Substrate/GLints/dict_16_192_64_0p5_0p02_0003_0015.uasset" 5159
"../../../Engine/Content/EngineMaterials/Substrate/GLints/dict_16_192_64_0p5_0p02_0004_0007.uasset" 5160
"../../../Engine/Content/EngineMaterials/Substrate/GLints/dict_16_192_64_0p5_0p02_0004_0003.uasset" 5161
"../../../Engine/Content/EngineMaterials/Substrate/GLints/dict_16_192_64_0p5_0p02_0004_0008.uasset" 5162
"../../../Engine/Content/EngineMaterials/Substrate/GLints/dict_16_192_64_0p5_0p02_0004_0005.uasset" 5163
"../../../Engine/Content/EngineMaterials/Substrate/GLints/dict_16_192_64_0p5_0p02_0004_0006.uasset" 5164
"../../../Engine/Content/EngineMaterials/Substrate/GLints/dict_16_192_64_0p5_0p02_0004_0001.uasset" 5165
"../../../Engine/Content/EngineMaterials/Substrate/GLints/dict_16_192_64_0p5_0p02_0004_0010.uasset" 5166
"../../../Engine/Content/EngineMaterials/Substrate/GLints/dict_16_192_64_0p5_0p02_0004_0011.uasset" 5167
"../../../Engine/Content/EngineMaterials/Substrate/GLints/dict_16_192_64_0p5_0p02_0004_0009.uasset" 5168
"../../../Engine/Content/EngineMaterials/Substrate/GLints/dict_16_192_64_0p5_0p02_0004_0015.uasset" 5169
"../../../Engine/Content/EngineMaterials/Substrate/GLints/dict_16_192_64_0p5_0p02_0005_0012.uasset" 5170
"../../../Engine/Content/EngineMaterials/Substrate/GLints/dict_16_192_64_0p5_0p02_0005_0000.uasset" 5171
"../../../Engine/Content/EngineMaterials/Substrate/GLints/dict_16_192_64_0p5_0p02_0005_0008.uasset" 5172
"../../../Engine/Content/EngineMaterials/Substrate/GLints/dict_16_192_64_0p5_0p02_0005_0009.uasset" 5173
"../../../Engine/Content/EngineMaterials/Substrate/GLints/dict_16_192_64_0p5_0p02_0004_0014.uasset" 5174
"../../../Engine/Content/EngineMaterials/Substrate/GLints/dict_16_192_64_0p5_0p02_0005_0002.uasset" 5175
"../../../Engine/Content/EngineMaterials/Substrate/GLints/dict_16_192_64_0p5_0p02_0005_0006.uasset" 5176
"../../../Engine/Content/EngineMaterials/Substrate/GLints/dict_16_192_64_0p5_0p02_0005_0003.uasset" 5177
"../../../Engine/Content/EngineMaterials/Substrate/GLints/dict_16_192_64_0p5_0p02_0005_0001.uasset" 5178
"../../../Engine/Content/EngineMaterials/Substrate/GLints/dict_16_192_64_0p5_0p02_0005_0011.uasset" 5179
"../../../Engine/Content/EngineMaterials/Substrate/GLints/dict_16_192_64_0p5_0p02_0004_0012.uasset" 5180
"../../../Engine/Content/EngineMaterials/Substrate/GLints/dict_16_192_64_0p5_0p02_0005_0007.uasset" 5181
"../../../Engine/Content/EngineMaterials/Substrate/GLints/dict_16_192_64_0p5_0p02_0004_0013.uasset" 5182
"../../../Engine/Content/EngineMaterials/Substrate/GLints/dict_16_192_64_0p5_0p02_0005_0004.uasset" 5183
"../../../Engine/Content/EngineMaterials/Substrate/GLints/dict_16_192_64_0p5_0p02_0005_0010.uasset" 5184
"../../../Engine/Content/EngineMaterials/Substrate/GLints/dict_16_192_64_0p5_0p02_0005_0013.uasset" 5185
"../../../Engine/Content/EngineMaterials/Substrate/GLints/dict_16_192_64_0p5_0p02_0005_0005.uasset" 5186
"/Engine/EngineMaterials/Substrate/GLints/dict_16_192_64_0p5_0p02_0004_0011" 5187
"/Engine/EngineMaterials/Substrate/GLints/dict_16_192_64_0p5_0p02_0004_0010" 5188
"/Engine/EngineMaterials/Substrate/GLints/dict_16_192_64_0p5_0p02_0004_0009" 5189
"/Engine/EngineMaterials/Substrate/GLints/dict_16_192_64_0p5_0p02_0004_0008" 5190
"/Engine/EngineMaterials/Substrate/GLints/dict_16_192_64_0p5_0p02_0004_0007" 5191
"/Engine/EngineMaterials/Substrate/GLints/dict_16_192_64_0p5_0p02_0004_0006" 5192
"/Engine/EngineMaterials/Substrate/GLints/dict_16_192_64_0p5_0p02_0004_0005" 5193
"/Engine/EngineMaterials/Substrate/GLints/dict_16_192_64_0p5_0p02_0004_0004" 5194
"/Engine/EngineMaterials/Substrate/GLints/dict_16_192_64_0p5_0p02_0004_0003" 5195
"/Engine/EngineMaterials/Substrate/GLints/dict_16_192_64_0p5_0p02_0004_0002" 5196
"/Engine/EngineMaterials/Substrate/GLints/dict_16_192_64_0p5_0p02_0004_0001" 5197
"/Engine/EngineMaterials/Substrate/GLints/dict_16_192_64_0p5_0p02_0004_0000" 5198
"/Engine/EngineMaterials/Substrate/GLints/dict_16_192_64_0p5_0p02_0003_0015" 5199
"/Engine/EngineMaterials/Substrate/GLints/dict_16_192_64_0p5_0p02_0003_0014" 5200
"../../../Engine/Content/EngineMaterials/Substrate/GLints/dict_16_192_64_0p5_0p02_0006_0000.uasset" 5201
"../../../Engine/Content/EngineMaterials/Substrate/GLints/dict_16_192_64_0p5_0p02_0006_0001.uasset" 5202
"../../../Engine/Content/EngineMaterials/Substrate/GLints/dict_16_192_64_0p5_0p02_0006_0011.uasset" 5203
"../../../Engine/Content/EngineMaterials/Substrate/GLints/dict_16_192_64_0p5_0p02_0006_0005.uasset" 5204
"../../../Engine/Content/EngineMaterials/Substrate/GLints/dict_16_192_64_0p5_0p02_0005_0014.uasset" 5205
"../../../Engine/Content/EngineMaterials/Substrate/GLints/dict_16_192_64_0p5_0p02_0006_0007.uasset" 5206
"../../../Engine/Content/EngineMaterials/Substrate/GLints/dict_16_192_64_0p5_0p02_0006_0006.uasset" 5207
"../../../Engine/Content/EngineMaterials/Substrate/GLints/dict_16_192_64_0p5_0p02_0006_0009.uasset" 5208
"../../../Engine/Content/EngineMaterials/Substrate/GLints/dict_16_192_64_0p5_0p02_0006_0010.uasset" 5209
"../../../Engine/Content/EngineMaterials/Substrate/GLints/dict_16_192_64_0p5_0p02_0006_0003.uasset" 5210
"../../../Engine/Content/EngineMaterials/Substrate/GLints/dict_16_192_64_0p5_0p02_0005_0015.uasset" 5211
"../../../Engine/Content/EngineMaterials/Substrate/GLints/dict_16_192_64_0p5_0p02_0006_0004.uasset" 5212
"../../../Engine/Content/EngineMaterials/Substrate/GLints/dict_16_192_64_0p5_0p02_0006_0008.uasset" 5213
"../../../Engine/Content/EngineMaterials/Substrate/GLints/dict_16_192_64_0p5_0p02_0006_0002.uasset" 5214
"/Engine/EngineMaterials/Substrate/GLints/dict_16_192_64_0p5_0p02_0005_0013" 5215
"/Engine/EngineMaterials/Substrate/GLints/dict_16_192_64_0p5_0p02_0005_0012" 5216
"/Engine/EngineMaterials/Substrate/GLints/dict_16_192_64_0p5_0p02_0005_0011" 5217
"/Engine/EngineMaterials/Substrate/GLints/dict_16_192_64_0p5_0p02_0005_0010" 5218
"/Engine/EngineMaterials/Substrate/GLints/dict_16_192_64_0p5_0p02_0005_0009" 5219
"/Engine/EngineMaterials/Substrate/GLints/dict_16_192_64_0p5_0p02_0005_0008" 5220
"/Engine/EngineMaterials/Substrate/GLints/dict_16_192_64_0p5_0p02_0005_0007" 5221
"/Engine/EngineMaterials/Substrate/GLints/dict_16_192_64_0p5_0p02_0005_0006" 5222
"/Engine/EngineMaterials/Substrate/GLints/dict_16_192_64_0p5_0p02_0005_0005" 5223
"/Engine/EngineMaterials/Substrate/GLints/dict_16_192_64_0p5_0p02_0005_0004" 5224
"/Engine/EngineMaterials/Substrate/GLints/dict_16_192_64_0p5_0p02_0005_0003" 5225
"/Engine/EngineMaterials/Substrate/GLints/dict_16_192_64_0p5_0p02_0005_0002" 5226
"/Engine/EngineMaterials/Substrate/GLints/dict_16_192_64_0p5_0p02_0005_0001" 5227
"/Engine/EngineMaterials/Substrate/GLints/dict_16_192_64_0p5_0p02_0005_0000" 5228
"/Engine/EngineMaterials/Substrate/GLints/dict_16_192_64_0p5_0p02_0004_0015" 5229
"/Engine/EngineMaterials/Substrate/GLints/dict_16_192_64_0p5_0p02_0004_0014" 5230
"/Engine/EngineMaterials/Substrate/GLints/dict_16_192_64_0p5_0p02_0004_0013" 5231
"/Engine/EngineMaterials/Substrate/GLints/dict_16_192_64_0p5_0p02_0004_0012" 5232
"../../../Engine/Content/EngineMaterials/Substrate/GLints/dict_16_192_64_0p5_0p02_0007_0001.uasset" 5233
"../../../Engine/Content/EngineMaterials/Substrate/GLints/dict_16_192_64_0p5_0p02_0007_0004.uasset" 5234
"../../../Engine/Content/EngineMaterials/Substrate/GLints/dict_16_192_64_0p5_0p02_0007_0006.uasset" 5235
"../../../Engine/Content/EngineMaterials/Substrate/GLints/dict_16_192_64_0p5_0p02_0006_0014.uasset" 5236
"../../../Engine/Content/EngineMaterials/Substrate/GLints/dict_16_192_64_0p5_0p02_0006_0012.uasset" 5237
"../../../Engine/Content/EngineMaterials/Substrate/GLints/dict_16_192_64_0p5_0p02_0007_0013.uasset" 5238
"../../../Engine/Content/EngineMaterials/Substrate/GLints/dict_16_192_64_0p5_0p02_0007_0005.uasset" 5239
"../../../Engine/Content/EngineMaterials/Substrate/GLints/dict_16_192_64_0p5_0p02_0007_0008.uasset" 5240
"../../../Engine/Content/EngineMaterials/Substrate/GLints/dict_16_192_64_0p5_0p02_0007_0000.uasset" 5241
"../../../Engine/Content/EngineMaterials/Substrate/GLints/dict_16_192_64_0p5_0p02_0007_0007.uasset" 5242
"../../../Engine/Content/EngineMaterials/Substrate/GLints/dict_16_192_64_0p5_0p02_0006_0013.uasset" 5243
"../../../Engine/Content/EngineMaterials/Substrate/GLints/dict_16_192_64_0p5_0p02_0007_0012.uasset" 5244
"../../../Engine/Content/EngineMaterials/Substrate/GLints/dict_16_192_64_0p5_0p02_0007_0010.uasset" 5245
"../../../Engine/Content/EngineMaterials/Substrate/GLints/dict_16_192_64_0p5_0p02_0007_0011.uasset" 5246
"../../../Engine/Content/EngineMaterials/Substrate/GLints/dict_16_192_64_0p5_0p02_0007_0009.uasset" 5247
"../../../Engine/Content/EngineMaterials/Substrate/GLints/dict_16_192_64_0p5_0p02_0007_0003.uasset" 5248
"../../../Engine/Content/EngineMaterials/Substrate/GLints/dict_16_192_64_0p5_0p02_0006_0015.uasset" 5249
"../../../Engine/Content/EngineMaterials/Substrate/GLints/dict_16_192_64_0p5_0p02_0007_0002.uasset" 5250
"/Engine/EngineMaterials/Substrate/GLints/dict_16_192_64_0p5_0p02_0006_0011" 5251
"/Engine/EngineMaterials/Substrate/GLints/dict_16_192_64_0p5_0p02_0006_0010" 5252
"/Engine/EngineMaterials/Substrate/GLints/dict_16_192_64_0p5_0p02_0006_0009" 5253
"/Engine/EngineMaterials/Substrate/GLints/dict_16_192_64_0p5_0p02_0006_0008" 5254
"/Engine/EngineMaterials/Substrate/GLints/dict_16_192_64_0p5_0p02_0006_0007" 5255
"/Engine/EngineMaterials/Substrate/GLints/dict_16_192_64_0p5_0p02_0006_0006" 5256
"/Engine/EngineMaterials/Substrate/GLints/dict_16_192_64_0p5_0p02_0006_0005" 5257
"/Engine/EngineMaterials/Substrate/GLints/dict_16_192_64_0p5_0p02_0006_0004" 5258
"/Engine/EngineMaterials/Substrate/GLints/dict_16_192_64_0p5_0p02_0006_0003" 5259
"/Engine/EngineMaterials/Substrate/GLints/dict_16_192_64_0p5_0p02_0006_0002" 5260
"/Engine/EngineMaterials/Substrate/GLints/dict_16_192_64_0p5_0p02_0006_0001" 5261
"/Engine/EngineMaterials/Substrate/GLints/dict_16_192_64_0p5_0p02_0006_0000" 5262
"/Engine/EngineMaterials/Substrate/GLints/dict_16_192_64_0p5_0p02_0005_0015" 5263
"/Engine/EngineMaterials/Substrate/GLints/dict_16_192_64_0p5_0p02_0005_0014" 5264
"/Engine/EngineMaterials/Substrate/GLints/dict_16_192_64_0p5_0p02_0007_0013" 5265
"/Engine/EngineMaterials/Substrate/GLints/dict_16_192_64_0p5_0p02_0007_0012" 5266
"/Engine/EngineMaterials/Substrate/GLints/dict_16_192_64_0p5_0p02_0007_0011" 5267
"/Engine/EngineMaterials/Substrate/GLints/dict_16_192_64_0p5_0p02_0007_0010" 5268
"/Engine/EngineMaterials/Substrate/GLints/dict_16_192_64_0p5_0p02_0007_0009" 5269
"/Engine/EngineMaterials/Substrate/GLints/dict_16_192_64_0p5_0p02_0007_0008" 5270
"/Engine/EngineMaterials/Substrate/GLints/dict_16_192_64_0p5_0p02_0007_0007" 5271
"/Engine/EngineMaterials/Substrate/GLints/dict_16_192_64_0p5_0p02_0007_0006" 5272
"/Engine/EngineMaterials/Substrate/GLints/dict_16_192_64_0p5_0p02_0007_0005" 5273
"/Engine/EngineMaterials/Substrate/GLints/dict_16_192_64_0p5_0p02_0007_0004" 5274
"/Engine/EngineMaterials/Substrate/GLints/dict_16_192_64_0p5_0p02_0007_0003" 5275
"/Engine/EngineMaterials/Substrate/GLints/dict_16_192_64_0p5_0p02_0007_0002" 5276
"/Engine/EngineMaterials/Substrate/GLints/dict_16_192_64_0p5_0p02_0007_0001" 5277
"/Engine/EngineMaterials/Substrate/GLints/dict_16_192_64_0p5_0p02_0007_0000" 5278
"/Engine/EngineMaterials/Substrate/GLints/dict_16_192_64_0p5_0p02_0006_0015" 5279
"/Engine/EngineMaterials/Substrate/GLints/dict_16_192_64_0p5_0p02_0006_0014" 5280
"/Engine/EngineMaterials/Substrate/GLints/dict_16_192_64_0p5_0p02_0006_0013" 5281
"/Engine/EngineMaterials/Substrate/GLints/dict_16_192_64_0p5_0p02_0006_0012" 5282
"../../../Engine/Content/EngineMaterials/Substrate/GLints/dict_16_192_64_0p5_0p02_0007_0015.uasset" 5283
"../../../Engine/Content/EngineMaterials/Substrate/GLints/dict_16_192_64_0p5_0p02_0008_0009.uasset" 5284
"../../../Engine/Content/EngineMaterials/Substrate/GLints/dict_16_192_64_0p5_0p02_0008_0010.uasset" 5285
"../../../Engine/Content/EngineMaterials/Substrate/GLints/dict_16_192_64_0p5_0p02_0008_0007.uasset" 5286
"../../../Engine/Content/EngineMaterials/Substrate/GLints/dict_16_192_64_0p5_0p02_0008_0008.uasset" 5287
"../../../Engine/Content/EngineMaterials/Substrate/GLints/dict_16_192_64_0p5_0p02_0008_0000.uasset" 5288
"../../../Engine/Content/EngineMaterials/Substrate/GLints/dict_16_192_64_0p5_0p02_0008_0001.uasset" 5289
"../../../Engine/Content/EngineMaterials/Substrate/GLints/dict_16_192_64_0p5_0p02_0008_0002.uasset" 5290
"../../../Engine/Content/EngineMaterials/Substrate/GLints/dict_16_192_64_0p5_0p02_0008_0011.uasset" 5291
"../../../Engine/Content/EngineMaterials/Substrate/GLints/dict_16_192_64_0p5_0p02_0008_0003.uasset" 5292
"../../../Engine/Content/EngineMaterials/Substrate/GLints/dict_16_192_64_0p5_0p02_0008_0014.uasset" 5293
"../../../Engine/Content/EngineMaterials/Substrate/GLints/dict_16_192_64_0p5_0p02_0009_0001.uasset" 5294
"../../../Engine/Content/EngineMaterials/Substrate/GLints/dict_16_192_64_0p5_0p02_0008_0013.uasset" 5295
"../../../Engine/Content/EngineMaterials/Substrate/GLints/dict_16_192_64_0p5_0p02_0009_0003.uasset" 5296
"../../../Engine/Content/EngineMaterials/Substrate/GLints/dict_16_192_64_0p5_0p02_0008_0012.uasset" 5297
"../../../Engine/Content/EngineMaterials/Substrate/GLints/dict_16_192_64_0p5_0p02_0009_0000.uasset" 5298
"../../../Engine/Content/EngineMaterials/Substrate/GLints/dict_16_192_64_0p5_0p02_0009_0002.uasset" 5299
"../../../Engine/Content/EngineMaterials/Substrate/GLints/dict_16_192_64_0p5_0p02_0009_0004.uasset" 5300
"../../../Engine/Content/EngineMaterials/Substrate/GLints/dict_16_192_64_0p5_0p02_0008_0006.uasset" 5301
"../../../Engine/Content/EngineMaterials/Substrate/GLints/dict_16_192_64_0p5_0p02_0008_0015.uasset" 5302
"/Engine/EngineMaterials/Substrate/GLints/dict_16_192_64_0p5_0p02_0009_0004" 5303
"/Engine/EngineMaterials/Substrate/GLints/dict_16_192_64_0p5_0p02_0009_0003" 5304
"/Engine/EngineMaterials/Substrate/GLints/dict_16_192_64_0p5_0p02_0009_0002" 5305
"/Engine/EngineMaterials/Substrate/GLints/dict_16_192_64_0p5_0p02_0009_0001" 5306
"/Engine/EngineMaterials/Substrate/GLints/dict_16_192_64_0p5_0p02_0009_0000" 5307
"../../../Engine/Content/EngineMaterials/Substrate/GLints/dict_16_192_64_0p5_0p02_0009_0005.uasset" 5308
"/Engine/EngineMaterials/Substrate/GLints/dict_16_192_64_0p5_0p02_0008_0014" 5309
"/Engine/EngineMaterials/Substrate/GLints/dict_16_192_64_0p5_0p02_0008_0013" 5310
"/Engine/EngineMaterials/Substrate/GLints/dict_16_192_64_0p5_0p02_0008_0012" 5311
"/Engine/EngineMaterials/Substrate/GLints/dict_16_192_64_0p5_0p02_0008_0011" 5312
"/Engine/EngineMaterials/Substrate/GLints/dict_16_192_64_0p5_0p02_0008_0010" 5313
"../../../Engine/Content/EngineMaterials/Substrate/GLints/dict_16_192_64_0p5_0p02_0009_0007.uasset" 5314
"../../../Engine/Content/EngineMaterials/Substrate/GLints/dict_16_192_64_0p5_0p02_0008_0004.uasset" 5315
"../../../Engine/Content/EngineMaterials/Substrate/GLints/dict_16_192_64_0p5_0p02_0009_0006.uasset" 5316
"../../../Engine/Content/EngineMaterials/Substrate/GLints/dict_16_192_64_0p5_0p02_0008_0005.uasset" 5317
"/Engine/EngineMaterials/Substrate/GLints/dict_16_192_64_0p5_0p02_0008_0009" 5318
"/Engine/EngineMaterials/Substrate/GLints/dict_16_192_64_0p5_0p02_0008_0008" 5319
"../../../Engine/Content/EngineMaterials/Substrate/GLints/dict_16_192_64_0p5_0p02_0009_0009.uasset" 5320
"/Engine/EngineMaterials/Substrate/GLints/dict_16_192_64_0p5_0p02_0008_0007" 5321
"/Engine/EngineMaterials/Substrate/GLints/dict_16_192_64_0p5_0p02_0008_0006" 5322
"../../../Engine/Content/EngineMaterials/Substrate/GLints/dict_16_192_64_0p5_0p02_0009_0008.uasset" 5323
"../../../Engine/Content/EngineMaterials/Substrate/GLints/dict_16_192_64_0p5_0p02_0007_0014.uasset" 5324
"/Engine/EngineMaterials/Substrate/GLints/dict_16_192_64_0p5_0p02_0008_0003" 5325
"/Engine/EngineMaterials/Substrate/GLints/dict_16_192_64_0p5_0p02_0008_0002" 5326
"/Engine/EngineMaterials/Substrate/GLints/dict_16_192_64_0p5_0p02_0008_0001" 5327
"/Engine/EngineMaterials/Substrate/GLints/dict_16_192_64_0p5_0p02_0008_0000" 5328
"/Engine/EngineMaterials/Substrate/GLints/dict_16_192_64_0p5_0p02_0007_0015" 5329
"/Engine/EngineMaterials/Substrate/GLints/dict_16_192_64_0p5_0p02_0009_0009" 5330
"/Engine/EngineMaterials/Substrate/GLints/dict_16_192_64_0p5_0p02_0009_0008" 5331
"../../../Engine/Content/EngineMaterials/Substrate/GLints/dict_16_192_64_0p5_0p02_0009_0013.uasset" 5332
"../../../Engine/Content/EngineMaterials/Substrate/GLints/dict_16_192_64_0p5_0p02_0009_0011.uasset" 5333
"/Engine/EngineMaterials/Substrate/GLints/dict_16_192_64_0p5_0p02_0009_0007" 5334
"/Engine/EngineMaterials/Substrate/GLints/dict_16_192_64_0p5_0p02_0009_0006" 5335
"../../../Engine/Content/EngineMaterials/Substrate/GLints/dict_16_192_64_0p5_0p02_0009_0010.uasset" 5336
"../../../Engine/Content/EngineMaterials/Substrate/GLints/dict_16_192_64_0p5_0p02_0009_0012.uasset" 5337
"/Engine/EngineMaterials/Substrate/GLints/dict_16_192_64_0p5_0p02_0009_0005" 5338
"/Engine/EngineMaterials/Substrate/GLints/dict_16_192_64_0p5_0p02_0008_0015" 5339
"/Engine/EngineMaterials/Substrate/GLints/dict_16_192_64_0p5_0p02_0008_0005" 5340
"/Engine/EngineMaterials/Substrate/GLints/dict_16_192_64_0p5_0p02_0008_0004" 5341
"/Engine/EngineMaterials/Substrate/GLints/dict_16_192_64_0p5_0p02_0007_0014" 5342
"/Engine/EngineMaterials/Substrate/GLints/dict_16_192_64_0p5_0p02_0009_0013" 5343
"/Engine/EngineMaterials/Substrate/GLints/dict_16_192_64_0p5_0p02_0009_0012" 5344
"/Engine/EngineMaterials/Substrate/GLints/dict_16_192_64_0p5_0p02_0009_0011" 5345
"/Engine/EngineMaterials/Substrate/GLints/dict_16_192_64_0p5_0p02_0009_0010" 5346
"../../../Engine/Content/EngineMaterials/Substrate/GLints/dict_16_192_64_0p5_0p02_0010_0001.uasset" 5347
"../../../Engine/Content/EngineMaterials/Substrate/GLints/dict_16_192_64_0p5_0p02_0009_0015.uasset" 5348
"../../../Engine/Content/EngineMaterials/Substrate/GLints/dict_16_192_64_0p5_0p02_0010_0010.uasset" 5349
"../../../Engine/Content/EngineMaterials/Substrate/GLints/dict_16_192_64_0p5_0p02_0010_0006.uasset" 5350
"../../../Engine/Content/EngineMaterials/Substrate/GLints/dict_16_192_64_0p5_0p02_0010_0003.uasset" 5351
"../../../Engine/Content/EngineMaterials/Substrate/GLints/dict_16_192_64_0p5_0p02_0010_0009.uasset" 5352
"../../../Engine/Content/EngineMaterials/Substrate/GLints/dict_16_192_64_0p5_0p02_0010_0000.uasset" 5353
"/Engine/EngineMaterials/Substrate/GLints/dict_16_192_64_0p5_0p02_0010_0010" 5354
"/Engine/EngineMaterials/Substrate/GLints/dict_16_192_64_0p5_0p02_0010_0009" 5355
"../../../Engine/Content/EngineMaterials/Substrate/GLints/dict_16_192_64_0p5_0p02_0010_0011.uasset" 5356
"/Engine/EngineMaterials/Substrate/GLints/dict_16_192_64_0p5_0p02_0010_0006" 5357
"/Engine/EngineMaterials/Substrate/GLints/dict_16_192_64_0p5_0p02_0010_0003" 5358
"/Engine/EngineMaterials/Substrate/GLints/dict_16_192_64_0p5_0p02_0010_0001" 5359
"/Engine/EngineMaterials/Substrate/GLints/dict_16_192_64_0p5_0p02_0010_0000" 5360
"/Engine/EngineMaterials/Substrate/GLints/dict_16_192_64_0p5_0p02_0009_0015" 5361
"../../../Engine/Content/EngineMaterials/Substrate/GLints/dict_16_192_64_0p5_0p02_0010_0008.uasset" 5362
"/Engine/EngineMaterials/Substrate/GLints/dict_16_192_64_0p5_0p02_0010_0011" 5363
"../../../Engine/Content/EngineMaterials/Substrate/GLints/dict_16_192_64_0p5_0p02_0010_0013.uasset" 5364
"/Engine/EngineMaterials/Substrate/GLints/dict_16_192_64_0p5_0p02_0010_0008" 5365
"../../../Engine/Content/EngineMaterials/Substrate/GLints/dict_16_192_64_0p5_0p02_0010_0007.uasset" 5366
"/Engine/EngineMaterials/Substrate/GLints/dict_16_192_64_0p5_0p02_0010_0013" 5367
"/Engine/EngineMaterials/Substrate/GLints/dict_16_192_64_0p5_0p02_0010_0007" 5368
"../../../Engine/Content/EngineMaterials/Substrate/GLints/dict_16_192_64_0p5_0p02_0011_0001.uasset" 5369
"../../../Engine/Content/EngineMaterials/Substrate/GLints/dict_16_192_64_0p5_0p02_0011_0004.uasset" 5370
"../../../Engine/Content/EngineMaterials/Substrate/GLints/dict_16_192_64_0p5_0p02_0010_0015.uasset" 5371
"../../../Engine/Content/EngineMaterials/Substrate/GLints/dict_16_192_64_0p5_0p02_0011_0003.uasset" 5372
"../../../Engine/Content/EngineMaterials/Substrate/GLints/dict_16_192_64_0p5_0p02_0011_0005.uasset" 5373
"../../../Engine/Content/EngineMaterials/Substrate/GLints/dict_16_192_64_0p5_0p02_0011_0007.uasset" 5374
"../../../Engine/Content/EngineMaterials/Substrate/GLints/dict_16_192_64_0p5_0p02_0011_0009.uasset" 5375
"../../../Engine/Content/EngineMaterials/Substrate/GLints/dict_16_192_64_0p5_0p02_0011_0008.uasset" 5376
"../../../Engine/Content/EngineMaterials/Substrate/GLints/dict_16_192_64_0p5_0p02_0011_0011.uasset" 5377
"../../../Engine/Content/EngineMaterials/Substrate/GLints/dict_16_192_64_0p5_0p02_0009_0014.uasset" 5378
"../../../Engine/Content/EngineMaterials/Substrate/GLints/dict_16_192_64_0p5_0p02_0011_0002.uasset" 5379
"../../../Engine/Content/EngineMaterials/Substrate/GLints/dict_16_192_64_0p5_0p02_0011_0010.uasset" 5380
"../../../Engine/Content/EngineMaterials/Substrate/GLints/dict_16_192_64_0p5_0p02_0012_0001.uasset" 5381
"../../../Engine/Content/EngineMaterials/Substrate/GLints/dict_16_192_64_0p5_0p02_0011_0000.uasset" 5382
"../../../Engine/Content/EngineMaterials/Substrate/GLints/dict_16_192_64_0p5_0p02_0011_0015.uasset" 5383
"../../../Engine/Content/EngineMaterials/Substrate/GLints/dict_16_192_64_0p5_0p02_0011_0014.uasset" 5384
"../../../Engine/Content/EngineMaterials/Substrate/GLints/dict_16_192_64_0p5_0p02_0010_0014.uasset" 5385
"../../../Engine/Content/EngineMaterials/Substrate/GLints/dict_16_192_64_0p5_0p02_0010_0005.uasset" 5386
"../../../Engine/Content/EngineMaterials/Substrate/GLints/dict_16_192_64_0p5_0p02_0010_0012.uasset" 5387
"../../../Engine/Content/EngineMaterials/Substrate/GLints/dict_16_192_64_0p5_0p02_0012_0003.uasset" 5388
"../../../Engine/Content/EngineMaterials/Substrate/GLints/dict_16_192_64_0p5_0p02_0012_0002.uasset" 5389
"../../../Engine/Content/EngineMaterials/Substrate/GLints/dict_16_192_64_0p5_0p02_0010_0004.uasset" 5390
"../../../Engine/Content/EngineMaterials/Substrate/GLints/dict_16_192_64_0p5_0p02_0012_0004.uasset" 5391
"../../../Engine/Content/EngineMaterials/Substrate/GLints/dict_16_192_64_0p5_0p02_0012_0008.uasset" 5392
"../../../Engine/Content/EngineMaterials/Substrate/GLints/dict_16_192_64_0p5_0p02_0012_0006.uasset" 5393
"../../../Engine/Content/EngineMaterials/Substrate/GLints/dict_16_192_64_0p5_0p02_0011_0012.uasset" 5394
"../../../Engine/Content/EngineMaterials/Substrate/GLints/dict_16_192_64_0p5_0p02_0010_0002.uasset" 5395
"../../../Engine/Content/EngineMaterials/Substrate/GLints/dict_16_192_64_0p5_0p02_0012_0005.uasset" 5396
"../../../Engine/Content/EngineMaterials/Substrate/GLints/dict_16_192_64_0p5_0p02_0012_0007.uasset" 5397
"../../../Engine/Content/EngineMaterials/Substrate/GLints/dict_16_192_64_0p5_0p02_0011_0006.uasset" 5398
"../../../Engine/Content/EngineMaterials/Substrate/GLints/dict_16_192_64_0p5_0p02_0011_0013.uasset" 5399
"../../../Engine/Content/EngineMaterials/Substrate/GLints/dict_16_192_64_0p5_0p02_0012_0000.uasset" 5400
"/Engine/EngineMaterials/Substrate/GLints/dict_16_192_64_0p5_0p02_0011_0013" 5401
"/Engine/EngineMaterials/Substrate/GLints/dict_16_192_64_0p5_0p02_0011_0012" 5402
"/Engine/EngineMaterials/Substrate/GLints/dict_16_192_64_0p5_0p02_0011_0011" 5403
"/Engine/EngineMaterials/Substrate/GLints/dict_16_192_64_0p5_0p02_0011_0010" 5404
"/Engine/EngineMaterials/Substrate/GLints/dict_16_192_64_0p5_0p02_0011_0009" 5405
"/Engine/EngineMaterials/Substrate/GLints/dict_16_192_64_0p5_0p02_0011_0008" 5406
"/Engine/EngineMaterials/Substrate/GLints/dict_16_192_64_0p5_0p02_0011_0007" 5407
"/Engine/EngineMaterials/Substrate/GLints/dict_16_192_64_0p5_0p02_0011_0006" 5408
"/Engine/EngineMaterials/Substrate/GLints/dict_16_192_64_0p5_0p02_0011_0005" 5409
"/Engine/EngineMaterials/Substrate/GLints/dict_16_192_64_0p5_0p02_0011_0000" 5410
"/Engine/EngineMaterials/Substrate/GLints/dict_16_192_64_0p5_0p02_0010_0015" 5411
"/Engine/EngineMaterials/Substrate/GLints/dict_16_192_64_0p5_0p02_0010_0014" 5412
"/Engine/EngineMaterials/Substrate/GLints/dict_16_192_64_0p5_0p02_0012_0008" 5413
"/Engine/EngineMaterials/Substrate/GLints/dict_16_192_64_0p5_0p02_0010_0012" 5414
"/Engine/EngineMaterials/Substrate/GLints/dict_16_192_64_0p5_0p02_0011_0004" 5415
"/Engine/EngineMaterials/Substrate/GLints/dict_16_192_64_0p5_0p02_0012_0005" 5416
"/Engine/EngineMaterials/Substrate/GLints/dict_16_192_64_0p5_0p02_0012_0004" 5417
"/Engine/EngineMaterials/Substrate/GLints/dict_16_192_64_0p5_0p02_0012_0003" 5418
"/Engine/EngineMaterials/Substrate/GLints/dict_16_192_64_0p5_0p02_0012_0006" 5419
"/Engine/EngineMaterials/Substrate/GLints/dict_16_192_64_0p5_0p02_0012_0007" 5420
"/Engine/EngineMaterials/Substrate/GLints/dict_16_192_64_0p5_0p02_0012_0002" 5421
"/Engine/EngineMaterials/Substrate/GLints/dict_16_192_64_0p5_0p02_0010_0005" 5422
"/Engine/EngineMaterials/Substrate/GLints/dict_16_192_64_0p5_0p02_0010_0004" 5423
"/Engine/EngineMaterials/Substrate/GLints/dict_16_192_64_0p5_0p02_0012_0001" 5424
"/Engine/EngineMaterials/Substrate/GLints/dict_16_192_64_0p5_0p02_0011_0003" 5425
"/Engine/EngineMaterials/Substrate/GLints/dict_16_192_64_0p5_0p02_0011_0002" 5426
"/Engine/EngineMaterials/Substrate/GLints/dict_16_192_64_0p5_0p02_0010_0002" 5427
"/Engine/EngineMaterials/Substrate/GLints/dict_16_192_64_0p5_0p02_0012_0000" 5428
"/Engine/EngineMaterials/Substrate/GLints/dict_16_192_64_0p5_0p02_0011_0015" 5429
"/Engine/EngineMaterials/Substrate/GLints/dict_16_192_64_0p5_0p02_0011_0014" 5430
"/Engine/EngineMaterials/Substrate/GLints/dict_16_192_64_0p5_0p02_0009_0014" 5431
"/Engine/EngineMaterials/Substrate/GLints/dict_16_192_64_0p5_0p02_0011_0001" 5432
"../../../Engine/Content/EngineMaterials/Substrate/GLints/dict_16_192_64_0p5_0p02_0012_0015.uasset" 5433
"../../../Engine/Content/EngineMaterials/Substrate/GLints/dict_16_192_64_0p5_0p02_0012_0014.uasset" 5434
"../../../Engine/Content/EngineMaterials/Substrate/GLints/dict_16_192_64_0p5_0p02_0012_0012.uasset" 5435
"../../../Engine/Content/EngineMaterials/Substrate/GLints/dict_16_192_64_0p5_0p02_0013_0009.uasset" 5436
"../../../Engine/Content/EngineMaterials/Substrate/GLints/dict_16_192_64_0p5_0p02_0012_0010.uasset" 5437
"../../../Engine/Content/EngineMaterials/Substrate/GLints/dict_16_192_64_0p5_0p02_0013_0000.uasset" 5438
"../../../Engine/Content/EngineMaterials/Substrate/GLints/dict_16_192_64_0p5_0p02_0013_0014.uasset" 5439
"../../../Engine/Content/EngineMaterials/Substrate/GLints/dict_16_192_64_0p5_0p02_0012_0011.uasset" 5440
"../../../Engine/Content/EngineMaterials/Substrate/GLints/dict_16_192_64_0p5_0p02_0013_0003.uasset" 5441
"../../../Engine/Content/EngineMaterials/Substrate/GLints/dict_16_192_64_0p5_0p02_0013_0006.uasset" 5442
"../../../Engine/Content/EngineMaterials/Substrate/GLints/dict_16_192_64_0p5_0p02_0013_0010.uasset" 5443
"../../../Engine/Content/EngineMaterials/Substrate/GLints/dict_16_192_64_0p5_0p02_0012_0009.uasset" 5444
"../../../Engine/Content/EngineMaterials/Substrate/GLints/dict_16_192_64_0p5_0p02_0013_0004.uasset" 5445
"../../../Engine/Content/EngineMaterials/Substrate/GLints/dict_16_192_64_0p5_0p02_0013_0011.uasset" 5446
"../../../Engine/Content/EngineMaterials/Substrate/GLints/dict_16_192_64_0p5_0p02_0013_0012.uasset" 5447
"../../../Engine/Content/EngineMaterials/Substrate/GLints/dict_16_192_64_0p5_0p02_0012_0013.uasset" 5448
"../../../Engine/Content/EngineMaterials/Substrate/GLints/dict_16_192_64_0p5_0p02_0013_0013.uasset" 5449
"../../../Engine/Content/EngineMaterials/Substrate/GLints/dict_16_192_64_0p5_0p02_0014_0000.uasset" 5450
"../../../Engine/Content/EngineMaterials/Substrate/GLints/dict_16_192_64_0p5_0p02_0014_0004.uasset" 5451
"../../../Engine/Content/EngineMaterials/Substrate/GLints/dict_16_192_64_0p5_0p02_0014_0007.uasset" 5452
"../../../Engine/Content/EngineMaterials/Substrate/GLints/dict_16_192_64_0p5_0p02_0013_0008.uasset" 5453
"../../../Engine/Content/EngineMaterials/Substrate/GLints/dict_16_192_64_0p5_0p02_0014_0003.uasset" 5454
"../../../Engine/Content/EngineMaterials/Substrate/GLints/dict_16_192_64_0p5_0p02_0014_0008.uasset" 5455
"../../../Engine/Content/EngineMaterials/Substrate/GLints/dict_16_192_64_0p5_0p02_0014_0005.uasset" 5456
"../../../Engine/Content/EngineMaterials/Substrate/GLints/dict_16_192_64_0p5_0p02_0014_0002.uasset" 5457
"../../../Engine/Content/EngineMaterials/Substrate/GLints/dict_16_192_64_0p5_0p02_0014_0001.uasset" 5458
"../../../Engine/Content/EngineMaterials/Substrate/GLints/dict_16_192_64_0p5_0p02_0014_0006.uasset" 5459
"../../../Engine/Content/EngineMaterials/Substrate/GLints/dict_16_192_64_0p5_0p02_0013_0002.uasset" 5460
"../../../Engine/Content/EngineMaterials/Substrate/GLints/dict_16_192_64_0p5_0p02_0013_0001.uasset" 5461
"../../../Engine/Content/EngineMaterials/Substrate/GLints/dict_16_192_64_0p5_0p02_0013_0007.uasset" 5462
"../../../Engine/Content/EngineMaterials/Substrate/GLints/dict_16_192_64_0p5_0p02_0013_0005.uasset" 5463
"../../../Engine/Content/EngineMaterials/Substrate/GLints/dict_16_192_64_0p5_0p02_0013_0015.uasset" 5464
"/Engine/EngineMaterials/Substrate/GLints/dict_16_192_64_0p5_0p02_0014_0008" 5465
"/Engine/EngineMaterials/Substrate/GLints/dict_16_192_64_0p5_0p02_0014_0007" 5466
"/Engine/EngineMaterials/Substrate/GLints/dict_16_192_64_0p5_0p02_0014_0006" 5467
"/Engine/EngineMaterials/Substrate/GLints/dict_16_192_64_0p5_0p02_0014_0005" 5468
"/Engine/EngineMaterials/Substrate/GLints/dict_16_192_64_0p5_0p02_0014_0004" 5469
"/Engine/EngineMaterials/Substrate/GLints/dict_16_192_64_0p5_0p02_0014_0003" 5470
"/Engine/EngineMaterials/Substrate/GLints/dict_16_192_64_0p5_0p02_0014_0002" 5471
"/Engine/EngineMaterials/Substrate/GLints/dict_16_192_64_0p5_0p02_0014_0001" 5472
"/Engine/EngineMaterials/Substrate/GLints/dict_16_192_64_0p5_0p02_0014_0000" 5473
"/Engine/EngineMaterials/Substrate/GLints/dict_16_192_64_0p5_0p02_0013_0015" 5474
"/Engine/EngineMaterials/Substrate/GLints/dict_16_192_64_0p5_0p02_0013_0014" 5475
"/Engine/EngineMaterials/Substrate/GLints/dict_16_192_64_0p5_0p02_0013_0013" 5476
"/Engine/EngineMaterials/Substrate/GLints/dict_16_192_64_0p5_0p02_0013_0012" 5477
"/Engine/EngineMaterials/Substrate/GLints/dict_16_192_64_0p5_0p02_0013_0011" 5478
"/Engine/EngineMaterials/Substrate/GLints/dict_16_192_64_0p5_0p02_0013_0010" 5479
"/Engine/EngineMaterials/Substrate/GLints/dict_16_192_64_0p5_0p02_0013_0009" 5480
"/Engine/EngineMaterials/Substrate/GLints/dict_16_192_64_0p5_0p02_0013_0008" 5481
"/Engine/EngineMaterials/Substrate/GLints/dict_16_192_64_0p5_0p02_0013_0007" 5482
"/Engine/EngineMaterials/Substrate/GLints/dict_16_192_64_0p5_0p02_0013_0006" 5483
"/Engine/EngineMaterials/Substrate/GLints/dict_16_192_64_0p5_0p02_0013_0005" 5484
"/Engine/EngineMaterials/Substrate/GLints/dict_16_192_64_0p5_0p02_0013_0004" 5485
"/Engine/EngineMaterials/Substrate/GLints/dict_16_192_64_0p5_0p02_0013_0003" 5486
"/Engine/EngineMaterials/Substrate/GLints/dict_16_192_64_0p5_0p02_0013_0002" 5487
"/Engine/EngineMaterials/Substrate/GLints/dict_16_192_64_0p5_0p02_0013_0001" 5488
"/Engine/EngineMaterials/Substrate/GLints/dict_16_192_64_0p5_0p02_0013_0000" 5489
"/Engine/EngineMaterials/Substrate/GLints/dict_16_192_64_0p5_0p02_0012_0015" 5490
"/Engine/EngineMaterials/Substrate/GLints/dict_16_192_64_0p5_0p02_0012_0014" 5491
"/Engine/EngineMaterials/Substrate/GLints/dict_16_192_64_0p5_0p02_0012_0013" 5492
"/Engine/EngineMaterials/Substrate/GLints/dict_16_192_64_0p5_0p02_0012_0012" 5493
"/Engine/EngineMaterials/Substrate/GLints/dict_16_192_64_0p5_0p02_0012_0011" 5494
"/Engine/EngineMaterials/Substrate/GLints/dict_16_192_64_0p5_0p02_0012_0010" 5495
"/Engine/EngineMaterials/Substrate/GLints/dict_16_192_64_0p5_0p02_0012_0009" 5496
"../../../Engine/Content/EngineMaterials/Substrate/GLints/dict_16_192_64_0p5_0p02_0014_0015.uasset" 5497
"../../../Engine/Content/EngineMaterials/Substrate/GLints/dict_16_192_64_0p5_0p02_0015_0000.uasset" 5498
"../../../Engine/Content/EngineMaterials/Substrate/GLints/dict_16_192_64_0p5_0p02_0014_0010.uasset" 5499
"../../../Engine/Content/EngineMaterials/Substrate/GLints/dict_16_192_64_0p5_0p02_0015_0001.uasset" 5500
"../../../Engine/Content/EngineMaterials/Substrate/GLints/dict_16_192_64_0p5_0p02_0015_0008.uasset" 5501
"../../../Engine/Content/EngineMaterials/Substrate/GLints/dict_16_192_64_0p5_0p02_0015_0002.uasset" 5502
"../../../Engine/Content/EngineMaterials/Substrate/GLints/dict_16_192_64_0p5_0p02_0015_0004.uasset" 5503
"../../../Engine/Content/EngineMaterials/Substrate/GLints/dict_16_192_64_0p5_0p02_0015_0012.uasset" 5504
"../../../Engine/Content/EngineMaterials/Substrate/GLints/dict_16_192_64_0p5_0p02_0014_0012.uasset" 5505
"../../../Engine/Content/EngineMaterials/Substrate/GLints/dict_16_192_64_0p5_0p02_0015_0003.uasset" 5506
"../../../Engine/Content/EngineMaterials/Substrate/GLints/dict_16_192_64_0p5_0p02_0015_0011.uasset" 5507
"../../../Engine/Content/EngineMaterials/Substrate/GLints/dict_16_192_64_0p5_0p02_0014_0014.uasset" 5508
"../../../Engine/Content/EngineMaterials/Substrate/GLints/dict_16_192_64_0p5_0p02_0015_0010.uasset" 5509
"../../../Engine/Content/EngineMaterials/Substrate/GLints/dict_16_192_64_0p5_0p02_0015_0013.uasset" 5510
"../../../Engine/Content/EngineMaterials/Substrate/GLints/dict_16_192_64_0p5_0p02_0015_0009.uasset" 5511
"../../../Engine/Content/EngineMaterials/Substrate/GLints/dict_16_192_64_0p5_0p02_0014_0011.uasset" 5512
"../../../Engine/Content/EngineMaterials/Substrate/GLints/dict_16_192_64_0p5_0p02_0015_0005.uasset" 5513
"../../../Engine/Content/EngineMaterials/Substrate/GLints/dict_16_192_64_0p5_0p02_0015_0006.uasset" 5514
"../../../Engine/Content/EngineMaterials/Substrate/GLints/dict_16_192_64_0p5_0p02_0014_0013.uasset" 5515
"../../../Engine/Content/EngineMaterials/Substrate/GLints/dict_16_192_64_0p5_0p02_0015_0014.uasset" 5516
"../../../Engine/Content/EngineMaterials/Substrate/GLints/dict_16_192_64_0p5_0p02_0014_0009.uasset" 5517
"../../../Engine/Content/EngineMaterials/Substrate/GLints/dict_16_192_64_0p5_0p02_0016_0001.uasset" 5518
"../../../Engine/Content/EngineMaterials/Substrate/GLints/dict_16_192_64_0p5_0p02_0015_0015.uasset" 5519
"../../../Engine/Content/EngineMaterials/Substrate/GLints/dict_16_192_64_0p5_0p02_0016_0003.uasset" 5520
"../../../Engine/Content/EngineMaterials/Substrate/GLints/dict_16_192_64_0p5_0p02_0016_0005.uasset" 5521
"../../../Engine/Content/EngineMaterials/Substrate/GLints/dict_16_192_64_0p5_0p02_0016_0004.uasset" 5522
"../../../Engine/Content/EngineMaterials/Substrate/GLints/dict_16_192_64_0p5_0p02_0016_0002.uasset" 5523
"../../../Engine/Content/EngineMaterials/Substrate/GLints/dict_16_192_64_0p5_0p02_0016_0008.uasset" 5524
"../../../Engine/Content/EngineMaterials/Substrate/GLints/dict_16_192_64_0p5_0p02_0016_0006.uasset" 5525
"../../../Engine/Content/EngineMaterials/Substrate/GLints/dict_16_192_64_0p5_0p02_0015_0007.uasset" 5526
"../../../Engine/Content/EngineMaterials/Substrate/GLints/dict_16_192_64_0p5_0p02_0016_0007.uasset" 5527
"../../../Engine/Content/EngineMaterials/Substrate/GLints/dict_16_192_64_0p5_0p02_0016_0000.uasset" 5528
"/Engine/EngineMaterials/Substrate/GLints/dict_16_192_64_0p5_0p02_0016_0008" 5529
"/Engine/EngineMaterials/Substrate/GLints/dict_16_192_64_0p5_0p02_0016_0007" 5530
"/Engine/EngineMaterials/Substrate/GLints/dict_16_192_64_0p5_0p02_0016_0006" 5531
"/Engine/EngineMaterials/Substrate/GLints/dict_16_192_64_0p5_0p02_0016_0005" 5532
"/Engine/EngineMaterials/Substrate/GLints/dict_16_192_64_0p5_0p02_0016_0004" 5533
"/Engine/EngineMaterials/Substrate/GLints/dict_16_192_64_0p5_0p02_0016_0003" 5534
"/Engine/EngineMaterials/Substrate/GLints/dict_16_192_64_0p5_0p02_0016_0002" 5535
"/Engine/EngineMaterials/Substrate/GLints/dict_16_192_64_0p5_0p02_0016_0001" 5536
"/Engine/EngineMaterials/Substrate/GLints/dict_16_192_64_0p5_0p02_0016_0000" 5537
"/Engine/EngineMaterials/Substrate/GLints/dict_16_192_64_0p5_0p02_0015_0015" 5538
"/Engine/EngineMaterials/Substrate/GLints/dict_16_192_64_0p5_0p02_0015_0014" 5539
"/Engine/EngineMaterials/Substrate/GLints/dict_16_192_64_0p5_0p02_0015_0013" 5540
"/Engine/EngineMaterials/Substrate/GLints/dict_16_192_64_0p5_0p02_0015_0012" 5541
"/Engine/EngineMaterials/Substrate/GLints/dict_16_192_64_0p5_0p02_0015_0011" 5542
"/Engine/EngineMaterials/Substrate/GLints/dict_16_192_64_0p5_0p02_0015_0010" 5543
"/Engine/EngineMaterials/Substrate/GLints/dict_16_192_64_0p5_0p02_0015_0009" 5544
"/Engine/EngineMaterials/Substrate/GLints/dict_16_192_64_0p5_0p02_0015_0008" 5545
"/Engine/EngineMaterials/Substrate/GLints/dict_16_192_64_0p5_0p02_0015_0007" 5546
"/Engine/EngineMaterials/Substrate/GLints/dict_16_192_64_0p5_0p02_0015_0006" 5547
"/Engine/EngineMaterials/Substrate/GLints/dict_16_192_64_0p5_0p02_0015_0005" 5548
"/Engine/EngineMaterials/Substrate/GLints/dict_16_192_64_0p5_0p02_0015_0004" 5549
"/Engine/EngineMaterials/Substrate/GLints/dict_16_192_64_0p5_0p02_0015_0003" 5550
"/Engine/EngineMaterials/Substrate/GLints/dict_16_192_64_0p5_0p02_0015_0002" 5551
"/Engine/EngineMaterials/Substrate/GLints/dict_16_192_64_0p5_0p02_0015_0001" 5552
"/Engine/EngineMaterials/Substrate/GLints/dict_16_192_64_0p5_0p02_0015_0000" 5553
"/Engine/EngineMaterials/Substrate/GLints/dict_16_192_64_0p5_0p02_0014_0015" 5554
"/Engine/EngineMaterials/Substrate/GLints/dict_16_192_64_0p5_0p02_0014_0014" 5555
"/Engine/EngineMaterials/Substrate/GLints/dict_16_192_64_0p5_0p02_0014_0013" 5556
"/Engine/EngineMaterials/Substrate/GLints/dict_16_192_64_0p5_0p02_0014_0012" 5557
"/Engine/EngineMaterials/Substrate/GLints/dict_16_192_64_0p5_0p02_0014_0011" 5558
"/Engine/EngineMaterials/Substrate/GLints/dict_16_192_64_0p5_0p02_0014_0010" 5559
"/Engine/EngineMaterials/Substrate/GLints/dict_16_192_64_0p5_0p02_0014_0009" 5560
"../../../Engine/Content/EngineMaterials/Substrate/GLints/dict_16_192_64_0p5_0p02_0016_0013.uasset" 5561
"../../../Engine/Content/EngineMaterials/Substrate/GLints/dict_16_192_64_0p5_0p02_0017_0011.uasset" 5562
"../../../Engine/Content/EngineMaterials/Substrate/GLints/dict_16_192_64_0p5_0p02_0016_0014.uasset" 5563
"../../../Engine/Content/EngineMaterials/Substrate/GLints/dict_16_192_64_0p5_0p02_0017_0013.uasset" 5564
"../../../Engine/Content/EngineMaterials/Substrate/GLints/dict_16_192_64_0p5_0p02_0017_0005.uasset" 5565
"../../../Engine/Content/EngineMaterials/Substrate/GLints/dict_16_192_64_0p5_0p02_0017_0004.uasset" 5566
"../../../Engine/Content/EngineMaterials/Substrate/GLints/dict_16_192_64_0p5_0p02_0016_0010.uasset" 5567
"../../../Engine/Content/EngineMaterials/Substrate/GLints/dict_16_192_64_0p5_0p02_0017_0007.uasset" 5568
"../../../Engine/Content/EngineMaterials/Substrate/GLints/dict_16_192_64_0p5_0p02_0017_0010.uasset" 5569
"../../../Engine/Content/EngineMaterials/Substrate/GLints/dict_16_192_64_0p5_0p02_0017_0000.uasset" 5570
"../../../Engine/Content/EngineMaterials/Substrate/GLints/dict_16_192_64_0p5_0p02_0017_0001.uasset" 5571
"../../../Engine/Content/EngineMaterials/Substrate/GLints/dict_16_192_64_0p5_0p02_0017_0014.uasset" 5572
"../../../Engine/Content/EngineMaterials/Substrate/GLints/dict_16_192_64_0p5_0p02_0016_0012.uasset" 5573
"../../../Engine/Content/EngineMaterials/Substrate/GLints/dict_16_192_64_0p5_0p02_0016_0011.uasset" 5574
"../../../Engine/Content/EngineMaterials/Substrate/GLints/dict_16_192_64_0p5_0p02_0017_0003.uasset" 5575
"../../../Engine/Content/EngineMaterials/Substrate/GLints/dict_16_192_64_0p5_0p02_0017_0002.uasset" 5576
"../../../Engine/Content/EngineMaterials/Substrate/GLints/dict_16_192_64_0p5_0p02_0017_0009.uasset" 5577
"../../../Engine/Content/EngineMaterials/Substrate/GLints/dict_16_192_64_0p5_0p02_0016_0009.uasset" 5578
"../../../Engine/Content/EngineMaterials/Substrate/GLints/dict_16_192_64_0p5_0p02_0017_0008.uasset" 5579
"../../../Engine/Content/EngineMaterials/Substrate/GLints/dict_16_192_64_0p5_0p02_0017_0012.uasset" 5580
"../../../Engine/Content/EngineMaterials/Substrate/GLints/dict_16_192_64_0p5_0p02_0016_0015.uasset" 5581
"../../../Engine/Content/EngineMaterials/Substrate/GLints/dict_16_192_64_0p5_0p02_0017_0006.uasset" 5582
"D:/CodingProjects/Game Project/WeLeftTheLightsOn/DerivedDataCache/VT/TEXTURE_7C16439390E24F1F9468894FB4D4BC55_VTCHUNK44B429B40BB45A070EB17C1259C28734996A2F49" 5583
"D:/CodingProjects/Game Project/WeLeftTheLightsOn/DerivedDataCache/VT/TEXTURE_7C16439390E24F1F9468894FB4D4BC55_VTCHUNKC0393DE8C5B4673D99D1BECB92AA8C1F72FEB491" 5584
"/Engine/EngineMaterials/Substrate/GLints/dict_16_192_64_0p5_0p02_0017_0014" 5585
"D:/CodingProjects/Game Project/WeLeftTheLightsOn/DerivedDataCache/VT/TEXTURE_7C16439390E24F1F9468894FB4D4BC55_VTCHUNK967C747FFC357A828288FA05D93CD5DCECDA891B" 5586
"D:/CodingProjects/Game Project/WeLeftTheLightsOn/DerivedDataCache/VT/TEXTURE_7C16439390E24F1F9468894FB4D4BC55_VTCHUNK2A5F9F60441DA258D18B46D59C64D5BAD50E8EE3" 5587
"/Engine/EngineMaterials/Substrate/GLints/dict_16_192_64_0p5_0p02_0017_0013" 5588
"/Engine/EngineMaterials/Substrate/GLints/dict_16_192_64_0p5_0p02_0017_0012" 5589
"/Engine/EngineMaterials/Substrate/GLints/dict_16_192_64_0p5_0p02_0017_0011" 5590
"/Engine/EngineMaterials/Substrate/GLints/dict_16_192_64_0p5_0p02_0017_0010" 5591
"/Engine/EngineMaterials/Substrate/GLints/dict_16_192_64_0p5_0p02_0017_0009" 5592
"/Engine/EngineMaterials/Substrate/GLints/dict_16_192_64_0p5_0p02_0017_0008" 5593
"/Engine/EngineMaterials/Substrate/GLints/dict_16_192_64_0p5_0p02_0017_0007" 5594
"D:/CodingProjects/Game Project/WeLeftTheLightsOn/DerivedDataCache/VT/TEXTURE_7C16439390E24F1F9468894FB4D4BC55_VTCHUNK02D4C3BCAD7DFA48AB32B8281FB06B8B83DB6275" 5595
"/Engine/EngineMaterials/Substrate/GLints/dict_16_192_64_0p5_0p02_0017_0006" 5596
"/Engine/EngineMaterials/Substrate/GLints/dict_16_192_64_0p5_0p02_0017_0005" 5597
"/Engine/EngineMaterials/Substrate/GLints/dict_16_192_64_0p5_0p02_0017_0004" 5598
"/Engine/EngineMaterials/Substrate/GLints/dict_16_192_64_0p5_0p02_0017_0003" 5599
"/Engine/EngineMaterials/Substrate/GLints/dict_16_192_64_0p5_0p02_0017_0002" 5600
"/Engine/EngineMaterials/Substrate/GLints/dict_16_192_64_0p5_0p02_0017_0001" 5601
"/Engine/EngineMaterials/Substrate/GLints/dict_16_192_64_0p5_0p02_0017_0000" 5602
"/Engine/EngineMaterials/Substrate/GLints/dict_16_192_64_0p5_0p02_0016_0015" 5603
"/Engine/EngineMaterials/Substrate/GLints/dict_16_192_64_0p5_0p02_0016_0014" 5604
"/Engine/EngineMaterials/Substrate/GLints/dict_16_192_64_0p5_0p02_0016_0013" 5605
"../../../Engine/Content/EngineMaterials/Substrate/GLints/dict_16_192_64_0p5_0p02_0018_0001.uasset" 5606
"../../../Engine/Content/EngineMaterials/Substrate/GLints/dict_16_192_64_0p5_0p02_0018_0004.uasset" 5607
"/Engine/EngineMaterials/Substrate/GLints/dict_16_192_64_0p5_0p02_0016_0012" 5608
"../../../Engine/Content/EngineMaterials/Substrate/GLints/dict_16_192_64_0p5_0p02_0018_0000.uasset" 5609
"../../../Engine/Content/EngineMaterials/Substrate/GLints/dict_16_192_64_0p5_0p02_0018_0006.uasset" 5610
"/Engine/EngineMaterials/Substrate/GLints/dict_16_192_64_0p5_0p02_0016_0011" 5611
"../../../Engine/Content/EngineMaterials/Substrate/GLints/dict_16_192_64_0p5_0p02_0018_0002.uasset" 5612
"/Engine/EngineMaterials/Substrate/GLints/dict_16_192_64_0p5_0p02_0016_0010" 5613
"../../../Engine/Content/EngineMaterials/Substrate/GLints/dict_16_192_64_0p5_0p02_0018_0007.uasset" 5614
"/Engine/EngineMaterials/Substrate/GLints/dict_16_192_64_0p5_0p02_0016_0009" 5615
"../../../Engine/Content/EngineMaterials/Substrate/GLints/dict_16_192_64_0p5_0p02_0018_0005.uasset" 5616
"../../../Engine/Content/EngineMaterials/Substrate/GLints/dict_16_192_64_0p5_0p02_0017_0015.uasset" 5617
"../../../Engine/Content/EngineMaterials/Substrate/GLints/dict_16_192_64_0p5_0p02_0018_0003.uasset" 5618
"../../../Engine/Content/EngineMaterials/Substrate/GLints/dict_16_192_64_0p5_0p02_0018_0008.uasset" 5619
"/Engine/EngineMaterials/Substrate/GLints/dict_16_192_64_0p5_0p02_0018_0008" 5620
"/Engine/EngineMaterials/Substrate/GLints/dict_16_192_64_0p5_0p02_0018_0007" 5621
"/Engine/EngineMaterials/Substrate/GLints/dict_16_192_64_0p5_0p02_0018_0006" 5622
"/Engine/EngineMaterials/Substrate/GLints/dict_16_192_64_0p5_0p02_0018_0005" 5623
"/Engine/EngineMaterials/Substrate/GLints/dict_16_192_64_0p5_0p02_0018_0004" 5624
"/Engine/EngineMaterials/Substrate/GLints/dict_16_192_64_0p5_0p02_0018_0003" 5625
"/Engine/EngineMaterials/Substrate/GLints/dict_16_192_64_0p5_0p02_0018_0002" 5626
"/Engine/EngineMaterials/Substrate/GLints/dict_16_192_64_0p5_0p02_0018_0001" 5627
"/Engine/EngineMaterials/Substrate/GLints/dict_16_192_64_0p5_0p02_0018_0000" 5628
"/Engine/EngineMaterials/Substrate/GLints/dict_16_192_64_0p5_0p02_0017_0015" 5629
"../../../Engine/Content/EngineMaterials/Substrate/GLints/dict_16_192_64_0p5_0p02_0019_0005.uasset" 5630
"../../../Engine/Content/EngineMaterials/Substrate/GLints/dict_16_192_64_0p5_0p02_0019_0007.uasset" 5631
"../../../Engine/Content/EngineMaterials/Substrate/GLints/dict_16_192_64_0p5_0p02_0019_0006.uasset" 5632
"../../../Engine/Content/EngineMaterials/Substrate/GLints/dict_16_192_64_0p5_0p02_0018_0010.uasset" 5633
"../../../Engine/Content/EngineMaterials/Substrate/GLints/dict_16_192_64_0p5_0p02_0019_0014.uasset" 5634
"../../../Engine/Content/EngineMaterials/Substrate/GLints/dict_16_192_64_0p5_0p02_0018_0014.uasset" 5635
"../../../Engine/Content/EngineMaterials/Substrate/GLints/dict_16_192_64_0p5_0p02_0019_0002.uasset" 5636
"../../../Engine/Content/EngineMaterials/Substrate/GLints/dict_16_192_64_0p5_0p02_0019_0001.uasset" 5637
"../../../Engine/Content/EngineMaterials/Substrate/GLints/dict_16_192_64_0p5_0p02_0019_0008.uasset" 5638
"../../../Engine/Content/EngineMaterials/Substrate/GLints/dict_16_192_64_0p5_0p02_0019_0010.uasset" 5639
"../../../Engine/Content/EngineMaterials/Substrate/GLints/dict_16_192_64_0p5_0p02_0018_0009.uasset" 5640
"../../../Engine/Content/EngineMaterials/Substrate/GLints/dict_16_192_64_0p5_0p02_0018_0013.uasset" 5641
"../../../Engine/Content/EngineMaterials/Substrate/GLints/dict_16_192_64_0p5_0p02_0019_0012.uasset" 5642
"../../../Engine/Content/EngineMaterials/Substrate/GLints/dict_16_192_64_0p5_0p02_0018_0012.uasset" 5643
"../../../Engine/Content/EngineMaterials/Substrate/GLints/dict_16_192_64_0p5_0p02_0018_0011.uasset" 5644
"../../../Engine/Content/EngineMaterials/Substrate/GLints/dict_16_192_64_0p5_0p02_0019_0013.uasset" 5645
"../../../Engine/Content/EngineMaterials/Substrate/GLints/dict_16_192_64_0p5_0p02_0019_0011.uasset" 5646
"../../../Engine/Content/EngineMaterials/Substrate/GLints/dict_16_192_64_0p5_0p02_0019_0003.uasset" 5647
"../../../Engine/Content/EngineMaterials/Substrate/GLints/dict_16_192_64_0p5_0p02_0019_0009.uasset" 5648
"../../../Engine/Content/EngineMaterials/Substrate/GLints/dict_16_192_64_0p5_0p02_0019_0000.uasset" 5649
"../../../Engine/Content/EngineMaterials/Substrate/GLints/dict_16_192_64_0p5_0p02_0019_0004.uasset" 5650
"../../../Engine/Content/EngineMaterials/Substrate/GLints/dict_16_192_64_0p5_0p02_0018_0015.uasset" 5651
"/Engine/EngineMaterials/Substrate/GLints/dict_16_192_64_0p5_0p02_0019_0014" 5652
"/Engine/EngineMaterials/Substrate/GLints/dict_16_192_64_0p5_0p02_0019_0013" 5653
"/Engine/EngineMaterials/Substrate/GLints/dict_16_192_64_0p5_0p02_0019_0012" 5654
"/Engine/EngineMaterials/Substrate/GLints/dict_16_192_64_0p5_0p02_0019_0011" 5655
"/Engine/EngineMaterials/Substrate/GLints/dict_16_192_64_0p5_0p02_0019_0010" 5656
"/Engine/EngineMaterials/Substrate/GLints/dict_16_192_64_0p5_0p02_0019_0009" 5657
"/Engine/EngineMaterials/Substrate/GLints/dict_16_192_64_0p5_0p02_0019_0008" 5658
"/Engine/EngineMaterials/Substrate/GLints/dict_16_192_64_0p5_0p02_0019_0007" 5659
"../../../Engine/Content/EngineMaterials/Substrate/GLints/dict_16_192_64_0p5_0p02_0020_0004.uasset" 5660
"../../../Engine/Content/EngineMaterials/Substrate/GLints/dict_16_192_64_0p5_0p02_0020_0005.uasset" 5661
"../../../Engine/Content/EngineMaterials/Substrate/GLints/dict_16_192_64_0p5_0p02_0019_0015.uasset" 5662
"/Engine/EngineMaterials/Substrate/GLints/dict_16_192_64_0p5_0p02_0019_0006" 5663
"../../../Engine/Content/EngineMaterials/Substrate/GLints/dict_16_192_64_0p5_0p02_0020_0007.uasset" 5664
"/Engine/EngineMaterials/Substrate/GLints/dict_16_192_64_0p5_0p02_0019_0005" 5665
"/Engine/EngineMaterials/Substrate/GLints/dict_16_192_64_0p5_0p02_0019_0004" 5666
"../../../Engine/Content/EngineMaterials/Substrate/GLints/dict_16_192_64_0p5_0p02_0020_0003.uasset" 5667
"../../../Engine/Content/EngineMaterials/Substrate/GLints/dict_16_192_64_0p5_0p02_0020_0000.uasset" 5668
"../../../Engine/Content/EngineMaterials/Substrate/GLints/dict_16_192_64_0p5_0p02_0020_0008.uasset" 5669
"/Engine/EngineMaterials/Substrate/GLints/dict_16_192_64_0p5_0p02_0019_0003" 5670
"../../../Engine/Content/EngineMaterials/Substrate/GLints/dict_16_192_64_0p5_0p02_0020_0006.uasset" 5671
"../../../Engine/Content/EngineMaterials/Substrate/GLints/dict_16_192_64_0p5_0p02_0020_0001.uasset" 5672
"../../../Engine/Content/EngineMaterials/Substrate/GLints/dict_16_192_64_0p5_0p02_0020_0002.uasset" 5673
"/Engine/EngineMaterials/Substrate/GLints/dict_16_192_64_0p5_0p02_0019_0002" 5674
"/Engine/EngineMaterials/Substrate/GLints/dict_16_192_64_0p5_0p02_0019_0001" 5675
"/Engine/EngineMaterials/Substrate/GLints/dict_16_192_64_0p5_0p02_0019_0000" 5676
"/Engine/EngineMaterials/Substrate/GLints/dict_16_192_64_0p5_0p02_0018_0015" 5677
"/Engine/EngineMaterials/Substrate/GLints/dict_16_192_64_0p5_0p02_0018_0014" 5678
"/Engine/EngineMaterials/Substrate/GLints/dict_16_192_64_0p5_0p02_0018_0013" 5679
"/Engine/EngineMaterials/Substrate/GLints/dict_16_192_64_0p5_0p02_0018_0012" 5680
"/Engine/EngineMaterials/Substrate/GLints/dict_16_192_64_0p5_0p02_0018_0011" 5681
"/Engine/EngineMaterials/Substrate/GLints/dict_16_192_64_0p5_0p02_0018_0010" 5682
"/Engine/EngineMaterials/Substrate/GLints/dict_16_192_64_0p5_0p02_0018_0009" 5683
"/Engine/EngineMaterials/Substrate/GLints/dict_16_192_64_0p5_0p02_0020_0008" 5684
"/Engine/EngineMaterials/Substrate/GLints/dict_16_192_64_0p5_0p02_0020_0007" 5685
"/Engine/EngineMaterials/Substrate/GLints/dict_16_192_64_0p5_0p02_0020_0006" 5686
"/Engine/EngineMaterials/Substrate/GLints/dict_16_192_64_0p5_0p02_0020_0005" 5687
"/Engine/EngineMaterials/Substrate/GLints/dict_16_192_64_0p5_0p02_0020_0004" 5688
"/Engine/EngineMaterials/Substrate/GLints/dict_16_192_64_0p5_0p02_0020_0003" 5689
"/Engine/EngineMaterials/Substrate/GLints/dict_16_192_64_0p5_0p02_0020_0002" 5690
"/Engine/EngineMaterials/Substrate/GLints/dict_16_192_64_0p5_0p02_0020_0001" 5691
"/Engine/EngineMaterials/Substrate/GLints/dict_16_192_64_0p5_0p02_0020_0000" 5692
"/Engine/EngineMaterials/Substrate/GLints/dict_16_192_64_0p5_0p02_0019_0015" 5693
"../../../Engine/Content/EngineMaterials/Substrate/GLints/dict_16_192_64_0p5_0p02_0021_0002.uasset" 5694
"../../../Engine/Content/EngineMaterials/Substrate/GLints/dict_16_192_64_0p5_0p02_0021_0006.uasset" 5695
"../../../Engine/Content/EngineMaterials/Substrate/GLints/dict_16_192_64_0p5_0p02_0021_0010.uasset" 5696
"../../../Engine/Content/EngineMaterials/Substrate/GLints/dict_16_192_64_0p5_0p02_0020_0015.uasset" 5697
"../../../Engine/Content/EngineMaterials/Substrate/GLints/dict_16_192_64_0p5_0p02_0021_0013.uasset" 5698
"/Engine/EngineMaterials/Substrate/GLints/dict_16_192_64_0p5_0p02_0021_0010" 5699
"../../../Engine/Content/EngineMaterials/Substrate/GLints/dict_16_192_64_0p5_0p02_0020_0009.uasset" 5700
"../../../Engine/Content/EngineMaterials/Substrate/GLints/dict_16_192_64_0p5_0p02_0021_0012.uasset" 5701
"../../../Engine/Content/EngineMaterials/Substrate/GLints/dict_16_192_64_0p5_0p02_0020_0010.uasset" 5702
"../../../Engine/Content/EngineMaterials/Substrate/GLints/dict_16_192_64_0p5_0p02_0021_0008.uasset" 5703
"/Engine/EngineMaterials/Substrate/GLints/dict_16_192_64_0p5_0p02_0021_0006" 5704
"../../../Engine/Content/EngineMaterials/Substrate/GLints/dict_16_192_64_0p5_0p02_0021_0005.uasset" 5705
"../../../Engine/Content/EngineMaterials/Substrate/GLints/dict_16_192_64_0p5_0p02_0021_0000.uasset" 5706
"../../../Engine/Content/EngineMaterials/Substrate/GLints/dict_16_192_64_0p5_0p02_0021_0009.uasset" 5707
"../../../Engine/Content/EngineMaterials/Substrate/GLints/dict_16_192_64_0p5_0p02_0020_0011.uasset" 5708
"../../../Engine/Content/EngineMaterials/Substrate/GLints/dict_16_192_64_0p5_0p02_0021_0004.uasset" 5709
"../../../Engine/Content/EngineMaterials/Substrate/GLints/dict_16_192_64_0p5_0p02_0021_0003.uasset" 5710
"/Engine/EngineMaterials/Substrate/GLints/dict_16_192_64_0p5_0p02_0021_0002" 5711
"../../../Engine/Content/EngineMaterials/Substrate/GLints/dict_16_192_64_0p5_0p02_0021_0001.uasset" 5712
"../../../Engine/Content/EngineMaterials/Substrate/GLints/dict_16_192_64_0p5_0p02_0020_0012.uasset" 5713
"../../../Engine/Content/EngineMaterials/Substrate/GLints/dict_16_192_64_0p5_0p02_0021_0007.uasset" 5714
"../../../Engine/Content/EngineMaterials/Substrate/GLints/dict_16_192_64_0p5_0p02_0020_0013.uasset" 5715
"../../../Engine/Content/EngineMaterials/Substrate/GLints/dict_16_192_64_0p5_0p02_0021_0014.uasset" 5716
"/Engine/EngineMaterials/Substrate/GLints/dict_16_192_64_0p5_0p02_0020_0015" 5717
"../../../Engine/Content/EngineMaterials/Substrate/GLints/dict_16_192_64_0p5_0p02_0020_0014.uasset" 5718
"/Engine/EngineMaterials/Substrate/GLints/dict_16_192_64_0p5_0p02_0021_0014" 5719
"/Engine/EngineMaterials/Substrate/GLints/dict_16_192_64_0p5_0p02_0021_0013" 5720
"/Engine/EngineMaterials/Substrate/GLints/dict_16_192_64_0p5_0p02_0021_0012" 5721
"/Engine/EngineMaterials/Substrate/GLints/dict_16_192_64_0p5_0p02_0021_0009" 5722
"/Engine/EngineMaterials/Substrate/GLints/dict_16_192_64_0p5_0p02_0021_0008" 5723
"/Engine/EngineMaterials/Substrate/GLints/dict_16_192_64_0p5_0p02_0021_0007" 5724
"/Engine/EngineMaterials/Substrate/GLints/dict_16_192_64_0p5_0p02_0021_0005" 5725
"/Engine/EngineMaterials/Substrate/GLints/dict_16_192_64_0p5_0p02_0021_0004" 5726
"/Engine/EngineMaterials/Substrate/GLints/dict_16_192_64_0p5_0p02_0021_0003" 5727
"/Engine/EngineMaterials/Substrate/GLints/dict_16_192_64_0p5_0p02_0021_0001" 5728
"/Engine/EngineMaterials/Substrate/GLints/dict_16_192_64_0p5_0p02_0021_0000" 5729
"/Engine/EngineMaterials/Substrate/GLints/dict_16_192_64_0p5_0p02_0020_0014" 5730
"/Engine/EngineMaterials/Substrate/GLints/dict_16_192_64_0p5_0p02_0020_0013" 5731
"/Engine/EngineMaterials/Substrate/GLints/dict_16_192_64_0p5_0p02_0020_0012" 5732
"/Engine/EngineMaterials/Substrate/GLints/dict_16_192_64_0p5_0p02_0020_0011" 5733
"../../../Engine/Content/EngineMaterials/Substrate/GLints/dict_16_192_64_0p5_0p02_0021_0011.uasset" 5734
"/Engine/EngineMaterials/Substrate/GLints/dict_16_192_64_0p5_0p02_0020_0010" 5735
"/Engine/EngineMaterials/Substrate/GLints/dict_16_192_64_0p5_0p02_0020_0009" 5736
"../../../Engine/Content/EngineMaterials/Substrate/GLints/dict_16_192_64_0p5_0p02_0022_0010.uasset" 5737
"../../../Engine/Content/EngineMaterials/Substrate/GLints/dict_16_192_64_0p5_0p02_0022_0004.uasset" 5738
"../../../Engine/Content/EngineMaterials/Substrate/GLints/dict_16_192_64_0p5_0p02_0022_0002.uasset" 5739
"../../../Engine/Content/EngineMaterials/Substrate/GLints/dict_16_192_64_0p5_0p02_0022_0001.uasset" 5740
"../../../Engine/Content/EngineMaterials/Substrate/GLints/dict_16_192_64_0p5_0p02_0022_0007.uasset" 5741
"../../../Engine/Content/EngineMaterials/Substrate/GLints/dict_16_192_64_0p5_0p02_0021_0015.uasset" 5742
"../../../Engine/Content/EngineMaterials/Substrate/GLints/dict_16_192_64_0p5_0p02_0022_0006.uasset" 5743
"../../../Engine/Content/EngineMaterials/Substrate/GLints/dict_16_192_64_0p5_0p02_0022_0008.uasset" 5744
"../../../Engine/Content/EngineMaterials/Substrate/GLints/dict_16_192_64_0p5_0p02_0022_0005.uasset" 5745
"../../../Engine/Content/EngineMaterials/Substrate/GLints/dict_16_192_64_0p5_0p02_0022_0000.uasset" 5746
"../../../Engine/Content/EngineMaterials/Substrate/GLints/dict_16_192_64_0p5_0p02_0022_0003.uasset" 5747
"../../../Engine/Content/EngineMaterials/Substrate/GLints/dict_16_192_64_0p5_0p02_0022_0012.uasset" 5748
"../../../Engine/Content/EngineMaterials/Substrate/GLints/dict_16_192_64_0p5_0p02_0022_0011.uasset" 5749
"../../../Engine/Content/EngineMaterials/Substrate/GLints/dict_16_192_64_0p5_0p02_0022_0009.uasset" 5750
"../../../Engine/Content/EngineMaterials/Substrate/GLints/dict_16_192_64_0p5_0p02_0022_0013.uasset" 5751
"../../../Engine/Content/EngineMaterials/Substrate/GLints/dict_16_192_64_0p5_0p02_0022_0015.uasset" 5752
"../../../Engine/Content/EngineMaterials/Substrate/GLints/dict_16_192_64_0p5_0p02_0022_0014.uasset" 5753
"../../../Engine/Content/EngineMaterials/Substrate/GLints/dict_16_192_64_0p5_0p02_0023_0001.uasset" 5754
"../../../Engine/Content/EngineMaterials/Substrate/GLints/dict_16_192_64_0p5_0p02_0023_0010.uasset" 5755
"../../../Engine/Content/EngineMaterials/Substrate/GLints/dict_16_192_64_0p5_0p02_0023_0004.uasset" 5756
"../../../Engine/Content/EngineMaterials/Substrate/GLints/dict_16_192_64_0p5_0p02_0023_0003.uasset" 5757
"../../../Engine/Content/EngineMaterials/Substrate/GLints/dict_16_192_64_0p5_0p02_0023_0007.uasset" 5758
"../../../Engine/Content/EngineMaterials/Substrate/GLints/dict_16_192_64_0p5_0p02_0023_0002.uasset" 5759
"../../../Engine/Content/EngineMaterials/Substrate/GLints/dict_16_192_64_0p5_0p02_0023_0000.uasset" 5760
"../../../Engine/Content/EngineMaterials/Substrate/GLints/dict_16_192_64_0p5_0p02_0023_0006.uasset" 5761
"../../../Engine/Content/EngineMaterials/Substrate/GLints/dict_16_192_64_0p5_0p02_0023_0012.uasset" 5762
"../../../Engine/Content/EngineMaterials/Substrate/GLints/dict_16_192_64_0p5_0p02_0023_0011.uasset" 5763
"../../../Engine/Content/EngineMaterials/Substrate/GLints/dict_16_192_64_0p5_0p02_0023_0008.uasset" 5764
"../../../Engine/Content/EngineMaterials/Substrate/GLints/dict_16_192_64_0p5_0p02_0023_0013.uasset" 5765
"../../../Engine/Content/EngineMaterials/Substrate/GLints/dict_16_192_64_0p5_0p02_0023_0009.uasset" 5766
"../../../Engine/Content/EngineMaterials/Substrate/GLints/dict_16_192_64_0p5_0p02_0023_0005.uasset" 5767
"/Engine/EngineMaterials/Substrate/GLints/dict_16_192_64_0p5_0p02_0022_0008" 5768
"/Engine/EngineMaterials/Substrate/GLints/dict_16_192_64_0p5_0p02_0022_0007" 5769
"/Engine/EngineMaterials/Substrate/GLints/dict_16_192_64_0p5_0p02_0022_0006" 5770
"/Engine/EngineMaterials/Substrate/GLints/dict_16_192_64_0p5_0p02_0022_0005" 5771
"/Engine/EngineMaterials/Substrate/GLints/dict_16_192_64_0p5_0p02_0022_0004" 5772
"/Engine/EngineMaterials/Substrate/GLints/dict_16_192_64_0p5_0p02_0022_0003" 5773
"/Engine/EngineMaterials/Substrate/GLints/dict_16_192_64_0p5_0p02_0022_0002" 5774
"/Engine/EngineMaterials/Substrate/GLints/dict_16_192_64_0p5_0p02_0022_0001" 5775
"/Engine/EngineMaterials/Substrate/GLints/dict_16_192_64_0p5_0p02_0022_0000" 5776
"/Engine/EngineMaterials/Substrate/GLints/dict_16_192_64_0p5_0p02_0021_0015" 5777
"/Engine/EngineMaterials/Substrate/GLints/dict_16_192_64_0p5_0p02_0023_0013" 5778
"/Engine/EngineMaterials/Substrate/GLints/dict_16_192_64_0p5_0p02_0023_0012" 5779
"/Engine/EngineMaterials/Substrate/GLints/dict_16_192_64_0p5_0p02_0023_0011" 5780
"/Engine/EngineMaterials/Substrate/GLints/dict_16_192_64_0p5_0p02_0021_0011" 5781
"/Engine/EngineMaterials/Substrate/GLints/dict_16_192_64_0p5_0p02_0022_0012" 5782
"/Engine/EngineMaterials/Substrate/GLints/dict_16_192_64_0p5_0p02_0023_0010" 5783
"/Engine/EngineMaterials/Substrate/GLints/dict_16_192_64_0p5_0p02_0023_0009" 5784
"/Engine/EngineMaterials/Substrate/GLints/dict_16_192_64_0p5_0p02_0023_0008" 5785
"/Engine/EngineMaterials/Substrate/GLints/dict_16_192_64_0p5_0p02_0022_0011" 5786
"/Engine/EngineMaterials/Substrate/GLints/dict_16_192_64_0p5_0p02_0023_0007" 5787
"/Engine/EngineMaterials/Substrate/GLints/dict_16_192_64_0p5_0p02_0023_0006" 5788
"/Engine/EngineMaterials/Substrate/GLints/dict_16_192_64_0p5_0p02_0023_0005" 5789
"/Engine/EngineMaterials/Substrate/GLints/dict_16_192_64_0p5_0p02_0022_0010" 5790
"/Engine/EngineMaterials/Substrate/GLints/dict_16_192_64_0p5_0p02_0023_0004" 5791
"/Engine/EngineMaterials/Substrate/GLints/dict_16_192_64_0p5_0p02_0023_0003" 5792
"/Engine/EngineMaterials/Substrate/GLints/dict_16_192_64_0p5_0p02_0022_0009" 5793
"/Engine/EngineMaterials/Substrate/GLints/dict_16_192_64_0p5_0p02_0023_0002" 5794
"/Engine/EngineMaterials/Substrate/GLints/dict_16_192_64_0p5_0p02_0023_0001" 5795
"/Engine/EngineMaterials/Substrate/GLints/dict_16_192_64_0p5_0p02_0023_0000" 5796
"/Engine/EngineMaterials/Substrate/GLints/dict_16_192_64_0p5_0p02_0022_0015" 5797
"/Engine/EngineMaterials/Substrate/GLints/dict_16_192_64_0p5_0p02_0022_0014" 5798
"/Engine/EngineMaterials/Substrate/GLints/dict_16_192_64_0p5_0p02_0022_0013" 5799
"../../../Engine/Content/EngineMaterials/Substrate/GLints/dict_16_192_64_0p5_0p02_0024_0003.uasset" 5800
"../../../Engine/Content/EngineMaterials/Substrate/GLints/dict_16_192_64_0p5_0p02_0023_0014.uasset" 5801
"../../../Engine/Content/EngineMaterials/Substrate/GLints/dict_16_192_64_0p5_0p02_0025_0000.uasset" 5802
"../../../Engine/Content/EngineMaterials/Substrate/GLints/dict_16_192_64_0p5_0p02_0024_0000.uasset" 5803
"../../../Engine/Content/EngineMaterials/Substrate/GLints/dict_16_192_64_0p5_0p02_0024_0005.uasset" 5804
"../../../Engine/Content/EngineMaterials/Substrate/GLints/dict_16_192_64_0p5_0p02_0024_0007.uasset" 5805
"../../../Engine/Content/EngineMaterials/Substrate/GLints/dict_16_192_64_0p5_0p02_0024_0014.uasset" 5806
"/Engine/EngineMaterials/Substrate/GLints/dict_16_192_64_0p5_0p02_0025_0000" 5807
"../../../Engine/Content/EngineMaterials/Substrate/GLints/dict_16_192_64_0p5_0p02_0024_0009.uasset" 5808
"../../../Engine/Content/EngineMaterials/Substrate/GLints/dict_16_192_64_0p5_0p02_0024_0012.uasset" 5809
"../../../Engine/Content/EngineMaterials/Substrate/GLints/dict_16_192_64_0p5_0p02_0024_0010.uasset" 5810
"../../../Engine/Content/EngineMaterials/Substrate/GLints/dict_16_192_64_0p5_0p02_0025_0001.uasset" 5811
"../../../Engine/Content/EngineMaterials/Substrate/GLints/dict_16_192_64_0p5_0p02_0024_0006.uasset" 5812
"../../../Engine/Content/EngineMaterials/Substrate/GLints/dict_16_192_64_0p5_0p02_0024_0004.uasset" 5813
"/Engine/EngineMaterials/Substrate/GLints/dict_16_192_64_0p5_0p02_0024_0014" 5814
"../../../Engine/Content/EngineMaterials/Substrate/GLints/dict_16_192_64_0p5_0p02_0024_0008.uasset" 5815
"../../../Engine/Content/EngineMaterials/Substrate/GLints/dict_16_192_64_0p5_0p02_0024_0002.uasset" 5816
"../../../Engine/Content/EngineMaterials/Substrate/GLints/dict_16_192_64_0p5_0p02_0025_0002.uasset" 5817
"../../../Engine/Content/EngineMaterials/Substrate/GLints/dict_16_192_64_0p5_0p02_0023_0015.uasset" 5818
"/Engine/EngineMaterials/Substrate/GLints/dict_16_192_64_0p5_0p02_0024_0007" 5819
"../../../Engine/Content/EngineMaterials/Substrate/GLints/dict_16_192_64_0p5_0p02_0024_0001.uasset" 5820
"../../../Engine/Content/EngineMaterials/Substrate/GLints/dict_16_192_64_0p5_0p02_0024_0013.uasset" 5821
"../../../Engine/Content/EngineMaterials/Substrate/GLints/dict_16_192_64_0p5_0p02_0024_0011.uasset" 5822
"/Engine/EngineMaterials/Substrate/GLints/dict_16_192_64_0p5_0p02_0024_0005" 5823
"../../../Engine/Content/EngineMaterials/Substrate/GLints/dict_16_192_64_0p5_0p02_0025_0004.uasset" 5824
"/Engine/EngineMaterials/Substrate/GLints/dict_16_192_64_0p5_0p02_0024_0003" 5825
"/Engine/EngineMaterials/Substrate/GLints/dict_16_192_64_0p5_0p02_0024_0000" 5826
"/Engine/EngineMaterials/Substrate/GLints/dict_16_192_64_0p5_0p02_0023_0014" 5827
"/Engine/EngineMaterials/Substrate/GLints/dict_16_192_64_0p5_0p02_0025_0004" 5828
"/Engine/EngineMaterials/Substrate/GLints/dict_16_192_64_0p5_0p02_0025_0002" 5829
"../../../Engine/Content/EngineMaterials/Substrate/GLints/dict_16_192_64_0p5_0p02_0024_0015.uasset" 5830
"/Engine/EngineMaterials/Substrate/GLints/dict_16_192_64_0p5_0p02_0025_0001" 5831
"/Engine/EngineMaterials/Substrate/GLints/dict_16_192_64_0p5_0p02_0024_0013" 5832
"/Engine/EngineMaterials/Substrate/GLints/dict_16_192_64_0p5_0p02_0024_0012" 5833
"../../../Engine/Content/EngineMaterials/Substrate/GLints/dict_16_192_64_0p5_0p02_0025_0003.uasset" 5834
"/Engine/EngineMaterials/Substrate/GLints/dict_16_192_64_0p5_0p02_0024_0011" 5835
"/Engine/EngineMaterials/Substrate/GLints/dict_16_192_64_0p5_0p02_0024_0010" 5836
"/Engine/EngineMaterials/Substrate/GLints/dict_16_192_64_0p5_0p02_0024_0009" 5837
"/Engine/EngineMaterials/Substrate/GLints/dict_16_192_64_0p5_0p02_0024_0008" 5838
"/Engine/EngineMaterials/Substrate/GLints/dict_16_192_64_0p5_0p02_0024_0006" 5839
"/Engine/EngineMaterials/Substrate/GLints/dict_16_192_64_0p5_0p02_0024_0004" 5840
"/Engine/EngineMaterials/Substrate/GLints/dict_16_192_64_0p5_0p02_0024_0002" 5841
"/Engine/EngineMaterials/Substrate/GLints/dict_16_192_64_0p5_0p02_0024_0001" 5842
"../../../Engine/Content/EngineMaterials/Substrate/GLints/dict_16_192_64_0p5_0p02_0025_0008.uasset" 5843
"../../../Engine/Content/EngineMaterials/Substrate/GLints/dict_16_192_64_0p5_0p02_0025_0006.uasset" 5844
"/Engine/EngineMaterials/Substrate/GLints/dict_16_192_64_0p5_0p02_0023_0015" 5845
"../../../Engine/Content/EngineMaterials/Substrate/GLints/dict_16_192_64_0p5_0p02_0025_0013.uasset" 5846
"../../../Engine/Content/EngineMaterials/Substrate/GLints/dict_16_192_64_0p5_0p02_0025_0011.uasset" 5847
"../../../Engine/Content/EngineMaterials/Substrate/GLints/dict_16_192_64_0p5_0p02_0025_0007.uasset" 5848
"../../../Engine/Content/EngineMaterials/Substrate/GLints/dict_16_192_64_0p5_0p02_0025_0005.uasset" 5849
"../../../Engine/Content/EngineMaterials/Substrate/GLints/dict_16_192_64_0p5_0p02_0025_0010.uasset" 5850
"../../../Engine/Content/EngineMaterials/Substrate/GLints/dict_16_192_64_0p5_0p02_0025_0009.uasset" 5851
"/Engine/EngineMaterials/Substrate/GLints/dict_16_192_64_0p5_0p02_0025_0013" 5852
"/Engine/EngineMaterials/Substrate/GLints/dict_16_192_64_0p5_0p02_0025_0011" 5853
"/Engine/EngineMaterials/Substrate/GLints/dict_16_192_64_0p5_0p02_0025_0010" 5854
"../../../Engine/Content/EngineMaterials/Substrate/GLints/dict_16_192_64_0p5_0p02_0025_0012.uasset" 5855
"/Engine/EngineMaterials/Substrate/GLints/dict_16_192_64_0p5_0p02_0025_0009" 5856
"/Engine/EngineMaterials/Substrate/GLints/dict_16_192_64_0p5_0p02_0025_0008" 5857
"/Engine/EngineMaterials/Substrate/GLints/dict_16_192_64_0p5_0p02_0025_0007" 5858
"/Engine/EngineMaterials/Substrate/GLints/dict_16_192_64_0p5_0p02_0025_0006" 5859
"/Engine/EngineMaterials/Substrate/GLints/dict_16_192_64_0p5_0p02_0025_0005" 5860
"/Engine/EngineMaterials/Substrate/GLints/dict_16_192_64_0p5_0p02_0025_0003" 5861
"/Engine/EngineMaterials/Substrate/GLints/dict_16_192_64_0p5_0p02_0024_0015" 5862
"/Engine/EngineMaterials/Substrate/GLints/dict_16_192_64_0p5_0p02_0025_0012" 5863
"../../../Engine/Content/EngineMaterials/Substrate/GLints/dict_16_192_64_0p5_0p02_0025_0014.uasset" 5864
"../../../Engine/Content/EngineMaterials/Substrate/GLints/dict_16_192_64_0p5_0p02_0026_0000.uasset" 5865
"../../../Engine/Content/EngineMaterials/Substrate/GLints/dict_16_192_64_0p5_0p02_0025_0015.uasset" 5866
"../../../Engine/Content/EngineMaterials/Substrate/GLints/dict_16_192_64_0p5_0p02_0026_0005.uasset" 5867
"../../../Engine/Content/EngineMaterials/Substrate/GLints/dict_16_192_64_0p5_0p02_0026_0008.uasset" 5868
"../../../Engine/Content/EngineMaterials/Substrate/GLints/dict_16_192_64_0p5_0p02_0026_0001.uasset" 5869
"../../../Engine/Content/EngineMaterials/Substrate/GLints/dict_16_192_64_0p5_0p02_0026_0002.uasset" 5870
"../../../Engine/Content/EngineMaterials/Substrate/GLints/dict_16_192_64_0p5_0p02_0026_0004.uasset" 5871
"../../../Engine/Content/EngineMaterials/Substrate/GLints/dict_16_192_64_0p5_0p02_0026_0009.uasset" 5872
"../../../Engine/Content/EngineMaterials/Substrate/GLints/dict_16_192_64_0p5_0p02_0026_0006.uasset" 5873
"../../../Engine/Content/EngineMaterials/Substrate/GLints/dict_16_192_64_0p5_0p02_0026_0007.uasset" 5874
"../../../Engine/Content/EngineMaterials/Substrate/GLints/dict_16_192_64_0p5_0p02_0026_0010.uasset" 5875
"../../../Engine/Content/EngineMaterials/Substrate/GLints/dict_16_192_64_0p5_0p02_0026_0003.uasset" 5876
"../../../Engine/Content/EngineMaterials/Substrate/GLints/dict_16_192_64_0p5_0p02_0026_0011.uasset" 5877
"../../../Engine/Content/EngineMaterials/Substrate/GLints/dict_16_192_64_0p5_0p02_0027_0000.uasset" 5878
"../../../Engine/Content/EngineMaterials/Substrate/GLints/dict_16_192_64_0p5_0p02_0027_0003.uasset" 5879
"../../../Engine/Content/EngineMaterials/Substrate/GLints/dict_16_192_64_0p5_0p02_0026_0015.uasset" 5880
"../../../Engine/Content/EngineMaterials/Substrate/GLints/dict_16_192_64_0p5_0p02_0027_0005.uasset" 5881
"../../../Engine/Content/EngineMaterials/Substrate/GLints/dict_16_192_64_0p5_0p02_0026_0012.uasset" 5882
"../../../Engine/Content/EngineMaterials/Substrate/GLints/dict_16_192_64_0p5_0p02_0026_0014.uasset" 5883
"../../../Engine/Content/EngineMaterials/Substrate/GLints/dict_16_192_64_0p5_0p02_0027_0009.uasset" 5884
"../../../Engine/Content/EngineMaterials/Substrate/GLints/dict_16_192_64_0p5_0p02_0027_0007.uasset" 5885
"../../../Engine/Content/EngineMaterials/Substrate/GLints/dict_16_192_64_0p5_0p02_0027_0004.uasset" 5886
"../../../Engine/Content/EngineMaterials/Substrate/GLints/dict_16_192_64_0p5_0p02_0027_0011.uasset" 5887
"../../../Engine/Content/EngineMaterials/Substrate/GLints/dict_16_192_64_0p5_0p02_0027_0006.uasset" 5888
"../../../Engine/Content/EngineMaterials/Substrate/GLints/dict_16_192_64_0p5_0p02_0026_0013.uasset" 5889
"../../../Engine/Content/EngineMaterials/Substrate/GLints/dict_16_192_64_0p5_0p02_0027_0008.uasset" 5890
"../../../Engine/Content/EngineMaterials/Substrate/GLints/dict_16_192_64_0p5_0p02_0027_0002.uasset" 5891
"../../../Engine/Content/EngineMaterials/Substrate/GLints/dict_16_192_64_0p5_0p02_0027_0001.uasset" 5892
"../../../Engine/Content/EngineMaterials/Substrate/GLints/dict_16_192_64_0p5_0p02_0027_0013.uasset" 5893
"../../../Engine/Content/EngineMaterials/Substrate/GLints/dict_16_192_64_0p5_0p02_0027_0010.uasset" 5894
"../../../Engine/Content/EngineMaterials/Substrate/GLints/dict_16_192_64_0p5_0p02_0027_0012.uasset" 5895
"/Engine/EngineMaterials/Substrate/GLints/dict_16_192_64_0p5_0p02_0027_0012" 5896
"/Engine/EngineMaterials/Substrate/GLints/dict_16_192_64_0p5_0p02_0027_0013" 5897
"/Engine/EngineMaterials/Substrate/GLints/dict_16_192_64_0p5_0p02_0027_0011" 5898
"/Engine/EngineMaterials/Substrate/GLints/dict_16_192_64_0p5_0p02_0027_0010" 5899
"/Engine/EngineMaterials/Substrate/GLints/dict_16_192_64_0p5_0p02_0027_0009" 5900
"/Engine/EngineMaterials/Substrate/GLints/dict_16_192_64_0p5_0p02_0027_0008" 5901
"/Engine/EngineMaterials/Substrate/GLints/dict_16_192_64_0p5_0p02_0027_0007" 5902
"/Engine/EngineMaterials/Substrate/GLints/dict_16_192_64_0p5_0p02_0027_0006" 5903
"/Engine/EngineMaterials/Substrate/GLints/dict_16_192_64_0p5_0p02_0027_0005" 5904
"/Engine/EngineMaterials/Substrate/GLints/dict_16_192_64_0p5_0p02_0027_0002" 5905
"/Engine/EngineMaterials/Substrate/GLints/dict_16_192_64_0p5_0p02_0027_0004" 5906
"/Engine/EngineMaterials/Substrate/GLints/dict_16_192_64_0p5_0p02_0027_0001" 5907
"/Engine/EngineMaterials/Substrate/GLints/dict_16_192_64_0p5_0p02_0027_0000" 5908
"/Engine/EngineMaterials/Substrate/GLints/dict_16_192_64_0p5_0p02_0026_0004" 5909
"/Engine/EngineMaterials/Substrate/GLints/dict_16_192_64_0p5_0p02_0027_0003" 5910
"/Engine/EngineMaterials/Substrate/GLints/dict_16_192_64_0p5_0p02_0026_0003" 5911
"/Engine/EngineMaterials/Substrate/GLints/dict_16_192_64_0p5_0p02_0026_0015" 5912
"/Engine/EngineMaterials/Substrate/GLints/dict_16_192_64_0p5_0p02_0026_0014" 5913
"/Engine/EngineMaterials/Substrate/GLints/dict_16_192_64_0p5_0p02_0026_0013" 5914
"/Engine/EngineMaterials/Substrate/GLints/dict_16_192_64_0p5_0p02_0026_0012" 5915
"/Engine/EngineMaterials/Substrate/GLints/dict_16_192_64_0p5_0p02_0026_0011" 5916
"/Engine/EngineMaterials/Substrate/GLints/dict_16_192_64_0p5_0p02_0026_0010" 5917
"/Engine/EngineMaterials/Substrate/GLints/dict_16_192_64_0p5_0p02_0026_0002" 5918
"/Engine/EngineMaterials/Substrate/GLints/dict_16_192_64_0p5_0p02_0026_0009" 5919
"/Engine/EngineMaterials/Substrate/GLints/dict_16_192_64_0p5_0p02_0026_0001" 5920
"/Engine/EngineMaterials/Substrate/GLints/dict_16_192_64_0p5_0p02_0026_0008" 5921
"/Engine/EngineMaterials/Substrate/GLints/dict_16_192_64_0p5_0p02_0026_0000" 5922
"/Engine/EngineMaterials/Substrate/GLints/dict_16_192_64_0p5_0p02_0026_0007" 5923
"/Engine/EngineMaterials/Substrate/GLints/dict_16_192_64_0p5_0p02_0026_0006" 5924
"/Engine/EngineMaterials/Substrate/GLints/dict_16_192_64_0p5_0p02_0025_0015" 5925
"/Engine/EngineMaterials/Substrate/GLints/dict_16_192_64_0p5_0p02_0026_0005" 5926
"/Engine/EngineMaterials/Substrate/GLints/dict_16_192_64_0p5_0p02_0025_0014" 5927
"../../../Engine/Content/EngineMaterials/Substrate/GLints/dict_16_192_64_0p5_0p02_0027_0014.uasset" 5928
"../../../Engine/Content/EngineMaterials/Substrate/GLints/dict_16_192_64_0p5_0p02_0028_0012.uasset" 5929
"../../../Engine/Content/EngineMaterials/Substrate/GLints/dict_16_192_64_0p5_0p02_0029_0000.uasset" 5930
"../../../Engine/Content/EngineMaterials/Substrate/GLints/dict_16_192_64_0p5_0p02_0028_0008.uasset" 5931
"/Engine/EngineMaterials/Substrate/GLints/dict_16_192_64_0p5_0p02_0028_0012" 5932
"../../../Engine/Content/EngineMaterials/Substrate/GLints/dict_16_192_64_0p5_0p02_0028_0000.uasset" 5933
"../../../Engine/Content/EngineMaterials/Substrate/GLints/dict_16_192_64_0p5_0p02_0028_0011.uasset" 5934
"../../../Engine/Content/EngineMaterials/Substrate/GLints/dict_16_192_64_0p5_0p02_0028_0014.uasset" 5935
"../../../Engine/Content/EngineMaterials/Substrate/GLints/dict_16_192_64_0p5_0p02_0028_0003.uasset" 5936
"../../../Engine/Content/EngineMaterials/Substrate/GLints/dict_16_192_64_0p5_0p02_0029_0001.uasset" 5937
"../../../Engine/Content/EngineMaterials/Substrate/GLints/dict_16_192_64_0p5_0p02_0028_0007.uasset" 5938
"/Engine/EngineMaterials/Substrate/GLints/dict_16_192_64_0p5_0p02_0027_0014" 5939
"../../../Engine/Content/EngineMaterials/Substrate/GLints/dict_16_192_64_0p5_0p02_0028_0001.uasset" 5940
"../../../Engine/Content/EngineMaterials/Substrate/GLints/dict_16_192_64_0p5_0p02_0028_0004.uasset" 5941
"../../../Engine/Content/EngineMaterials/Substrate/GLints/dict_16_192_64_0p5_0p02_0028_0013.uasset" 5942
"../../../Engine/Content/EngineMaterials/Substrate/GLints/dict_16_192_64_0p5_0p02_0028_0009.uasset" 5943
"../../../Engine/Content/EngineMaterials/Substrate/GLints/dict_16_192_64_0p5_0p02_0028_0015.uasset" 5944
"../../../Engine/Content/EngineMaterials/Substrate/GLints/dict_16_192_64_0p5_0p02_0028_0005.uasset" 5945
"../../../Engine/Content/EngineMaterials/Substrate/GLints/dict_16_192_64_0p5_0p02_0028_0010.uasset" 5946
"../../../Engine/Content/EngineMaterials/Substrate/GLints/dict_16_192_64_0p5_0p02_0028_0006.uasset" 5947
"/Engine/EngineMaterials/Substrate/GLints/dict_16_192_64_0p5_0p02_0029_0001" 5948
"../../../Engine/Content/EngineMaterials/Substrate/GLints/dict_16_192_64_0p5_0p02_0027_0015.uasset" 5949
"/Engine/EngineMaterials/Substrate/GLints/dict_16_192_64_0p5_0p02_0029_0000" 5950
"../../../Engine/Content/EngineMaterials/Substrate/GLints/dict_16_192_64_0p5_0p02_0028_0002.uasset" 5951
"/Engine/EngineMaterials/Substrate/GLints/dict_16_192_64_0p5_0p02_0028_0015" 5952
"/Engine/EngineMaterials/Substrate/GLints/dict_16_192_64_0p5_0p02_0028_0014" 5953
"/Engine/EngineMaterials/Substrate/GLints/dict_16_192_64_0p5_0p02_0028_0013" 5954
"/Engine/EngineMaterials/Substrate/GLints/dict_16_192_64_0p5_0p02_0028_0011" 5955
"/Engine/EngineMaterials/Substrate/GLints/dict_16_192_64_0p5_0p02_0028_0009" 5956
"/Engine/EngineMaterials/Substrate/GLints/dict_16_192_64_0p5_0p02_0028_0008" 5957
"/Engine/EngineMaterials/Substrate/GLints/dict_16_192_64_0p5_0p02_0028_0007" 5958
"/Engine/EngineMaterials/Substrate/GLints/dict_16_192_64_0p5_0p02_0028_0005" 5959
"/Engine/EngineMaterials/Substrate/GLints/dict_16_192_64_0p5_0p02_0028_0004" 5960
"/Engine/EngineMaterials/Substrate/GLints/dict_16_192_64_0p5_0p02_0028_0003" 5961
"/Engine/EngineMaterials/Substrate/GLints/dict_16_192_64_0p5_0p02_0028_0001" 5962
"../../../Engine/Content/EngineMaterials/Substrate/GLints/dict_16_192_64_0p5_0p02_0029_0002.uasset" 5963
"/Engine/EngineMaterials/Substrate/GLints/dict_16_192_64_0p5_0p02_0028_0000" 5964
"../../../Engine/Content/EngineMaterials/Substrate/GLints/dict_16_192_64_0p5_0p02_0029_0003.uasset" 5965
"/Engine/EngineMaterials/Substrate/GLints/dict_16_192_64_0p5_0p02_0029_0003" 5966
"/Engine/EngineMaterials/Substrate/GLints/dict_16_192_64_0p5_0p02_0029_0002" 5967
"/Engine/EngineMaterials/Substrate/GLints/dict_16_192_64_0p5_0p02_0028_0010" 5968
"/Engine/EngineMaterials/Substrate/GLints/dict_16_192_64_0p5_0p02_0028_0006" 5969
"/Engine/EngineMaterials/Substrate/GLints/dict_16_192_64_0p5_0p02_0028_0002" 5970
"../../../Engine/Content/EngineMaterials/Substrate/GLints/dict_16_192_64_0p5_0p02_0029_0012.uasset" 5971
"../../../Engine/Content/EngineMaterials/Substrate/GLints/dict_16_192_64_0p5_0p02_0029_0006.uasset" 5972
"../../../Engine/Content/EngineMaterials/Substrate/GLints/dict_16_192_64_0p5_0p02_0029_0009.uasset" 5973
"/Engine/EngineMaterials/Substrate/GLints/dict_16_192_64_0p5_0p02_0027_0015" 5974
"../../../Engine/Content/EngineMaterials/Substrate/GLints/dict_16_192_64_0p5_0p02_0029_0008.uasset" 5975
"../../../Engine/Content/EngineMaterials/Substrate/GLints/dict_16_192_64_0p5_0p02_0029_0005.uasset" 5976
"/Engine/EngineMaterials/Substrate/GLints/dict_16_192_64_0p5_0p02_0029_0012" 5977
"../../../Engine/Content/EngineMaterials/Substrate/GLints/dict_16_192_64_0p5_0p02_0029_0004.uasset" 5978
"/Engine/EngineMaterials/Substrate/GLints/dict_16_192_64_0p5_0p02_0029_0009" 5979
"../../../Engine/Content/EngineMaterials/Substrate/GLints/dict_16_192_64_0p5_0p02_0029_0007.uasset" 5980
"../../../Engine/Content/EngineMaterials/Substrate/GLints/dict_16_192_64_0p5_0p02_0029_0015.uasset" 5981
"/Engine/EngineMaterials/Substrate/GLints/dict_16_192_64_0p5_0p02_0029_0006" 5982
"../../../Engine/Content/EngineMaterials/Substrate/GLints/dict_16_192_64_0p5_0p02_0029_0014.uasset" 5983
"../../../Engine/Content/EngineMaterials/Substrate/GLints/dict_16_192_64_0p5_0p02_0029_0011.uasset" 5984
"/Engine/EngineMaterials/Substrate/GLints/dict_16_192_64_0p5_0p02_0029_0011" 5985
"../../../Engine/Content/EngineMaterials/Substrate/GLints/dict_16_192_64_0p5_0p02_0029_0013.uasset" 5986
"/Engine/EngineMaterials/Substrate/GLints/dict_16_192_64_0p5_0p02_0029_0008" 5987
"../../../Engine/Content/EngineMaterials/Substrate/GLints/dict_16_192_64_0p5_0p02_0029_0010.uasset" 5988
"/Engine/EngineMaterials/Substrate/GLints/dict_16_192_64_0p5_0p02_0029_0007" 5989
"/Engine/EngineMaterials/Substrate/GLints/dict_16_192_64_0p5_0p02_0029_0005" 5990
"/Engine/EngineMaterials/Substrate/GLints/dict_16_192_64_0p5_0p02_0029_0004" 5991
"/Engine/EngineMaterials/Substrate/GLints/dict_16_192_64_0p5_0p02_0029_0015" 5992
"/Engine/EngineMaterials/Substrate/GLints/dict_16_192_64_0p5_0p02_0029_0014" 5993
"/Engine/EngineMaterials/Substrate/GLints/dict_16_192_64_0p5_0p02_0029_0013" 5994
"/Engine/EngineMaterials/Substrate/GLints/dict_16_192_64_0p5_0p02_0029_0010" 5995
"../../../Engine/Content/EngineMaterials/Substrate/GLints/dict_16_192_64_0p5_0p02_0030_0004.uasset" 5996
"../../../Engine/Content/EngineMaterials/Substrate/GLints/dict_16_192_64_0p5_0p02_0030_0013.uasset" 5997
"../../../Engine/Content/EngineMaterials/Substrate/GLints/dict_16_192_64_0p5_0p02_0030_0010.uasset" 5998
"../../../Engine/Content/EngineMaterials/Substrate/GLints/dict_16_192_64_0p5_0p02_0030_0012.uasset" 5999
"../../../Engine/Content/EngineMaterials/Substrate/GLints/dict_16_192_64_0p5_0p02_0030_0001.uasset" 6000
"../../../Engine/Content/EngineMaterials/Substrate/GLints/dict_16_192_64_0p5_0p02_0030_0009.uasset" 6001
"../../../Engine/Content/EngineMaterials/Substrate/GLints/dict_16_192_64_0p5_0p02_0030_0015.uasset" 6002
"../../../Engine/Content/EngineMaterials/Substrate/GLints/dict_16_192_64_0p5_0p02_0030_0003.uasset" 6003
"../../../Engine/Content/EngineMaterials/Substrate/GLints/dict_16_192_64_0p5_0p02_0030_0005.uasset" 6004
"../../../Engine/Content/EngineMaterials/Substrate/GLints/dict_16_192_64_0p5_0p02_0030_0008.uasset" 6005
"../../../Engine/Content/EngineMaterials/Substrate/GLints/dict_16_192_64_0p5_0p02_0031_0000.uasset" 6006
"../../../Engine/Content/EngineMaterials/Substrate/GLints/dict_16_192_64_0p5_0p02_0030_0007.uasset" 6007
"../../../Engine/Content/EngineMaterials/Substrate/GLints/dict_16_192_64_0p5_0p02_0030_0002.uasset" 6008
"../../../Engine/Content/EngineMaterials/Substrate/GLints/dict_16_192_64_0p5_0p02_0030_0011.uasset" 6009
"../../../Engine/Content/EngineMaterials/Substrate/GLints/dict_16_192_64_0p5_0p02_0031_0001.uasset" 6010
"../../../Engine/Content/EngineMaterials/Substrate/GLints/dict_16_192_64_0p5_0p02_0030_0000.uasset" 6011
"../../../Engine/Content/EngineMaterials/Substrate/GLints/dict_16_192_64_0p5_0p02_0030_0006.uasset" 6012
"../../../Engine/Content/EngineMaterials/Substrate/GLints/dict_16_192_64_0p5_0p02_0030_0014.uasset" 6013
"../../../Engine/Content/EngineMaterials/Substrate/GLints/dict_16_192_64_0p5_0p02_0031_0003.uasset" 6014
"../../../Engine/Content/EngineMaterials/Substrate/GLints/dict_16_192_64_0p5_0p02_0031_0002.uasset" 6015
"/Engine/EngineMaterials/Substrate/GLints/dict_16_192_64_0p5_0p02_0031_0003" 6016
"/Engine/EngineMaterials/Substrate/GLints/dict_16_192_64_0p5_0p02_0031_0002" 6017
"/Engine/EngineMaterials/Substrate/GLints/dict_16_192_64_0p5_0p02_0030_0013" 6018
"/Engine/EngineMaterials/Substrate/GLints/dict_16_192_64_0p5_0p02_0030_0012" 6019
"../../../Engine/Content/EngineMaterials/Substrate/GLints/dict_16_192_64_0p5_0p02_0031_0015.uasset" 6020
"../../../Engine/Content/EngineMaterials/Substrate/GLints/dict_16_192_64_0p5_0p02_0031_0006.uasset" 6021
"../../../Engine/Content/EngineMaterials/Substrate/GLints/dict_16_192_64_0p5_0p02_0031_0005.uasset" 6022
"/Engine/EngineMaterials/Substrate/GLints/dict_16_192_64_0p5_0p02_0030_0011" 6023
"../../../Engine/Content/EngineMaterials/Substrate/GLints/dict_16_192_64_0p5_0p02_0031_0008.uasset" 6024
"../../../Engine/Content/EngineMaterials/Substrate/GLints/dict_16_192_64_0p5_0p02_0031_0011.uasset" 6025
"../../../Engine/Content/EngineMaterials/Substrate/GLints/dict_16_192_64_0p5_0p02_0031_0012.uasset" 6026
"/Engine/EngineMaterials/Substrate/GLints/dict_16_192_64_0p5_0p02_0030_0010" 6027
"../../../Engine/Content/EngineMaterials/Substrate/GLints/dict_16_192_64_0p5_0p02_0031_0004.uasset" 6028
"/Engine/EngineMaterials/Substrate/GLints/dict_16_192_64_0p5_0p02_0030_0009" 6029
"../../../Engine/Content/EngineMaterials/Substrate/GLints/dict_16_192_64_0p5_0p02_0031_0013.uasset" 6030
"../../../Engine/Content/EngineMaterials/Substrate/GLints/dict_16_192_64_0p5_0p02_0031_0009.uasset" 6031
"/Engine/EngineMaterials/Substrate/GLints/dict_16_192_64_0p5_0p02_0030_0008" 6032
"../../../Engine/Content/EngineMaterials/Substrate/GLints/dict_16_192_64_0p5_0p02_0031_0010.uasset" 6033
"../../../Engine/Content/EngineMaterials/Substrate/GLints/dict_16_192_64_0p5_0p02_0031_0014.uasset" 6034
"../../../Engine/Content/EngineMaterials/Substrate/GLints/dict_16_192_64_0p5_0p02_0031_0007.uasset" 6035
"/Engine/EngineMaterials/Substrate/GLints/dict_16_192_64_0p5_0p02_0031_0001" 6036
"/Engine/EngineMaterials/Substrate/GLints/dict_16_192_64_0p5_0p02_0030_0007" 6037
"/Engine/EngineMaterials/Substrate/GLints/dict_16_192_64_0p5_0p02_0030_0006" 6038
"/Engine/EngineMaterials/Substrate/GLints/dict_16_192_64_0p5_0p02_0030_0005" 6039
"/Engine/EngineMaterials/Substrate/GLints/dict_16_192_64_0p5_0p02_0031_0000" 6040
"/Engine/EngineMaterials/Substrate/GLints/dict_16_192_64_0p5_0p02_0030_0004" 6041
"/Engine/EngineMaterials/Substrate/GLints/dict_16_192_64_0p5_0p02_0030_0003" 6042
"/Engine/EngineMaterials/Substrate/GLints/dict_16_192_64_0p5_0p02_0030_0002" 6043
"/Engine/EngineMaterials/Substrate/GLints/dict_16_192_64_0p5_0p02_0030_0015" 6044
"/Engine/EngineMaterials/Substrate/GLints/dict_16_192_64_0p5_0p02_0030_0001" 6045
"/Engine/EngineMaterials/Substrate/GLints/dict_16_192_64_0p5_0p02_0030_0000" 6046
"/Engine/EngineMaterials/Substrate/GLints/dict_16_192_64_0p5_0p02_0030_0014" 6047
"/Engine/EngineMaterials/Substrate/GLints/dict_16_192_64_0p5_0p02_0031_0015" 6048
"/Engine/EngineMaterials/Substrate/GLints/dict_16_192_64_0p5_0p02_0031_0006" 6049
"/Engine/EngineMaterials/Substrate/GLints/dict_16_192_64_0p5_0p02_0031_0013" 6050
"/Engine/EngineMaterials/Substrate/GLints/dict_16_192_64_0p5_0p02_0031_0014" 6051
"/Engine/EngineMaterials/Substrate/GLints/dict_16_192_64_0p5_0p02_0031_0005" 6052
"/Engine/EngineMaterials/Substrate/GLints/dict_16_192_64_0p5_0p02_0031_0012" 6053
"/Engine/EngineMaterials/Substrate/GLints/dict_16_192_64_0p5_0p02_0031_0011" 6054
"/Engine/EngineMaterials/Substrate/GLints/dict_16_192_64_0p5_0p02_0031_0004" 6055
"/Engine/EngineMaterials/Substrate/GLints/dict_16_192_64_0p5_0p02_0031_0010" 6056
"/Engine/EngineMaterials/Substrate/GLints/dict_16_192_64_0p5_0p02_0031_0009" 6057
"/Engine/EngineMaterials/Substrate/GLints/dict_16_192_64_0p5_0p02_0031_0008" 6058
"/Engine/EngineMaterials/Substrate/GLints/dict_16_192_64_0p5_0p02_0031_0007" 6059
"../../../Engine/Content/EngineMaterials/Substrate/GLints/dict_16_192_64_0p5_0p02_0033_0003.uasset" 6060
"../../../Engine/Content/EngineMaterials/Substrate/GLints/dict_16_192_64_0p5_0p02_0033_0001.uasset" 6061
"../../../Engine/Content/EngineMaterials/Substrate/GLints/dict_16_192_64_0p5_0p02_0032_0001.uasset" 6062
"../../../Engine/Content/EngineMaterials/Substrate/GLints/dict_16_192_64_0p5_0p02_0033_0002.uasset" 6063
"../../../Engine/Content/EngineMaterials/Substrate/GLints/dict_16_192_64_0p5_0p02_0032_0010.uasset" 6064
"../../../Engine/Content/EngineMaterials/Substrate/GLints/dict_16_192_64_0p5_0p02_0032_0003.uasset" 6065
"../../../Engine/Content/EngineMaterials/Substrate/GLints/dict_16_192_64_0p5_0p02_0033_0000.uasset" 6066
"../../../Engine/Content/EngineMaterials/Substrate/GLints/dict_16_192_64_0p5_0p02_0032_0012.uasset" 6067
"../../../Engine/Content/EngineMaterials/Substrate/GLints/dict_16_192_64_0p5_0p02_0032_0006.uasset" 6068
"../../../Engine/Content/EngineMaterials/Substrate/GLints/dict_16_192_64_0p5_0p02_0032_0000.uasset" 6069
"../../../Engine/Content/EngineMaterials/Substrate/GLints/dict_16_192_64_0p5_0p02_0032_0015.uasset" 6070
"../../../Engine/Content/EngineMaterials/Substrate/GLints/dict_16_192_64_0p5_0p02_0032_0011.uasset" 6071
"../../../Engine/Content/EngineMaterials/Substrate/GLints/dict_16_192_64_0p5_0p02_0032_0009.uasset" 6072
"../../../Engine/Content/EngineMaterials/Substrate/GLints/dict_16_192_64_0p5_0p02_0032_0013.uasset" 6073
"../../../Engine/Content/EngineMaterials/Substrate/GLints/dict_16_192_64_0p5_0p02_0032_0014.uasset" 6074
"../../../Engine/Content/EngineMaterials/Substrate/GLints/dict_16_192_64_0p5_0p02_0032_0007.uasset" 6075
"../../../Engine/Content/EngineMaterials/Substrate/GLints/dict_16_192_64_0p5_0p02_0032_0002.uasset" 6076
"../../../Engine/Content/EngineMaterials/Substrate/GLints/dict_16_192_64_0p5_0p02_0032_0005.uasset" 6077
"../../../Engine/Content/EngineMaterials/Substrate/GLints/dict_16_192_64_0p5_0p02_0032_0004.uasset" 6078
"../../../Engine/Content/EngineMaterials/Substrate/GLints/dict_16_192_64_0p5_0p02_0032_0008.uasset" 6079
"../../../Engine/Content/EngineMaterials/Substrate/GLints/dict_16_192_64_0p5_0p02_0033_0008.uasset" 6080
"../../../Engine/Content/EngineMaterials/Substrate/GLints/dict_16_192_64_0p5_0p02_0033_0009.uasset" 6081
"../../../Engine/Content/EngineMaterials/Substrate/GLints/dict_16_192_64_0p5_0p02_0033_0010.uasset" 6082
"../../../Engine/Content/EngineMaterials/Substrate/GLints/dict_16_192_64_0p5_0p02_0033_0004.uasset" 6083
"/Engine/EngineMaterials/Substrate/GLints/dict_16_192_64_0p5_0p02_0033_0003" 6084
"../../../Engine/Content/EngineMaterials/Substrate/GLints/dict_16_192_64_0p5_0p02_0033_0005.uasset" 6085
"../../../Engine/Content/EngineMaterials/Substrate/GLints/dict_16_192_64_0p5_0p02_0033_0007.uasset" 6086
"../../../Engine/Content/EngineMaterials/Substrate/GLints/dict_16_192_64_0p5_0p02_0033_0011.uasset" 6087
"../../../Engine/Content/EngineMaterials/Substrate/GLints/dict_16_192_64_0p5_0p02_0033_0006.uasset" 6088
"/Engine/EngineMaterials/Substrate/GLints/dict_16_192_64_0p5_0p02_0033_0002" 6089
"../../../Engine/Content/EngineMaterials/Substrate/GLints/dict_16_192_64_0p5_0p02_0033_0014.uasset" 6090
"../../../Engine/Content/EngineMaterials/Substrate/GLints/dict_16_192_64_0p5_0p02_0033_0012.uasset" 6091
"/Engine/EngineMaterials/Substrate/GLints/dict_16_192_64_0p5_0p02_0033_0001" 6092
"/Engine/EngineMaterials/Substrate/GLints/dict_16_192_64_0p5_0p02_0033_0000" 6093
"/Engine/EngineMaterials/Substrate/GLints/dict_16_192_64_0p5_0p02_0032_0015" 6094
"../../../Engine/Content/EngineMaterials/Substrate/GLints/dict_16_192_64_0p5_0p02_0033_0015.uasset" 6095
"../../../Engine/Content/EngineMaterials/Substrate/GLints/dict_16_192_64_0p5_0p02_0033_0013.uasset" 6096
"/Engine/EngineMaterials/Substrate/GLints/dict_16_192_64_0p5_0p02_0032_0014" 6097
"/Engine/EngineMaterials/Substrate/GLints/dict_16_192_64_0p5_0p02_0032_0013" 6098
"/Engine/EngineMaterials/Substrate/GLints/dict_16_192_64_0p5_0p02_0032_0012" 6099
"/Engine/EngineMaterials/Substrate/GLints/dict_16_192_64_0p5_0p02_0032_0011" 6100
"/Engine/EngineMaterials/Substrate/GLints/dict_16_192_64_0p5_0p02_0032_0010" 6101
"/Engine/EngineMaterials/Substrate/GLints/dict_16_192_64_0p5_0p02_0032_0009" 6102
"/Engine/EngineMaterials/Substrate/GLints/dict_16_192_64_0p5_0p02_0032_0008" 6103
"/Engine/EngineMaterials/Substrate/GLints/dict_16_192_64_0p5_0p02_0032_0007" 6104
"/Engine/EngineMaterials/Substrate/GLints/dict_16_192_64_0p5_0p02_0032_0006" 6105
"/Engine/EngineMaterials/Substrate/GLints/dict_16_192_64_0p5_0p02_0032_0005" 6106
"/Engine/EngineMaterials/Substrate/GLints/dict_16_192_64_0p5_0p02_0032_0004" 6107
"/Engine/EngineMaterials/Substrate/GLints/dict_16_192_64_0p5_0p02_0032_0003" 6108
"/Engine/EngineMaterials/Substrate/GLints/dict_16_192_64_0p5_0p02_0032_0002" 6109
"/Engine/EngineMaterials/Substrate/GLints/dict_16_192_64_0p5_0p02_0032_0001" 6110
"/Engine/EngineMaterials/Substrate/GLints/dict_16_192_64_0p5_0p02_0032_0000" 6111
"/Engine/EngineMaterials/Substrate/GLints/dict_16_192_64_0p5_0p02_0033_0015" 6112
"/Engine/EngineMaterials/Substrate/GLints/dict_16_192_64_0p5_0p02_0033_0014" 6113
"/Engine/EngineMaterials/Substrate/GLints/dict_16_192_64_0p5_0p02_0033_0013" 6114
"/Engine/EngineMaterials/Substrate/GLints/dict_16_192_64_0p5_0p02_0033_0012" 6115
"/Engine/EngineMaterials/Substrate/GLints/dict_16_192_64_0p5_0p02_0033_0011" 6116
"/Engine/EngineMaterials/Substrate/GLints/dict_16_192_64_0p5_0p02_0033_0010" 6117
"/Engine/EngineMaterials/Substrate/GLints/dict_16_192_64_0p5_0p02_0033_0009" 6118
"/Engine/EngineMaterials/Substrate/GLints/dict_16_192_64_0p5_0p02_0033_0008" 6119
"/Engine/EngineMaterials/Substrate/GLints/dict_16_192_64_0p5_0p02_0033_0007" 6120
"/Engine/EngineMaterials/Substrate/GLints/dict_16_192_64_0p5_0p02_0033_0006" 6121
"/Engine/EngineMaterials/Substrate/GLints/dict_16_192_64_0p5_0p02_0033_0005" 6122
"/Engine/EngineMaterials/Substrate/GLints/dict_16_192_64_0p5_0p02_0033_0004" 6123
"../../../Engine/Content/EngineMaterials/Substrate/GLints/dict_16_192_64_0p5_0p02_0034_0013.uasset" 6124
"../../../Engine/Content/EngineMaterials/Substrate/GLints/dict_16_192_64_0p5_0p02_0034_0004.uasset" 6125
"../../../Engine/Content/EngineMaterials/Substrate/GLints/dict_16_192_64_0p5_0p02_0034_0006.uasset" 6126
"../../../Engine/Content/EngineMaterials/Substrate/GLints/dict_16_192_64_0p5_0p02_0034_0011.uasset" 6127
"../../../Engine/Content/EngineMaterials/Substrate/GLints/dict_16_192_64_0p5_0p02_0034_0014.uasset" 6128
"../../../Engine/Content/EngineMaterials/Substrate/GLints/dict_16_192_64_0p5_0p02_0035_0000.uasset" 6129
"../../../Engine/Content/EngineMaterials/Substrate/GLints/dict_16_192_64_0p5_0p02_0034_0000.uasset" 6130
"../../../Engine/Content/EngineMaterials/Substrate/GLints/dict_16_192_64_0p5_0p02_0034_0002.uasset" 6131
"../../../Engine/Content/EngineMaterials/Substrate/GLints/dict_16_192_64_0p5_0p02_0034_0001.uasset" 6132
"../../../Engine/Content/EngineMaterials/Substrate/GLints/dict_16_192_64_0p5_0p02_0035_0001.uasset" 6133
"../../../Engine/Content/EngineMaterials/Substrate/GLints/dict_16_192_64_0p5_0p02_0034_0010.uasset" 6134
"../../../Engine/Content/EngineMaterials/Substrate/GLints/dict_16_192_64_0p5_0p02_0034_0009.uasset" 6135
"../../../Engine/Content/EngineMaterials/Substrate/GLints/dict_16_192_64_0p5_0p02_0034_0008.uasset" 6136
"../../../Engine/Content/EngineMaterials/Substrate/GLints/dict_16_192_64_0p5_0p02_0035_0003.uasset" 6137
"../../../Engine/Content/EngineMaterials/Substrate/GLints/dict_16_192_64_0p5_0p02_0034_0007.uasset" 6138
"../../../Engine/Content/EngineMaterials/Substrate/GLints/dict_16_192_64_0p5_0p02_0034_0003.uasset" 6139
"../../../Engine/Content/EngineMaterials/Substrate/GLints/dict_16_192_64_0p5_0p02_0034_0005.uasset" 6140
"../../../Engine/Content/EngineMaterials/Substrate/GLints/dict_16_192_64_0p5_0p02_0034_0012.uasset" 6141
"../../../Engine/Content/EngineMaterials/Substrate/GLints/dict_16_192_64_0p5_0p02_0034_0015.uasset" 6142
"../../../Engine/Content/EngineMaterials/Substrate/GLints/dict_16_192_64_0p5_0p02_0035_0002.uasset" 6143
"../../../Engine/Content/EngineMaterials/Substrate/GLints/dict_16_192_64_0p5_0p02_0035_0006.uasset" 6144
"../../../Engine/Content/EngineMaterials/Substrate/GLints/dict_16_192_64_0p5_0p02_0035_0005.uasset" 6145
"../../../Engine/Content/EngineMaterials/Substrate/GLints/dict_16_192_64_0p5_0p02_0035_0004.uasset" 6146
"../../../Engine/Content/EngineMaterials/Substrate/GLints/dict_16_192_64_0p5_0p02_0035_0009.uasset" 6147
"../../../Engine/Content/EngineMaterials/Substrate/GLints/dict_16_192_64_0p5_0p02_0035_0007.uasset" 6148
"../../../Engine/Content/EngineMaterials/Substrate/GLints/dict_16_192_64_0p5_0p02_0035_0012.uasset" 6149
"../../../Engine/Content/EngineMaterials/Substrate/GLints/dict_16_192_64_0p5_0p02_0035_0010.uasset" 6150
"../../../Engine/Content/EngineMaterials/Substrate/GLints/dict_16_192_64_0p5_0p02_0035_0015.uasset" 6151
"../../../Engine/Content/EngineMaterials/Substrate/GLints/dict_16_192_64_0p5_0p02_0035_0008.uasset" 6152
"../../../Engine/Content/EngineMaterials/Substrate/GLints/dict_16_192_64_0p5_0p02_0035_0013.uasset" 6153
"../../../Engine/Content/EngineMaterials/Substrate/GLints/dict_16_192_64_0p5_0p02_0035_0014.uasset" 6154
"../../../Engine/Content/EngineMaterials/Substrate/GLints/dict_16_192_64_0p5_0p02_0035_0011.uasset" 6155
"/Engine/EngineMaterials/Substrate/GLints/dict_16_192_64_0p5_0p02_0035_0015" 6156
"/Engine/EngineMaterials/Substrate/GLints/dict_16_192_64_0p5_0p02_0035_0014" 6157
"/Engine/EngineMaterials/Substrate/GLints/dict_16_192_64_0p5_0p02_0035_0013" 6158
"/Engine/EngineMaterials/Substrate/GLints/dict_16_192_64_0p5_0p02_0035_0012" 6159
"/Engine/EngineMaterials/Substrate/GLints/dict_16_192_64_0p5_0p02_0035_0011" 6160
"/Engine/EngineMaterials/Substrate/GLints/dict_16_192_64_0p5_0p02_0035_0010" 6161
"/Engine/EngineMaterials/Substrate/GLints/dict_16_192_64_0p5_0p02_0035_0009" 6162
"/Engine/EngineMaterials/Substrate/GLints/dict_16_192_64_0p5_0p02_0035_0008" 6163
"/Engine/EngineMaterials/Substrate/GLints/dict_16_192_64_0p5_0p02_0035_0007" 6164
"/Engine/EngineMaterials/Substrate/GLints/dict_16_192_64_0p5_0p02_0035_0006" 6165
"/Engine/EngineMaterials/Substrate/GLints/dict_16_192_64_0p5_0p02_0035_0003" 6166
"/Engine/EngineMaterials/Substrate/GLints/dict_16_192_64_0p5_0p02_0035_0002" 6167
"/Engine/EngineMaterials/Substrate/GLints/dict_16_192_64_0p5_0p02_0035_0001" 6168
"/Engine/EngineMaterials/Substrate/GLints/dict_16_192_64_0p5_0p02_0035_0000" 6169
"/Engine/EngineMaterials/Substrate/GLints/dict_16_192_64_0p5_0p02_0034_0015" 6170
"/Engine/EngineMaterials/Substrate/GLints/dict_16_192_64_0p5_0p02_0034_0014" 6171
"/Engine/EngineMaterials/Substrate/GLints/dict_16_192_64_0p5_0p02_0034_0013" 6172
"/Engine/EngineMaterials/Substrate/GLints/dict_16_192_64_0p5_0p02_0035_0005" 6173
"/Engine/EngineMaterials/Substrate/GLints/dict_16_192_64_0p5_0p02_0034_0012" 6174
"/Engine/EngineMaterials/Substrate/GLints/dict_16_192_64_0p5_0p02_0034_0011" 6175
"/Engine/EngineMaterials/Substrate/GLints/dict_16_192_64_0p5_0p02_0034_0010" 6176
"/Engine/EngineMaterials/Substrate/GLints/dict_16_192_64_0p5_0p02_0034_0009" 6177
"/Engine/EngineMaterials/Substrate/GLints/dict_16_192_64_0p5_0p02_0034_0008" 6178
"/Engine/EngineMaterials/Substrate/GLints/dict_16_192_64_0p5_0p02_0034_0007" 6179
"/Engine/EngineMaterials/Substrate/GLints/dict_16_192_64_0p5_0p02_0034_0006" 6180
"/Engine/EngineMaterials/Substrate/GLints/dict_16_192_64_0p5_0p02_0034_0005" 6181
"/Engine/EngineMaterials/Substrate/GLints/dict_16_192_64_0p5_0p02_0034_0004" 6182
"/Engine/EngineMaterials/Substrate/GLints/dict_16_192_64_0p5_0p02_0034_0003" 6183
"/Engine/EngineMaterials/Substrate/GLints/dict_16_192_64_0p5_0p02_0034_0002" 6184
"/Engine/EngineMaterials/Substrate/GLints/dict_16_192_64_0p5_0p02_0034_0001" 6185
"/Engine/EngineMaterials/Substrate/GLints/dict_16_192_64_0p5_0p02_0034_0000" 6186
"/Engine/EngineMaterials/Substrate/GLints/dict_16_192_64_0p5_0p02_0035_0004" 6187
"../../../Engine/Content/EngineMaterials/Substrate/GLints/dict_16_192_64_0p5_0p02_0036_0003.uasset" 6188
"../../../Engine/Content/EngineMaterials/Substrate/GLints/dict_16_192_64_0p5_0p02_0036_0007.uasset" 6189
"../../../Engine/Content/EngineMaterials/Substrate/GLints/dict_16_192_64_0p5_0p02_0036_0011.uasset" 6190
"../../../Engine/Content/EngineMaterials/Substrate/GLints/dict_16_192_64_0p5_0p02_0036_0000.uasset" 6191
"../../../Engine/Content/EngineMaterials/Substrate/GLints/dict_16_192_64_0p5_0p02_0036_0008.uasset" 6192
"../../../Engine/Content/EngineMaterials/Substrate/GLints/dict_16_192_64_0p5_0p02_0036_0002.uasset" 6193
"../../../Engine/Content/EngineMaterials/Substrate/GLints/dict_16_192_64_0p5_0p02_0036_0005.uasset" 6194
"../../../Engine/Content/EngineMaterials/Substrate/GLints/dict_16_192_64_0p5_0p02_0037_0002.uasset" 6195
"../../../Engine/Content/EngineMaterials/Substrate/GLints/dict_16_192_64_0p5_0p02_0036_0009.uasset" 6196
"../../../Engine/Content/EngineMaterials/Substrate/GLints/dict_16_192_64_0p5_0p02_0037_0001.uasset" 6197
"../../../Engine/Content/EngineMaterials/Substrate/GLints/dict_16_192_64_0p5_0p02_0036_0010.uasset" 6198
"../../../Engine/Content/EngineMaterials/Substrate/GLints/dict_16_192_64_0p5_0p02_0036_0006.uasset" 6199
"../../../Engine/Content/EngineMaterials/Substrate/GLints/dict_16_192_64_0p5_0p02_0036_0013.uasset" 6200
"../../../Engine/Content/EngineMaterials/Substrate/GLints/dict_16_192_64_0p5_0p02_0036_0001.uasset" 6201
"../../../Engine/Content/EngineMaterials/Substrate/GLints/dict_16_192_64_0p5_0p02_0036_0015.uasset" 6202
"/Engine/EngineMaterials/Substrate/GLints/dict_16_192_64_0p5_0p02_0037_0002" 6203
"/Engine/EngineMaterials/Substrate/GLints/dict_16_192_64_0p5_0p02_0037_0001" 6204
"/Engine/EngineMaterials/Substrate/GLints/dict_16_192_64_0p5_0p02_0036_0015" 6205
"/Engine/EngineMaterials/Substrate/GLints/dict_16_192_64_0p5_0p02_0036_0013" 6206
"/Engine/EngineMaterials/Substrate/GLints/dict_16_192_64_0p5_0p02_0036_0011" 6207
"/Engine/EngineMaterials/Substrate/GLints/dict_16_192_64_0p5_0p02_0036_0010" 6208
"/Engine/EngineMaterials/Substrate/GLints/dict_16_192_64_0p5_0p02_0036_0009" 6209
"../../../Engine/Content/EngineMaterials/Substrate/GLints/dict_16_192_64_0p5_0p02_0036_0012.uasset" 6210
"/Engine/EngineMaterials/Substrate/GLints/dict_16_192_64_0p5_0p02_0036_0008" 6211
"/Engine/EngineMaterials/Substrate/GLints/dict_16_192_64_0p5_0p02_0036_0007" 6212
"/Engine/EngineMaterials/Substrate/GLints/dict_16_192_64_0p5_0p02_0036_0006" 6213
"/Engine/EngineMaterials/Substrate/GLints/dict_16_192_64_0p5_0p02_0036_0005" 6214
"/Engine/EngineMaterials/Substrate/GLints/dict_16_192_64_0p5_0p02_0036_0003" 6215
"/Engine/EngineMaterials/Substrate/GLints/dict_16_192_64_0p5_0p02_0036_0002" 6216
"/Engine/EngineMaterials/Substrate/GLints/dict_16_192_64_0p5_0p02_0036_0001" 6217
"../../../Engine/Content/EngineMaterials/Substrate/GLints/dict_16_192_64_0p5_0p02_0037_0008.uasset" 6218
"../../../Engine/Content/EngineMaterials/Substrate/GLints/dict_16_192_64_0p5_0p02_0037_0005.uasset" 6219
"../../../Engine/Content/EngineMaterials/Substrate/GLints/dict_16_192_64_0p5_0p02_0037_0006.uasset" 6220
"/Engine/EngineMaterials/Substrate/GLints/dict_16_192_64_0p5_0p02_0036_0000" 6221
"../../../Engine/Content/EngineMaterials/Substrate/GLints/dict_16_192_64_0p5_0p02_0037_0007.uasset" 6222
"../../../Engine/Content/EngineMaterials/Substrate/GLints/dict_16_192_64_0p5_0p02_0037_0009.uasset" 6223
"/Engine/EngineMaterials/Substrate/GLints/dict_16_192_64_0p5_0p02_0037_0008" 6224
"../../../Engine/Content/EngineMaterials/Substrate/GLints/dict_16_192_64_0p5_0p02_0037_0003.uasset" 6225
"/Engine/EngineMaterials/Substrate/GLints/dict_16_192_64_0p5_0p02_0037_0007" 6226
"/Engine/EngineMaterials/Substrate/GLints/dict_16_192_64_0p5_0p02_0037_0006" 6227
"/Engine/EngineMaterials/Substrate/GLints/dict_16_192_64_0p5_0p02_0037_0005" 6228
"../../../Engine/Content/EngineMaterials/Substrate/GLints/dict_16_192_64_0p5_0p02_0037_0010.uasset" 6229
"/Engine/EngineMaterials/Substrate/GLints/dict_16_192_64_0p5_0p02_0036_0012" 6230
"../../../Engine/Content/EngineMaterials/Substrate/GLints/dict_16_192_64_0p5_0p02_0037_0012.uasset" 6231
"/Engine/EngineMaterials/Substrate/GLints/dict_16_192_64_0p5_0p02_0037_0012" 6232
"/Engine/EngineMaterials/Substrate/GLints/dict_16_192_64_0p5_0p02_0037_0010" 6233
"/Engine/EngineMaterials/Substrate/GLints/dict_16_192_64_0p5_0p02_0037_0009" 6234
"/Engine/EngineMaterials/Substrate/GLints/dict_16_192_64_0p5_0p02_0037_0003" 6235
"../../../Engine/Content/EngineMaterials/Substrate/GLints/dict_16_192_64_0p5_0p02_0037_0004.uasset" 6236
"/Engine/EngineMaterials/Substrate/GLints/dict_16_192_64_0p5_0p02_0037_0004" 6237
"../../../Engine/Content/EngineMaterials/Substrate/GLints/dict_16_192_64_0p5_0p02_0037_0011.uasset" 6238
"/Engine/EngineMaterials/Substrate/GLints/dict_16_192_64_0p5_0p02_0037_0011" 6239
"../../../Engine/Content/EngineMaterials/Substrate/GLints/dict_16_192_64_0p5_0p02_0037_0015.uasset" 6240
"../../../Engine/Content/EngineMaterials/Substrate/GLints/dict_16_192_64_0p5_0p02_0037_0013.uasset" 6241
"../../../Engine/Content/EngineMaterials/Substrate/GLints/dict_16_192_64_0p5_0p02_0038_0000.uasset" 6242
"../../../Engine/Content/EngineMaterials/Substrate/GLints/dict_16_192_64_0p5_0p02_0038_0007.uasset" 6243
"../../../Engine/Content/EngineMaterials/Substrate/GLints/dict_16_192_64_0p5_0p02_0038_0003.uasset" 6244
"../../../Engine/Content/EngineMaterials/Substrate/GLints/dict_16_192_64_0p5_0p02_0038_0005.uasset" 6245
"../../../Engine/Content/EngineMaterials/Substrate/GLints/dict_16_192_64_0p5_0p02_0038_0010.uasset" 6246
"../../../Engine/Content/EngineMaterials/Substrate/GLints/dict_16_192_64_0p5_0p02_0038_0004.uasset" 6247
"../../../Engine/Content/EngineMaterials/Substrate/GLints/dict_16_192_64_0p5_0p02_0038_0002.uasset" 6248
"../../../Engine/Content/EngineMaterials/Substrate/GLints/dict_16_192_64_0p5_0p02_0037_0014.uasset" 6249
"../../../Engine/Content/EngineMaterials/Substrate/GLints/dict_16_192_64_0p5_0p02_0037_0000.uasset" 6250
"../../../Engine/Content/EngineMaterials/Substrate/GLints/dict_16_192_64_0p5_0p02_0038_0001.uasset" 6251
"../../../Engine/Content/EngineMaterials/Substrate/GLints/dict_16_192_64_0p5_0p02_0038_0008.uasset" 6252
"../../../Engine/Content/EngineMaterials/Substrate/GLints/dict_16_192_64_0p5_0p02_0038_0006.uasset" 6253
"../../../Engine/Content/EngineMaterials/Substrate/GLints/dict_16_192_64_0p5_0p02_0036_0014.uasset" 6254
"../../../Engine/Content/EngineMaterials/Substrate/GLints/dict_16_192_64_0p5_0p02_0038_0011.uasset" 6255
"../../../Engine/Content/EngineMaterials/Substrate/GLints/dict_16_192_64_0p5_0p02_0036_0004.uasset" 6256
"../../../Engine/Content/EngineMaterials/Substrate/GLints/dict_16_192_64_0p5_0p02_0038_0013.uasset" 6257
"../../../Engine/Content/EngineMaterials/Substrate/GLints/dict_16_192_64_0p5_0p02_0038_0009.uasset" 6258
"../../../Engine/Content/EngineMaterials/Substrate/GLints/dict_16_192_64_0p5_0p02_0039_0003.uasset" 6259
"../../../Engine/Content/EngineMaterials/Substrate/GLints/dict_16_192_64_0p5_0p02_0039_0001.uasset" 6260
"../../../Engine/Content/EngineMaterials/Substrate/GLints/dict_16_192_64_0p5_0p02_0039_0000.uasset" 6261
"../../../Engine/Content/EngineMaterials/Substrate/GLints/dict_16_192_64_0p5_0p02_0039_0002.uasset" 6262
"/Engine/EngineMaterials/Substrate/GLints/dict_16_192_64_0p5_0p02_0037_0015" 6263
"../../../Engine/Content/EngineMaterials/Substrate/GLints/dict_16_192_64_0p5_0p02_0038_0014.uasset" 6264
"../../../Engine/Content/EngineMaterials/Substrate/GLints/dict_16_192_64_0p5_0p02_0039_0004.uasset" 6265
"../../../Engine/Content/EngineMaterials/Substrate/GLints/dict_16_192_64_0p5_0p02_0039_0005.uasset" 6266
"/Engine/EngineMaterials/Substrate/GLints/dict_16_192_64_0p5_0p02_0037_0014" 6267
"../../../Engine/Content/EngineMaterials/Substrate/GLints/dict_16_192_64_0p5_0p02_0039_0006.uasset" 6268
"/Engine/EngineMaterials/Substrate/GLints/dict_16_192_64_0p5_0p02_0037_0013" 6269
"/Engine/EngineMaterials/Substrate/GLints/dict_16_192_64_0p5_0p02_0038_0013" 6270
"/Engine/EngineMaterials/Substrate/GLints/dict_16_192_64_0p5_0p02_0037_0000" 6271
"/Engine/EngineMaterials/Substrate/GLints/dict_16_192_64_0p5_0p02_0036_0014" 6272
"/Engine/EngineMaterials/Substrate/GLints/dict_16_192_64_0p5_0p02_0038_0011" 6273
"/Engine/EngineMaterials/Substrate/GLints/dict_16_192_64_0p5_0p02_0038_0010" 6274
"/Engine/EngineMaterials/Substrate/GLints/dict_16_192_64_0p5_0p02_0038_0009" 6275
"/Engine/EngineMaterials/Substrate/GLints/dict_16_192_64_0p5_0p02_0038_0008" 6276
"/Engine/EngineMaterials/Substrate/GLints/dict_16_192_64_0p5_0p02_0038_0007" 6277
"/Engine/EngineMaterials/Substrate/GLints/dict_16_192_64_0p5_0p02_0038_0006" 6278
"/Engine/EngineMaterials/Substrate/GLints/dict_16_192_64_0p5_0p02_0038_0005" 6279
"../../../Engine/Content/EngineMaterials/Substrate/GLints/dict_16_192_64_0p5_0p02_0039_0007.uasset" 6280
"/Engine/EngineMaterials/Substrate/GLints/dict_16_192_64_0p5_0p02_0038_0004" 6281
"/Engine/EngineMaterials/Substrate/GLints/dict_16_192_64_0p5_0p02_0036_0004" 6282
"../../../Engine/Content/EngineMaterials/Substrate/GLints/dict_16_192_64_0p5_0p02_0039_0009.uasset" 6283
"/Engine/EngineMaterials/Substrate/GLints/dict_16_192_64_0p5_0p02_0038_0003" 6284
"/Engine/EngineMaterials/Substrate/GLints/dict_16_192_64_0p5_0p02_0038_0002" 6285
"/Engine/EngineMaterials/Substrate/GLints/dict_16_192_64_0p5_0p02_0038_0001" 6286
"../../../Engine/Content/EngineMaterials/Substrate/GLints/dict_16_192_64_0p5_0p02_0038_0015.uasset" 6287
"/Engine/EngineMaterials/Substrate/GLints/dict_16_192_64_0p5_0p02_0038_0000" 6288
"/Engine/EngineMaterials/Substrate/GLints/dict_16_192_64_0p5_0p02_0039_0007" 6289
"/Engine/EngineMaterials/Substrate/GLints/dict_16_192_64_0p5_0p02_0039_0009" 6290
"/Engine/EngineMaterials/Substrate/GLints/dict_16_192_64_0p5_0p02_0039_0006" 6291
"/Engine/EngineMaterials/Substrate/GLints/dict_16_192_64_0p5_0p02_0039_0005" 6292
"/Engine/EngineMaterials/Substrate/GLints/dict_16_192_64_0p5_0p02_0039_0003" 6293
"/Engine/EngineMaterials/Substrate/GLints/dict_16_192_64_0p5_0p02_0039_0002" 6294
"/Engine/EngineMaterials/Substrate/GLints/dict_16_192_64_0p5_0p02_0039_0001" 6295
"/Engine/EngineMaterials/Substrate/GLints/dict_16_192_64_0p5_0p02_0039_0000" 6296
"/Engine/EngineMaterials/Substrate/GLints/dict_16_192_64_0p5_0p02_0039_0004" 6297
"/Engine/EngineMaterials/Substrate/GLints/dict_16_192_64_0p5_0p02_0038_0014" 6298
"/Engine/EngineMaterials/Substrate/GLints/dict_16_192_64_0p5_0p02_0038_0015" 6299
"../../../Engine/Content/EngineMaterials/Substrate/GLints/dict_16_192_64_0p5_0p02_0040_0001.uasset" 6300
"../../../Engine/Content/EngineMaterials/Substrate/GLints/dict_16_192_64_0p5_0p02_0039_0013.uasset" 6301
"../../../Engine/Content/EngineMaterials/Substrate/GLints/dict_16_192_64_0p5_0p02_0040_0000.uasset" 6302
"../../../Engine/Content/EngineMaterials/Substrate/GLints/dict_16_192_64_0p5_0p02_0040_0003.uasset" 6303
"../../../Engine/Content/EngineMaterials/Substrate/GLints/dict_16_192_64_0p5_0p02_0039_0010.uasset" 6304
"../../../Engine/Content/EngineMaterials/Substrate/GLints/dict_16_192_64_0p5_0p02_0040_0002.uasset" 6305
"../../../Engine/Content/EngineMaterials/Substrate/GLints/dict_16_192_64_0p5_0p02_0039_0011.uasset" 6306
"../../../Engine/Content/EngineMaterials/Substrate/GLints/dict_16_192_64_0p5_0p02_0039_0014.uasset" 6307
"../../../Engine/Content/EngineMaterials/Substrate/GLints/dict_16_192_64_0p5_0p02_0039_0015.uasset" 6308
"../../../Engine/Content/EngineMaterials/Substrate/GLints/dict_16_192_64_0p5_0p02_0040_0007.uasset" 6309
"../../../Engine/Content/EngineMaterials/Substrate/GLints/dict_16_192_64_0p5_0p02_0040_0011.uasset" 6310
"../../../Engine/Content/EngineMaterials/Substrate/GLints/dict_16_192_64_0p5_0p02_0040_0010.uasset" 6311
"../../../Engine/Content/EngineMaterials/Substrate/GLints/dict_16_192_64_0p5_0p02_0040_0009.uasset" 6312
"../../../Engine/Content/EngineMaterials/Substrate/GLints/dict_16_192_64_0p5_0p02_0041_0000.uasset" 6313
"/Engine/EngineMaterials/Substrate/GLints/dict_16_192_64_0p5_0p02_0040_0011" 6314
"../../../Engine/Content/EngineMaterials/Substrate/GLints/dict_16_192_64_0p5_0p02_0041_0002.uasset" 6315
"../../../Engine/Content/EngineMaterials/Substrate/GLints/dict_16_192_64_0p5_0p02_0040_0014.uasset" 6316
"../../../Engine/Content/EngineMaterials/Substrate/GLints/dict_16_192_64_0p5_0p02_0040_0005.uasset" 6317
"../../../Engine/Content/EngineMaterials/Substrate/GLints/dict_16_192_64_0p5_0p02_0040_0004.uasset" 6318
"../../../Engine/Content/EngineMaterials/Substrate/GLints/dict_16_192_64_0p5_0p02_0038_0012.uasset" 6319
"../../../Engine/Content/EngineMaterials/Substrate/GLints/dict_16_192_64_0p5_0p02_0040_0015.uasset" 6320
"../../../Engine/Content/EngineMaterials/Substrate/GLints/dict_16_192_64_0p5_0p02_0041_0006.uasset" 6321
"../../../Engine/Content/EngineMaterials/Substrate/GLints/dict_16_192_64_0p5_0p02_0039_0008.uasset" 6322
"/Engine/EngineMaterials/Substrate/GLints/dict_16_192_64_0p5_0p02_0040_0010" 6323
"../../../Engine/Content/EngineMaterials/Substrate/GLints/dict_16_192_64_0p5_0p02_0040_0013.uasset" 6324
"../../../Engine/Content/EngineMaterials/Substrate/GLints/dict_16_192_64_0p5_0p02_0041_0001.uasset" 6325
"/Engine/EngineMaterials/Substrate/GLints/dict_16_192_64_0p5_0p02_0040_0009" 6326
"../../../Engine/Content/EngineMaterials/Substrate/GLints/dict_16_192_64_0p5_0p02_0040_0012.uasset" 6327
"/Engine/EngineMaterials/Substrate/GLints/dict_16_192_64_0p5_0p02_0040_0007" 6328
"/Engine/EngineMaterials/Substrate/GLints/dict_16_192_64_0p5_0p02_0040_0003" 6329
"/Engine/EngineMaterials/Substrate/GLints/dict_16_192_64_0p5_0p02_0040_0002" 6330
"/Engine/EngineMaterials/Substrate/GLints/dict_16_192_64_0p5_0p02_0040_0001" 6331
"/Engine/EngineMaterials/Substrate/GLints/dict_16_192_64_0p5_0p02_0040_0000" 6332
"../../../Engine/Content/EngineMaterials/Substrate/GLints/dict_16_192_64_0p5_0p02_0041_0005.uasset" 6333
"../../../Engine/Content/EngineMaterials/Substrate/GLints/dict_16_192_64_0p5_0p02_0041_0004.uasset" 6334
"/Engine/EngineMaterials/Substrate/GLints/dict_16_192_64_0p5_0p02_0039_0015" 6335
"/Engine/EngineMaterials/Substrate/GLints/dict_16_192_64_0p5_0p02_0039_0014" 6336
"/Engine/EngineMaterials/Substrate/GLints/dict_16_192_64_0p5_0p02_0039_0013" 6337
"/Engine/EngineMaterials/Substrate/GLints/dict_16_192_64_0p5_0p02_0039_0011" 6338
"/Engine/EngineMaterials/Substrate/GLints/dict_16_192_64_0p5_0p02_0039_0010" 6339
"/Engine/EngineMaterials/Substrate/GLints/dict_16_192_64_0p5_0p02_0040_0012" 6340
"../../../Engine/Content/EngineMaterials/Substrate/GLints/dict_16_192_64_0p5_0p02_0041_0007.uasset" 6341
"/Engine/EngineMaterials/Substrate/GLints/dict_16_192_64_0p5_0p02_0041_0006" 6342
"/Engine/EngineMaterials/Substrate/GLints/dict_16_192_64_0p5_0p02_0041_0005" 6343
"/Engine/EngineMaterials/Substrate/GLints/dict_16_192_64_0p5_0p02_0041_0004" 6344
"/Engine/EngineMaterials/Substrate/GLints/dict_16_192_64_0p5_0p02_0041_0002" 6345
"/Engine/EngineMaterials/Substrate/GLints/dict_16_192_64_0p5_0p02_0041_0001" 6346
"/Engine/EngineMaterials/Substrate/GLints/dict_16_192_64_0p5_0p02_0041_0000" 6347
"/Engine/EngineMaterials/Substrate/GLints/dict_16_192_64_0p5_0p02_0039_0008" 6348
"/Engine/EngineMaterials/Substrate/GLints/dict_16_192_64_0p5_0p02_0040_0015" 6349
"../../../Engine/Content/EngineMaterials/Substrate/GLints/dict_16_192_64_0p5_0p02_0040_0008.uasset" 6350
"/Engine/EngineMaterials/Substrate/GLints/dict_16_192_64_0p5_0p02_0040_0014" 6351
"../../../Engine/Content/EngineMaterials/Substrate/GLints/dict_16_192_64_0p5_0p02_0041_0003.uasset" 6352
"/Engine/EngineMaterials/Substrate/GLints/dict_16_192_64_0p5_0p02_0038_0012" 6353
"/Engine/EngineMaterials/Substrate/GLints/dict_16_192_64_0p5_0p02_0040_0013" 6354
"/Engine/EngineMaterials/Substrate/GLints/dict_16_192_64_0p5_0p02_0040_0005" 6355
"/Engine/EngineMaterials/Substrate/GLints/dict_16_192_64_0p5_0p02_0040_0004" 6356
"/Engine/EngineMaterials/Substrate/GLints/dict_16_192_64_0p5_0p02_0041_0007" 6357
"/Engine/EngineMaterials/Substrate/GLints/dict_16_192_64_0p5_0p02_0041_0003" 6358
"/Engine/EngineMaterials/Substrate/GLints/dict_16_192_64_0p5_0p02_0040_0008" 6359
"../../../Engine/Content/EngineMaterials/Substrate/GLints/dict_16_192_64_0p5_0p02_0039_0012.uasset" 6360
"../../../Engine/Content/EngineMaterials/Substrate/GLints/dict_16_192_64_0p5_0p02_0040_0006.uasset" 6361
"../../../Engine/Content/EngineMaterials/Substrate/GLints/dict_16_192_64_0p5_0p02_0041_0014.uasset" 6362
"../../../Engine/Content/EngineMaterials/Substrate/GLints/dict_16_192_64_0p5_0p02_0042_0000.uasset" 6363
"../../../Engine/Content/EngineMaterials/Substrate/GLints/dict_16_192_64_0p5_0p02_0042_0004.uasset" 6364
"../../../Engine/Content/EngineMaterials/Substrate/GLints/dict_16_192_64_0p5_0p02_0042_0003.uasset" 6365
"../../../Engine/Content/EngineMaterials/Substrate/GLints/dict_16_192_64_0p5_0p02_0041_0010.uasset" 6366
"../../../Engine/Content/EngineMaterials/Substrate/GLints/dict_16_192_64_0p5_0p02_0041_0015.uasset" 6367
"../../../Engine/Content/EngineMaterials/Substrate/GLints/dict_16_192_64_0p5_0p02_0041_0008.uasset" 6368
"../../../Engine/Content/EngineMaterials/Substrate/GLints/dict_16_192_64_0p5_0p02_0041_0013.uasset" 6369
"../../../Engine/Content/EngineMaterials/Substrate/GLints/dict_16_192_64_0p5_0p02_0041_0012.uasset" 6370
"../../../Engine/Content/EngineMaterials/Substrate/GLints/dict_16_192_64_0p5_0p02_0041_0011.uasset" 6371
"../../../Engine/Content/EngineMaterials/Substrate/GLints/dict_16_192_64_0p5_0p02_0041_0009.uasset" 6372
"../../../Engine/Content/EngineMaterials/Substrate/GLints/dict_16_192_64_0p5_0p02_0042_0001.uasset" 6373
"../../../Engine/Content/EngineMaterials/Substrate/GLints/dict_16_192_64_0p5_0p02_0042_0005.uasset" 6374
"../../../Engine/Content/EngineMaterials/Substrate/GLints/dict_16_192_64_0p5_0p02_0042_0008.uasset" 6375
"../../../Engine/Content/EngineMaterials/Substrate/GLints/dict_16_192_64_0p5_0p02_0042_0006.uasset" 6376
"../../../Engine/Content/EngineMaterials/Substrate/GLints/dict_16_192_64_0p5_0p02_0042_0009.uasset" 6377
"../../../Engine/Content/EngineMaterials/Substrate/GLints/dict_16_192_64_0p5_0p02_0042_0007.uasset" 6378
"../../../Engine/Content/EngineMaterials/Substrate/GLints/dict_16_192_64_0p5_0p02_0042_0002.uasset" 6379
"../../../Engine/Content/EngineMaterials/Substrate/GLints/dict_16_192_64_0p5_0p02_0042_0011.uasset" 6380
"../../../Engine/Content/EngineMaterials/Substrate/GLints/dict_16_192_64_0p5_0p02_0042_0012.uasset" 6381
"../../../Engine/Content/EngineMaterials/Substrate/GLints/dict_16_192_64_0p5_0p02_0042_0013.uasset" 6382
"../../../Engine/Content/EngineMaterials/Substrate/GLints/dict_16_192_64_0p5_0p02_0042_0014.uasset" 6383
"../../../Engine/Content/EngineMaterials/Substrate/GLints/dict_16_192_64_0p5_0p02_0042_0010.uasset" 6384
"../../../Engine/Content/EngineMaterials/Substrate/GLints/dict_16_192_64_0p5_0p02_0043_0001.uasset" 6385
"/Engine/EngineMaterials/Substrate/GLints/dict_16_192_64_0p5_0p02_0042_0004" 6386
"/Engine/EngineMaterials/Substrate/GLints/dict_16_192_64_0p5_0p02_0042_0003" 6387
"/Engine/EngineMaterials/Substrate/GLints/dict_16_192_64_0p5_0p02_0043_0001" 6388
"/Engine/EngineMaterials/Substrate/GLints/dict_16_192_64_0p5_0p02_0042_0014" 6389
"/Engine/EngineMaterials/Substrate/GLints/dict_16_192_64_0p5_0p02_0042_0013" 6390
"/Engine/EngineMaterials/Substrate/GLints/dict_16_192_64_0p5_0p02_0042_0012" 6391
"/Engine/EngineMaterials/Substrate/GLints/dict_16_192_64_0p5_0p02_0042_0011" 6392
"/Engine/EngineMaterials/Substrate/GLints/dict_16_192_64_0p5_0p02_0042_0010" 6393
"/Engine/EngineMaterials/Substrate/GLints/dict_16_192_64_0p5_0p02_0042_0009" 6394
"../../../Engine/Content/EngineMaterials/Substrate/GLints/dict_16_192_64_0p5_0p02_0042_0015.uasset" 6395
"/Engine/EngineMaterials/Substrate/GLints/dict_16_192_64_0p5_0p02_0042_0002" 6396
"../../../Engine/Content/EngineMaterials/Substrate/GLints/dict_16_192_64_0p5_0p02_0043_0004.uasset" 6397
"/Engine/EngineMaterials/Substrate/GLints/dict_16_192_64_0p5_0p02_0042_0008" 6398
"../../../Engine/Content/EngineMaterials/Substrate/GLints/dict_16_192_64_0p5_0p02_0043_0003.uasset" 6399
"/Engine/EngineMaterials/Substrate/GLints/dict_16_192_64_0p5_0p02_0042_0001" 6400
"../../../Engine/Content/EngineMaterials/Substrate/GLints/dict_16_192_64_0p5_0p02_0043_0002.uasset" 6401
"/Engine/EngineMaterials/Substrate/GLints/dict_16_192_64_0p5_0p02_0040_0006" 6402
"../../../Engine/Content/EngineMaterials/Substrate/GLints/dict_16_192_64_0p5_0p02_0043_0000.uasset" 6403
"/Engine/EngineMaterials/Substrate/GLints/dict_16_192_64_0p5_0p02_0042_0007" 6404
"/Engine/EngineMaterials/Substrate/GLints/dict_16_192_64_0p5_0p02_0042_0006" 6405
"/Engine/EngineMaterials/Substrate/GLints/dict_16_192_64_0p5_0p02_0042_0005" 6406
"/Engine/EngineMaterials/Substrate/GLints/dict_16_192_64_0p5_0p02_0042_0000" 6407
"/Engine/EngineMaterials/Substrate/GLints/dict_16_192_64_0p5_0p02_0041_0015" 6408
"/Engine/EngineMaterials/Substrate/GLints/dict_16_192_64_0p5_0p02_0041_0014" 6409
"/Engine/EngineMaterials/Substrate/GLints/dict_16_192_64_0p5_0p02_0041_0013" 6410
"/Engine/EngineMaterials/Substrate/GLints/dict_16_192_64_0p5_0p02_0041_0012" 6411
"/Engine/EngineMaterials/Substrate/GLints/dict_16_192_64_0p5_0p02_0041_0011" 6412
"../../../Engine/Content/EngineMaterials/Substrate/GLints/dict_16_192_64_0p5_0p02_0043_0005.uasset" 6413
"/Engine/EngineMaterials/Substrate/GLints/dict_16_192_64_0p5_0p02_0041_0010" 6414
"/Engine/EngineMaterials/Substrate/GLints/dict_16_192_64_0p5_0p02_0039_0012" 6415
"/Engine/EngineMaterials/Substrate/GLints/dict_16_192_64_0p5_0p02_0041_0009" 6416
"/Engine/EngineMaterials/Substrate/GLints/dict_16_192_64_0p5_0p02_0041_0008" 6417
"/Engine/EngineMaterials/Substrate/GLints/dict_16_192_64_0p5_0p02_0043_0002" 6418
"/Engine/EngineMaterials/Substrate/GLints/dict_16_192_64_0p5_0p02_0043_0005" 6419
"/Engine/EngineMaterials/Substrate/GLints/dict_16_192_64_0p5_0p02_0043_0000" 6420
"/Engine/EngineMaterials/Substrate/GLints/dict_16_192_64_0p5_0p02_0042_0015" 6421
"/Engine/EngineMaterials/Substrate/GLints/dict_16_192_64_0p5_0p02_0043_0004" 6422
"/Engine/EngineMaterials/Substrate/GLints/dict_16_192_64_0p5_0p02_0043_0003" 6423
"../../../Engine/Content/EngineMaterials/Substrate/GLints/dict_16_192_64_0p5_0p02_0043_0011.uasset" 6424
"../../../Engine/Content/EngineMaterials/Substrate/GLints/dict_16_192_64_0p5_0p02_0044_0001.uasset" 6425
"../../../Engine/Content/EngineMaterials/Substrate/GLints/dict_16_192_64_0p5_0p02_0043_0012.uasset" 6426
"../../../Engine/Content/EngineMaterials/Substrate/GLints/dict_16_192_64_0p5_0p02_0044_0009.uasset" 6427
"../../../Engine/Content/EngineMaterials/Substrate/GLints/dict_16_192_64_0p5_0p02_0043_0008.uasset" 6428
"../../../Engine/Content/EngineMaterials/Substrate/GLints/dict_16_192_64_0p5_0p02_0043_0013.uasset" 6429
"../../../Engine/Content/EngineMaterials/Substrate/GLints/dict_16_192_64_0p5_0p02_0044_0002.uasset" 6430
"../../../Engine/Content/EngineMaterials/Substrate/GLints/dict_16_192_64_0p5_0p02_0043_0014.uasset" 6431
"../../../Engine/Content/EngineMaterials/Substrate/GLints/dict_16_192_64_0p5_0p02_0044_0003.uasset" 6432
"../../../Engine/Content/EngineMaterials/Substrate/GLints/dict_16_192_64_0p5_0p02_0044_0006.uasset" 6433
"../../../Engine/Content/EngineMaterials/Substrate/GLints/dict_16_192_64_0p5_0p02_0044_0008.uasset" 6434
"../../../Engine/Content/EngineMaterials/Substrate/GLints/dict_16_192_64_0p5_0p02_0043_0006.uasset" 6435
"../../../Engine/Content/EngineMaterials/Substrate/GLints/dict_16_192_64_0p5_0p02_0043_0009.uasset" 6436
"../../../Engine/Content/EngineMaterials/Substrate/GLints/dict_16_192_64_0p5_0p02_0044_0005.uasset" 6437
"../../../Engine/Content/EngineMaterials/Substrate/GLints/dict_16_192_64_0p5_0p02_0043_0007.uasset" 6438
"../../../Engine/Content/EngineMaterials/Substrate/GLints/dict_16_192_64_0p5_0p02_0044_0000.uasset" 6439
"../../../Engine/Content/EngineMaterials/Substrate/GLints/dict_16_192_64_0p5_0p02_0043_0015.uasset" 6440
"../../../Engine/Content/EngineMaterials/Substrate/GLints/dict_16_192_64_0p5_0p02_0044_0004.uasset" 6441
"../../../Engine/Content/EngineMaterials/Substrate/GLints/dict_16_192_64_0p5_0p02_0044_0007.uasset" 6442
"../../../Engine/Content/EngineMaterials/Substrate/GLints/dict_16_192_64_0p5_0p02_0043_0010.uasset" 6443
"/Engine/EngineMaterials/Substrate/GLints/dict_16_192_64_0p5_0p02_0044_0009" 6444
"/Engine/EngineMaterials/Substrate/GLints/dict_16_192_64_0p5_0p02_0044_0008" 6445
"/Engine/EngineMaterials/Substrate/GLints/dict_16_192_64_0p5_0p02_0044_0007" 6446
"/Engine/EngineMaterials/Substrate/GLints/dict_16_192_64_0p5_0p02_0044_0006" 6447
"/Engine/EngineMaterials/Substrate/GLints/dict_16_192_64_0p5_0p02_0044_0005" 6448
"/Engine/EngineMaterials/Substrate/GLints/dict_16_192_64_0p5_0p02_0044_0004" 6449
"/Engine/EngineMaterials/Substrate/GLints/dict_16_192_64_0p5_0p02_0044_0003" 6450
"/Engine/EngineMaterials/Substrate/GLints/dict_16_192_64_0p5_0p02_0044_0002" 6451
"/Engine/EngineMaterials/Substrate/GLints/dict_16_192_64_0p5_0p02_0044_0001" 6452
"/Engine/EngineMaterials/Substrate/GLints/dict_16_192_64_0p5_0p02_0044_0000" 6453
"/Engine/EngineMaterials/Substrate/GLints/dict_16_192_64_0p5_0p02_0043_0015" 6454
"/Engine/EngineMaterials/Substrate/GLints/dict_16_192_64_0p5_0p02_0043_0014" 6455
"/Engine/EngineMaterials/Substrate/GLints/dict_16_192_64_0p5_0p02_0043_0013" 6456
"/Engine/EngineMaterials/Substrate/GLints/dict_16_192_64_0p5_0p02_0043_0012" 6457
"/Engine/EngineMaterials/Substrate/GLints/dict_16_192_64_0p5_0p02_0043_0011" 6458
"/Engine/EngineMaterials/Substrate/GLints/dict_16_192_64_0p5_0p02_0043_0010" 6459
"/Engine/EngineMaterials/Substrate/GLints/dict_16_192_64_0p5_0p02_0043_0009" 6460
"/Engine/EngineMaterials/Substrate/GLints/dict_16_192_64_0p5_0p02_0043_0008" 6461
"/Engine/EngineMaterials/Substrate/GLints/dict_16_192_64_0p5_0p02_0043_0007" 6462
"/Engine/EngineMaterials/Substrate/GLints/dict_16_192_64_0p5_0p02_0043_0006" 6463
"../../../Engine/Content/EngineMaterials/Substrate/GLints/dict_16_192_64_0p5_0p02_0045_0000.uasset" 6464
"../../../Engine/Content/EngineMaterials/Substrate/GLints/dict_16_192_64_0p5_0p02_0045_0005.uasset" 6465
"../../../Engine/Content/EngineMaterials/Substrate/GLints/dict_16_192_64_0p5_0p02_0044_0011.uasset" 6466
"../../../Engine/Content/EngineMaterials/Substrate/GLints/dict_16_192_64_0p5_0p02_0045_0004.uasset" 6467
"../../../Engine/Content/EngineMaterials/Substrate/GLints/dict_16_192_64_0p5_0p02_0044_0015.uasset" 6468
"../../../Engine/Content/EngineMaterials/Substrate/GLints/dict_16_192_64_0p5_0p02_0044_0010.uasset" 6469
"../../../Engine/Content/EngineMaterials/Substrate/GLints/dict_16_192_64_0p5_0p02_0045_0003.uasset" 6470
"../../../Engine/Content/EngineMaterials/Substrate/GLints/dict_16_192_64_0p5_0p02_0045_0001.uasset" 6471
"../../../Engine/Content/EngineMaterials/Substrate/GLints/dict_16_192_64_0p5_0p02_0045_0002.uasset" 6472
"../../../Engine/Content/EngineMaterials/Substrate/GLints/dict_16_192_64_0p5_0p02_0044_0013.uasset" 6473
"../../../Engine/Content/EngineMaterials/Substrate/GLints/dict_16_192_64_0p5_0p02_0044_0014.uasset" 6474
"../../../Engine/Content/EngineMaterials/Substrate/GLints/dict_16_192_64_0p5_0p02_0044_0012.uasset" 6475
"../../../Engine/Content/EngineMaterials/Substrate/GLints/dict_16_192_64_0p5_0p02_0045_0009.uasset" 6476
"../../../Engine/Content/EngineMaterials/Substrate/GLints/dict_16_192_64_0p5_0p02_0045_0006.uasset" 6477
"../../../Engine/Content/EngineMaterials/Substrate/GLints/dict_16_192_64_0p5_0p02_0045_0014.uasset" 6478
"../../../Engine/Content/EngineMaterials/Substrate/GLints/dict_16_192_64_0p5_0p02_0045_0013.uasset" 6479
"../../../Engine/Content/EngineMaterials/Substrate/GLints/dict_16_192_64_0p5_0p02_0045_0015.uasset" 6480
"../../../Engine/Content/EngineMaterials/Substrate/GLints/dict_16_192_64_0p5_0p02_0045_0010.uasset" 6481
"../../../Engine/Content/EngineMaterials/Substrate/GLints/dict_16_192_64_0p5_0p02_0046_0002.uasset" 6482
"../../../Engine/Content/EngineMaterials/Substrate/GLints/dict_16_192_64_0p5_0p02_0045_0011.uasset" 6483
"../../../Engine/Content/EngineMaterials/Substrate/GLints/dict_16_192_64_0p5_0p02_0046_0000.uasset" 6484
"../../../Engine/Content/EngineMaterials/Substrate/GLints/dict_16_192_64_0p5_0p02_0046_0001.uasset" 6485
"../../../Engine/Content/EngineMaterials/Substrate/GLints/dict_16_192_64_0p5_0p02_0046_0006.uasset" 6486
"../../../Engine/Content/EngineMaterials/Substrate/GLints/dict_16_192_64_0p5_0p02_0045_0008.uasset" 6487
"../../../Engine/Content/EngineMaterials/Substrate/GLints/dict_16_192_64_0p5_0p02_0046_0009.uasset" 6488
"../../../Engine/Content/EngineMaterials/Substrate/GLints/dict_16_192_64_0p5_0p02_0045_0007.uasset" 6489
"../../../Engine/Content/EngineMaterials/Substrate/GLints/dict_16_192_64_0p5_0p02_0046_0007.uasset" 6490
"../../../Engine/Content/EngineMaterials/Substrate/GLints/dict_16_192_64_0p5_0p02_0046_0003.uasset" 6491
"../../../Engine/Content/EngineMaterials/Substrate/GLints/dict_16_192_64_0p5_0p02_0046_0004.uasset" 6492
"../../../Engine/Content/EngineMaterials/Substrate/GLints/dict_16_192_64_0p5_0p02_0045_0012.uasset" 6493
"../../../Engine/Content/EngineMaterials/Substrate/GLints/dict_16_192_64_0p5_0p02_0046_0005.uasset" 6494
"../../../Engine/Content/EngineMaterials/Substrate/GLints/dict_16_192_64_0p5_0p02_0046_0008.uasset" 6495
"/Engine/EngineMaterials/Substrate/GLints/dict_16_192_64_0p5_0p02_0045_0005" 6496
"/Engine/EngineMaterials/Substrate/GLints/dict_16_192_64_0p5_0p02_0044_0015" 6497
"/Engine/EngineMaterials/Substrate/GLints/dict_16_192_64_0p5_0p02_0044_0014" 6498
"/Engine/EngineMaterials/Substrate/GLints/dict_16_192_64_0p5_0p02_0045_0004" 6499
"/Engine/EngineMaterials/Substrate/GLints/dict_16_192_64_0p5_0p02_0044_0013" 6500
"/Engine/EngineMaterials/Substrate/GLints/dict_16_192_64_0p5_0p02_0045_0003" 6501
"/Engine/EngineMaterials/Substrate/GLints/dict_16_192_64_0p5_0p02_0045_0002" 6502
"/Engine/EngineMaterials/Substrate/GLints/dict_16_192_64_0p5_0p02_0045_0001" 6503
"/Engine/EngineMaterials/Substrate/GLints/dict_16_192_64_0p5_0p02_0044_0012" 6504
"/Engine/EngineMaterials/Substrate/GLints/dict_16_192_64_0p5_0p02_0044_0011" 6505
"/Engine/EngineMaterials/Substrate/GLints/dict_16_192_64_0p5_0p02_0044_0010" 6506
"/Engine/EngineMaterials/Substrate/GLints/dict_16_192_64_0p5_0p02_0046_0009" 6507
"/Engine/EngineMaterials/Substrate/GLints/dict_16_192_64_0p5_0p02_0046_0008" 6508
"/Engine/EngineMaterials/Substrate/GLints/dict_16_192_64_0p5_0p02_0046_0007" 6509
"/Engine/EngineMaterials/Substrate/GLints/dict_16_192_64_0p5_0p02_0046_0006" 6510
"/Engine/EngineMaterials/Substrate/GLints/dict_16_192_64_0p5_0p02_0045_0000" 6511
"/Engine/EngineMaterials/Substrate/GLints/dict_16_192_64_0p5_0p02_0046_0005" 6512
"/Engine/EngineMaterials/Substrate/GLints/dict_16_192_64_0p5_0p02_0046_0004" 6513
"/Engine/EngineMaterials/Substrate/GLints/dict_16_192_64_0p5_0p02_0046_0003" 6514
"/Engine/EngineMaterials/Substrate/GLints/dict_16_192_64_0p5_0p02_0046_0002" 6515
"/Engine/EngineMaterials/Substrate/GLints/dict_16_192_64_0p5_0p02_0046_0001" 6516
"/Engine/EngineMaterials/Substrate/GLints/dict_16_192_64_0p5_0p02_0046_0000" 6517
"/Engine/EngineMaterials/Substrate/GLints/dict_16_192_64_0p5_0p02_0045_0015" 6518
"/Engine/EngineMaterials/Substrate/GLints/dict_16_192_64_0p5_0p02_0045_0014" 6519
"/Engine/EngineMaterials/Substrate/GLints/dict_16_192_64_0p5_0p02_0045_0013" 6520
"/Engine/EngineMaterials/Substrate/GLints/dict_16_192_64_0p5_0p02_0045_0012" 6521
"/Engine/EngineMaterials/Substrate/GLints/dict_16_192_64_0p5_0p02_0045_0011" 6522
"/Engine/EngineMaterials/Substrate/GLints/dict_16_192_64_0p5_0p02_0045_0010" 6523
"/Engine/EngineMaterials/Substrate/GLints/dict_16_192_64_0p5_0p02_0045_0009" 6524
"/Engine/EngineMaterials/Substrate/GLints/dict_16_192_64_0p5_0p02_0045_0008" 6525
"/Engine/EngineMaterials/Substrate/GLints/dict_16_192_64_0p5_0p02_0045_0007" 6526
"/Engine/EngineMaterials/Substrate/GLints/dict_16_192_64_0p5_0p02_0045_0006" 6527
"../../../Engine/Content/EngineMaterials/Substrate/GLints/dict_16_192_64_0p5_0p02_0047_0010.uasset" 6528
"../../../Engine/Content/EngineMaterials/Substrate/GLints/dict_16_192_64_0p5_0p02_0047_0008.uasset" 6529
"../../../Engine/Content/EngineMaterials/Substrate/GLints/dict_16_192_64_0p5_0p02_0046_0013.uasset" 6530
"../../../Engine/Content/EngineMaterials/Substrate/GLints/dict_16_192_64_0p5_0p02_0047_0000.uasset" 6531
"../../../Engine/Content/EngineMaterials/Substrate/GLints/dict_16_192_64_0p5_0p02_0047_0003.uasset" 6532
"../../../Engine/Content/EngineMaterials/Substrate/GLints/dict_16_192_64_0p5_0p02_0047_0005.uasset" 6533
"../../../Engine/Content/EngineMaterials/Substrate/GLints/dict_16_192_64_0p5_0p02_0047_0013.uasset" 6534
"../../../Engine/Content/EngineMaterials/Substrate/GLints/dict_16_192_64_0p5_0p02_0047_0009.uasset" 6535
"../../../Engine/Content/EngineMaterials/Substrate/GLints/dict_16_192_64_0p5_0p02_0047_0011.uasset" 6536
"../../../Engine/Content/EngineMaterials/Substrate/GLints/dict_16_192_64_0p5_0p02_0047_0002.uasset" 6537
"../../../Engine/Content/EngineMaterials/Substrate/GLints/dict_16_192_64_0p5_0p02_0047_0004.uasset" 6538
"../../../Engine/Content/EngineMaterials/Substrate/GLints/dict_16_192_64_0p5_0p02_0047_0012.uasset" 6539
"../../../Engine/Content/EngineMaterials/Substrate/GLints/dict_16_192_64_0p5_0p02_0047_0001.uasset" 6540
"../../../Engine/Content/EngineMaterials/Substrate/GLints/dict_16_192_64_0p5_0p02_0047_0007.uasset" 6541
"../../../Engine/Content/EngineMaterials/Substrate/GLints/dict_16_192_64_0p5_0p02_0046_0010.uasset" 6542
"../../../Engine/Content/EngineMaterials/Substrate/GLints/dict_16_192_64_0p5_0p02_0046_0015.uasset" 6543
"../../../Engine/Content/EngineMaterials/Substrate/GLints/dict_16_192_64_0p5_0p02_0046_0011.uasset" 6544
"../../../Engine/Content/EngineMaterials/Substrate/GLints/dict_16_192_64_0p5_0p02_0046_0014.uasset" 6545
"../../../Engine/Content/EngineMaterials/Substrate/GLints/dict_16_192_64_0p5_0p02_0046_0012.uasset" 6546
"../../../Engine/Content/EngineMaterials/Substrate/GLints/dict_16_192_64_0p5_0p02_0047_0006.uasset" 6547
"/Engine/EngineMaterials/Substrate/GLints/dict_16_192_64_0p5_0p02_0047_0013" 6548
"/Engine/EngineMaterials/Substrate/GLints/dict_16_192_64_0p5_0p02_0047_0012" 6549
"/Engine/EngineMaterials/Substrate/GLints/dict_16_192_64_0p5_0p02_0047_0011" 6550
"/Engine/EngineMaterials/Substrate/GLints/dict_16_192_64_0p5_0p02_0047_0010" 6551
"/Engine/EngineMaterials/Substrate/GLints/dict_16_192_64_0p5_0p02_0047_0009" 6552
"/Engine/EngineMaterials/Substrate/GLints/dict_16_192_64_0p5_0p02_0047_0008" 6553
"/Engine/EngineMaterials/Substrate/GLints/dict_16_192_64_0p5_0p02_0047_0007" 6554
"/Engine/EngineMaterials/Substrate/GLints/dict_16_192_64_0p5_0p02_0047_0006" 6555
"/Engine/EngineMaterials/Substrate/GLints/dict_16_192_64_0p5_0p02_0047_0005" 6556
"/Engine/EngineMaterials/Substrate/GLints/dict_16_192_64_0p5_0p02_0047_0004" 6557
"/Engine/EngineMaterials/Substrate/GLints/dict_16_192_64_0p5_0p02_0047_0003" 6558
"/Engine/EngineMaterials/Substrate/GLints/dict_16_192_64_0p5_0p02_0047_0002" 6559
"/Engine/EngineMaterials/Substrate/GLints/dict_16_192_64_0p5_0p02_0047_0001" 6560
"/Engine/EngineMaterials/Substrate/GLints/dict_16_192_64_0p5_0p02_0047_0000" 6561
"/Engine/EngineMaterials/Substrate/GLints/dict_16_192_64_0p5_0p02_0046_0015" 6562
"/Engine/EngineMaterials/Substrate/GLints/dict_16_192_64_0p5_0p02_0046_0014" 6563
"/Engine/EngineMaterials/Substrate/GLints/dict_16_192_64_0p5_0p02_0046_0013" 6564
"/Engine/EngineMaterials/Substrate/GLints/dict_16_192_64_0p5_0p02_0046_0012" 6565
"../../../Engine/Content/EngineMaterials/Substrate/GLints/dict_16_192_64_0p5_0p02_0047_0015.uasset" 6566
"../../../Engine/Content/EngineMaterials/Substrate/GLints/dict_16_192_64_0p5_0p02_0048_0004.uasset" 6567
"../../../Engine/Content/EngineMaterials/Substrate/GLints/dict_16_192_64_0p5_0p02_0048_0006.uasset" 6568
"../../../Engine/Content/EngineMaterials/Substrate/GLints/dict_16_192_64_0p5_0p02_0048_0005.uasset" 6569
"../../../Engine/Content/EngineMaterials/Substrate/GLints/dict_16_192_64_0p5_0p02_0048_0002.uasset" 6570
"/Engine/EngineMaterials/Substrate/GLints/dict_16_192_64_0p5_0p02_0046_0011" 6571
"../../../Engine/Content/EngineMaterials/Substrate/GLints/dict_16_192_64_0p5_0p02_0047_0014.uasset" 6572
"/Engine/EngineMaterials/Substrate/GLints/dict_16_192_64_0p5_0p02_0046_0010" 6573
"../../../Engine/Content/EngineMaterials/Substrate/GLints/dict_16_192_64_0p5_0p02_0048_0009.uasset" 6574
"../../../Engine/Content/EngineMaterials/Substrate/GLints/dict_16_192_64_0p5_0p02_0048_0003.uasset" 6575
"/Engine/EngineMaterials/Substrate/GLints/dict_16_192_64_0p5_0p02_0048_0009" 6576
"../../../Engine/Content/EngineMaterials/Substrate/GLints/dict_16_192_64_0p5_0p02_0048_0007.uasset" 6577
"../../../Engine/Content/EngineMaterials/Substrate/GLints/dict_16_192_64_0p5_0p02_0048_0001.uasset" 6578
"../../../Engine/Content/EngineMaterials/Substrate/GLints/dict_16_192_64_0p5_0p02_0048_0000.uasset" 6579
"../../../Engine/Content/EngineMaterials/Substrate/GLints/dict_16_192_64_0p5_0p02_0048_0008.uasset" 6580
"/Engine/EngineMaterials/Substrate/GLints/dict_16_192_64_0p5_0p02_0048_0006" 6581
"/Engine/EngineMaterials/Substrate/GLints/dict_16_192_64_0p5_0p02_0048_0005" 6582
"/Engine/EngineMaterials/Substrate/GLints/dict_16_192_64_0p5_0p02_0048_0004" 6583
"/Engine/EngineMaterials/Substrate/GLints/dict_16_192_64_0p5_0p02_0048_0002" 6584
"/Engine/EngineMaterials/Substrate/GLints/dict_16_192_64_0p5_0p02_0047_0015" 6585
"/Engine/EngineMaterials/Substrate/GLints/dict_16_192_64_0p5_0p02_0047_0014" 6586
"/Engine/EngineMaterials/Substrate/GLints/dict_16_192_64_0p5_0p02_0048_0008" 6587
"/Engine/EngineMaterials/Substrate/GLints/dict_16_192_64_0p5_0p02_0048_0007" 6588
"/Engine/EngineMaterials/Substrate/GLints/dict_16_192_64_0p5_0p02_0048_0003" 6589
"/Engine/EngineMaterials/Substrate/GLints/dict_16_192_64_0p5_0p02_0048_0001" 6590
"/Engine/EngineMaterials/Substrate/GLints/dict_16_192_64_0p5_0p02_0048_0000" 6591
"../../../Engine/Content/EngineMaterials/Substrate/GLints/dict_16_192_64_0p5_0p02_0049_0010.uasset" 6592
"../../../Engine/Content/EngineMaterials/Substrate/GLints/dict_16_192_64_0p5_0p02_0049_0002.uasset" 6593
"../../../Engine/Content/EngineMaterials/Substrate/GLints/dict_16_192_64_0p5_0p02_0049_0011.uasset" 6594
"../../../Engine/Content/EngineMaterials/Substrate/GLints/dict_16_192_64_0p5_0p02_0048_0012.uasset" 6595
"../../../Engine/Content/EngineMaterials/Substrate/GLints/dict_16_192_64_0p5_0p02_0049_0003.uasset" 6596
"../../../Engine/Content/EngineMaterials/Substrate/GLints/dict_16_192_64_0p5_0p02_0048_0015.uasset" 6597
"../../../Engine/Content/EngineMaterials/Substrate/GLints/dict_16_192_64_0p5_0p02_0048_0011.uasset" 6598
"../../../Engine/Content/EngineMaterials/Substrate/GLints/dict_16_192_64_0p5_0p02_0048_0010.uasset" 6599
"../../../Engine/Content/EngineMaterials/Substrate/GLints/dict_16_192_64_0p5_0p02_0049_0000.uasset" 6600
"../../../Engine/Content/EngineMaterials/Substrate/GLints/dict_16_192_64_0p5_0p02_0048_0014.uasset" 6601
"../../../Engine/Content/EngineMaterials/Substrate/GLints/dict_16_192_64_0p5_0p02_0048_0013.uasset" 6602
"../../../Engine/Content/EngineMaterials/Substrate/GLints/dict_16_192_64_0p5_0p02_0049_0005.uasset" 6603
"../../../Engine/Content/EngineMaterials/Substrate/GLints/dict_16_192_64_0p5_0p02_0049_0009.uasset" 6604
"../../../Engine/Content/EngineMaterials/Substrate/GLints/dict_16_192_64_0p5_0p02_0049_0004.uasset" 6605
"../../../Engine/Content/EngineMaterials/Substrate/GLints/dict_16_192_64_0p5_0p02_0049_0012.uasset" 6606
"../../../Engine/Content/EngineMaterials/Substrate/GLints/dict_16_192_64_0p5_0p02_0049_0006.uasset" 6607
"../../../Engine/Content/EngineMaterials/Substrate/GLints/dict_16_192_64_0p5_0p02_0049_0001.uasset" 6608
"../../../Engine/Content/EngineMaterials/Substrate/GLints/dict_16_192_64_0p5_0p02_0049_0013.uasset" 6609
"../../../Engine/Content/EngineMaterials/Substrate/GLints/dict_16_192_64_0p5_0p02_0049_0008.uasset" 6610
"../../../Engine/Content/EngineMaterials/Substrate/GLints/dict_16_192_64_0p5_0p02_0049_0007.uasset" 6611
"/Engine/EngineMaterials/Substrate/GLints/dict_16_192_64_0p5_0p02_0049_0013" 6612
"/Engine/EngineMaterials/Substrate/GLints/dict_16_192_64_0p5_0p02_0049_0012" 6613
"/Engine/EngineMaterials/Substrate/GLints/dict_16_192_64_0p5_0p02_0049_0011" 6614
"/Engine/EngineMaterials/Substrate/GLints/dict_16_192_64_0p5_0p02_0049_0010" 6615
"/Engine/EngineMaterials/Substrate/GLints/dict_16_192_64_0p5_0p02_0049_0009" 6616
"/Engine/EngineMaterials/Substrate/GLints/dict_16_192_64_0p5_0p02_0049_0008" 6617
"/Engine/EngineMaterials/Substrate/GLints/dict_16_192_64_0p5_0p02_0049_0007" 6618
"/Engine/EngineMaterials/Substrate/GLints/dict_16_192_64_0p5_0p02_0049_0006" 6619
"/Engine/EngineMaterials/Substrate/GLints/dict_16_192_64_0p5_0p02_0049_0005" 6620
"../../../Engine/Content/EngineMaterials/Substrate/GLints/dict_16_192_64_0p5_0p02_0050_0001.uasset" 6621
"../../../Engine/Content/EngineMaterials/Substrate/GLints/dict_16_192_64_0p5_0p02_0050_0000.uasset" 6622
"/Engine/EngineMaterials/Substrate/GLints/dict_16_192_64_0p5_0p02_0049_0004" 6623
"../../../Engine/Content/EngineMaterials/Substrate/GLints/dict_16_192_64_0p5_0p02_0050_0006.uasset" 6624
"/Engine/EngineMaterials/Substrate/GLints/dict_16_192_64_0p5_0p02_0049_0003" 6625
"../../../Engine/Content/EngineMaterials/Substrate/GLints/dict_16_192_64_0p5_0p02_0050_0007.uasset" 6626
"/Engine/EngineMaterials/Substrate/GLints/dict_16_192_64_0p5_0p02_0049_0002" 6627
"/Engine/EngineMaterials/Substrate/GLints/dict_16_192_64_0p5_0p02_0049_0001" 6628
"../../../Engine/Content/EngineMaterials/Substrate/GLints/dict_16_192_64_0p5_0p02_0050_0003.uasset" 6629
"/Engine/EngineMaterials/Substrate/GLints/dict_16_192_64_0p5_0p02_0049_0000" 6630
"../../../Engine/Content/EngineMaterials/Substrate/GLints/dict_16_192_64_0p5_0p02_0050_0008.uasset" 6631
"/Engine/EngineMaterials/Substrate/GLints/dict_16_192_64_0p5_0p02_0048_0015" 6632
"../../../Engine/Content/EngineMaterials/Substrate/GLints/dict_16_192_64_0p5_0p02_0050_0004.uasset" 6633
"../../../Engine/Content/EngineMaterials/Substrate/GLints/dict_16_192_64_0p5_0p02_0050_0005.uasset" 6634
"../../../Engine/Content/EngineMaterials/Substrate/GLints/dict_16_192_64_0p5_0p02_0049_0014.uasset" 6635
"../../../Engine/Content/EngineMaterials/Substrate/GLints/dict_16_192_64_0p5_0p02_0050_0002.uasset" 6636
"../../../Engine/Content/EngineMaterials/Substrate/GLints/dict_16_192_64_0p5_0p02_0049_0015.uasset" 6637
"/Engine/EngineMaterials/Substrate/GLints/dict_16_192_64_0p5_0p02_0048_0014" 6638
"../../../Engine/Content/EngineMaterials/Substrate/GLints/dict_16_192_64_0p5_0p02_0050_0009.uasset" 6639
"/Engine/EngineMaterials/Substrate/GLints/dict_16_192_64_0p5_0p02_0048_0013" 6640
"/Engine/EngineMaterials/Substrate/GLints/dict_16_192_64_0p5_0p02_0048_0012" 6641
"/Engine/EngineMaterials/Substrate/GLints/dict_16_192_64_0p5_0p02_0048_0011" 6642
"/Engine/EngineMaterials/Substrate/GLints/dict_16_192_64_0p5_0p02_0048_0010" 6643
"/Engine/EngineMaterials/Substrate/GLints/dict_16_192_64_0p5_0p02_0050_0004" 6644
"/Engine/EngineMaterials/Substrate/GLints/dict_16_192_64_0p5_0p02_0050_0009" 6645
"/Engine/EngineMaterials/Substrate/GLints/dict_16_192_64_0p5_0p02_0050_0008" 6646
"/Engine/EngineMaterials/Substrate/GLints/dict_16_192_64_0p5_0p02_0050_0003" 6647
"/Engine/EngineMaterials/Substrate/GLints/dict_16_192_64_0p5_0p02_0050_0002" 6648
"/Engine/EngineMaterials/Substrate/GLints/dict_16_192_64_0p5_0p02_0050_0001" 6649
"/Engine/EngineMaterials/Substrate/GLints/dict_16_192_64_0p5_0p02_0050_0007" 6650
"/Engine/EngineMaterials/Substrate/GLints/dict_16_192_64_0p5_0p02_0050_0000" 6651
"/Engine/EngineMaterials/Substrate/GLints/dict_16_192_64_0p5_0p02_0050_0006" 6652
"/Engine/EngineMaterials/Substrate/GLints/dict_16_192_64_0p5_0p02_0050_0005" 6653
"/Engine/EngineMaterials/Substrate/GLints/dict_16_192_64_0p5_0p02_0049_0015" 6654
"/Engine/EngineMaterials/Substrate/GLints/dict_16_192_64_0p5_0p02_0049_0014" 6655
"../../../Engine/Content/EngineMaterials/Substrate/GLints/dict_16_192_64_0p5_0p02_0051_0008.uasset" 6656
"../../../Engine/Content/EngineMaterials/Substrate/GLints/dict_16_192_64_0p5_0p02_0050_0013.uasset" 6657
"../../../Engine/Content/EngineMaterials/Substrate/GLints/dict_16_192_64_0p5_0p02_0051_0010.uasset" 6658
"../../../Engine/Content/EngineMaterials/Substrate/GLints/dict_16_192_64_0p5_0p02_0051_0012.uasset" 6659
"../../../Engine/Content/EngineMaterials/Substrate/GLints/dict_16_192_64_0p5_0p02_0051_0005.uasset" 6660
"../../../Engine/Content/EngineMaterials/Substrate/GLints/dict_16_192_64_0p5_0p02_0050_0015.uasset" 6661
"../../../Engine/Content/EngineMaterials/Substrate/GLints/dict_16_192_64_0p5_0p02_0051_0007.uasset" 6662
"../../../Engine/Content/EngineMaterials/Substrate/GLints/dict_16_192_64_0p5_0p02_0051_0009.uasset" 6663
"../../../Engine/Content/EngineMaterials/Substrate/GLints/dict_16_192_64_0p5_0p02_0050_0014.uasset" 6664
"../../../Engine/Content/EngineMaterials/Substrate/GLints/dict_16_192_64_0p5_0p02_0050_0011.uasset" 6665
"../../../Engine/Content/EngineMaterials/Substrate/GLints/dict_16_192_64_0p5_0p02_0051_0004.uasset" 6666
"../../../Engine/Content/EngineMaterials/Substrate/GLints/dict_16_192_64_0p5_0p02_0051_0000.uasset" 6667
"../../../Engine/Content/EngineMaterials/Substrate/GLints/dict_16_192_64_0p5_0p02_0050_0012.uasset" 6668
"../../../Engine/Content/EngineMaterials/Substrate/GLints/dict_16_192_64_0p5_0p02_0051_0011.uasset" 6669
"../../../Engine/Content/EngineMaterials/Substrate/GLints/dict_16_192_64_0p5_0p02_0051_0003.uasset" 6670
"../../../Engine/Content/EngineMaterials/Substrate/GLints/dict_16_192_64_0p5_0p02_0051_0001.uasset" 6671
"../../../Engine/Content/EngineMaterials/Substrate/GLints/dict_16_192_64_0p5_0p02_0051_0013.uasset" 6672
"../../../Engine/Content/EngineMaterials/Substrate/GLints/dict_16_192_64_0p5_0p02_0051_0006.uasset" 6673
"../../../Engine/Content/EngineMaterials/Substrate/GLints/dict_16_192_64_0p5_0p02_0051_0002.uasset" 6674
"../../../Engine/Content/EngineMaterials/Substrate/GLints/dict_16_192_64_0p5_0p02_0050_0010.uasset" 6675
"../../../Engine/Content/EngineMaterials/Substrate/GLints/dict_16_192_64_0p5_0p02_0052_0003.uasset" 6676
"../../../Engine/Content/EngineMaterials/Substrate/GLints/dict_16_192_64_0p5_0p02_0052_0004.uasset" 6677
"../../../Engine/Content/EngineMaterials/Substrate/GLints/dict_16_192_64_0p5_0p02_0052_0006.uasset" 6678
"../../../Engine/Content/EngineMaterials/Substrate/GLints/dict_16_192_64_0p5_0p02_0052_0001.uasset" 6679
"../../../Engine/Content/EngineMaterials/Substrate/GLints/dict_16_192_64_0p5_0p02_0052_0002.uasset" 6680
"../../../Engine/Content/EngineMaterials/Substrate/GLints/dict_16_192_64_0p5_0p02_0052_0009.uasset" 6681
"../../../Engine/Content/EngineMaterials/Substrate/GLints/dict_16_192_64_0p5_0p02_0052_0007.uasset" 6682
"../../../Engine/Content/EngineMaterials/Substrate/GLints/dict_16_192_64_0p5_0p02_0051_0015.uasset" 6683
"../../../Engine/Content/EngineMaterials/Substrate/GLints/dict_16_192_64_0p5_0p02_0052_0000.uasset" 6684
"../../../Engine/Content/EngineMaterials/Substrate/GLints/dict_16_192_64_0p5_0p02_0051_0014.uasset" 6685
"../../../Engine/Content/EngineMaterials/Substrate/GLints/dict_16_192_64_0p5_0p02_0052_0008.uasset" 6686
"../../../Engine/Content/EngineMaterials/Substrate/GLints/dict_16_192_64_0p5_0p02_0052_0005.uasset" 6687
"/Engine/EngineMaterials/Substrate/GLints/dict_16_192_64_0p5_0p02_0052_0009" 6688
"/Engine/EngineMaterials/Substrate/GLints/dict_16_192_64_0p5_0p02_0052_0008" 6689
"/Engine/EngineMaterials/Substrate/GLints/dict_16_192_64_0p5_0p02_0052_0007" 6690
"/Engine/EngineMaterials/Substrate/GLints/dict_16_192_64_0p5_0p02_0052_0006" 6691
"/Engine/EngineMaterials/Substrate/GLints/dict_16_192_64_0p5_0p02_0052_0005" 6692
"/Engine/EngineMaterials/Substrate/GLints/dict_16_192_64_0p5_0p02_0052_0004" 6693
"/Engine/EngineMaterials/Substrate/GLints/dict_16_192_64_0p5_0p02_0052_0003" 6694
"/Engine/EngineMaterials/Substrate/GLints/dict_16_192_64_0p5_0p02_0052_0002" 6695
"/Engine/EngineMaterials/Substrate/GLints/dict_16_192_64_0p5_0p02_0052_0001" 6696
"/Engine/EngineMaterials/Substrate/GLints/dict_16_192_64_0p5_0p02_0052_0000" 6697
"/Engine/EngineMaterials/Substrate/GLints/dict_16_192_64_0p5_0p02_0051_0015" 6698
"/Engine/EngineMaterials/Substrate/GLints/dict_16_192_64_0p5_0p02_0051_0014" 6699
"/Engine/EngineMaterials/Substrate/GLints/dict_16_192_64_0p5_0p02_0051_0013" 6700
"/Engine/EngineMaterials/Substrate/GLints/dict_16_192_64_0p5_0p02_0051_0012" 6701
"/Engine/EngineMaterials/Substrate/GLints/dict_16_192_64_0p5_0p02_0051_0011" 6702
"/Engine/EngineMaterials/Substrate/GLints/dict_16_192_64_0p5_0p02_0051_0010" 6703
"/Engine/EngineMaterials/Substrate/GLints/dict_16_192_64_0p5_0p02_0051_0009" 6704
"/Engine/EngineMaterials/Substrate/GLints/dict_16_192_64_0p5_0p02_0051_0008" 6705
"/Engine/EngineMaterials/Substrate/GLints/dict_16_192_64_0p5_0p02_0051_0007" 6706
"/Engine/EngineMaterials/Substrate/GLints/dict_16_192_64_0p5_0p02_0051_0006" 6707
"/Engine/EngineMaterials/Substrate/GLints/dict_16_192_64_0p5_0p02_0051_0005" 6708
"/Engine/EngineMaterials/Substrate/GLints/dict_16_192_64_0p5_0p02_0051_0004" 6709
"/Engine/EngineMaterials/Substrate/GLints/dict_16_192_64_0p5_0p02_0051_0003" 6710
"/Engine/EngineMaterials/Substrate/GLints/dict_16_192_64_0p5_0p02_0051_0002" 6711
"/Engine/EngineMaterials/Substrate/GLints/dict_16_192_64_0p5_0p02_0051_0001" 6712
"/Engine/EngineMaterials/Substrate/GLints/dict_16_192_64_0p5_0p02_0051_0000" 6713
"/Engine/EngineMaterials/Substrate/GLints/dict_16_192_64_0p5_0p02_0050_0015" 6714
"/Engine/EngineMaterials/Substrate/GLints/dict_16_192_64_0p5_0p02_0050_0014" 6715
"/Engine/EngineMaterials/Substrate/GLints/dict_16_192_64_0p5_0p02_0050_0013" 6716
"/Engine/EngineMaterials/Substrate/GLints/dict_16_192_64_0p5_0p02_0050_0012" 6717
"/Engine/EngineMaterials/Substrate/GLints/dict_16_192_64_0p5_0p02_0050_0011" 6718
"/Engine/EngineMaterials/Substrate/GLints/dict_16_192_64_0p5_0p02_0050_0010" 6719
"../../../Engine/Content/EngineMaterials/Substrate/GLints/dict_16_192_64_0p5_0p02_0052_0011.uasset" 6720
"../../../Engine/Content/EngineMaterials/Substrate/GLints/dict_16_192_64_0p5_0p02_0052_0015.uasset" 6721
"../../../Engine/Content/EngineMaterials/Substrate/GLints/dict_16_192_64_0p5_0p02_0053_0005.uasset" 6722
"../../../Engine/Content/EngineMaterials/Substrate/GLints/dict_16_192_64_0p5_0p02_0053_0000.uasset" 6723
"../../../Engine/Content/EngineMaterials/Substrate/GLints/dict_16_192_64_0p5_0p02_0053_0009.uasset" 6724
"../../../Engine/Content/EngineMaterials/Substrate/GLints/dict_16_192_64_0p5_0p02_0052_0010.uasset" 6725
"../../../Engine/Content/EngineMaterials/Substrate/GLints/dict_16_192_64_0p5_0p02_0053_0001.uasset" 6726
"../../../Engine/Content/EngineMaterials/Substrate/GLints/dict_16_192_64_0p5_0p02_0053_0011.uasset" 6727
"/Engine/EngineMaterials/Substrate/GLints/dict_16_192_64_0p5_0p02_0053_0011" 6728
"../../../Engine/Content/EngineMaterials/Substrate/GLints/dict_16_192_64_0p5_0p02_0053_0002.uasset" 6729
"/Engine/EngineMaterials/Substrate/GLints/dict_16_192_64_0p5_0p02_0053_0009" 6730
"/Engine/EngineMaterials/Substrate/GLints/dict_16_192_64_0p5_0p02_0053_0005" 6731
"/Engine/EngineMaterials/Substrate/GLints/dict_16_192_64_0p5_0p02_0053_0001" 6732
"/Engine/EngineMaterials/Substrate/GLints/dict_16_192_64_0p5_0p02_0053_0000" 6733
"/Engine/EngineMaterials/Substrate/GLints/dict_16_192_64_0p5_0p02_0052_0015" 6734
"/Engine/EngineMaterials/Substrate/GLints/dict_16_192_64_0p5_0p02_0052_0011" 6735
"/Engine/EngineMaterials/Substrate/GLints/dict_16_192_64_0p5_0p02_0052_0010" 6736
"/Engine/EngineMaterials/Substrate/GLints/dict_16_192_64_0p5_0p02_0053_0002" 6737
"../../../Engine/Content/EngineMaterials/Substrate/GLints/dict_16_192_64_0p5_0p02_0054_0000.uasset" 6738
"../../../Engine/Content/EngineMaterials/Substrate/GLints/dict_16_192_64_0p5_0p02_0053_0007.uasset" 6739
"../../../Engine/Content/EngineMaterials/Substrate/GLints/dict_16_192_64_0p5_0p02_0053_0014.uasset" 6740
"../../../Engine/Content/EngineMaterials/Substrate/GLints/dict_16_192_64_0p5_0p02_0054_0001.uasset" 6741
"../../../Engine/Content/EngineMaterials/Substrate/GLints/dict_16_192_64_0p5_0p02_0053_0008.uasset" 6742
"../../../Engine/Content/EngineMaterials/Substrate/GLints/dict_16_192_64_0p5_0p02_0052_0013.uasset" 6743
"../../../Engine/Content/EngineMaterials/Substrate/GLints/dict_16_192_64_0p5_0p02_0053_0015.uasset" 6744
"../../../Engine/Content/EngineMaterials/Substrate/GLints/dict_16_192_64_0p5_0p02_0053_0013.uasset" 6745
"../../../Engine/Content/EngineMaterials/Substrate/GLints/dict_16_192_64_0p5_0p02_0054_0002.uasset" 6746
"../../../Engine/Content/EngineMaterials/Substrate/GLints/dict_16_192_64_0p5_0p02_0053_0010.uasset" 6747
"../../../Engine/Content/EngineMaterials/Substrate/GLints/dict_16_192_64_0p5_0p02_0052_0012.uasset" 6748
"../../../Engine/Content/EngineMaterials/Substrate/GLints/dict_16_192_64_0p5_0p02_0053_0012.uasset" 6749
"../../../Engine/Content/EngineMaterials/Substrate/GLints/dict_16_192_64_0p5_0p02_0054_0004.uasset" 6750
"../../../Engine/Content/EngineMaterials/Substrate/GLints/dict_16_192_64_0p5_0p02_0054_0003.uasset" 6751
"../../../Engine/Content/EngineMaterials/Substrate/GLints/dict_16_192_64_0p5_0p02_0054_0005.uasset" 6752
"../../../Engine/Content/EngineMaterials/Substrate/GLints/dict_16_192_64_0p5_0p02_0052_0014.uasset" 6753
"../../../Engine/Content/EngineMaterials/Substrate/GLints/dict_16_192_64_0p5_0p02_0053_0006.uasset" 6754
"../../../Engine/Content/EngineMaterials/Substrate/GLints/dict_16_192_64_0p5_0p02_0054_0007.uasset" 6755
"../../../Engine/Content/EngineMaterials/Substrate/GLints/dict_16_192_64_0p5_0p02_0054_0006.uasset" 6756
"../../../Engine/Content/EngineMaterials/Substrate/GLints/dict_16_192_64_0p5_0p02_0054_0012.uasset" 6757
"../../../Engine/Content/EngineMaterials/Substrate/GLints/dict_16_192_64_0p5_0p02_0055_0000.uasset" 6758
"../../../Engine/Content/EngineMaterials/Substrate/GLints/dict_16_192_64_0p5_0p02_0054_0011.uasset" 6759
"../../../Engine/Content/EngineMaterials/Substrate/GLints/dict_16_192_64_0p5_0p02_0054_0014.uasset" 6760
"../../../Engine/Content/EngineMaterials/Substrate/GLints/dict_16_192_64_0p5_0p02_0053_0003.uasset" 6761
"../../../Engine/Content/EngineMaterials/Substrate/GLints/dict_16_192_64_0p5_0p02_0055_0002.uasset" 6762
"../../../Engine/Content/EngineMaterials/Substrate/GLints/dict_16_192_64_0p5_0p02_0054_0013.uasset" 6763
"../../../Engine/Content/EngineMaterials/Substrate/GLints/dict_16_192_64_0p5_0p02_0054_0008.uasset" 6764
"../../../Engine/Content/EngineMaterials/Substrate/GLints/dict_16_192_64_0p5_0p02_0055_0001.uasset" 6765
"../../../Engine/Content/EngineMaterials/Substrate/GLints/dict_16_192_64_0p5_0p02_0053_0004.uasset" 6766
"/Engine/EngineMaterials/Substrate/GLints/dict_16_192_64_0p5_0p02_0054_0008" 6767
"/Engine/EngineMaterials/Substrate/GLints/dict_16_192_64_0p5_0p02_0054_0007" 6768
"/Engine/EngineMaterials/Substrate/GLints/dict_16_192_64_0p5_0p02_0054_0006" 6769
"/Engine/EngineMaterials/Substrate/GLints/dict_16_192_64_0p5_0p02_0054_0005" 6770
"/Engine/EngineMaterials/Substrate/GLints/dict_16_192_64_0p5_0p02_0054_0004" 6771
"/Engine/EngineMaterials/Substrate/GLints/dict_16_192_64_0p5_0p02_0054_0003" 6772
"../../../Engine/Content/EngineMaterials/Substrate/GLints/dict_16_192_64_0p5_0p02_0054_0010.uasset" 6773
"/Engine/EngineMaterials/Substrate/GLints/dict_16_192_64_0p5_0p02_0054_0002" 6774
"/Engine/EngineMaterials/Substrate/GLints/dict_16_192_64_0p5_0p02_0054_0001" 6775
"/Engine/EngineMaterials/Substrate/GLints/dict_16_192_64_0p5_0p02_0054_0000" 6776
"../../../Engine/Content/EngineMaterials/Substrate/GLints/dict_16_192_64_0p5_0p02_0054_0015.uasset" 6777
"/Engine/EngineMaterials/Substrate/GLints/dict_16_192_64_0p5_0p02_0053_0015" 6778
"/Engine/EngineMaterials/Substrate/GLints/dict_16_192_64_0p5_0p02_0053_0014" 6779
"/Engine/EngineMaterials/Substrate/GLints/dict_16_192_64_0p5_0p02_0053_0013" 6780
"/Engine/EngineMaterials/Substrate/GLints/dict_16_192_64_0p5_0p02_0053_0012" 6781
"/Engine/EngineMaterials/Substrate/GLints/dict_16_192_64_0p5_0p02_0055_0001" 6782
"/Engine/EngineMaterials/Substrate/GLints/dict_16_192_64_0p5_0p02_0053_0010" 6783
"../../../Engine/Content/EngineMaterials/Substrate/GLints/dict_16_192_64_0p5_0p02_0054_0009.uasset" 6784
"/Engine/EngineMaterials/Substrate/GLints/dict_16_192_64_0p5_0p02_0055_0000" 6785
"/Engine/EngineMaterials/Substrate/GLints/dict_16_192_64_0p5_0p02_0053_0008" 6786
"/Engine/EngineMaterials/Substrate/GLints/dict_16_192_64_0p5_0p02_0053_0007" 6787
"/Engine/EngineMaterials/Substrate/GLints/dict_16_192_64_0p5_0p02_0053_0006" 6788
"/Engine/EngineMaterials/Substrate/GLints/dict_16_192_64_0p5_0p02_0053_0004" 6789
"/Engine/EngineMaterials/Substrate/GLints/dict_16_192_64_0p5_0p02_0053_0003" 6790
"/Engine/EngineMaterials/Substrate/GLints/dict_16_192_64_0p5_0p02_0055_0002" 6791
"/Engine/EngineMaterials/Substrate/GLints/dict_16_192_64_0p5_0p02_0054_0014" 6792
"/Engine/EngineMaterials/Substrate/GLints/dict_16_192_64_0p5_0p02_0054_0013" 6793
"/Engine/EngineMaterials/Substrate/GLints/dict_16_192_64_0p5_0p02_0054_0012" 6794
"/Engine/EngineMaterials/Substrate/GLints/dict_16_192_64_0p5_0p02_0052_0014" 6795
"/Engine/EngineMaterials/Substrate/GLints/dict_16_192_64_0p5_0p02_0052_0013" 6796
"/Engine/EngineMaterials/Substrate/GLints/dict_16_192_64_0p5_0p02_0052_0012" 6797
"/Engine/EngineMaterials/Substrate/GLints/dict_16_192_64_0p5_0p02_0054_0011" 6798
"/Engine/EngineMaterials/Substrate/GLints/dict_16_192_64_0p5_0p02_0054_0009" 6799
"/Engine/EngineMaterials/Substrate/GLints/dict_16_192_64_0p5_0p02_0054_0015" 6800
"/Engine/EngineMaterials/Substrate/GLints/dict_16_192_64_0p5_0p02_0054_0010" 6801
"../../../Engine/Content/EngineMaterials/Substrate/GLints/dict_16_192_64_0p5_0p02_0055_0015.uasset" 6802
"../../../Engine/Content/EngineMaterials/Substrate/GLints/dict_16_192_64_0p5_0p02_0055_0008.uasset" 6803
"../../../Engine/Content/EngineMaterials/Substrate/GLints/dict_16_192_64_0p5_0p02_0055_0006.uasset" 6804
"../../../Engine/Content/EngineMaterials/Substrate/GLints/dict_16_192_64_0p5_0p02_0056_0002.uasset" 6805
"../../../Engine/Content/EngineMaterials/Substrate/GLints/dict_16_192_64_0p5_0p02_0056_0004.uasset" 6806
"../../../Engine/Content/EngineMaterials/Substrate/GLints/dict_16_192_64_0p5_0p02_0055_0011.uasset" 6807
"../../../Engine/Content/EngineMaterials/Substrate/GLints/dict_16_192_64_0p5_0p02_0055_0010.uasset" 6808
"../../../Engine/Content/EngineMaterials/Substrate/GLints/dict_16_192_64_0p5_0p02_0055_0007.uasset" 6809
"../../../Engine/Content/EngineMaterials/Substrate/GLints/dict_16_192_64_0p5_0p02_0055_0009.uasset" 6810
"../../../Engine/Content/EngineMaterials/Substrate/GLints/dict_16_192_64_0p5_0p02_0055_0014.uasset" 6811
"../../../Engine/Content/EngineMaterials/Substrate/GLints/dict_16_192_64_0p5_0p02_0056_0000.uasset" 6812
"../../../Engine/Content/EngineMaterials/Substrate/GLints/dict_16_192_64_0p5_0p02_0056_0005.uasset" 6813
"../../../Engine/Content/EngineMaterials/Substrate/GLints/dict_16_192_64_0p5_0p02_0055_0012.uasset" 6814
"../../../Engine/Content/EngineMaterials/Substrate/GLints/dict_16_192_64_0p5_0p02_0055_0004.uasset" 6815
"/Engine/EngineMaterials/Substrate/GLints/dict_16_192_64_0p5_0p02_0056_0005" 6816
"/Engine/EngineMaterials/Substrate/GLints/dict_16_192_64_0p5_0p02_0056_0004" 6817
"/Engine/EngineMaterials/Substrate/GLints/dict_16_192_64_0p5_0p02_0056_0002" 6818
"../../../Engine/Content/EngineMaterials/Substrate/GLints/dict_16_192_64_0p5_0p02_0055_0003.uasset" 6819
"../../../Engine/Content/EngineMaterials/Substrate/GLints/dict_16_192_64_0p5_0p02_0056_0003.uasset" 6820
"/Engine/EngineMaterials/Substrate/GLints/dict_16_192_64_0p5_0p02_0056_0000" 6821
"/Engine/EngineMaterials/Substrate/GLints/dict_16_192_64_0p5_0p02_0055_0015" 6822
"../../../Engine/Content/EngineMaterials/Substrate/GLints/dict_16_192_64_0p5_0p02_0055_0013.uasset" 6823
"../../../Engine/Content/EngineMaterials/Substrate/GLints/dict_16_192_64_0p5_0p02_0056_0007.uasset" 6824
"../../../Engine/Content/EngineMaterials/Substrate/GLints/dict_16_192_64_0p5_0p02_0056_0006.uasset" 6825
"../../../Engine/Content/EngineMaterials/Substrate/GLints/dict_16_192_64_0p5_0p02_0056_0009.uasset" 6826
"../../../Engine/Content/EngineMaterials/Substrate/GLints/dict_16_192_64_0p5_0p02_0056_0001.uasset" 6827
"/Engine/EngineMaterials/Substrate/GLints/dict_16_192_64_0p5_0p02_0055_0014" 6828
"/Engine/EngineMaterials/Substrate/GLints/dict_16_192_64_0p5_0p02_0055_0012" 6829
"../../../Engine/Content/EngineMaterials/Substrate/GLints/dict_16_192_64_0p5_0p02_0056_0012.uasset" 6830
"../../../Engine/Content/EngineMaterials/Substrate/GLints/dict_16_192_64_0p5_0p02_0056_0011.uasset" 6831
"/Engine/EngineMaterials/Substrate/GLints/dict_16_192_64_0p5_0p02_0055_0011" 6832
"../../../Engine/Content/EngineMaterials/Substrate/GLints/dict_16_192_64_0p5_0p02_0055_0005.uasset" 6833
"/Engine/EngineMaterials/Substrate/GLints/dict_16_192_64_0p5_0p02_0055_0010" 6834
"../../../Engine/Content/EngineMaterials/Substrate/GLints/dict_16_192_64_0p5_0p02_0056_0010.uasset" 6835
"/Engine/EngineMaterials/Substrate/GLints/dict_16_192_64_0p5_0p02_0055_0009" 6836
"/Engine/EngineMaterials/Substrate/GLints/dict_16_192_64_0p5_0p02_0055_0008" 6837
"/Engine/EngineMaterials/Substrate/GLints/dict_16_192_64_0p5_0p02_0055_0007" 6838
"/Engine/EngineMaterials/Substrate/GLints/dict_16_192_64_0p5_0p02_0055_0006" 6839
"/Engine/EngineMaterials/Substrate/GLints/dict_16_192_64_0p5_0p02_0055_0004" 6840
"../../../Engine/Content/EngineMaterials/Substrate/GLints/dict_16_192_64_0p5_0p02_0056_0008.uasset" 6841
"../../../Engine/Content/EngineMaterials/Substrate/GLints/dict_16_192_64_0p5_0p02_0057_0001.uasset" 6842
"../../../Engine/Content/EngineMaterials/Substrate/GLints/dict_16_192_64_0p5_0p02_0057_0002.uasset" 6843
"/Engine/EngineMaterials/Substrate/GLints/dict_16_192_64_0p5_0p02_0056_0012" 6844
"../../../Engine/Content/EngineMaterials/Substrate/GLints/dict_16_192_64_0p5_0p02_0056_0015.uasset" 6845
"/Engine/EngineMaterials/Substrate/GLints/dict_16_192_64_0p5_0p02_0056_0011" 6846
"/Engine/EngineMaterials/Substrate/GLints/dict_16_192_64_0p5_0p02_0056_0010" 6847
"../../../Engine/Content/EngineMaterials/Substrate/GLints/dict_16_192_64_0p5_0p02_0056_0014.uasset" 6848
"/Engine/EngineMaterials/Substrate/GLints/dict_16_192_64_0p5_0p02_0056_0009" 6849
"../../../Engine/Content/EngineMaterials/Substrate/GLints/dict_16_192_64_0p5_0p02_0056_0013.uasset" 6850
"/Engine/EngineMaterials/Substrate/GLints/dict_16_192_64_0p5_0p02_0056_0008" 6851
"../../../Engine/Content/EngineMaterials/Substrate/GLints/dict_16_192_64_0p5_0p02_0057_0000.uasset" 6852
"/Engine/EngineMaterials/Substrate/GLints/dict_16_192_64_0p5_0p02_0056_0007" 6853
"/Engine/EngineMaterials/Substrate/GLints/dict_16_192_64_0p5_0p02_0056_0006" 6854
"/Engine/EngineMaterials/Substrate/GLints/dict_16_192_64_0p5_0p02_0056_0003" 6855
"/Engine/EngineMaterials/Substrate/GLints/dict_16_192_64_0p5_0p02_0056_0001" 6856
"/Engine/EngineMaterials/Substrate/GLints/dict_16_192_64_0p5_0p02_0055_0013" 6857
"/Engine/EngineMaterials/Substrate/GLints/dict_16_192_64_0p5_0p02_0057_0001" 6858
"/Engine/EngineMaterials/Substrate/GLints/dict_16_192_64_0p5_0p02_0055_0005" 6859
"/Engine/EngineMaterials/Substrate/GLints/dict_16_192_64_0p5_0p02_0055_0003" 6860
"/Engine/EngineMaterials/Substrate/GLints/dict_16_192_64_0p5_0p02_0057_0002" 6861
"/Engine/EngineMaterials/Substrate/GLints/dict_16_192_64_0p5_0p02_0056_0015" 6862
"/Engine/EngineMaterials/Substrate/GLints/dict_16_192_64_0p5_0p02_0056_0014" 6863
"/Engine/EngineMaterials/Substrate/GLints/dict_16_192_64_0p5_0p02_0056_0013" 6864
"/Engine/EngineMaterials/Substrate/GLints/dict_16_192_64_0p5_0p02_0057_0000" 6865
"../../../Engine/Content/EngineMaterials/Substrate/GLints/dict_16_192_64_0p5_0p02_0057_0009.uasset" 6866
"../../../Engine/Content/EngineMaterials/Substrate/GLints/dict_16_192_64_0p5_0p02_0057_0008.uasset" 6867
"../../../Engine/Content/EngineMaterials/Substrate/GLints/dict_16_192_64_0p5_0p02_0057_0010.uasset" 6868
"../../../Engine/Content/EngineMaterials/Substrate/GLints/dict_16_192_64_0p5_0p02_0057_0015.uasset" 6869
"../../../Engine/Content/EngineMaterials/Substrate/GLints/dict_16_192_64_0p5_0p02_0057_0007.uasset" 6870
"../../../Engine/Content/EngineMaterials/Substrate/GLints/dict_16_192_64_0p5_0p02_0057_0014.uasset" 6871
"../../../Engine/Content/EngineMaterials/Substrate/GLints/dict_16_192_64_0p5_0p02_0057_0006.uasset" 6872
"../../../Engine/Content/EngineMaterials/Substrate/GLints/dict_16_192_64_0p5_0p02_0057_0012.uasset" 6873
"../../../Engine/Content/EngineMaterials/Substrate/GLints/dict_16_192_64_0p5_0p02_0057_0011.uasset" 6874
"../../../Engine/Content/EngineMaterials/Substrate/GLints/dict_16_192_64_0p5_0p02_0058_0000.uasset" 6875
"../../../Engine/Content/EngineMaterials/Substrate/GLints/dict_16_192_64_0p5_0p02_0057_0005.uasset" 6876
"../../../Engine/Content/EngineMaterials/Substrate/GLints/dict_16_192_64_0p5_0p02_0057_0013.uasset" 6877
"../../../Engine/Content/EngineMaterials/Substrate/GLints/dict_16_192_64_0p5_0p02_0057_0003.uasset" 6878
"../../../Engine/Content/EngineMaterials/Substrate/GLints/dict_16_192_64_0p5_0p02_0057_0004.uasset" 6879
"../../../Engine/Content/EngineMaterials/Substrate/GLints/dict_16_192_64_0p5_0p02_0058_0003.uasset" 6880
"../../../Engine/Content/EngineMaterials/Substrate/GLints/dict_16_192_64_0p5_0p02_0058_0004.uasset" 6881
"../../../Engine/Content/EngineMaterials/Substrate/GLints/dict_16_192_64_0p5_0p02_0058_0002.uasset" 6882
"../../../Engine/Content/EngineMaterials/Substrate/GLints/dict_16_192_64_0p5_0p02_0058_0005.uasset" 6883
"../../../Engine/Content/EngineMaterials/Substrate/GLints/dict_16_192_64_0p5_0p02_0058_0006.uasset" 6884
"../../../Engine/Content/EngineMaterials/Substrate/GLints/dict_16_192_64_0p5_0p02_0058_0001.uasset" 6885
"../../../Engine/Content/EngineMaterials/Substrate/GLints/dict_16_192_64_0p5_0p02_0059_0002.uasset" 6886
"../../../Engine/Content/EngineMaterials/Substrate/GLints/dict_16_192_64_0p5_0p02_0059_0001.uasset" 6887
"../../../Engine/Content/EngineMaterials/Substrate/GLints/dict_16_192_64_0p5_0p02_0058_0007.uasset" 6888
"../../../Engine/Content/EngineMaterials/Substrate/GLints/dict_16_192_64_0p5_0p02_0058_0011.uasset" 6889
"../../../Engine/Content/EngineMaterials/Substrate/GLints/dict_16_192_64_0p5_0p02_0058_0012.uasset" 6890
"../../../Engine/Content/EngineMaterials/Substrate/GLints/dict_16_192_64_0p5_0p02_0058_0013.uasset" 6891
"../../../Engine/Content/EngineMaterials/Substrate/GLints/dict_16_192_64_0p5_0p02_0058_0008.uasset" 6892
"../../../Engine/Content/EngineMaterials/Substrate/GLints/dict_16_192_64_0p5_0p02_0058_0009.uasset" 6893
"../../../Engine/Content/EngineMaterials/Substrate/GLints/dict_16_192_64_0p5_0p02_0058_0010.uasset" 6894
"../../../Engine/Content/EngineMaterials/Substrate/GLints/dict_16_192_64_0p5_0p02_0058_0014.uasset" 6895
"../../../Engine/Content/EngineMaterials/Substrate/GLints/dict_16_192_64_0p5_0p02_0058_0015.uasset" 6896
"/Engine/EngineMaterials/Substrate/GLints/dict_16_192_64_0p5_0p02_0059_0002" 6897
"../../../Engine/Content/EngineMaterials/Substrate/GLints/dict_16_192_64_0p5_0p02_0059_0000.uasset" 6898
"/Engine/EngineMaterials/Substrate/GLints/dict_16_192_64_0p5_0p02_0059_0001" 6899
"/Engine/EngineMaterials/Substrate/GLints/dict_16_192_64_0p5_0p02_0058_0015" 6900
"/Engine/EngineMaterials/Substrate/GLints/dict_16_192_64_0p5_0p02_0058_0013" 6901
"/Engine/EngineMaterials/Substrate/GLints/dict_16_192_64_0p5_0p02_0058_0012" 6902
"/Engine/EngineMaterials/Substrate/GLints/dict_16_192_64_0p5_0p02_0058_0011" 6903
"/Engine/EngineMaterials/Substrate/GLints/dict_16_192_64_0p5_0p02_0058_0010" 6904
"/Engine/EngineMaterials/Substrate/GLints/dict_16_192_64_0p5_0p02_0058_0009" 6905
"/Engine/EngineMaterials/Substrate/GLints/dict_16_192_64_0p5_0p02_0058_0008" 6906
"/Engine/EngineMaterials/Substrate/GLints/dict_16_192_64_0p5_0p02_0058_0007" 6907
"/Engine/EngineMaterials/Substrate/GLints/dict_16_192_64_0p5_0p02_0058_0000" 6908
"/Engine/EngineMaterials/Substrate/GLints/dict_16_192_64_0p5_0p02_0057_0015" 6909
"/Engine/EngineMaterials/Substrate/GLints/dict_16_192_64_0p5_0p02_0058_0006" 6910
"/Engine/EngineMaterials/Substrate/GLints/dict_16_192_64_0p5_0p02_0057_0014" 6911
"/Engine/EngineMaterials/Substrate/GLints/dict_16_192_64_0p5_0p02_0058_0005" 6912
"/Engine/EngineMaterials/Substrate/GLints/dict_16_192_64_0p5_0p02_0057_0013" 6913
"/Engine/EngineMaterials/Substrate/GLints/dict_16_192_64_0p5_0p02_0057_0012" 6914
"/Engine/EngineMaterials/Substrate/GLints/dict_16_192_64_0p5_0p02_0057_0011" 6915
"/Engine/EngineMaterials/Substrate/GLints/dict_16_192_64_0p5_0p02_0058_0004" 6916
"/Engine/EngineMaterials/Substrate/GLints/dict_16_192_64_0p5_0p02_0058_0003" 6917
"/Engine/EngineMaterials/Substrate/GLints/dict_16_192_64_0p5_0p02_0057_0010" 6918
"/Engine/EngineMaterials/Substrate/GLints/dict_16_192_64_0p5_0p02_0057_0009" 6919
"/Engine/EngineMaterials/Substrate/GLints/dict_16_192_64_0p5_0p02_0057_0008" 6920
"/Engine/EngineMaterials/Substrate/GLints/dict_16_192_64_0p5_0p02_0057_0007" 6921
"/Engine/EngineMaterials/Substrate/GLints/dict_16_192_64_0p5_0p02_0057_0006" 6922
"/Engine/EngineMaterials/Substrate/GLints/dict_16_192_64_0p5_0p02_0057_0005" 6923
"/Engine/EngineMaterials/Substrate/GLints/dict_16_192_64_0p5_0p02_0057_0004" 6924
"/Engine/EngineMaterials/Substrate/GLints/dict_16_192_64_0p5_0p02_0058_0002" 6925
"/Engine/EngineMaterials/Substrate/GLints/dict_16_192_64_0p5_0p02_0057_0003" 6926
"/Engine/EngineMaterials/Substrate/GLints/dict_16_192_64_0p5_0p02_0058_0001" 6927
"/Engine/EngineMaterials/Substrate/GLints/dict_16_192_64_0p5_0p02_0058_0014" 6928
"/Engine/EngineMaterials/Substrate/GLints/dict_16_192_64_0p5_0p02_0059_0000" 6929
"../../../Engine/Content/EngineMaterials/Substrate/GLints/dict_16_192_64_0p5_0p02_0060_0001.uasset" 6930
"../../../Engine/Content/EngineMaterials/Substrate/GLints/dict_16_192_64_0p5_0p02_0059_0007.uasset" 6931
"../../../Engine/Content/EngineMaterials/Substrate/GLints/dict_16_192_64_0p5_0p02_0059_0011.uasset" 6932
"../../../Engine/Content/EngineMaterials/Substrate/GLints/dict_16_192_64_0p5_0p02_0059_0008.uasset" 6933
"../../../Engine/Content/EngineMaterials/Substrate/GLints/dict_16_192_64_0p5_0p02_0059_0013.uasset" 6934
"../../../Engine/Content/EngineMaterials/Substrate/GLints/dict_16_192_64_0p5_0p02_0059_0014.uasset" 6935
"../../../Engine/Content/EngineMaterials/Substrate/GLints/dict_16_192_64_0p5_0p02_0059_0005.uasset" 6936
"../../../Engine/Content/EngineMaterials/Substrate/GLints/dict_16_192_64_0p5_0p02_0060_0003.uasset" 6937
"../../../Engine/Content/EngineMaterials/Substrate/GLints/dict_16_192_64_0p5_0p02_0059_0003.uasset" 6938
"../../../Engine/Content/EngineMaterials/Substrate/GLints/dict_16_192_64_0p5_0p02_0059_0009.uasset" 6939
"../../../Engine/Content/EngineMaterials/Substrate/GLints/dict_16_192_64_0p5_0p02_0060_0000.uasset" 6940
"../../../Engine/Content/EngineMaterials/Substrate/GLints/dict_16_192_64_0p5_0p02_0059_0010.uasset" 6941
"../../../Engine/Content/EngineMaterials/Substrate/GLints/dict_16_192_64_0p5_0p02_0060_0004.uasset" 6942
"../../../Engine/Content/EngineMaterials/Substrate/GLints/dict_16_192_64_0p5_0p02_0059_0004.uasset" 6943
"../../../Engine/Content/EngineMaterials/Substrate/GLints/dict_16_192_64_0p5_0p02_0060_0006.uasset" 6944
"../../../Engine/Content/EngineMaterials/Substrate/GLints/dict_16_192_64_0p5_0p02_0060_0002.uasset" 6945
"../../../Engine/Content/EngineMaterials/Substrate/GLints/dict_16_192_64_0p5_0p02_0059_0006.uasset" 6946
"../../../Engine/Content/EngineMaterials/Substrate/GLints/dict_16_192_64_0p5_0p02_0060_0005.uasset" 6947
"../../../Engine/Content/EngineMaterials/Substrate/GLints/dict_16_192_64_0p5_0p02_0059_0015.uasset" 6948
"../../../Engine/Content/EngineMaterials/Substrate/GLints/dict_16_192_64_0p5_0p02_0059_0012.uasset" 6949
"/Engine/EngineMaterials/Substrate/GLints/dict_16_192_64_0p5_0p02_0060_0006" 6950
"/Engine/EngineMaterials/Substrate/GLints/dict_16_192_64_0p5_0p02_0060_0005" 6951
"/Engine/EngineMaterials/Substrate/GLints/dict_16_192_64_0p5_0p02_0060_0004" 6952
"/Engine/EngineMaterials/Substrate/GLints/dict_16_192_64_0p5_0p02_0060_0003" 6953
"/Engine/EngineMaterials/Substrate/GLints/dict_16_192_64_0p5_0p02_0060_0002" 6954
"/Engine/EngineMaterials/Substrate/GLints/dict_16_192_64_0p5_0p02_0060_0001" 6955
"/Engine/EngineMaterials/Substrate/GLints/dict_16_192_64_0p5_0p02_0060_0000" 6956
"/Engine/EngineMaterials/Substrate/GLints/dict_16_192_64_0p5_0p02_0059_0015" 6957
"/Engine/EngineMaterials/Substrate/GLints/dict_16_192_64_0p5_0p02_0059_0014" 6958
"/Engine/EngineMaterials/Substrate/GLints/dict_16_192_64_0p5_0p02_0059_0013" 6959
"/Engine/EngineMaterials/Substrate/GLints/dict_16_192_64_0p5_0p02_0059_0011" 6960
"/Engine/EngineMaterials/Substrate/GLints/dict_16_192_64_0p5_0p02_0059_0010" 6961
"/Engine/EngineMaterials/Substrate/GLints/dict_16_192_64_0p5_0p02_0059_0009" 6962
"/Engine/EngineMaterials/Substrate/GLints/dict_16_192_64_0p5_0p02_0059_0008" 6963
"/Engine/EngineMaterials/Substrate/GLints/dict_16_192_64_0p5_0p02_0059_0007" 6964
"/Engine/EngineMaterials/Substrate/GLints/dict_16_192_64_0p5_0p02_0059_0006" 6965
"/Engine/EngineMaterials/Substrate/GLints/dict_16_192_64_0p5_0p02_0059_0005" 6966
"/Engine/EngineMaterials/Substrate/GLints/dict_16_192_64_0p5_0p02_0059_0004" 6967
"/Engine/EngineMaterials/Substrate/GLints/dict_16_192_64_0p5_0p02_0059_0003" 6968
"/Engine/EngineMaterials/Substrate/GLints/dict_16_192_64_0p5_0p02_0059_0012" 6969
"../../../Engine/Content/EngineMaterials/Substrate/GLints/dict_16_192_64_0p5_0p02_0060_0008.uasset" 6970
"../../../Engine/Content/EngineMaterials/Substrate/GLints/dict_16_192_64_0p5_0p02_0060_0007.uasset" 6971
"../../../Engine/Content/EngineMaterials/Substrate/GLints/dict_16_192_64_0p5_0p02_0061_0000.uasset" 6972
"../../../Engine/Content/EngineMaterials/Substrate/GLints/dict_16_192_64_0p5_0p02_0061_0002.uasset" 6973
"/Engine/EngineMaterials/Substrate/GLints/dict_16_192_64_0p5_0p02_0061_0000" 6974
"/Engine/EngineMaterials/Substrate/GLints/dict_16_192_64_0p5_0p02_0061_0002" 6975
"../../../Engine/Content/EngineMaterials/Substrate/GLints/dict_16_192_64_0p5_0p02_0060_0013.uasset" 6976
"../../../Engine/Content/EngineMaterials/Substrate/GLints/dict_16_192_64_0p5_0p02_0060_0015.uasset" 6977
"/Engine/EngineMaterials/Substrate/GLints/dict_16_192_64_0p5_0p02_0060_0008" 6978
"../../../Engine/Content/EngineMaterials/Substrate/GLints/dict_16_192_64_0p5_0p02_0060_0014.uasset" 6979
"../../../Engine/Content/EngineMaterials/Substrate/GLints/dict_16_192_64_0p5_0p02_0060_0010.uasset" 6980
"../../../Engine/Content/EngineMaterials/Substrate/GLints/dict_16_192_64_0p5_0p02_0060_0009.uasset" 6981
"../../../Engine/Content/EngineMaterials/Substrate/GLints/dict_16_192_64_0p5_0p02_0060_0011.uasset" 6982
"../../../Engine/Content/EngineMaterials/Substrate/GLints/dict_16_192_64_0p5_0p02_0060_0012.uasset" 6983
"/Engine/EngineMaterials/Substrate/GLints/dict_16_192_64_0p5_0p02_0060_0007" 6984
"../../../Engine/Content/EngineMaterials/Substrate/GLints/dict_16_192_64_0p5_0p02_0061_0001.uasset" 6985
"/Engine/EngineMaterials/Substrate/GLints/dict_16_192_64_0p5_0p02_0061_0001" 6986
"/Engine/EngineMaterials/Substrate/GLints/dict_16_192_64_0p5_0p02_0060_0015" 6987
"/Engine/EngineMaterials/Substrate/GLints/dict_16_192_64_0p5_0p02_0060_0014" 6988
"/Engine/EngineMaterials/Substrate/GLints/dict_16_192_64_0p5_0p02_0060_0013" 6989
"/Engine/EngineMaterials/Substrate/GLints/dict_16_192_64_0p5_0p02_0060_0012" 6990
"/Engine/EngineMaterials/Substrate/GLints/dict_16_192_64_0p5_0p02_0060_0011" 6991
"/Engine/EngineMaterials/Substrate/GLints/dict_16_192_64_0p5_0p02_0060_0010" 6992
"/Engine/EngineMaterials/Substrate/GLints/dict_16_192_64_0p5_0p02_0060_0009" 6993
"../../../Engine/Content/EngineMaterials/Substrate/GLints/dict_16_192_64_0p5_0p02_0061_0014.uasset" 6994
"../../../Engine/Content/EngineMaterials/Substrate/GLints/dict_16_192_64_0p5_0p02_0061_0012.uasset" 6995
"../../../Engine/Content/EngineMaterials/Substrate/GLints/dict_16_192_64_0p5_0p02_0061_0011.uasset" 6996
"../../../Engine/Content/EngineMaterials/Substrate/GLints/dict_16_192_64_0p5_0p02_0061_0005.uasset" 6997
"../../../Engine/Content/EngineMaterials/Substrate/GLints/dict_16_192_64_0p5_0p02_0061_0015.uasset" 6998
"../../../Engine/Content/EngineMaterials/Substrate/GLints/dict_16_192_64_0p5_0p02_0062_0002.uasset" 6999
"../../../Engine/Content/EngineMaterials/Substrate/GLints/dict_16_192_64_0p5_0p02_0062_0005.uasset" 7000
"../../../Engine/Content/EngineMaterials/Substrate/GLints/dict_16_192_64_0p5_0p02_0061_0006.uasset" 7001
"../../../Engine/Content/EngineMaterials/Substrate/GLints/dict_16_192_64_0p5_0p02_0061_0007.uasset" 7002
"../../../Engine/Content/EngineMaterials/Substrate/GLints/dict_16_192_64_0p5_0p02_0062_0004.uasset" 7003
"../../../Engine/Content/EngineMaterials/Substrate/GLints/dict_16_192_64_0p5_0p02_0061_0008.uasset" 7004
"../../../Engine/Content/EngineMaterials/Substrate/GLints/dict_16_192_64_0p5_0p02_0062_0006.uasset" 7005
"../../../Engine/Content/EngineMaterials/Substrate/GLints/dict_16_192_64_0p5_0p02_0061_0004.uasset" 7006
"../../../Engine/Content/EngineMaterials/Substrate/GLints/dict_16_192_64_0p5_0p02_0062_0000.uasset" 7007
"../../../Engine/Content/EngineMaterials/Substrate/GLints/dict_16_192_64_0p5_0p02_0061_0003.uasset" 7008
"../../../Engine/Content/EngineMaterials/Substrate/GLints/dict_16_192_64_0p5_0p02_0061_0013.uasset" 7009
"../../../Engine/Content/EngineMaterials/Substrate/GLints/dict_16_192_64_0p5_0p02_0061_0009.uasset" 7010
"../../../Engine/Content/EngineMaterials/Substrate/GLints/dict_16_192_64_0p5_0p02_0061_0010.uasset" 7011
"../../../Engine/Content/EngineMaterials/Substrate/GLints/dict_16_192_64_0p5_0p02_0062_0001.uasset" 7012
"../../../Engine/Content/EngineMaterials/Substrate/GLints/dict_16_192_64_0p5_0p02_0062_0003.uasset" 7013
"../../../Engine/Content/EngineMaterials/Substrate/GLints/dict_16_192_64_0p5_0p02_0062_0009.uasset" 7014
"../../../Engine/Content/EngineMaterials/Substrate/GLints/dict_16_192_64_0p5_0p02_0062_0007.uasset" 7015
"../../../Engine/Content/EngineMaterials/Substrate/GLints/dict_16_192_64_0p5_0p02_0062_0015.uasset" 7016
"../../../Engine/Content/EngineMaterials/Substrate/GLints/dict_16_192_64_0p5_0p02_0062_0012.uasset" 7017
"../../../Engine/Content/EngineMaterials/Substrate/GLints/dict_16_192_64_0p5_0p02_0062_0014.uasset" 7018
"../../../Engine/Content/EngineMaterials/Substrate/GLints/dict_16_192_64_0p5_0p02_0062_0010.uasset" 7019
"../../../Engine/Content/EngineMaterials/Substrate/GLints/dict_16_192_64_0p5_0p02_0063_0002.uasset" 7020
"../../../Engine/Content/EngineMaterials/Substrate/GLints/dict_16_192_64_0p5_0p02_0062_0008.uasset" 7021
"../../../Engine/Content/EngineMaterials/Substrate/GLints/dict_16_192_64_0p5_0p02_0062_0011.uasset" 7022
"/Engine/EngineMaterials/Substrate/GLints/dict_16_192_64_0p5_0p02_0063_0002" 7023
"../../../Engine/Content/EngineMaterials/Substrate/GLints/dict_16_192_64_0p5_0p02_0063_0001.uasset" 7024
"../../../Engine/Content/EngineMaterials/Substrate/GLints/dict_16_192_64_0p5_0p02_0062_0013.uasset" 7025
"../../../Engine/Content/EngineMaterials/Substrate/GLints/dict_16_192_64_0p5_0p02_0063_0000.uasset" 7026
"/Engine/EngineMaterials/Substrate/GLints/dict_16_192_64_0p5_0p02_0062_0010" 7027
"/Engine/EngineMaterials/Substrate/GLints/dict_16_192_64_0p5_0p02_0062_0009" 7028
"/Engine/EngineMaterials/Substrate/GLints/dict_16_192_64_0p5_0p02_0062_0015" 7029
"/Engine/EngineMaterials/Substrate/GLints/dict_16_192_64_0p5_0p02_0062_0014" 7030
"/Engine/EngineMaterials/Substrate/GLints/dict_16_192_64_0p5_0p02_0062_0012" 7031
"/Engine/EngineMaterials/Substrate/GLints/dict_16_192_64_0p5_0p02_0062_0007" 7032
"/Engine/EngineMaterials/Substrate/GLints/dict_16_192_64_0p5_0p02_0062_0005" 7033
"/Engine/EngineMaterials/Substrate/GLints/dict_16_192_64_0p5_0p02_0062_0004" 7034
"/Engine/EngineMaterials/Substrate/GLints/dict_16_192_64_0p5_0p02_0062_0003" 7035
"/Engine/EngineMaterials/Substrate/GLints/dict_16_192_64_0p5_0p02_0062_0002" 7036
"/Engine/EngineMaterials/Substrate/GLints/dict_16_192_64_0p5_0p02_0062_0001" 7037
"/Engine/EngineMaterials/Substrate/GLints/dict_16_192_64_0p5_0p02_0062_0000" 7038
"/Engine/EngineMaterials/Substrate/GLints/dict_16_192_64_0p5_0p02_0061_0015" 7039
"/Engine/EngineMaterials/Substrate/GLints/dict_16_192_64_0p5_0p02_0061_0014" 7040
"/Engine/EngineMaterials/Substrate/GLints/dict_16_192_64_0p5_0p02_0061_0013" 7041
"/Engine/EngineMaterials/Substrate/GLints/dict_16_192_64_0p5_0p02_0061_0012" 7042
"/Engine/EngineMaterials/Substrate/GLints/dict_16_192_64_0p5_0p02_0062_0006" 7043
"/Engine/EngineMaterials/Substrate/GLints/dict_16_192_64_0p5_0p02_0061_0011" 7044
"/Engine/EngineMaterials/Substrate/GLints/dict_16_192_64_0p5_0p02_0061_0010" 7045
"/Engine/EngineMaterials/Substrate/GLints/dict_16_192_64_0p5_0p02_0061_0009" 7046
"/Engine/EngineMaterials/Substrate/GLints/dict_16_192_64_0p5_0p02_0061_0008" 7047
"/Engine/EngineMaterials/Substrate/GLints/dict_16_192_64_0p5_0p02_0061_0007" 7048
"/Engine/EngineMaterials/Substrate/GLints/dict_16_192_64_0p5_0p02_0061_0006" 7049
"/Engine/EngineMaterials/Substrate/GLints/dict_16_192_64_0p5_0p02_0061_0005" 7050
"/Engine/EngineMaterials/Substrate/GLints/dict_16_192_64_0p5_0p02_0061_0004" 7051
"/Engine/EngineMaterials/Substrate/GLints/dict_16_192_64_0p5_0p02_0061_0003" 7052
"/Engine/EngineMaterials/Substrate/GLints/dict_16_192_64_0p5_0p02_0063_0001" 7053
"/Engine/EngineMaterials/Substrate/GLints/dict_16_192_64_0p5_0p02_0063_0000" 7054
"/Engine/EngineMaterials/Substrate/GLints/dict_16_192_64_0p5_0p02_0062_0013" 7055
"/Engine/EngineMaterials/Substrate/GLints/dict_16_192_64_0p5_0p02_0062_0011" 7056
"/Engine/EngineMaterials/Substrate/GLints/dict_16_192_64_0p5_0p02_0062_0008" 7057
"../../../Engine/Content/EngineMaterials/Substrate/GLints/dict_16_192_64_0p5_0p02_0063_0014.uasset" 7058
"../../../Engine/Content/EngineMaterials/Substrate/GLints/dict_16_192_64_0p5_0p02_0063_0003.uasset" 7059
"../../../Engine/Content/EngineMaterials/Substrate/Glints2/dict_0000_0006.uasset" 7060
"../../../Engine/Content/EngineMaterials/Substrate/Glints2/dict_0000_0005.uasset" 7061
"../../../Engine/Content/EngineMaterials/Substrate/GLints/dict_16_192_64_0p5_0p02_0063_0004.uasset" 7062
"../../../Engine/Content/EngineMaterials/Substrate/GLints/dict_16_192_64_0p5_0p02_0063_0009.uasset" 7063
"../../../Engine/Content/EngineMaterials/Substrate/GLints/dict_16_192_64_0p5_0p02_0063_0012.uasset" 7064
"../../../Engine/Content/EngineMaterials/Substrate/Glints2/dict_0000_0002.uasset" 7065
"../../../Engine/Content/EngineMaterials/Substrate/GLints/dict_16_192_64_0p5_0p02_0063_0008.uasset" 7066
"../../../Engine/Content/EngineMaterials/Substrate/Glints2/dict_0000_0004.uasset" 7067
"../../../Engine/Content/EngineMaterials/Substrate/GLints/dict_16_192_64_0p5_0p02_0063_0013.uasset" 7068
"../../../Engine/Content/EngineMaterials/Substrate/GLints/dict_16_192_64_0p5_0p02_0063_0011.uasset" 7069
"../../../Engine/Content/EngineMaterials/Substrate/GLints/dict_16_192_64_0p5_0p02_0063_0010.uasset" 7070
"../../../Engine/Content/EngineMaterials/Substrate/Glints2/dict_0000_0003.uasset" 7071
"../../../Engine/Content/EngineMaterials/Substrate/GLints/dict_16_192_64_0p5_0p02_0063_0015.uasset" 7072
"../../../Engine/Content/EngineMaterials/Substrate/GLints/AGlintTex2dArray.uasset" 7073
"../../../Engine/Content/EngineMaterials/Substrate/GLints/dict_16_192_64_0p5_0p02_0063_0007.uasset" 7074
"../../../Engine/Content/EngineMaterials/Substrate/Glints2/dict_0000_0001.uasset" 7075
"../../../Engine/Content/EngineMaterials/Substrate/Glints2/dict_0000_0000.uasset" 7076
"../../../Engine/Content/EngineMaterials/Substrate/GLints/dict_16_192_64_0p5_0p02_0063_0006.uasset" 7077
"../../../Engine/Content/EngineMaterials/Substrate/GLints/dict_16_192_64_0p5_0p02_0063_0005.uasset" 7078
"/Engine/EngineMaterials/Substrate/Glints2/dict_0000_0006" 7079
"/Engine/EngineMaterials/Substrate/Glints2/dict_0000_0005" 7080
"/Engine/EngineMaterials/Substrate/Glints2/dict_0000_0004" 7081
"/Engine/EngineMaterials/Substrate/Glints2/dict_0000_0003" 7082
"/Engine/EngineMaterials/Substrate/Glints2/dict_0000_0002" 7083
"/Engine/EngineMaterials/Substrate/Glints2/dict_0000_0001" 7084
"/Engine/EngineMaterials/Substrate/Glints2/dict_0000_0000" 7085
"../../../Engine/Content/EngineMaterials/Substrate/Glints2/dict_0000_0012.uasset" 7086
"../../../Engine/Content/EngineMaterials/Substrate/Glints2/dict_0000_0011.uasset" 7087
"../../../Engine/Content/EngineMaterials/Substrate/Glints2/dict_0000_0014.uasset" 7088
"../../../Engine/Content/EngineMaterials/Substrate/Glints2/dict_0000_0007.uasset" 7089
"/Engine/EngineMaterials/Substrate/GLints/AGlintTex2dArray" 7090
"../../../Engine/Content/EngineMaterials/Substrate/Glints2/dict_0000_0008.uasset" 7091
"../../../Engine/Content/EngineMaterials/Substrate/Glints2/dict_0000_0016.uasset" 7092
"../../../Engine/Content/EngineMaterials/Substrate/Glints2/dict_0000_0013.uasset" 7093
"../../../Engine/Content/EngineMaterials/Substrate/Glints2/dict_0000_0015.uasset" 7094
"../../../Engine/Content/EngineMaterials/Substrate/Glints2/dict_0000_0009.uasset" 7095
"../../../Engine/Content/EngineMaterials/Substrate/Glints2/dict_0000_0017.uasset" 7096
"../../../Engine/Content/EngineMaterials/Substrate/Glints2/dict_0000_0010.uasset" 7097
"/Engine/EngineMaterials/Substrate/Glints2/dict_0000_0012" 7098
"/Engine/EngineMaterials/Substrate/Glints2/dict_0000_0011" 7099
"/Engine/EngineMaterials/Substrate/Glints2/dict_0000_0010" 7100
"/Engine/EngineMaterials/Substrate/Glints2/dict_0000_0017" 7101
"/Engine/EngineMaterials/Substrate/Glints2/dict_0000_0016" 7102
"/Engine/EngineMaterials/Substrate/Glints2/dict_0000_0009" 7103
"/Engine/EngineMaterials/Substrate/Glints2/dict_0000_0008" 7104
"/Engine/EngineMaterials/Substrate/Glints2/dict_0000_0015" 7105
"/Engine/EngineMaterials/Substrate/Glints2/dict_0000_0007" 7106
"/Engine/EngineMaterials/Substrate/Glints2/dict_0000_0014" 7107
"/Engine/EngineMaterials/Substrate/Glints2/dict_0000_0013" 7108
"../../../Engine/Content/EngineMaterials/Substrate/Glints2/dict_0000_0019.uasset" 7109
"../../../Engine/Content/EngineMaterials/Substrate/Glints2/dict_0000_0034.uasset" 7110
"../../../Engine/Content/EngineMaterials/Substrate/Glints2/dict_0000_0028.uasset" 7111
"../../../Engine/Content/EngineMaterials/Substrate/Glints2/dict_0000_0024.uasset" 7112
"../../../Engine/Content/EngineMaterials/Substrate/Glints2/dict_0000_0021.uasset" 7113
"../../../Engine/Content/EngineMaterials/Substrate/Glints2/dict_0000_0018.uasset" 7114
"../../../Engine/Content/EngineMaterials/Substrate/Glints2/dict_0000_0029.uasset" 7115
"../../../Engine/Content/EngineMaterials/Substrate/Glints2/dict_0000_0035.uasset" 7116
"../../../Engine/Content/EngineMaterials/Substrate/Glints2/dict_0000_0038.uasset" 7117
"../../../Engine/Content/EngineMaterials/Substrate/Glints2/dict_0000_0020.uasset" 7118
"../../../Engine/Content/EngineMaterials/Substrate/Glints2/dict_0000_0027.uasset" 7119
"../../../Engine/Content/EngineMaterials/Substrate/Glints2/dict_0000_0025.uasset" 7120
"../../../Engine/Content/EngineMaterials/Substrate/Glints2/dict_0000_0032.uasset" 7121
"../../../Engine/Content/EngineMaterials/Substrate/Glints2/dict_0000_0031.uasset" 7122
"../../../Engine/Content/EngineMaterials/Substrate/Glints2/dict_0000_0022.uasset" 7123
"../../../Engine/Content/EngineMaterials/Substrate/Glints2/dict_0000_0023.uasset" 7124
"../../../Engine/Content/EngineMaterials/Substrate/Glints2/dict_0000_0036.uasset" 7125
"../../../Engine/Content/EngineMaterials/Substrate/Glints2/dict_0000_0033.uasset" 7126
"../../../Engine/Content/EngineMaterials/Substrate/Glints2/dict_0000_0030.uasset" 7127
"../../../Engine/Content/EngineMaterials/Substrate/Glints2/dict_0000_0026.uasset" 7128
"../../../Engine/Content/EngineMaterials/Substrate/Glints2/dict_0000_0037.uasset" 7129
"/Engine/EngineMaterials/Substrate/Glints2/dict_0000_0038" 7130
"/Engine/EngineMaterials/Substrate/Glints2/dict_0000_0037" 7131
"/Engine/EngineMaterials/Substrate/Glints2/dict_0000_0036" 7132
"/Engine/EngineMaterials/Substrate/Glints2/dict_0000_0035" 7133
"/Engine/EngineMaterials/Substrate/Glints2/dict_0000_0034" 7134
"/Engine/EngineMaterials/Substrate/Glints2/dict_0000_0033" 7135
"../../../Engine/Content/EngineMaterials/Substrate/Glints2/dict_0000_0040.uasset" 7136
"../../../Engine/Content/EngineMaterials/Substrate/Glints2/dict_0000_0041.uasset" 7137
"../../../Engine/Content/EngineMaterials/Substrate/Glints2/dict_0000_0044.uasset" 7138
"/Engine/EngineMaterials/Substrate/Glints2/dict_0000_0032" 7139
"../../../Engine/Content/EngineMaterials/Substrate/Glints2/dict_0000_0042.uasset" 7140
"../../../Engine/Content/EngineMaterials/Substrate/Glints2/dict_0000_0039.uasset" 7141
"/Engine/EngineMaterials/Substrate/Glints2/dict_0000_0031" 7142
"../../../Engine/Content/EngineMaterials/Substrate/Glints2/dict_0000_0043.uasset" 7143
"../../../Engine/Content/EngineMaterials/Substrate/Glints2/dict_0000_0048.uasset" 7144
"../../../Engine/Content/EngineMaterials/Substrate/Glints2/dict_0000_0047.uasset" 7145
"../../../Engine/Content/EngineMaterials/Substrate/Glints2/dict_0000_0049.uasset" 7146
"/Engine/EngineMaterials/Substrate/Glints2/dict_0000_0030" 7147
"../../../Engine/Content/EngineMaterials/Substrate/Glints2/dict_0000_0046.uasset" 7148
"../../../Engine/Content/EngineMaterials/Substrate/Glints2/dict_0000_0045.uasset" 7149
"/Engine/EngineMaterials/Substrate/Glints2/dict_0000_0029" 7150
"/Engine/EngineMaterials/Substrate/Glints2/dict_0000_0028" 7151
"/Engine/EngineMaterials/Substrate/Glints2/dict_0000_0027" 7152
"/Engine/EngineMaterials/Substrate/Glints2/dict_0000_0026" 7153
"/Engine/EngineMaterials/Substrate/Glints2/dict_0000_0025" 7154
"/Engine/EngineMaterials/Substrate/Glints2/dict_0000_0024" 7155
"/Engine/EngineMaterials/Substrate/Glints2/dict_0000_0023" 7156
"/Engine/EngineMaterials/Substrate/Glints2/dict_0000_0022" 7157
"/Engine/EngineMaterials/Substrate/Glints2/dict_0000_0021" 7158
"/Engine/EngineMaterials/Substrate/Glints2/dict_0000_0020" 7159
"/Engine/EngineMaterials/Substrate/Glints2/dict_0000_0019" 7160
"/Engine/EngineMaterials/Substrate/Glints2/dict_0000_0018" 7161
"/Engine/EngineMaterials/Substrate/Glints2/dict_0000_0049" 7162
"/Engine/EngineMaterials/Substrate/Glints2/dict_0000_0048" 7163
"/Engine/EngineMaterials/Substrate/Glints2/dict_0000_0047" 7164
"/Engine/EngineMaterials/Substrate/Glints2/dict_0000_0046" 7165
"/Engine/EngineMaterials/Substrate/Glints2/dict_0000_0045" 7166
"/Engine/EngineMaterials/Substrate/Glints2/dict_0000_0044" 7167
"/Engine/EngineMaterials/Substrate/Glints2/dict_0000_0043" 7168
"/Engine/EngineMaterials/Substrate/Glints2/dict_0000_0042" 7169
"/Engine/EngineMaterials/Substrate/Glints2/dict_0000_0041" 7170
"/Engine/EngineMaterials/Substrate/Glints2/dict_0000_0040" 7171
"/Engine/EngineMaterials/Substrate/Glints2/dict_0000_0039" 7172
"../../../Engine/Content/EngineMaterials/Substrate/Glints2/dict_0000_0065.uasset" 7173
"../../../Engine/Content/EngineMaterials/Substrate/Glints2/dict_0000_0056.uasset" 7174
"../../../Engine/Content/EngineMaterials/Substrate/Glints2/dict_0000_0055.uasset" 7175
"../../../Engine/Content/EngineMaterials/Substrate/Glints2/dict_0000_0070.uasset" 7176
"../../../Engine/Content/EngineMaterials/Substrate/Glints2/dict_0000_0060.uasset" 7177
"../../../Engine/Content/EngineMaterials/Substrate/Glints2/dict_0000_0064.uasset" 7178
"../../../Engine/Content/EngineMaterials/Substrate/Glints2/dict_0000_0057.uasset" 7179
"../../../Engine/Content/EngineMaterials/Substrate/Glints2/dict_0000_0066.uasset" 7180
"../../../Engine/Content/EngineMaterials/Substrate/Glints2/dict_0000_0067.uasset" 7181
"../../../Engine/Content/EngineMaterials/Substrate/Glints2/dict_0000_0058.uasset" 7182
"../../../Engine/Content/EngineMaterials/Substrate/Glints2/dict_0000_0061.uasset" 7183
"../../../Engine/Content/EngineMaterials/Substrate/Glints2/dict_0000_0053.uasset" 7184
"../../../Engine/Content/EngineMaterials/Substrate/Glints2/dict_0000_0069.uasset" 7185
"../../../Engine/Content/EngineMaterials/Substrate/Glints2/dict_0000_0068.uasset" 7186
"../../../Engine/Content/EngineMaterials/Substrate/Glints2/dict_0000_0059.uasset" 7187
"../../../Engine/Content/EngineMaterials/Substrate/Glints2/dict_0000_0054.uasset" 7188
"../../../Engine/Content/EngineMaterials/Substrate/Glints2/dict_0000_0052.uasset" 7189
"../../../Engine/Content/EngineMaterials/Substrate/Glints2/dict_0000_0063.uasset" 7190
"../../../Engine/Content/EngineMaterials/Substrate/Glints2/dict_0000_0051.uasset" 7191
"../../../Engine/Content/EngineMaterials/Substrate/Glints2/dict_0000_0050.uasset" 7192
"../../../Engine/Content/EngineMaterials/Substrate/Glints2/dict_0000_0062.uasset" 7193
"/Engine/EngineMaterials/Substrate/Glints2/dict_0000_0070" 7194
"../../../Engine/Content/EngineMaterials/Substrate/Glints2/dict_0000_0072.uasset" 7195
"../../../Engine/Content/EngineMaterials/Substrate/Glints2/dict_0000_0076.uasset" 7196
"../../../Engine/Content/EngineMaterials/Substrate/Glints2/dict_0000_0077.uasset" 7197
"../../../Engine/Content/EngineMaterials/Substrate/Glints2/dict_0000_0074.uasset" 7198
"../../../Engine/Content/EngineMaterials/Substrate/Glints2/dict_0000_0075.uasset" 7199
"../../../Engine/Content/EngineMaterials/Substrate/Glints2/dict_0000_0080.uasset" 7200
"/Engine/EngineMaterials/Substrate/Glints2/dict_0000_0069" 7201
"/Engine/EngineMaterials/Substrate/Glints2/dict_0000_0068" 7202
"/Engine/EngineMaterials/Substrate/Glints2/dict_0000_0067" 7203
"/Engine/EngineMaterials/Substrate/Glints2/dict_0000_0066" 7204
"../../../Engine/Content/EngineMaterials/Substrate/Glints2/dict_0000_0079.uasset" 7205
"../../../Engine/Content/EngineMaterials/Substrate/Glints2/dict_0000_0073.uasset" 7206
"../../../Engine/Content/EngineMaterials/Substrate/Glints2/dict_0000_0071.uasset" 7207
"../../../Engine/Content/EngineMaterials/Substrate/Glints2/dict_0000_0081.uasset" 7208
"../../../Engine/Content/EngineMaterials/Substrate/Glints2/dict_0000_0078.uasset" 7209
"/Engine/EngineMaterials/Substrate/Glints2/dict_0000_0065" 7210
"/Engine/EngineMaterials/Substrate/Glints2/dict_0000_0064" 7211
"/Engine/EngineMaterials/Substrate/Glints2/dict_0000_0063" 7212
"/Engine/EngineMaterials/Substrate/Glints2/dict_0000_0062" 7213
"/Engine/EngineMaterials/Substrate/Glints2/dict_0000_0061" 7214
"/Engine/EngineMaterials/Substrate/Glints2/dict_0000_0060" 7215
"/Engine/EngineMaterials/Substrate/Glints2/dict_0000_0059" 7216
"/Engine/EngineMaterials/Substrate/Glints2/dict_0000_0058" 7217
"/Engine/EngineMaterials/Substrate/Glints2/dict_0000_0057" 7218
"/Engine/EngineMaterials/Substrate/Glints2/dict_0000_0056" 7219
"/Engine/EngineMaterials/Substrate/Glints2/dict_0000_0055" 7220
"/Engine/EngineMaterials/Substrate/Glints2/dict_0000_0054" 7221
"/Engine/EngineMaterials/Substrate/Glints2/dict_0000_0053" 7222
"/Engine/EngineMaterials/Substrate/Glints2/dict_0000_0052" 7223
"/Engine/EngineMaterials/Substrate/Glints2/dict_0000_0051" 7224
"/Engine/EngineMaterials/Substrate/Glints2/dict_0000_0050" 7225
"/Engine/EngineMaterials/Substrate/Glints2/dict_0000_0081" 7226
"/Engine/EngineMaterials/Substrate/Glints2/dict_0000_0080" 7227
"/Engine/EngineMaterials/Substrate/Glints2/dict_0000_0079" 7228
"/Engine/EngineMaterials/Substrate/Glints2/dict_0000_0078" 7229
"/Engine/EngineMaterials/Substrate/Glints2/dict_0000_0077" 7230
"/Engine/EngineMaterials/Substrate/Glints2/dict_0000_0076" 7231
"/Engine/EngineMaterials/Substrate/Glints2/dict_0000_0075" 7232
"/Engine/EngineMaterials/Substrate/Glints2/dict_0000_0074" 7233
"/Engine/EngineMaterials/Substrate/Glints2/dict_0000_0073" 7234
"/Engine/EngineMaterials/Substrate/Glints2/dict_0000_0072" 7235
"/Engine/EngineMaterials/Substrate/Glints2/dict_0000_0071" 7236
"../../../Engine/Content/EngineMaterials/Substrate/Glints2/dict_0000_0101.uasset" 7237
"../../../Engine/Content/EngineMaterials/Substrate/Glints2/dict_0000_0089.uasset" 7238
"../../../Engine/Content/EngineMaterials/Substrate/Glints2/dict_0000_0093.uasset" 7239
"../../../Engine/Content/EngineMaterials/Substrate/Glints2/dict_0000_0086.uasset" 7240
"../../../Engine/Content/EngineMaterials/Substrate/Glints2/dict_0000_0098.uasset" 7241
"../../../Engine/Content/EngineMaterials/Substrate/Glints2/dict_0000_0100.uasset" 7242
"../../../Engine/Content/EngineMaterials/Substrate/Glints2/dict_0000_0084.uasset" 7243
"../../../Engine/Content/EngineMaterials/Substrate/Glints2/dict_0000_0095.uasset" 7244
"../../../Engine/Content/EngineMaterials/Substrate/Glints2/dict_0000_0096.uasset" 7245
"../../../Engine/Content/EngineMaterials/Substrate/Glints2/dict_0000_0091.uasset" 7246
"../../../Engine/Content/EngineMaterials/Substrate/Glints2/dict_0000_0102.uasset" 7247
"../../../Engine/Content/EngineMaterials/Substrate/Glints2/dict_0000_0099.uasset" 7248
"../../../Engine/Content/EngineMaterials/Substrate/Glints2/dict_0000_0085.uasset" 7249
"../../../Engine/Content/EngineMaterials/Substrate/Glints2/dict_0000_0094.uasset" 7250
"../../../Engine/Content/EngineMaterials/Substrate/Glints2/dict_0000_0097.uasset" 7251
"../../../Engine/Content/EngineMaterials/Substrate/Glints2/dict_0000_0083.uasset" 7252
"../../../Engine/Content/EngineMaterials/Substrate/Glints2/dict_0000_0088.uasset" 7253
"../../../Engine/Content/EngineMaterials/Substrate/Glints2/dict_0000_0090.uasset" 7254
"../../../Engine/Content/EngineMaterials/Substrate/Glints2/dict_0000_0092.uasset" 7255
"../../../Engine/Content/EngineMaterials/Substrate/Glints2/dict_0000_0082.uasset" 7256
"../../../Engine/Content/EngineMaterials/Substrate/Glints2/dict_0000_0087.uasset" 7257
"/Engine/EngineMaterials/Substrate/Glints2/dict_0000_0102" 7258
"/Engine/EngineMaterials/Substrate/Glints2/dict_0000_0101" 7259
"/Engine/EngineMaterials/Substrate/Glints2/dict_0000_0100" 7260
"/Engine/EngineMaterials/Substrate/Glints2/dict_0000_0099" 7261
"/Engine/EngineMaterials/Substrate/Glints2/dict_0000_0098" 7262
"/Engine/EngineMaterials/Substrate/Glints2/dict_0000_0097" 7263
"/Engine/EngineMaterials/Substrate/Glints2/dict_0000_0096" 7264
"../../../Engine/Content/EngineMaterials/Substrate/Glints2/dict_0000_0109.uasset" 7265
"../../../Engine/Content/EngineMaterials/Substrate/Glints2/dict_0000_0111.uasset" 7266
"../../../Engine/Content/EngineMaterials/Substrate/Glints2/dict_0000_0107.uasset" 7267
"/Engine/EngineMaterials/Substrate/Glints2/dict_0000_0095" 7268
"../../../Engine/Content/EngineMaterials/Substrate/Glints2/dict_0000_0108.uasset" 7269
"../../../Engine/Content/EngineMaterials/Substrate/Glints2/dict_0000_0110.uasset" 7270
"../../../Engine/Content/EngineMaterials/Substrate/Glints2/dict_0000_0104.uasset" 7271
"../../../Engine/Content/EngineMaterials/Substrate/Glints2/dict_0000_0105.uasset" 7272
"../../../Engine/Content/EngineMaterials/Substrate/Glints2/dict_0000_0113.uasset" 7273
"/Engine/EngineMaterials/Substrate/Glints2/dict_0000_0094" 7274
"../../../Engine/Content/EngineMaterials/Substrate/Glints2/dict_0000_0112.uasset" 7275
"../../../Engine/Content/EngineMaterials/Substrate/Glints2/dict_0000_0103.uasset" 7276
"/Engine/EngineMaterials/Substrate/Glints2/dict_0000_0093" 7277
"../../../Engine/Content/EngineMaterials/Substrate/Glints2/dict_0000_0106.uasset" 7278
"/Engine/EngineMaterials/Substrate/Glints2/dict_0000_0092" 7279
"/Engine/EngineMaterials/Substrate/Glints2/dict_0000_0091" 7280
"/Engine/EngineMaterials/Substrate/Glints2/dict_0000_0090" 7281
"/Engine/EngineMaterials/Substrate/Glints2/dict_0000_0089" 7282
"/Engine/EngineMaterials/Substrate/Glints2/dict_0000_0088" 7283
"/Engine/EngineMaterials/Substrate/Glints2/dict_0000_0087" 7284
"/Engine/EngineMaterials/Substrate/Glints2/dict_0000_0086" 7285
"/Engine/EngineMaterials/Substrate/Glints2/dict_0000_0085" 7286
"/Engine/EngineMaterials/Substrate/Glints2/dict_0000_0084" 7287
"/Engine/EngineMaterials/Substrate/Glints2/dict_0000_0083" 7288
"/Engine/EngineMaterials/Substrate/Glints2/dict_0000_0082" 7289
"/Engine/EngineMaterials/Substrate/Glints2/dict_0000_0113" 7290
"/Engine/EngineMaterials/Substrate/Glints2/dict_0000_0112" 7291
"/Engine/EngineMaterials/Substrate/Glints2/dict_0000_0111" 7292
"/Engine/EngineMaterials/Substrate/Glints2/dict_0000_0110" 7293
"/Engine/EngineMaterials/Substrate/Glints2/dict_0000_0109" 7294
"/Engine/EngineMaterials/Substrate/Glints2/dict_0000_0108" 7295
"/Engine/EngineMaterials/Substrate/Glints2/dict_0000_0107" 7296
"/Engine/EngineMaterials/Substrate/Glints2/dict_0000_0106" 7297
"/Engine/EngineMaterials/Substrate/Glints2/dict_0000_0105" 7298
"/Engine/EngineMaterials/Substrate/Glints2/dict_0000_0104" 7299
"/Engine/EngineMaterials/Substrate/Glints2/dict_0000_0103" 7300
"../../../Engine/Content/EngineMaterials/Substrate/Glints2/dict_0000_0134.uasset" 7301
"../../../Engine/Content/EngineMaterials/Substrate/Glints2/dict_0000_0115.uasset" 7302
"../../../Engine/Content/EngineMaterials/Substrate/Glints2/dict_0000_0127.uasset" 7303
"../../../Engine/Content/EngineMaterials/Substrate/Glints2/dict_0000_0132.uasset" 7304
"../../../Engine/Content/EngineMaterials/Substrate/Glints2/dict_0000_0129.uasset" 7305
"../../../Engine/Content/EngineMaterials/Substrate/Glints2/dict_0000_0126.uasset" 7306
"../../../Engine/Content/EngineMaterials/Substrate/Glints2/dict_0000_0120.uasset" 7307
"../../../Engine/Content/EngineMaterials/Substrate/Glints2/dict_0000_0116.uasset" 7308
"../../../Engine/Content/EngineMaterials/Substrate/Glints2/dict_0000_0121.uasset" 7309
"../../../Engine/Content/EngineMaterials/Substrate/Glints2/dict_0000_0114.uasset" 7310
"../../../Engine/Content/EngineMaterials/Substrate/Glints2/dict_0000_0133.uasset" 7311
"../../../Engine/Content/EngineMaterials/Substrate/Glints2/dict_0000_0123.uasset" 7312
"../../../Engine/Content/EngineMaterials/Substrate/Glints2/dict_0000_0128.uasset" 7313
"../../../Engine/Content/EngineMaterials/Substrate/Glints2/dict_0000_0125.uasset" 7314
"../../../Engine/Content/EngineMaterials/Substrate/Glints2/dict_0000_0124.uasset" 7315
"../../../Engine/Content/EngineMaterials/Substrate/Glints2/dict_0000_0131.uasset" 7316
"../../../Engine/Content/EngineMaterials/Substrate/Glints2/dict_0000_0118.uasset" 7317
"../../../Engine/Content/EngineMaterials/Substrate/Glints2/dict_0000_0117.uasset" 7318
"../../../Engine/Content/EngineMaterials/Substrate/Glints2/dict_0000_0119.uasset" 7319
"../../../Engine/Content/EngineMaterials/Substrate/Glints2/dict_0000_0130.uasset" 7320
"../../../Engine/Content/EngineMaterials/Substrate/Glints2/dict_0000_0122.uasset" 7321
"/Engine/EngineMaterials/Substrate/Glints2/dict_0000_0134" 7322
"/Engine/EngineMaterials/Substrate/Glints2/dict_0000_0133" 7323
"/Engine/EngineMaterials/Substrate/Glints2/dict_0000_0132" 7324
"/Engine/EngineMaterials/Substrate/Glints2/dict_0000_0131" 7325
"/Engine/EngineMaterials/Substrate/Glints2/dict_0000_0130" 7326
"/Engine/EngineMaterials/Substrate/Glints2/dict_0000_0129" 7327
"/Engine/EngineMaterials/Substrate/Glints2/dict_0000_0128" 7328
"/Engine/EngineMaterials/Substrate/Glints2/dict_0000_0127" 7329
"/Engine/EngineMaterials/Substrate/Glints2/dict_0000_0126" 7330
"/Engine/EngineMaterials/Substrate/Glints2/dict_0000_0125" 7331
"/Engine/EngineMaterials/Substrate/Glints2/dict_0000_0124" 7332
"/Engine/EngineMaterials/Substrate/Glints2/dict_0000_0123" 7333
"../../../Engine/Content/EngineMaterials/Substrate/Glints2/dict_0000_0140.uasset" 7334
"../../../Engine/Content/EngineMaterials/Substrate/Glints2/dict_0000_0143.uasset" 7335
"../../../Engine/Content/EngineMaterials/Substrate/Glints2/dict_0000_0142.uasset" 7336
"/Engine/EngineMaterials/Substrate/Glints2/dict_0000_0122" 7337
"../../../Engine/Content/EngineMaterials/Substrate/Glints2/dict_0000_0135.uasset" 7338
"../../../Engine/Content/EngineMaterials/Substrate/Glints2/dict_0000_0139.uasset" 7339
"../../../Engine/Content/EngineMaterials/Substrate/Glints2/dict_0000_0137.uasset" 7340
"/Engine/EngineMaterials/Substrate/Glints2/dict_0000_0121" 7341
"../../../Engine/Content/EngineMaterials/Substrate/Glints2/dict_0000_0145.uasset" 7342
"/Engine/EngineMaterials/Substrate/Glints2/dict_0000_0120" 7343
"/Engine/EngineMaterials/Substrate/Glints2/dict_0000_0119" 7344
"../../../Engine/Content/EngineMaterials/Substrate/Glints2/dict_0000_0141.uasset" 7345
"../../../Engine/Content/EngineMaterials/Substrate/Glints2/dict_0000_0138.uasset" 7346
"../../../Engine/Content/EngineMaterials/Substrate/Glints2/dict_0000_0144.uasset" 7347
"/Engine/EngineMaterials/Substrate/Glints2/dict_0000_0118" 7348
"../../../Engine/Content/EngineMaterials/Substrate/Glints2/dict_0000_0136.uasset" 7349
"/Engine/EngineMaterials/Substrate/Glints2/dict_0000_0117" 7350
"/Engine/EngineMaterials/Substrate/Glints2/dict_0000_0116" 7351
"/Engine/EngineMaterials/Substrate/Glints2/dict_0000_0115" 7352
"/Engine/EngineMaterials/Substrate/Glints2/dict_0000_0114" 7353
"/Engine/EngineMaterials/Substrate/Glints2/dict_0000_0145" 7354
"/Engine/EngineMaterials/Substrate/Glints2/dict_0000_0144" 7355
"/Engine/EngineMaterials/Substrate/Glints2/dict_0000_0143" 7356
"/Engine/EngineMaterials/Substrate/Glints2/dict_0000_0142" 7357
"/Engine/EngineMaterials/Substrate/Glints2/dict_0000_0141" 7358
"/Engine/EngineMaterials/Substrate/Glints2/dict_0000_0140" 7359
"/Engine/EngineMaterials/Substrate/Glints2/dict_0000_0139" 7360
"/Engine/EngineMaterials/Substrate/Glints2/dict_0000_0138" 7361
"/Engine/EngineMaterials/Substrate/Glints2/dict_0000_0137" 7362
"/Engine/EngineMaterials/Substrate/Glints2/dict_0000_0136" 7363
"/Engine/EngineMaterials/Substrate/Glints2/dict_0000_0135" 7364
"../../../Engine/Content/EngineMaterials/Substrate/Glints2/dict_0000_0166.uasset" 7365
"../../../Engine/Content/EngineMaterials/Substrate/Glints2/dict_0000_0162.uasset" 7366
"../../../Engine/Content/EngineMaterials/Substrate/Glints2/dict_0000_0149.uasset" 7367
"../../../Engine/Content/EngineMaterials/Substrate/Glints2/dict_0000_0159.uasset" 7368
"../../../Engine/Content/EngineMaterials/Substrate/Glints2/dict_0000_0160.uasset" 7369
"../../../Engine/Content/EngineMaterials/Substrate/Glints2/dict_0000_0146.uasset" 7370
"../../../Engine/Content/EngineMaterials/Substrate/Glints2/dict_0000_0157.uasset" 7371
"../../../Engine/Content/EngineMaterials/Substrate/Glints2/dict_0000_0154.uasset" 7372
"../../../Engine/Content/EngineMaterials/Substrate/Glints2/dict_0000_0150.uasset" 7373
"../../../Engine/Content/EngineMaterials/Substrate/Glints2/dict_0000_0156.uasset" 7374
"../../../Engine/Content/EngineMaterials/Substrate/Glints2/dict_0000_0147.uasset" 7375
"../../../Engine/Content/EngineMaterials/Substrate/Glints2/dict_0000_0155.uasset" 7376
"../../../Engine/Content/EngineMaterials/Substrate/Glints2/dict_0000_0153.uasset" 7377
"../../../Engine/Content/EngineMaterials/Substrate/Glints2/dict_0000_0161.uasset" 7378
"../../../Engine/Content/EngineMaterials/Substrate/Glints2/dict_0000_0151.uasset" 7379
"../../../Engine/Content/EngineMaterials/Substrate/Glints2/dict_0000_0165.uasset" 7380
"../../../Engine/Content/EngineMaterials/Substrate/Glints2/dict_0000_0158.uasset" 7381
"../../../Engine/Content/EngineMaterials/Substrate/Glints2/dict_0000_0164.uasset" 7382
"../../../Engine/Content/EngineMaterials/Substrate/Glints2/dict_0000_0148.uasset" 7383
"../../../Engine/Content/EngineMaterials/Substrate/Glints2/dict_0000_0163.uasset" 7384
"../../../Engine/Content/EngineMaterials/Substrate/Glints2/dict_0000_0152.uasset" 7385
"/Engine/EngineMaterials/Substrate/Glints2/dict_0000_0166" 7386
"/Engine/EngineMaterials/Substrate/Glints2/dict_0000_0165" 7387
"/Engine/EngineMaterials/Substrate/Glints2/dict_0000_0164" 7388
"/Engine/EngineMaterials/Substrate/Glints2/dict_0000_0163" 7389
"/Engine/EngineMaterials/Substrate/Glints2/dict_0000_0162" 7390
"/Engine/EngineMaterials/Substrate/Glints2/dict_0000_0161" 7391
"../../../Engine/Content/EngineMaterials/Substrate/Glints2/dict_0000_0177.uasset" 7392
"/Engine/EngineMaterials/Substrate/Glints2/dict_0000_0160" 7393
"../../../Engine/Content/EngineMaterials/Substrate/Glints2/dict_0000_0167.uasset" 7394
"../../../Engine/Content/EngineMaterials/Substrate/Glints2/dict_0000_0172.uasset" 7395
"../../../Engine/Content/EngineMaterials/Substrate/Glints2/dict_0000_0168.uasset" 7396
"../../../Engine/Content/EngineMaterials/Substrate/Glints2/dict_0000_0175.uasset" 7397
"../../../Engine/Content/EngineMaterials/Substrate/Glints2/dict_0000_0170.uasset" 7398
"/Engine/EngineMaterials/Substrate/Glints2/dict_0000_0159" 7399
"../../../Engine/Content/EngineMaterials/Substrate/Glints2/dict_0000_0176.uasset" 7400
"../../../Engine/Content/EngineMaterials/Substrate/Glints2/dict_0000_0171.uasset" 7401
"../../../Engine/Content/EngineMaterials/Substrate/Glints2/dict_0000_0174.uasset" 7402
"../../../Engine/Content/EngineMaterials/Substrate/Glints2/dict_0000_0169.uasset" 7403
"/Engine/EngineMaterials/Substrate/Glints2/dict_0000_0158" 7404
"../../../Engine/Content/EngineMaterials/Substrate/Glints2/dict_0000_0173.uasset" 7405
"/Engine/EngineMaterials/Substrate/Glints2/dict_0000_0157" 7406
"/Engine/EngineMaterials/Substrate/Glints2/dict_0000_0156" 7407
"/Engine/EngineMaterials/Substrate/Glints2/dict_0000_0155" 7408
"/Engine/EngineMaterials/Substrate/Glints2/dict_0000_0154" 7409
"/Engine/EngineMaterials/Substrate/Glints2/dict_0000_0153" 7410
"/Engine/EngineMaterials/Substrate/Glints2/dict_0000_0152" 7411
"/Engine/EngineMaterials/Substrate/Glints2/dict_0000_0151" 7412
"/Engine/EngineMaterials/Substrate/Glints2/dict_0000_0150" 7413
"/Engine/EngineMaterials/Substrate/Glints2/dict_0000_0149" 7414
"/Engine/EngineMaterials/Substrate/Glints2/dict_0000_0148" 7415
"/Engine/EngineMaterials/Substrate/Glints2/dict_0000_0147" 7416
"/Engine/EngineMaterials/Substrate/Glints2/dict_0000_0146" 7417
"/Engine/EngineMaterials/Substrate/Glints2/dict_0000_0177" 7418
"/Engine/EngineMaterials/Substrate/Glints2/dict_0000_0176" 7419
"/Engine/EngineMaterials/Substrate/Glints2/dict_0000_0175" 7420
"/Engine/EngineMaterials/Substrate/Glints2/dict_0000_0174" 7421
"/Engine/EngineMaterials/Substrate/Glints2/dict_0000_0173" 7422
"/Engine/EngineMaterials/Substrate/Glints2/dict_0000_0172" 7423
"/Engine/EngineMaterials/Substrate/Glints2/dict_0000_0171" 7424
"/Engine/EngineMaterials/Substrate/Glints2/dict_0000_0170" 7425
"/Engine/EngineMaterials/Substrate/Glints2/dict_0000_0169" 7426
"/Engine/EngineMaterials/Substrate/Glints2/dict_0000_0168" 7427
"/Engine/EngineMaterials/Substrate/Glints2/dict_0000_0167" 7428
"../../../Engine/Content/EngineMaterials/Substrate/Glints2/dict_0000_0184.uasset" 7429
"../../../Engine/Content/EngineMaterials/Substrate/Glints2/dict_0000_0197.uasset" 7430
"../../../Engine/Content/EngineMaterials/Substrate/Glints2/dict_0000_0178.uasset" 7431
"../../../Engine/Content/EngineMaterials/Substrate/Glints2/dict_0000_0191.uasset" 7432
"../../../Engine/Content/EngineMaterials/Substrate/Glints2/dict_0000_0181.uasset" 7433
"../../../Engine/Content/EngineMaterials/Substrate/Glints2/dict_0000_0190.uasset" 7434
"../../../Engine/Content/EngineMaterials/Substrate/Glints2/dict_0000_0186.uasset" 7435
"../../../Engine/Content/EngineMaterials/Substrate/Glints2/dict_0000_0198.uasset" 7436
"../../../Engine/Content/EngineMaterials/Substrate/Glints2/dict_0000_0185.uasset" 7437
"../../../Engine/Content/EngineMaterials/Substrate/Glints2/dict_0000_0195.uasset" 7438
"../../../Engine/Content/EngineMaterials/Substrate/Glints2/dict_0000_0196.uasset" 7439
"../../../Engine/Content/EngineMaterials/Substrate/Glints2/dict_0000_0180.uasset" 7440
"../../../Engine/Content/EngineMaterials/Substrate/Glints2/dict_0000_0179.uasset" 7441
"../../../Engine/Content/EngineMaterials/Substrate/Glints2/dict_0000_0183.uasset" 7442
"../../../Engine/Content/EngineMaterials/Substrate/Glints2/dict_0000_0189.uasset" 7443
"../../../Engine/Content/EngineMaterials/Substrate/Glints2/dict_0000_0192.uasset" 7444
"../../../Engine/Content/EngineMaterials/Substrate/Glints2/dict_0000_0188.uasset" 7445
"../../../Engine/Content/EngineMaterials/Substrate/Glints2/dict_0000_0187.uasset" 7446
"../../../Engine/Content/EngineMaterials/Substrate/Glints2/dict_0000_0182.uasset" 7447
"../../../Engine/Content/EngineMaterials/Substrate/Glints2/dict_0000_0194.uasset" 7448
"../../../Engine/Content/EngineMaterials/Substrate/Glints2/dict_0000_0193.uasset" 7449
"/Engine/EngineMaterials/Substrate/Glints2/dict_0000_0198" 7450
"/Engine/EngineMaterials/Substrate/Glints2/dict_0000_0197" 7451
"/Engine/EngineMaterials/Substrate/Glints2/dict_0000_0196" 7452
"/Engine/EngineMaterials/Substrate/Glints2/dict_0000_0195" 7453
"/Engine/EngineMaterials/Substrate/Glints2/dict_0000_0194" 7454
"/Engine/EngineMaterials/Substrate/Glints2/dict_0000_0193" 7455
"/Engine/EngineMaterials/Substrate/Glints2/dict_0000_0192" 7456
"/Engine/EngineMaterials/Substrate/Glints2/dict_0000_0191" 7457
"/Engine/EngineMaterials/Substrate/Glints2/dict_0000_0190" 7458
"/Engine/EngineMaterials/Substrate/Glints2/dict_0000_0189" 7459
"/Engine/EngineMaterials/Substrate/Glints2/dict_0000_0188" 7460
"/Engine/EngineMaterials/Substrate/Glints2/dict_0000_0187" 7461
"../../../Engine/Content/EngineMaterials/Substrate/Glints2/dict_0000_0201.uasset" 7462
"../../../Engine/Content/EngineMaterials/Substrate/Glints2/dict_0000_0203.uasset" 7463
"/Engine/EngineMaterials/Substrate/Glints2/dict_0000_0186" 7464
"../../../Engine/Content/EngineMaterials/Substrate/Glints2/dict_0000_0204.uasset" 7465
"../../../Engine/Content/EngineMaterials/Substrate/Glints2/dict_0000_0209.uasset" 7466
"../../../Engine/Content/EngineMaterials/Substrate/Glints2/dict_0000_0200.uasset" 7467
"/Engine/EngineMaterials/Substrate/Glints2/dict_0000_0185" 7468
"../../../Engine/Content/EngineMaterials/Substrate/Glints2/dict_0000_0199.uasset" 7469
"/Engine/EngineMaterials/Substrate/Glints2/dict_0000_0184" 7470
"../../../Engine/Content/EngineMaterials/Substrate/Glints2/dict_0000_0205.uasset" 7471
"../../../Engine/Content/EngineMaterials/Substrate/Glints2/dict_0000_0208.uasset" 7472
"../../../Engine/Content/EngineMaterials/Substrate/Glints2/dict_0000_0207.uasset" 7473
"../../../Engine/Content/EngineMaterials/Substrate/Glints2/dict_0000_0202.uasset" 7474
"../../../Engine/Content/EngineMaterials/Substrate/Glints2/dict_0000_0206.uasset" 7475
"/Engine/EngineMaterials/Substrate/Glints2/dict_0000_0183" 7476
"/Engine/EngineMaterials/Substrate/Glints2/dict_0000_0182" 7477
"/Engine/EngineMaterials/Substrate/Glints2/dict_0000_0181" 7478
"/Engine/EngineMaterials/Substrate/Glints2/dict_0000_0180" 7479
"/Engine/EngineMaterials/Substrate/Glints2/dict_0000_0179" 7480
"/Engine/EngineMaterials/Substrate/Glints2/dict_0000_0178" 7481
"/Engine/EngineMaterials/Substrate/Glints2/dict_0000_0209" 7482
"/Engine/EngineMaterials/Substrate/Glints2/dict_0000_0208" 7483
"/Engine/EngineMaterials/Substrate/Glints2/dict_0000_0207" 7484
"/Engine/EngineMaterials/Substrate/Glints2/dict_0000_0206" 7485
"/Engine/EngineMaterials/Substrate/Glints2/dict_0000_0205" 7486
"/Engine/EngineMaterials/Substrate/Glints2/dict_0000_0204" 7487
"/Engine/EngineMaterials/Substrate/Glints2/dict_0000_0203" 7488
"/Engine/EngineMaterials/Substrate/Glints2/dict_0000_0202" 7489
"/Engine/EngineMaterials/Substrate/Glints2/dict_0000_0201" 7490
"/Engine/EngineMaterials/Substrate/Glints2/dict_0000_0200" 7491
"/Engine/EngineMaterials/Substrate/Glints2/dict_0000_0199" 7492
"../../../Engine/Content/EngineMaterials/Substrate/Glints2/dict_0000_0217.uasset" 7493
"../../../Engine/Content/EngineMaterials/Substrate/Glints2/dict_0000_0226.uasset" 7494
"../../../Engine/Content/EngineMaterials/Substrate/Glints2/dict_0000_0215.uasset" 7495
"../../../Engine/Content/EngineMaterials/Substrate/Glints2/dict_0000_0223.uasset" 7496
"../../../Engine/Content/EngineMaterials/Substrate/Glints2/dict_0000_0222.uasset" 7497
"../../../Engine/Content/EngineMaterials/Substrate/Glints2/dict_0000_0214.uasset" 7498
"../../../Engine/Content/EngineMaterials/Substrate/Glints2/dict_0000_0220.uasset" 7499
"../../../Engine/Content/EngineMaterials/Substrate/Glints2/dict_0000_0225.uasset" 7500
"../../../Engine/Content/EngineMaterials/Substrate/Glints2/dict_0000_0230.uasset" 7501
"../../../Engine/Content/EngineMaterials/Substrate/Glints2/dict_0000_0213.uasset" 7502
"../../../Engine/Content/EngineMaterials/Substrate/Glints2/dict_0000_0218.uasset" 7503
"../../../Engine/Content/EngineMaterials/Substrate/Glints2/dict_0000_0210.uasset" 7504
"../../../Engine/Content/EngineMaterials/Substrate/Glints2/dict_0000_0228.uasset" 7505
"../../../Engine/Content/EngineMaterials/Substrate/Glints2/dict_0000_0221.uasset" 7506
"../../../Engine/Content/EngineMaterials/Substrate/Glints2/dict_0000_0219.uasset" 7507
"../../../Engine/Content/EngineMaterials/Substrate/Glints2/dict_0000_0227.uasset" 7508
"../../../Engine/Content/EngineMaterials/Substrate/Glints2/dict_0000_0216.uasset" 7509
"../../../Engine/Content/EngineMaterials/Substrate/Glints2/dict_0000_0224.uasset" 7510
"../../../Engine/Content/EngineMaterials/Substrate/Glints2/dict_0000_0211.uasset" 7511
"../../../Engine/Content/EngineMaterials/Substrate/Glints2/dict_0000_0212.uasset" 7512
"../../../Engine/Content/EngineMaterials/Substrate/Glints2/dict_0000_0229.uasset" 7513
"/Engine/EngineMaterials/Substrate/Glints2/dict_0000_0230" 7514
"/Engine/EngineMaterials/Substrate/Glints2/dict_0000_0229" 7515
"/Engine/EngineMaterials/Substrate/Glints2/dict_0000_0228" 7516
"/Engine/EngineMaterials/Substrate/Glints2/dict_0000_0227" 7517
"/Engine/EngineMaterials/Substrate/Glints2/dict_0000_0226" 7518
"/Engine/EngineMaterials/Substrate/Glints2/dict_0000_0225" 7519
"/Engine/EngineMaterials/Substrate/Glints2/dict_0000_0224" 7520
"/Engine/EngineMaterials/Substrate/Glints2/dict_0000_0223" 7521
"/Engine/EngineMaterials/Substrate/Glints2/dict_0000_0222" 7522
"/Engine/EngineMaterials/Substrate/Glints2/dict_0000_0221" 7523
"/Engine/EngineMaterials/Substrate/Glints2/dict_0000_0220" 7524
"/Engine/EngineMaterials/Substrate/Glints2/dict_0000_0219" 7525
"/Engine/EngineMaterials/Substrate/Glints2/dict_0000_0218" 7526
"/Engine/EngineMaterials/Substrate/Glints2/dict_0000_0217" 7527
"/Engine/EngineMaterials/Substrate/Glints2/dict_0000_0216" 7528
"/Engine/EngineMaterials/Substrate/Glints2/dict_0000_0215" 7529
"/Engine/EngineMaterials/Substrate/Glints2/dict_0000_0214" 7530
"/Engine/EngineMaterials/Substrate/Glints2/dict_0000_0213" 7531
"../../../Engine/Content/EngineMaterials/Substrate/Glints2/dict_0000_0236.uasset" 7532
"/Engine/EngineMaterials/Substrate/Glints2/dict_0000_0212" 7533
"/Engine/EngineMaterials/Substrate/Glints2/dict_0000_0211" 7534
"../../../Engine/Content/EngineMaterials/Substrate/Glints2/dict_0000_0234.uasset" 7535
"/Engine/EngineMaterials/Substrate/Glints2/dict_0000_0210" 7536
"../../../Engine/Content/EngineMaterials/Substrate/Glints2/dict_0000_0237.uasset" 7537
"../../../Engine/Content/EngineMaterials/Substrate/Glints2/dict_0000_0241.uasset" 7538
"/Engine/EngineMaterials/Substrate/Glints2/dict_0000_0241" 7539
"../../../Engine/Content/EngineMaterials/Substrate/Glints2/dict_0000_0231.uasset" 7540
"../../../Engine/Content/EngineMaterials/Substrate/Glints2/dict_0000_0235.uasset" 7541
"../../../Engine/Content/EngineMaterials/Substrate/Glints2/dict_0000_0233.uasset" 7542
"../../../Engine/Content/EngineMaterials/Substrate/Glints2/dict_0000_0238.uasset" 7543
"../../../Engine/Content/EngineMaterials/Substrate/Glints2/dict_0000_0239.uasset" 7544
"../../../Engine/Content/EngineMaterials/Substrate/Glints2/dict_0000_0232.uasset" 7545
"../../../Engine/Content/EngineMaterials/Substrate/Glints2/dict_0000_0240.uasset" 7546
"/Engine/EngineMaterials/Substrate/Glints2/dict_0000_0237" 7547
"/Engine/EngineMaterials/Substrate/Glints2/dict_0000_0236" 7548
"/Engine/EngineMaterials/Substrate/Glints2/dict_0000_0234" 7549
"/Engine/EngineMaterials/Substrate/Glints2/dict_0000_0240" 7550
"/Engine/EngineMaterials/Substrate/Glints2/dict_0000_0239" 7551
"/Engine/EngineMaterials/Substrate/Glints2/dict_0000_0238" 7552
"/Engine/EngineMaterials/Substrate/Glints2/dict_0000_0235" 7553
"/Engine/EngineMaterials/Substrate/Glints2/dict_0000_0233" 7554
"/Engine/EngineMaterials/Substrate/Glints2/dict_0000_0232" 7555
"/Engine/EngineMaterials/Substrate/Glints2/dict_0000_0231" 7556
"../../../Engine/Content/EngineMaterials/Substrate/Glints2/dict_0000_0246.uasset" 7557
"../../../Engine/Content/EngineMaterials/Substrate/Glints2/dict_0000_0252.uasset" 7558
"../../../Engine/Content/EngineMaterials/Substrate/Glints2/dict_0000_0248.uasset" 7559
"../../../Engine/Content/EngineMaterials/Substrate/Glints2/dict_0001_0003.uasset" 7560
"../../../Engine/Content/EngineMaterials/Substrate/Glints2/dict_0001_0005.uasset" 7561
"../../../Engine/Content/EngineMaterials/Substrate/Glints2/dict_0000_0253.uasset" 7562
"../../../Engine/Content/EngineMaterials/Substrate/Glints2/dict_0000_0251.uasset" 7563
"../../../Engine/Content/EngineMaterials/Substrate/Glints2/dict_0001_0007.uasset" 7564
"../../../Engine/Content/EngineMaterials/Substrate/Glints2/dict_0000_0254.uasset" 7565
"../../../Engine/Content/EngineMaterials/Substrate/Glints2/dict_0000_0255.uasset" 7566
"../../../Engine/Content/EngineMaterials/Substrate/Glints2/dict_0000_0245.uasset" 7567
"../../../Engine/Content/EngineMaterials/Substrate/Glints2/dict_0000_0242.uasset" 7568
"../../../Engine/Content/EngineMaterials/Substrate/Glints2/dict_0000_0247.uasset" 7569
"../../../Engine/Content/EngineMaterials/Substrate/Glints2/dict_0001_0002.uasset" 7570
"../../../Engine/Content/EngineMaterials/Substrate/Glints2/dict_0001_0001.uasset" 7571
"../../../Engine/Content/EngineMaterials/Substrate/Glints2/dict_0001_0004.uasset" 7572
"../../../Engine/Content/EngineMaterials/Substrate/Glints2/dict_0000_0243.uasset" 7573
"../../../Engine/Content/EngineMaterials/Substrate/Glints2/dict_0000_0249.uasset" 7574
"../../../Engine/Content/EngineMaterials/Substrate/Glints2/dict_0001_0000.uasset" 7575
"../../../Engine/Content/EngineMaterials/Substrate/Glints2/dict_0000_0250.uasset" 7576
"../../../Engine/Content/EngineMaterials/Substrate/Glints2/dict_0000_0244.uasset" 7577
"../../../Engine/Content/EngineMaterials/Substrate/Glints2/dict_0001_0006.uasset" 7578
"/Engine/EngineMaterials/Substrate/Glints2/dict_0001_0007" 7579
"/Engine/EngineMaterials/Substrate/Glints2/dict_0001_0006" 7580
"/Engine/EngineMaterials/Substrate/Glints2/dict_0001_0005" 7581
"/Engine/EngineMaterials/Substrate/Glints2/dict_0001_0004" 7582
"/Engine/EngineMaterials/Substrate/Glints2/dict_0001_0003" 7583
"/Engine/EngineMaterials/Substrate/Glints2/dict_0001_0002" 7584
"/Engine/EngineMaterials/Substrate/Glints2/dict_0001_0001" 7585
"/Engine/EngineMaterials/Substrate/Glints2/dict_0001_0000" 7586
"/Engine/EngineMaterials/Substrate/Glints2/dict_0000_0255" 7587
"/Engine/EngineMaterials/Substrate/Glints2/dict_0000_0254" 7588
"/Engine/EngineMaterials/Substrate/Glints2/dict_0000_0253" 7589
"../../../Engine/Content/EngineMaterials/Substrate/Glints2/dict_0001_0014.uasset" 7590
"../../../Engine/Content/EngineMaterials/Substrate/Glints2/dict_0001_0017.uasset" 7591
"../../../Engine/Content/EngineMaterials/Substrate/Glints2/dict_0001_0012.uasset" 7592
"/Engine/EngineMaterials/Substrate/Glints2/dict_0000_0252" 7593
"../../../Engine/Content/EngineMaterials/Substrate/Glints2/dict_0001_0011.uasset" 7594
"../../../Engine/Content/EngineMaterials/Substrate/Glints2/dict_0001_0008.uasset" 7595
"../../../Engine/Content/EngineMaterials/Substrate/Glints2/dict_0001_0010.uasset" 7596
"/Engine/EngineMaterials/Substrate/Glints2/dict_0000_0251" 7597
"/Engine/EngineMaterials/Substrate/Glints2/dict_0000_0250" 7598
"../../../Engine/Content/EngineMaterials/Substrate/Glints2/dict_0001_0015.uasset" 7599
"/Engine/EngineMaterials/Substrate/Glints2/dict_0000_0249" 7600
"../../../Engine/Content/EngineMaterials/Substrate/Glints2/dict_0001_0016.uasset" 7601
"../../../Engine/Content/EngineMaterials/Substrate/Glints2/dict_0001_0013.uasset" 7602
"../../../Engine/Content/EngineMaterials/Substrate/Glints2/dict_0001_0009.uasset" 7603
"/Engine/EngineMaterials/Substrate/Glints2/dict_0000_0248" 7604
"/Engine/EngineMaterials/Substrate/Glints2/dict_0000_0247" 7605
"/Engine/EngineMaterials/Substrate/Glints2/dict_0000_0246" 7606
"/Engine/EngineMaterials/Substrate/Glints2/dict_0000_0245" 7607
"/Engine/EngineMaterials/Substrate/Glints2/dict_0000_0244" 7608
"/Engine/EngineMaterials/Substrate/Glints2/dict_0000_0243" 7609
"/Engine/EngineMaterials/Substrate/Glints2/dict_0000_0242" 7610
"/Engine/EngineMaterials/Substrate/Glints2/dict_0001_0010" 7611
"/Engine/EngineMaterials/Substrate/Glints2/dict_0001_0017" 7612
"/Engine/EngineMaterials/Substrate/Glints2/dict_0001_0016" 7613
"/Engine/EngineMaterials/Substrate/Glints2/dict_0001_0015" 7614
"/Engine/EngineMaterials/Substrate/Glints2/dict_0001_0009" 7615
"/Engine/EngineMaterials/Substrate/Glints2/dict_0001_0008" 7616
"/Engine/EngineMaterials/Substrate/Glints2/dict_0001_0014" 7617
"/Engine/EngineMaterials/Substrate/Glints2/dict_0001_0013" 7618
"/Engine/EngineMaterials/Substrate/Glints2/dict_0001_0012" 7619
"/Engine/EngineMaterials/Substrate/Glints2/dict_0001_0011" 7620
"../../../Engine/Content/EngineMaterials/Substrate/Glints2/dict_0001_0035.uasset" 7621
"../../../Engine/Content/EngineMaterials/Substrate/Glints2/dict_0001_0019.uasset" 7622
"../../../Engine/Content/EngineMaterials/Substrate/Glints2/dict_0001_0033.uasset" 7623
"../../../Engine/Content/EngineMaterials/Substrate/Glints2/dict_0001_0027.uasset" 7624
"../../../Engine/Content/EngineMaterials/Substrate/Glints2/dict_0001_0038.uasset" 7625
"../../../Engine/Content/EngineMaterials/Substrate/Glints2/dict_0001_0029.uasset" 7626
"../../../Engine/Content/EngineMaterials/Substrate/Glints2/dict_0001_0026.uasset" 7627
"../../../Engine/Content/EngineMaterials/Substrate/Glints2/dict_0001_0039.uasset" 7628
"../../../Engine/Content/EngineMaterials/Substrate/Glints2/dict_0001_0025.uasset" 7629
"../../../Engine/Content/EngineMaterials/Substrate/Glints2/dict_0001_0036.uasset" 7630
"../../../Engine/Content/EngineMaterials/Substrate/Glints2/dict_0001_0021.uasset" 7631
"../../../Engine/Content/EngineMaterials/Substrate/Glints2/dict_0001_0020.uasset" 7632
"../../../Engine/Content/EngineMaterials/Substrate/Glints2/dict_0001_0032.uasset" 7633
"../../../Engine/Content/EngineMaterials/Substrate/Glints2/dict_0001_0023.uasset" 7634
"../../../Engine/Content/EngineMaterials/Substrate/Glints2/dict_0001_0018.uasset" 7635
"../../../Engine/Content/EngineMaterials/Substrate/Glints2/dict_0001_0030.uasset" 7636
"../../../Engine/Content/EngineMaterials/Substrate/Glints2/dict_0001_0024.uasset" 7637
"../../../Engine/Content/EngineMaterials/Substrate/Glints2/dict_0001_0028.uasset" 7638
"../../../Engine/Content/EngineMaterials/Substrate/Glints2/dict_0001_0031.uasset" 7639
"../../../Engine/Content/EngineMaterials/Substrate/Glints2/dict_0001_0022.uasset" 7640
"../../../Engine/Content/EngineMaterials/Substrate/Glints2/dict_0001_0034.uasset" 7641
"../../../Engine/Content/EngineMaterials/Substrate/Glints2/dict_0001_0037.uasset" 7642
"/Engine/EngineMaterials/Substrate/Glints2/dict_0001_0039" 7643
"/Engine/EngineMaterials/Substrate/Glints2/dict_0001_0038" 7644
"/Engine/EngineMaterials/Substrate/Glints2/dict_0001_0037" 7645
"/Engine/EngineMaterials/Substrate/Glints2/dict_0001_0036" 7646
"/Engine/EngineMaterials/Substrate/Glints2/dict_0001_0035" 7647
"/Engine/EngineMaterials/Substrate/Glints2/dict_0001_0034" 7648
"/Engine/EngineMaterials/Substrate/Glints2/dict_0001_0033" 7649
"/Engine/EngineMaterials/Substrate/Glints2/dict_0001_0032" 7650
"/Engine/EngineMaterials/Substrate/Glints2/dict_0001_0031" 7651
"../../../Engine/Content/EngineMaterials/Substrate/Glints2/dict_0001_0042.uasset" 7652
"../../../Engine/Content/EngineMaterials/Substrate/Glints2/dict_0001_0046.uasset" 7653
"../../../Engine/Content/EngineMaterials/Substrate/Glints2/dict_0001_0041.uasset" 7654
"/Engine/EngineMaterials/Substrate/Glints2/dict_0001_0030" 7655
"../../../Engine/Content/EngineMaterials/Substrate/Glints2/dict_0001_0040.uasset" 7656
"/Engine/EngineMaterials/Substrate/Glints2/dict_0001_0029" 7657
"../../../Engine/Content/EngineMaterials/Substrate/Glints2/dict_0001_0044.uasset" 7658
"../../../Engine/Content/EngineMaterials/Substrate/Glints2/dict_0001_0047.uasset" 7659
"../../../Engine/Content/EngineMaterials/Substrate/Glints2/dict_0001_0045.uasset" 7660
"../../../Engine/Content/EngineMaterials/Substrate/Glints2/dict_0001_0048.uasset" 7661
"../../../Engine/Content/EngineMaterials/Substrate/Glints2/dict_0001_0049.uasset" 7662
"../../../Engine/Content/EngineMaterials/Substrate/Glints2/dict_0001_0043.uasset" 7663
"/Engine/EngineMaterials/Substrate/Glints2/dict_0001_0028" 7664
"/Engine/EngineMaterials/Substrate/Glints2/dict_0001_0027" 7665
"/Engine/EngineMaterials/Substrate/Glints2/dict_0001_0026" 7666
"/Engine/EngineMaterials/Substrate/Glints2/dict_0001_0025" 7667
"/Engine/EngineMaterials/Substrate/Glints2/dict_0001_0024" 7668
"/Engine/EngineMaterials/Substrate/Glints2/dict_0001_0023" 7669
"/Engine/EngineMaterials/Substrate/Glints2/dict_0001_0022" 7670
"/Engine/EngineMaterials/Substrate/Glints2/dict_0001_0021" 7671
"/Engine/EngineMaterials/Substrate/Glints2/dict_0001_0020" 7672
"/Engine/EngineMaterials/Substrate/Glints2/dict_0001_0019" 7673
"/Engine/EngineMaterials/Substrate/Glints2/dict_0001_0018" 7674
"/Engine/EngineMaterials/Substrate/Glints2/dict_0001_0049" 7675
"/Engine/EngineMaterials/Substrate/Glints2/dict_0001_0048" 7676
"/Engine/EngineMaterials/Substrate/Glints2/dict_0001_0047" 7677
"/Engine/EngineMaterials/Substrate/Glints2/dict_0001_0046" 7678
"/Engine/EngineMaterials/Substrate/Glints2/dict_0001_0045" 7679
"/Engine/EngineMaterials/Substrate/Glints2/dict_0001_0044" 7680
"/Engine/EngineMaterials/Substrate/Glints2/dict_0001_0043" 7681
"/Engine/EngineMaterials/Substrate/Glints2/dict_0001_0042" 7682
"/Engine/EngineMaterials/Substrate/Glints2/dict_0001_0041" 7683
"/Engine/EngineMaterials/Substrate/Glints2/dict_0001_0040" 7684
"../../../Engine/Content/EngineMaterials/Substrate/Glints2/dict_0001_0067.uasset" 7685
"../../../Engine/Content/EngineMaterials/Substrate/Glints2/dict_0001_0068.uasset" 7686
"../../../Engine/Content/EngineMaterials/Substrate/Glints2/dict_0001_0054.uasset" 7687
"../../../Engine/Content/EngineMaterials/Substrate/Glints2/dict_0001_0052.uasset" 7688
"../../../Engine/Content/EngineMaterials/Substrate/Glints2/dict_0001_0060.uasset" 7689
"../../../Engine/Content/EngineMaterials/Substrate/Glints2/dict_0001_0061.uasset" 7690
"../../../Engine/Content/EngineMaterials/Substrate/Glints2/dict_0001_0064.uasset" 7691
"../../../Engine/Content/EngineMaterials/Substrate/Glints2/dict_0001_0059.uasset" 7692
"../../../Engine/Content/EngineMaterials/Substrate/Glints2/dict_0001_0050.uasset" 7693
"../../../Engine/Content/EngineMaterials/Substrate/Glints2/dict_0001_0057.uasset" 7694
"../../../Engine/Content/EngineMaterials/Substrate/Glints2/dict_0001_0055.uasset" 7695
"../../../Engine/Content/EngineMaterials/Substrate/Glints2/dict_0001_0066.uasset" 7696
"../../../Engine/Content/EngineMaterials/Substrate/Glints2/dict_0001_0071.uasset" 7697
"../../../Engine/Content/EngineMaterials/Substrate/Glints2/dict_0001_0051.uasset" 7698
"../../../Engine/Content/EngineMaterials/Substrate/Glints2/dict_0001_0062.uasset" 7699
"../../../Engine/Content/EngineMaterials/Substrate/Glints2/dict_0001_0053.uasset" 7700
"../../../Engine/Content/EngineMaterials/Substrate/Glints2/dict_0001_0065.uasset" 7701
"../../../Engine/Content/EngineMaterials/Substrate/Glints2/dict_0001_0058.uasset" 7702
"../../../Engine/Content/EngineMaterials/Substrate/Glints2/dict_0001_0063.uasset" 7703
"../../../Engine/Content/EngineMaterials/Substrate/Glints2/dict_0001_0070.uasset" 7704
"../../../Engine/Content/EngineMaterials/Substrate/Glints2/dict_0001_0056.uasset" 7705
"../../../Engine/Content/EngineMaterials/Substrate/Glints2/dict_0001_0069.uasset" 7706
"/Engine/EngineMaterials/Substrate/Glints2/dict_0001_0071" 7707
"/Engine/EngineMaterials/Substrate/Glints2/dict_0001_0070" 7708
"/Engine/EngineMaterials/Substrate/Glints2/dict_0001_0069" 7709
"/Engine/EngineMaterials/Substrate/Glints2/dict_0001_0068" 7710
"/Engine/EngineMaterials/Substrate/Glints2/dict_0001_0067" 7711
"/Engine/EngineMaterials/Substrate/Glints2/dict_0001_0066" 7712
"/Engine/EngineMaterials/Substrate/Glints2/dict_0001_0065" 7713
"/Engine/EngineMaterials/Substrate/Glints2/dict_0001_0064" 7714
"/Engine/EngineMaterials/Substrate/Glints2/dict_0001_0063" 7715
"/Engine/EngineMaterials/Substrate/Glints2/dict_0001_0062" 7716
"/Engine/EngineMaterials/Substrate/Glints2/dict_0001_0061" 7717
"/Engine/EngineMaterials/Substrate/Glints2/dict_0001_0060" 7718
"/Engine/EngineMaterials/Substrate/Glints2/dict_0001_0059" 7719
"/Engine/EngineMaterials/Substrate/Glints2/dict_0001_0058" 7720
"/Engine/EngineMaterials/Substrate/Glints2/dict_0001_0057" 7721
"/Engine/EngineMaterials/Substrate/Glints2/dict_0001_0056" 7722
"../../../Engine/Content/EngineMaterials/Substrate/Glints2/dict_0001_0074.uasset" 7723
"../../../Engine/Content/EngineMaterials/Substrate/Glints2/dict_0001_0075.uasset" 7724
"../../../Engine/Content/EngineMaterials/Substrate/Glints2/dict_0001_0073.uasset" 7725
"../../../Engine/Content/EngineMaterials/Substrate/Glints2/dict_0001_0077.uasset" 7726
"../../../Engine/Content/EngineMaterials/Substrate/Glints2/dict_0001_0080.uasset" 7727
"/Engine/EngineMaterials/Substrate/Glints2/dict_0001_0055" 7728
"../../../Engine/Content/EngineMaterials/Substrate/Glints2/dict_0001_0078.uasset" 7729
"../../../Engine/Content/EngineMaterials/Substrate/Glints2/dict_0001_0079.uasset" 7730
"../../../Engine/Content/EngineMaterials/Substrate/Glints2/dict_0001_0081.uasset" 7731
"/Engine/EngineMaterials/Substrate/Glints2/dict_0001_0054" 7732
"../../../Engine/Content/EngineMaterials/Substrate/Glints2/dict_0001_0072.uasset" 7733
"/Engine/EngineMaterials/Substrate/Glints2/dict_0001_0053" 7734
"/Engine/EngineMaterials/Substrate/Glints2/dict_0001_0052" 7735
"/Engine/EngineMaterials/Substrate/Glints2/dict_0001_0051" 7736
"/Engine/EngineMaterials/Substrate/Glints2/dict_0001_0050" 7737
"/Engine/EngineMaterials/Substrate/Glints2/dict_0001_0081" 7738
"/Engine/EngineMaterials/Substrate/Glints2/dict_0001_0080" 7739
"/Engine/EngineMaterials/Substrate/Glints2/dict_0001_0079" 7740
"../../../Engine/Content/EngineMaterials/Substrate/Glints2/dict_0001_0076.uasset" 7741
"/Engine/EngineMaterials/Substrate/Glints2/dict_0001_0078" 7742
"/Engine/EngineMaterials/Substrate/Glints2/dict_0001_0077" 7743
"/Engine/EngineMaterials/Substrate/Glints2/dict_0001_0075" 7744
"/Engine/EngineMaterials/Substrate/Glints2/dict_0001_0074" 7745
"/Engine/EngineMaterials/Substrate/Glints2/dict_0001_0073" 7746
"/Engine/EngineMaterials/Substrate/Glints2/dict_0001_0072" 7747
"/Engine/EngineMaterials/Substrate/Glints2/dict_0001_0076" 7748
"../../../Engine/Content/EngineMaterials/Substrate/Glints2/dict_0001_0099.uasset" 7749
"../../../Engine/Content/EngineMaterials/Substrate/Glints2/dict_0001_0103.uasset" 7750
"../../../Engine/Content/EngineMaterials/Substrate/Glints2/dict_0001_0100.uasset" 7751
"../../../Engine/Content/EngineMaterials/Substrate/Glints2/dict_0001_0089.uasset" 7752
"../../../Engine/Content/EngineMaterials/Substrate/Glints2/dict_0001_0087.uasset" 7753
"../../../Engine/Content/EngineMaterials/Substrate/Glints2/dict_0001_0088.uasset" 7754
"../../../Engine/Content/EngineMaterials/Substrate/Glints2/dict_0001_0095.uasset" 7755
"../../../Engine/Content/EngineMaterials/Substrate/Glints2/dict_0001_0096.uasset" 7756
"../../../Engine/Content/EngineMaterials/Substrate/Glints2/dict_0001_0085.uasset" 7757
"../../../Engine/Content/EngineMaterials/Substrate/Glints2/dict_0001_0102.uasset" 7758
"../../../Engine/Content/EngineMaterials/Substrate/Glints2/dict_0001_0090.uasset" 7759
"../../../Engine/Content/EngineMaterials/Substrate/Glints2/dict_0001_0082.uasset" 7760
"../../../Engine/Content/EngineMaterials/Substrate/Glints2/dict_0001_0083.uasset" 7761
"../../../Engine/Content/EngineMaterials/Substrate/Glints2/dict_0001_0098.uasset" 7762
"../../../Engine/Content/EngineMaterials/Substrate/Glints2/dict_0001_0093.uasset" 7763
"../../../Engine/Content/EngineMaterials/Substrate/Glints2/dict_0001_0091.uasset" 7764
"../../../Engine/Content/EngineMaterials/Substrate/Glints2/dict_0001_0094.uasset" 7765
"../../../Engine/Content/EngineMaterials/Substrate/Glints2/dict_0001_0097.uasset" 7766
"../../../Engine/Content/EngineMaterials/Substrate/Glints2/dict_0001_0101.uasset" 7767
"../../../Engine/Content/EngineMaterials/Substrate/Glints2/dict_0001_0092.uasset" 7768
"../../../Engine/Content/EngineMaterials/Substrate/Glints2/dict_0001_0084.uasset" 7769
"../../../Engine/Content/EngineMaterials/Substrate/Glints2/dict_0001_0086.uasset" 7770
"/Engine/EngineMaterials/Substrate/Glints2/dict_0001_0103" 7771
"/Engine/EngineMaterials/Substrate/Glints2/dict_0001_0102" 7772
"/Engine/EngineMaterials/Substrate/Glints2/dict_0001_0101" 7773
"/Engine/EngineMaterials/Substrate/Glints2/dict_0001_0100" 7774
"/Engine/EngineMaterials/Substrate/Glints2/dict_0001_0099" 7775
"/Engine/EngineMaterials/Substrate/Glints2/dict_0001_0098" 7776
"/Engine/EngineMaterials/Substrate/Glints2/dict_0001_0097" 7777
"../../../Engine/Content/EngineMaterials/Substrate/Glints2/dict_0001_0105.uasset" 7778
"../../../Engine/Content/EngineMaterials/Substrate/Glints2/dict_0001_0108.uasset" 7779
"/Engine/EngineMaterials/Substrate/Glints2/dict_0001_0096" 7780
"../../../Engine/Content/EngineMaterials/Substrate/Glints2/dict_0001_0111.uasset" 7781
"../../../Engine/Content/EngineMaterials/Substrate/Glints2/dict_0001_0106.uasset" 7782
"../../../Engine/Content/EngineMaterials/Substrate/Glints2/dict_0001_0112.uasset" 7783
"../../../Engine/Content/EngineMaterials/Substrate/Glints2/dict_0001_0107.uasset" 7784
"../../../Engine/Content/EngineMaterials/Substrate/Glints2/dict_0001_0113.uasset" 7785
"/Engine/EngineMaterials/Substrate/Glints2/dict_0001_0095" 7786
"../../../Engine/Content/EngineMaterials/Substrate/Glints2/dict_0001_0110.uasset" 7787
"../../../Engine/Content/EngineMaterials/Substrate/Glints2/dict_0001_0104.uasset" 7788
"/Engine/EngineMaterials/Substrate/Glints2/dict_0001_0094" 7789
"/Engine/EngineMaterials/Substrate/Glints2/dict_0001_0093" 7790
"../../../Engine/Content/EngineMaterials/Substrate/Glints2/dict_0001_0109.uasset" 7791
"/Engine/EngineMaterials/Substrate/Glints2/dict_0001_0092" 7792
"/Engine/EngineMaterials/Substrate/Glints2/dict_0001_0091" 7793
"/Engine/EngineMaterials/Substrate/Glints2/dict_0001_0090" 7794
"/Engine/EngineMaterials/Substrate/Glints2/dict_0001_0089" 7795
"/Engine/EngineMaterials/Substrate/Glints2/dict_0001_0088" 7796
"/Engine/EngineMaterials/Substrate/Glints2/dict_0001_0087" 7797
"/Engine/EngineMaterials/Substrate/Glints2/dict_0001_0086" 7798
"/Engine/EngineMaterials/Substrate/Glints2/dict_0001_0085" 7799
"/Engine/EngineMaterials/Substrate/Glints2/dict_0001_0084" 7800
"/Engine/EngineMaterials/Substrate/Glints2/dict_0001_0083" 7801
"/Engine/EngineMaterials/Substrate/Glints2/dict_0001_0082" 7802
"/Engine/EngineMaterials/Substrate/Glints2/dict_0001_0112" 7803
"/Engine/EngineMaterials/Substrate/Glints2/dict_0001_0111" 7804
"/Engine/EngineMaterials/Substrate/Glints2/dict_0001_0110" 7805
"/Engine/EngineMaterials/Substrate/Glints2/dict_0001_0109" 7806
"/Engine/EngineMaterials/Substrate/Glints2/dict_0001_0108" 7807
"/Engine/EngineMaterials/Substrate/Glints2/dict_0001_0113" 7808
"/Engine/EngineMaterials/Substrate/Glints2/dict_0001_0107" 7809
"/Engine/EngineMaterials/Substrate/Glints2/dict_0001_0106" 7810
"/Engine/EngineMaterials/Substrate/Glints2/dict_0001_0105" 7811
"/Engine/EngineMaterials/Substrate/Glints2/dict_0001_0104" 7812
"../../../Engine/Content/EngineMaterials/Substrate/Glints2/dict_0001_0123.uasset" 7813
"../../../Engine/Content/EngineMaterials/Substrate/Glints2/dict_0001_0132.uasset" 7814
"../../../Engine/Content/EngineMaterials/Substrate/Glints2/dict_0001_0134.uasset" 7815
"../../../Engine/Content/EngineMaterials/Substrate/Glints2/dict_0001_0130.uasset" 7816
"../../../Engine/Content/EngineMaterials/Substrate/Glints2/dict_0001_0120.uasset" 7817
"../../../Engine/Content/EngineMaterials/Substrate/Glints2/dict_0001_0125.uasset" 7818
"../../../Engine/Content/EngineMaterials/Substrate/Glints2/dict_0001_0114.uasset" 7819
"../../../Engine/Content/EngineMaterials/Substrate/Glints2/dict_0001_0119.uasset" 7820
"../../../Engine/Content/EngineMaterials/Substrate/Glints2/dict_0001_0115.uasset" 7821
"../../../Engine/Content/EngineMaterials/Substrate/Glints2/dict_0001_0126.uasset" 7822
"../../../Engine/Content/EngineMaterials/Substrate/Glints2/dict_0001_0117.uasset" 7823
"../../../Engine/Content/EngineMaterials/Substrate/Glints2/dict_0001_0135.uasset" 7824
"../../../Engine/Content/EngineMaterials/Substrate/Glints2/dict_0001_0122.uasset" 7825
"../../../Engine/Content/EngineMaterials/Substrate/Glints2/dict_0001_0128.uasset" 7826
"../../../Engine/Content/EngineMaterials/Substrate/Glints2/dict_0001_0116.uasset" 7827
"../../../Engine/Content/EngineMaterials/Substrate/Glints2/dict_0001_0118.uasset" 7828
"../../../Engine/Content/EngineMaterials/Substrate/Glints2/dict_0001_0131.uasset" 7829
"../../../Engine/Content/EngineMaterials/Substrate/Glints2/dict_0001_0133.uasset" 7830
"../../../Engine/Content/EngineMaterials/Substrate/Glints2/dict_0001_0127.uasset" 7831
"../../../Engine/Content/EngineMaterials/Substrate/Glints2/dict_0001_0124.uasset" 7832
"../../../Engine/Content/EngineMaterials/Substrate/Glints2/dict_0001_0121.uasset" 7833
"../../../Engine/Content/EngineMaterials/Substrate/Glints2/dict_0001_0129.uasset" 7834
"/Engine/EngineMaterials/Substrate/Glints2/dict_0001_0135" 7835
"/Engine/EngineMaterials/Substrate/Glints2/dict_0001_0134" 7836
"/Engine/EngineMaterials/Substrate/Glints2/dict_0001_0133" 7837
"/Engine/EngineMaterials/Substrate/Glints2/dict_0001_0132" 7838
"/Engine/EngineMaterials/Substrate/Glints2/dict_0001_0131" 7839
"/Engine/EngineMaterials/Substrate/Glints2/dict_0001_0130" 7840
"/Engine/EngineMaterials/Substrate/Glints2/dict_0001_0129" 7841
"/Engine/EngineMaterials/Substrate/Glints2/dict_0001_0128" 7842
"/Engine/EngineMaterials/Substrate/Glints2/dict_0001_0127" 7843
"/Engine/EngineMaterials/Substrate/Glints2/dict_0001_0126" 7844
"/Engine/EngineMaterials/Substrate/Glints2/dict_0001_0125" 7845
"/Engine/EngineMaterials/Substrate/Glints2/dict_0001_0124" 7846
"/Engine/EngineMaterials/Substrate/Glints2/dict_0001_0123" 7847
"/Engine/EngineMaterials/Substrate/Glints2/dict_0001_0122" 7848
"/Engine/EngineMaterials/Substrate/Glints2/dict_0001_0121" 7849
"/Engine/EngineMaterials/Substrate/Glints2/dict_0001_0120" 7850
"../../../Engine/Content/EngineMaterials/Substrate/Glints2/dict_0001_0137.uasset" 7851
"../../../Engine/Content/EngineMaterials/Substrate/Glints2/dict_0001_0141.uasset" 7852
"../../../Engine/Content/EngineMaterials/Substrate/Glints2/dict_0001_0138.uasset" 7853
"../../../Engine/Content/EngineMaterials/Substrate/Glints2/dict_0001_0136.uasset" 7854
"../../../Engine/Content/EngineMaterials/Substrate/Glints2/dict_0001_0144.uasset" 7855
"../../../Engine/Content/EngineMaterials/Substrate/Glints2/dict_0001_0139.uasset" 7856
"/Engine/EngineMaterials/Substrate/Glints2/dict_0001_0119" 7857
"/Engine/EngineMaterials/Substrate/Glints2/dict_0001_0118" 7858
"/Engine/EngineMaterials/Substrate/Glints2/dict_0001_0117" 7859
"../../../Engine/Content/EngineMaterials/Substrate/Glints2/dict_0001_0145.uasset" 7860
"/Engine/EngineMaterials/Substrate/Glints2/dict_0001_0116" 7861
"../../../Engine/Content/EngineMaterials/Substrate/Glints2/dict_0001_0142.uasset" 7862
"../../../Engine/Content/EngineMaterials/Substrate/Glints2/dict_0001_0140.uasset" 7863
"../../../Engine/Content/EngineMaterials/Substrate/Glints2/dict_0001_0143.uasset" 7864
"/Engine/EngineMaterials/Substrate/Glints2/dict_0001_0115" 7865
"/Engine/EngineMaterials/Substrate/Glints2/dict_0001_0114" 7866
"/Engine/EngineMaterials/Substrate/Glints2/dict_0001_0145" 7867
"/Engine/EngineMaterials/Substrate/Glints2/dict_0001_0144" 7868
"/Engine/EngineMaterials/Substrate/Glints2/dict_0001_0143" 7869
"/Engine/EngineMaterials/Substrate/Glints2/dict_0001_0142" 7870
"/Engine/EngineMaterials/Substrate/Glints2/dict_0001_0141" 7871
"/Engine/EngineMaterials/Substrate/Glints2/dict_0001_0140" 7872
"/Engine/EngineMaterials/Substrate/Glints2/dict_0001_0139" 7873
"/Engine/EngineMaterials/Substrate/Glints2/dict_0001_0138" 7874
"/Engine/EngineMaterials/Substrate/Glints2/dict_0001_0137" 7875
"/Engine/EngineMaterials/Substrate/Glints2/dict_0001_0136" 7876
"../../../Engine/Content/EngineMaterials/Substrate/Glints2/dict_0001_0155.uasset" 7877
"../../../Engine/Content/EngineMaterials/Substrate/Glints2/dict_0001_0153.uasset" 7878
"../../../Engine/Content/EngineMaterials/Substrate/Glints2/dict_0001_0159.uasset" 7879
"../../../Engine/Content/EngineMaterials/Substrate/Glints2/dict_0001_0154.uasset" 7880
"../../../Engine/Content/EngineMaterials/Substrate/Glints2/dict_0001_0166.uasset" 7881
"../../../Engine/Content/EngineMaterials/Substrate/Glints2/dict_0001_0163.uasset" 7882
"../../../Engine/Content/EngineMaterials/Substrate/Glints2/dict_0001_0161.uasset" 7883
"../../../Engine/Content/EngineMaterials/Substrate/Glints2/dict_0001_0146.uasset" 7884
"../../../Engine/Content/EngineMaterials/Substrate/Glints2/dict_0001_0152.uasset" 7885
"../../../Engine/Content/EngineMaterials/Substrate/Glints2/dict_0001_0160.uasset" 7886
"../../../Engine/Content/EngineMaterials/Substrate/Glints2/dict_0001_0164.uasset" 7887
"../../../Engine/Content/EngineMaterials/Substrate/Glints2/dict_0001_0149.uasset" 7888
"../../../Engine/Content/EngineMaterials/Substrate/Glints2/dict_0001_0157.uasset" 7889
"../../../Engine/Content/EngineMaterials/Substrate/Glints2/dict_0001_0162.uasset" 7890
"../../../Engine/Content/EngineMaterials/Substrate/Glints2/dict_0001_0158.uasset" 7891
"../../../Engine/Content/EngineMaterials/Substrate/Glints2/dict_0001_0167.uasset" 7892
"../../../Engine/Content/EngineMaterials/Substrate/Glints2/dict_0001_0165.uasset" 7893
"../../../Engine/Content/EngineMaterials/Substrate/Glints2/dict_0001_0148.uasset" 7894
"../../../Engine/Content/EngineMaterials/Substrate/Glints2/dict_0001_0147.uasset" 7895
"../../../Engine/Content/EngineMaterials/Substrate/Glints2/dict_0001_0150.uasset" 7896
"../../../Engine/Content/EngineMaterials/Substrate/Glints2/dict_0001_0151.uasset" 7897
"../../../Engine/Content/EngineMaterials/Substrate/Glints2/dict_0001_0156.uasset" 7898
"/Engine/EngineMaterials/Substrate/Glints2/dict_0001_0167" 7899
"/Engine/EngineMaterials/Substrate/Glints2/dict_0001_0166" 7900
"/Engine/EngineMaterials/Substrate/Glints2/dict_0001_0165" 7901
"/Engine/EngineMaterials/Substrate/Glints2/dict_0001_0164" 7902
"/Engine/EngineMaterials/Substrate/Glints2/dict_0001_0163" 7903
"/Engine/EngineMaterials/Substrate/Glints2/dict_0001_0162" 7904
"/Engine/EngineMaterials/Substrate/Glints2/dict_0001_0161" 7905
"/Engine/EngineMaterials/Substrate/Glints2/dict_0001_0160" 7906
"/Engine/EngineMaterials/Substrate/Glints2/dict_0001_0159" 7907
"/Engine/EngineMaterials/Substrate/Glints2/dict_0001_0158" 7908
"/Engine/EngineMaterials/Substrate/Glints2/dict_0001_0157" 7909
"/Engine/EngineMaterials/Substrate/Glints2/dict_0001_0156" 7910
"/Engine/EngineMaterials/Substrate/Glints2/dict_0001_0155" 7911
"../../../Engine/Content/EngineMaterials/Substrate/Glints2/dict_0001_0169.uasset" 7912
"/Engine/EngineMaterials/Substrate/Glints2/dict_0001_0154" 7913
"../../../Engine/Content/EngineMaterials/Substrate/Glints2/dict_0001_0171.uasset" 7914
"../../../Engine/Content/EngineMaterials/Substrate/Glints2/dict_0001_0174.uasset" 7915
"../../../Engine/Content/EngineMaterials/Substrate/Glints2/dict_0001_0172.uasset" 7916
"/Engine/EngineMaterials/Substrate/Glints2/dict_0001_0153" 7917
"../../../Engine/Content/EngineMaterials/Substrate/Glints2/dict_0001_0176.uasset" 7918
"../../../Engine/Content/EngineMaterials/Substrate/Glints2/dict_0001_0170.uasset" 7919
"/Engine/EngineMaterials/Substrate/Glints2/dict_0001_0152" 7920
"/Engine/EngineMaterials/Substrate/Glints2/dict_0001_0151" 7921
"../../../Engine/Content/EngineMaterials/Substrate/Glints2/dict_0001_0175.uasset" 7922
"../../../Engine/Content/EngineMaterials/Substrate/Glints2/dict_0001_0173.uasset" 7923
"../../../Engine/Content/EngineMaterials/Substrate/Glints2/dict_0001_0168.uasset" 7924
"../../../Engine/Content/EngineMaterials/Substrate/Glints2/dict_0001_0177.uasset" 7925
"/Engine/EngineMaterials/Substrate/Glints2/dict_0001_0150" 7926
"/Engine/EngineMaterials/Substrate/Glints2/dict_0001_0149" 7927
"/Engine/EngineMaterials/Substrate/Glints2/dict_0001_0148" 7928
"/Engine/EngineMaterials/Substrate/Glints2/dict_0001_0147" 7929
"/Engine/EngineMaterials/Substrate/Glints2/dict_0001_0146" 7930
"/Engine/EngineMaterials/Substrate/Glints2/dict_0001_0177" 7931
"/Engine/EngineMaterials/Substrate/Glints2/dict_0001_0176" 7932
"/Engine/EngineMaterials/Substrate/Glints2/dict_0001_0175" 7933
"/Engine/EngineMaterials/Substrate/Glints2/dict_0001_0174" 7934
"/Engine/EngineMaterials/Substrate/Glints2/dict_0001_0173" 7935
"/Engine/EngineMaterials/Substrate/Glints2/dict_0001_0172" 7936
"/Engine/EngineMaterials/Substrate/Glints2/dict_0001_0171" 7937
"/Engine/EngineMaterials/Substrate/Glints2/dict_0001_0170" 7938
"/Engine/EngineMaterials/Substrate/Glints2/dict_0001_0169" 7939
"/Engine/EngineMaterials/Substrate/Glints2/dict_0001_0168" 7940
"../../../Engine/Content/EngineMaterials/Substrate/Glints2/dict_0001_0192.uasset" 7941
"../../../Engine/Content/EngineMaterials/Substrate/Glints2/dict_0001_0188.uasset" 7942
"../../../Engine/Content/EngineMaterials/Substrate/Glints2/dict_0001_0195.uasset" 7943
"../../../Engine/Content/EngineMaterials/Substrate/Glints2/dict_0001_0199.uasset" 7944
"../../../Engine/Content/EngineMaterials/Substrate/Glints2/dict_0001_0185.uasset" 7945
"../../../Engine/Content/EngineMaterials/Substrate/Glints2/dict_0001_0180.uasset" 7946
"../../../Engine/Content/EngineMaterials/Substrate/Glints2/dict_0001_0194.uasset" 7947
"../../../Engine/Content/EngineMaterials/Substrate/Glints2/dict_0001_0186.uasset" 7948
"../../../Engine/Content/EngineMaterials/Substrate/Glints2/dict_0001_0193.uasset" 7949
"../../../Engine/Content/EngineMaterials/Substrate/Glints2/dict_0001_0189.uasset" 7950
"../../../Engine/Content/EngineMaterials/Substrate/Glints2/dict_0001_0178.uasset" 7951
"../../../Engine/Content/EngineMaterials/Substrate/Glints2/dict_0001_0183.uasset" 7952
"../../../Engine/Content/EngineMaterials/Substrate/Glints2/dict_0001_0181.uasset" 7953
"../../../Engine/Content/EngineMaterials/Substrate/Glints2/dict_0001_0184.uasset" 7954
"../../../Engine/Content/EngineMaterials/Substrate/Glints2/dict_0001_0198.uasset" 7955
"../../../Engine/Content/EngineMaterials/Substrate/Glints2/dict_0001_0196.uasset" 7956
"../../../Engine/Content/EngineMaterials/Substrate/Glints2/dict_0001_0190.uasset" 7957
"../../../Engine/Content/EngineMaterials/Substrate/Glints2/dict_0001_0197.uasset" 7958
"../../../Engine/Content/EngineMaterials/Substrate/Glints2/dict_0001_0187.uasset" 7959
"../../../Engine/Content/EngineMaterials/Substrate/Glints2/dict_0001_0179.uasset" 7960
"../../../Engine/Content/EngineMaterials/Substrate/Glints2/dict_0001_0191.uasset" 7961
"../../../Engine/Content/EngineMaterials/Substrate/Glints2/dict_0001_0182.uasset" 7962
"/Engine/EngineMaterials/Substrate/Glints2/dict_0001_0199" 7963
"/Engine/EngineMaterials/Substrate/Glints2/dict_0001_0198" 7964
"/Engine/EngineMaterials/Substrate/Glints2/dict_0001_0197" 7965
"/Engine/EngineMaterials/Substrate/Glints2/dict_0001_0196" 7966
"/Engine/EngineMaterials/Substrate/Glints2/dict_0001_0195" 7967
"/Engine/EngineMaterials/Substrate/Glints2/dict_0001_0194" 7968
"/Engine/EngineMaterials/Substrate/Glints2/dict_0001_0193" 7969
"/Engine/EngineMaterials/Substrate/Glints2/dict_0001_0192" 7970
"/Engine/EngineMaterials/Substrate/Glints2/dict_0001_0191" 7971
"/Engine/EngineMaterials/Substrate/Glints2/dict_0001_0190" 7972
"/Engine/EngineMaterials/Substrate/Glints2/dict_0001_0189" 7973
"/Engine/EngineMaterials/Substrate/Glints2/dict_0001_0188" 7974
"/Engine/EngineMaterials/Substrate/Glints2/dict_0001_0187" 7975
"../../../Engine/Content/EngineMaterials/Substrate/Glints2/dict_0001_0205.uasset" 7976
"../../../Engine/Content/EngineMaterials/Substrate/Glints2/dict_0001_0206.uasset" 7977
"../../../Engine/Content/EngineMaterials/Substrate/Glints2/dict_0001_0209.uasset" 7978
"../../../Engine/Content/EngineMaterials/Substrate/Glints2/dict_0001_0202.uasset" 7979
"../../../Engine/Content/EngineMaterials/Substrate/Glints2/dict_0001_0203.uasset" 7980
"/Engine/EngineMaterials/Substrate/Glints2/dict_0001_0186" 7981
"../../../Engine/Content/EngineMaterials/Substrate/Glints2/dict_0001_0201.uasset" 7982
"/Engine/EngineMaterials/Substrate/Glints2/dict_0001_0185" 7983
"../../../Engine/Content/EngineMaterials/Substrate/Glints2/dict_0001_0208.uasset" 7984
"/Engine/EngineMaterials/Substrate/Glints2/dict_0001_0184" 7985
"../../../Engine/Content/EngineMaterials/Substrate/Glints2/dict_0001_0204.uasset" 7986
"/Engine/EngineMaterials/Substrate/Glints2/dict_0001_0183" 7987
"../../../Engine/Content/EngineMaterials/Substrate/Glints2/dict_0001_0207.uasset" 7988
"../../../Engine/Content/EngineMaterials/Substrate/Glints2/dict_0001_0200.uasset" 7989
"/Engine/EngineMaterials/Substrate/Glints2/dict_0001_0182" 7990
"/Engine/EngineMaterials/Substrate/Glints2/dict_0001_0181" 7991
"/Engine/EngineMaterials/Substrate/Glints2/dict_0001_0180" 7992
"/Engine/EngineMaterials/Substrate/Glints2/dict_0001_0179" 7993
"/Engine/EngineMaterials/Substrate/Glints2/dict_0001_0178" 7994
"/Engine/EngineMaterials/Substrate/Glints2/dict_0001_0209" 7995
"/Engine/EngineMaterials/Substrate/Glints2/dict_0001_0208" 7996
"/Engine/EngineMaterials/Substrate/Glints2/dict_0001_0207" 7997
"/Engine/EngineMaterials/Substrate/Glints2/dict_0001_0206" 7998
"/Engine/EngineMaterials/Substrate/Glints2/dict_0001_0205" 7999
"/Engine/EngineMaterials/Substrate/Glints2/dict_0001_0204" 8000
"/Engine/EngineMaterials/Substrate/Glints2/dict_0001_0203" 8001
"/Engine/EngineMaterials/Substrate/Glints2/dict_0001_0202" 8002
"/Engine/EngineMaterials/Substrate/Glints2/dict_0001_0201" 8003
"/Engine/EngineMaterials/Substrate/Glints2/dict_0001_0200" 8004
"../../../Engine/Content/EngineMaterials/Substrate/Glints2/dict_0001_0214.uasset" 8005
"../../../Engine/Content/EngineMaterials/Substrate/Glints2/dict_0001_0223.uasset" 8006
"../../../Engine/Content/EngineMaterials/Substrate/Glints2/dict_0001_0224.uasset" 8007
"../../../Engine/Content/EngineMaterials/Substrate/Glints2/dict_0001_0219.uasset" 8008
"../../../Engine/Content/EngineMaterials/Substrate/Glints2/dict_0001_0225.uasset" 8009
"../../../Engine/Content/EngineMaterials/Substrate/Glints2/dict_0001_0213.uasset" 8010
"../../../Engine/Content/EngineMaterials/Substrate/Glints2/dict_0001_0210.uasset" 8011
"../../../Engine/Content/EngineMaterials/Substrate/Glints2/dict_0001_0231.uasset" 8012
"../../../Engine/Content/EngineMaterials/Substrate/Glints2/dict_0001_0222.uasset" 8013
"../../../Engine/Content/EngineMaterials/Substrate/Glints2/dict_0001_0217.uasset" 8014
"../../../Engine/Content/EngineMaterials/Substrate/Glints2/dict_0001_0228.uasset" 8015
"../../../Engine/Content/EngineMaterials/Substrate/Glints2/dict_0001_0227.uasset" 8016
"../../../Engine/Content/EngineMaterials/Substrate/Glints2/dict_0001_0220.uasset" 8017
"../../../Engine/Content/EngineMaterials/Substrate/Glints2/dict_0001_0218.uasset" 8018
"../../../Engine/Content/EngineMaterials/Substrate/Glints2/dict_0001_0216.uasset" 8019
"../../../Engine/Content/EngineMaterials/Substrate/Glints2/dict_0001_0211.uasset" 8020
"../../../Engine/Content/EngineMaterials/Substrate/Glints2/dict_0001_0215.uasset" 8021
"../../../Engine/Content/EngineMaterials/Substrate/Glints2/dict_0001_0229.uasset" 8022
"../../../Engine/Content/EngineMaterials/Substrate/Glints2/dict_0001_0226.uasset" 8023
"../../../Engine/Content/EngineMaterials/Substrate/Glints2/dict_0001_0221.uasset" 8024
"../../../Engine/Content/EngineMaterials/Substrate/Glints2/dict_0001_0230.uasset" 8025
"../../../Engine/Content/EngineMaterials/Substrate/Glints2/dict_0001_0212.uasset" 8026
"/Engine/EngineMaterials/Substrate/Glints2/dict_0001_0231" 8027
"/Engine/EngineMaterials/Substrate/Glints2/dict_0001_0230" 8028
"/Engine/EngineMaterials/Substrate/Glints2/dict_0001_0229" 8029
"/Engine/EngineMaterials/Substrate/Glints2/dict_0001_0228" 8030
"/Engine/EngineMaterials/Substrate/Glints2/dict_0001_0227" 8031
"/Engine/EngineMaterials/Substrate/Glints2/dict_0001_0226" 8032
"/Engine/EngineMaterials/Substrate/Glints2/dict_0001_0225" 8033
"/Engine/EngineMaterials/Substrate/Glints2/dict_0001_0224" 8034
"../../../Engine/Content/EngineMaterials/Substrate/Glints2/dict_0001_0232.uasset" 8035
"/Engine/EngineMaterials/Substrate/Glints2/dict_0001_0223" 8036
"../../../Engine/Content/EngineMaterials/Substrate/Glints2/dict_0001_0236.uasset" 8037
"../../../Engine/Content/EngineMaterials/Substrate/Glints2/dict_0001_0233.uasset" 8038
"../../../Engine/Content/EngineMaterials/Substrate/Glints2/dict_0001_0234.uasset" 8039
"../../../Engine/Content/EngineMaterials/Substrate/Glints2/dict_0001_0237.uasset" 8040
"/Engine/EngineMaterials/Substrate/Glints2/dict_0001_0222" 8041
"../../../Engine/Content/EngineMaterials/Substrate/Glints2/dict_0001_0235.uasset" 8042
"../../../Engine/Content/EngineMaterials/Substrate/Glints2/dict_0001_0238.uasset" 8043
"../../../Engine/Content/EngineMaterials/Substrate/Glints2/dict_0001_0239.uasset" 8044
"/Engine/EngineMaterials/Substrate/Glints2/dict_0001_0221" 8045
"../../../Engine/Content/EngineMaterials/Substrate/Glints2/dict_0001_0241.uasset" 8046
"../../../Engine/Content/EngineMaterials/Substrate/Glints2/dict_0001_0240.uasset" 8047
"/Engine/EngineMaterials/Substrate/Glints2/dict_0001_0220" 8048
"/Engine/EngineMaterials/Substrate/Glints2/dict_0001_0219" 8049
"/Engine/EngineMaterials/Substrate/Glints2/dict_0001_0218" 8050
"/Engine/EngineMaterials/Substrate/Glints2/dict_0001_0217" 8051
"/Engine/EngineMaterials/Substrate/Glints2/dict_0001_0216" 8052
"/Engine/EngineMaterials/Substrate/Glints2/dict_0001_0215" 8053
"/Engine/EngineMaterials/Substrate/Glints2/dict_0001_0214" 8054
"/Engine/EngineMaterials/Substrate/Glints2/dict_0001_0213" 8055
"/Engine/EngineMaterials/Substrate/Glints2/dict_0001_0212" 8056
"/Engine/EngineMaterials/Substrate/Glints2/dict_0001_0211" 8057
"/Engine/EngineMaterials/Substrate/Glints2/dict_0001_0210" 8058
"/Engine/EngineMaterials/Substrate/Glints2/dict_0001_0241" 8059
"/Engine/EngineMaterials/Substrate/Glints2/dict_0001_0240" 8060
"/Engine/EngineMaterials/Substrate/Glints2/dict_0001_0239" 8061
"/Engine/EngineMaterials/Substrate/Glints2/dict_0001_0238" 8062
"/Engine/EngineMaterials/Substrate/Glints2/dict_0001_0237" 8063
"/Engine/EngineMaterials/Substrate/Glints2/dict_0001_0236" 8064
"/Engine/EngineMaterials/Substrate/Glints2/dict_0001_0235" 8065
"/Engine/EngineMaterials/Substrate/Glints2/dict_0001_0234" 8066
"/Engine/EngineMaterials/Substrate/Glints2/dict_0001_0233" 8067
"/Engine/EngineMaterials/Substrate/Glints2/dict_0001_0232" 8068
"../../../Engine/Content/EngineMaterials/Substrate/Glints2/dict_0001_0255.uasset" 8069
"../../../Engine/Content/EngineMaterials/Substrate/Glints2/dict_0001_0252.uasset" 8070
"../../../Engine/Content/EngineMaterials/Substrate/Glints2/dict_0002_0000.uasset" 8071
"../../../Engine/Content/EngineMaterials/Substrate/Glints2/dict_0002_0003.uasset" 8072
"../../../Engine/Content/EngineMaterials/Substrate/Glints2/dict_0001_0244.uasset" 8073
"../../../Engine/Content/EngineMaterials/Substrate/Glints2/dict_0002_0006.uasset" 8074
"../../../Engine/Content/EngineMaterials/Substrate/Glints2/dict_0002_0001.uasset" 8075
"../../../Engine/Content/EngineMaterials/Substrate/Glints2/dict_0001_0248.uasset" 8076
"../../../Engine/Content/EngineMaterials/Substrate/Glints2/dict_0001_0250.uasset" 8077
"../../../Engine/Content/EngineMaterials/Substrate/Glints2/dict_0001_0246.uasset" 8078
"../../../Engine/Content/EngineMaterials/Substrate/Glints2/dict_0001_0245.uasset" 8079
"../../../Engine/Content/EngineMaterials/Substrate/Glints2/dict_0002_0007.uasset" 8080
"../../../Engine/Content/EngineMaterials/Substrate/Glints2/dict_0001_0254.uasset" 8081
"../../../Engine/Content/EngineMaterials/Substrate/Glints2/dict_0001_0253.uasset" 8082
"../../../Engine/Content/EngineMaterials/Substrate/Glints2/dict_0001_0249.uasset" 8083
"../../../Engine/Content/EngineMaterials/Substrate/Glints2/dict_0002_0002.uasset" 8084
"../../../Engine/Content/EngineMaterials/Substrate/Glints2/dict_0001_0251.uasset" 8085
"../../../Engine/Content/EngineMaterials/Substrate/Glints2/dict_0001_0247.uasset" 8086
"../../../Engine/Content/EngineMaterials/Substrate/Glints2/dict_0002_0004.uasset" 8087
"../../../Engine/Content/EngineMaterials/Substrate/Glints2/dict_0001_0243.uasset" 8088
"../../../Engine/Content/EngineMaterials/Substrate/Glints2/dict_0001_0242.uasset" 8089
"../../../Engine/Content/EngineMaterials/Substrate/Glints2/dict_0002_0005.uasset" 8090
"/Engine/EngineMaterials/Substrate/Glints2/dict_0002_0007" 8091
"../../../Engine/Content/EngineMaterials/Substrate/Glints2/dict_0002_0014.uasset" 8092
"../../../Engine/Content/EngineMaterials/Substrate/Glints2/dict_0002_0016.uasset" 8093
"../../../Engine/Content/EngineMaterials/Substrate/Glints2/dict_0002_0015.uasset" 8094
"../../../Engine/Content/EngineMaterials/Substrate/Glints2/dict_0002_0011.uasset" 8095
"../../../Engine/Content/EngineMaterials/Substrate/Glints2/dict_0002_0008.uasset" 8096
"/Engine/EngineMaterials/Substrate/Glints2/dict_0002_0006" 8097
"../../../Engine/Content/EngineMaterials/Substrate/Glints2/dict_0002_0017.uasset" 8098
"/Engine/EngineMaterials/Substrate/Glints2/dict_0002_0005" 8099
"../../../Engine/Content/EngineMaterials/Substrate/Glints2/dict_0002_0012.uasset" 8100
"../../../Engine/Content/EngineMaterials/Substrate/Glints2/dict_0002_0009.uasset" 8101
"../../../Engine/Content/EngineMaterials/Substrate/Glints2/dict_0002_0013.uasset" 8102
"/Engine/EngineMaterials/Substrate/Glints2/dict_0002_0004" 8103
"../../../Engine/Content/EngineMaterials/Substrate/Glints2/dict_0002_0010.uasset" 8104
"/Engine/EngineMaterials/Substrate/Glints2/dict_0002_0003" 8105
"/Engine/EngineMaterials/Substrate/Glints2/dict_0002_0002" 8106
"/Engine/EngineMaterials/Substrate/Glints2/dict_0002_0001" 8107
"/Engine/EngineMaterials/Substrate/Glints2/dict_0002_0000" 8108
"/Engine/EngineMaterials/Substrate/Glints2/dict_0001_0255" 8109
"/Engine/EngineMaterials/Substrate/Glints2/dict_0001_0254" 8110
"/Engine/EngineMaterials/Substrate/Glints2/dict_0001_0253" 8111
"/Engine/EngineMaterials/Substrate/Glints2/dict_0001_0252" 8112
"/Engine/EngineMaterials/Substrate/Glints2/dict_0001_0251" 8113
"/Engine/EngineMaterials/Substrate/Glints2/dict_0001_0250" 8114
"/Engine/EngineMaterials/Substrate/Glints2/dict_0001_0249" 8115
"/Engine/EngineMaterials/Substrate/Glints2/dict_0001_0248" 8116
"/Engine/EngineMaterials/Substrate/Glints2/dict_0001_0247" 8117
"/Engine/EngineMaterials/Substrate/Glints2/dict_0001_0246" 8118
"/Engine/EngineMaterials/Substrate/Glints2/dict_0001_0245" 8119
"/Engine/EngineMaterials/Substrate/Glints2/dict_0001_0244" 8120
"/Engine/EngineMaterials/Substrate/Glints2/dict_0001_0243" 8121
"/Engine/EngineMaterials/Substrate/Glints2/dict_0001_0242" 8122
"/Engine/EngineMaterials/Substrate/Glints2/dict_0002_0017" 8123
"/Engine/EngineMaterials/Substrate/Glints2/dict_0002_0016" 8124
"/Engine/EngineMaterials/Substrate/Glints2/dict_0002_0015" 8125
"/Engine/EngineMaterials/Substrate/Glints2/dict_0002_0014" 8126
"/Engine/EngineMaterials/Substrate/Glints2/dict_0002_0013" 8127
"/Engine/EngineMaterials/Substrate/Glints2/dict_0002_0012" 8128
"/Engine/EngineMaterials/Substrate/Glints2/dict_0002_0011" 8129
"/Engine/EngineMaterials/Substrate/Glints2/dict_0002_0010" 8130
"/Engine/EngineMaterials/Substrate/Glints2/dict_0002_0009" 8131
"/Engine/EngineMaterials/Substrate/Glints2/dict_0002_0008" 8132
"../../../Engine/Content/EngineMaterials/Substrate/Glints2/dict_0002_0028.uasset" 8133
"../../../Engine/Content/EngineMaterials/Substrate/Glints2/dict_0002_0027.uasset" 8134
"../../../Engine/Content/EngineMaterials/Substrate/Glints2/dict_0002_0020.uasset" 8135
"../../../Engine/Content/EngineMaterials/Substrate/Glints2/dict_0002_0030.uasset" 8136
"../../../Engine/Content/EngineMaterials/Substrate/Glints2/dict_0002_0034.uasset" 8137
"../../../Engine/Content/EngineMaterials/Substrate/Glints2/dict_0002_0032.uasset" 8138
"../../../Engine/Content/EngineMaterials/Substrate/Glints2/dict_0002_0031.uasset" 8139
"../../../Engine/Content/EngineMaterials/Substrate/Glints2/dict_0002_0035.uasset" 8140
"../../../Engine/Content/EngineMaterials/Substrate/Glints2/dict_0002_0036.uasset" 8141
"../../../Engine/Content/EngineMaterials/Substrate/Glints2/dict_0002_0025.uasset" 8142
"../../../Engine/Content/EngineMaterials/Substrate/Glints2/dict_0002_0019.uasset" 8143
"../../../Engine/Content/EngineMaterials/Substrate/Glints2/dict_0002_0021.uasset" 8144
"../../../Engine/Content/EngineMaterials/Substrate/Glints2/dict_0002_0033.uasset" 8145
"../../../Engine/Content/EngineMaterials/Substrate/Glints2/dict_0002_0022.uasset" 8146
"../../../Engine/Content/EngineMaterials/Substrate/Glints2/dict_0002_0023.uasset" 8147
"../../../Engine/Content/EngineMaterials/Substrate/Glints2/dict_0002_0029.uasset" 8148
"../../../Engine/Content/EngineMaterials/Substrate/Glints2/dict_0002_0018.uasset" 8149
"../../../Engine/Content/EngineMaterials/Substrate/Glints2/dict_0002_0037.uasset" 8150
"../../../Engine/Content/EngineMaterials/Substrate/Glints2/dict_0002_0026.uasset" 8151
"../../../Engine/Content/EngineMaterials/Substrate/Glints2/dict_0002_0039.uasset" 8152
"../../../Engine/Content/EngineMaterials/Substrate/Glints2/dict_0002_0038.uasset" 8153
"../../../Engine/Content/EngineMaterials/Substrate/Glints2/dict_0002_0024.uasset" 8154
"/Engine/EngineMaterials/Substrate/Glints2/dict_0002_0039" 8155
"/Engine/EngineMaterials/Substrate/Glints2/dict_0002_0038" 8156
"/Engine/EngineMaterials/Substrate/Glints2/dict_0002_0037" 8157
"../../../Engine/Content/EngineMaterials/Substrate/Glints2/dict_0002_0045.uasset" 8158
"../../../Engine/Content/EngineMaterials/Substrate/Glints2/dict_0002_0042.uasset" 8159
"../../../Engine/Content/EngineMaterials/Substrate/Glints2/dict_0002_0043.uasset" 8160
"../../../Engine/Content/EngineMaterials/Substrate/Glints2/dict_0002_0044.uasset" 8161
"../../../Engine/Content/EngineMaterials/Substrate/Glints2/dict_0002_0046.uasset" 8162
"/Engine/EngineMaterials/Substrate/Glints2/dict_0002_0036" 8163
"../../../Engine/Content/EngineMaterials/Substrate/Glints2/dict_0002_0040.uasset" 8164
"/Engine/EngineMaterials/Substrate/Glints2/dict_0002_0035" 8165
"../../../Engine/Content/EngineMaterials/Substrate/Glints2/dict_0002_0048.uasset" 8166
"../../../Engine/Content/EngineMaterials/Substrate/Glints2/dict_0002_0041.uasset" 8167
"/Engine/EngineMaterials/Substrate/Glints2/dict_0002_0034" 8168
"../../../Engine/Content/EngineMaterials/Substrate/Glints2/dict_0002_0049.uasset" 8169
"../../../Engine/Content/EngineMaterials/Substrate/Glints2/dict_0002_0047.uasset" 8170
"/Engine/EngineMaterials/Substrate/Glints2/dict_0002_0033" 8171
"/Engine/EngineMaterials/Substrate/Glints2/dict_0002_0032" 8172
"/Engine/EngineMaterials/Substrate/Glints2/dict_0002_0031" 8173
"/Engine/EngineMaterials/Substrate/Glints2/dict_0002_0030" 8174
"/Engine/EngineMaterials/Substrate/Glints2/dict_0002_0029" 8175
"/Engine/EngineMaterials/Substrate/Glints2/dict_0002_0028" 8176
"/Engine/EngineMaterials/Substrate/Glints2/dict_0002_0027" 8177
"/Engine/EngineMaterials/Substrate/Glints2/dict_0002_0026" 8178
"/Engine/EngineMaterials/Substrate/Glints2/dict_0002_0025" 8179
"/Engine/EngineMaterials/Substrate/Glints2/dict_0002_0024" 8180
"/Engine/EngineMaterials/Substrate/Glints2/dict_0002_0023" 8181
"/Engine/EngineMaterials/Substrate/Glints2/dict_0002_0022" 8182
"/Engine/EngineMaterials/Substrate/Glints2/dict_0002_0021" 8183
"/Engine/EngineMaterials/Substrate/Glints2/dict_0002_0020" 8184
"/Engine/EngineMaterials/Substrate/Glints2/dict_0002_0019" 8185
"/Engine/EngineMaterials/Substrate/Glints2/dict_0002_0018" 8186
"/Engine/EngineMaterials/Substrate/Glints2/dict_0002_0049" 8187
"/Engine/EngineMaterials/Substrate/Glints2/dict_0002_0048" 8188
"/Engine/EngineMaterials/Substrate/Glints2/dict_0002_0047" 8189
"/Engine/EngineMaterials/Substrate/Glints2/dict_0002_0046" 8190
"/Engine/EngineMaterials/Substrate/Glints2/dict_0002_0045" 8191
"/Engine/EngineMaterials/Substrate/Glints2/dict_0002_0044" 8192
"/Engine/EngineMaterials/Substrate/Glints2/dict_0002_0043" 8193
"/Engine/EngineMaterials/Substrate/Glints2/dict_0002_0042" 8194
"/Engine/EngineMaterials/Substrate/Glints2/dict_0002_0041" 8195
"/Engine/EngineMaterials/Substrate/Glints2/dict_0002_0040" 8196
"../../../Engine/Content/EngineMaterials/Substrate/Glints2/dict_0002_0057.uasset" 8197
"../../../Engine/Content/EngineMaterials/Substrate/Glints2/dict_0002_0050.uasset" 8198
"../../../Engine/Content/EngineMaterials/Substrate/Glints2/dict_0002_0068.uasset" 8199
"../../../Engine/Content/EngineMaterials/Substrate/Glints2/dict_0002_0055.uasset" 8200
"../../../Engine/Content/EngineMaterials/Substrate/Glints2/dict_0002_0065.uasset" 8201
"../../../Engine/Content/EngineMaterials/Substrate/Glints2/dict_0002_0052.uasset" 8202
"../../../Engine/Content/EngineMaterials/Substrate/Glints2/dict_0002_0059.uasset" 8203
"../../../Engine/Content/EngineMaterials/Substrate/Glints2/dict_0002_0058.uasset" 8204
"../../../Engine/Content/EngineMaterials/Substrate/Glints2/dict_0002_0061.uasset" 8205
"../../../Engine/Content/EngineMaterials/Substrate/Glints2/dict_0002_0064.uasset" 8206
"../../../Engine/Content/EngineMaterials/Substrate/Glints2/dict_0002_0067.uasset" 8207
"../../../Engine/Content/EngineMaterials/Substrate/Glints2/dict_0002_0054.uasset" 8208
"../../../Engine/Content/EngineMaterials/Substrate/Glints2/dict_0002_0056.uasset" 8209
"../../../Engine/Content/EngineMaterials/Substrate/Glints2/dict_0002_0063.uasset" 8210
"../../../Engine/Content/EngineMaterials/Substrate/Glints2/dict_0002_0062.uasset" 8211
"../../../Engine/Content/EngineMaterials/Substrate/Glints2/dict_0002_0060.uasset" 8212
"../../../Engine/Content/EngineMaterials/Substrate/Glints2/dict_0002_0071.uasset" 8213
"../../../Engine/Content/EngineMaterials/Substrate/Glints2/dict_0002_0066.uasset" 8214
"../../../Engine/Content/EngineMaterials/Substrate/Glints2/dict_0002_0051.uasset" 8215
"../../../Engine/Content/EngineMaterials/Substrate/Glints2/dict_0002_0070.uasset" 8216
"../../../Engine/Content/EngineMaterials/Substrate/Glints2/dict_0002_0053.uasset" 8217
"../../../Engine/Content/EngineMaterials/Substrate/Glints2/dict_0002_0069.uasset" 8218
"/Engine/EngineMaterials/Substrate/Glints2/dict_0002_0071" 8219
"/Engine/EngineMaterials/Substrate/Glints2/dict_0002_0070" 8220
"/Engine/EngineMaterials/Substrate/Glints2/dict_0002_0069" 8221
"/Engine/EngineMaterials/Substrate/Glints2/dict_0002_0068" 8222
"/Engine/EngineMaterials/Substrate/Glints2/dict_0002_0067" 8223
"/Engine/EngineMaterials/Substrate/Glints2/dict_0002_0066" 8224
"/Engine/EngineMaterials/Substrate/Glints2/dict_0002_0065" 8225
"/Engine/EngineMaterials/Substrate/Glints2/dict_0002_0064" 8226
"/Engine/EngineMaterials/Substrate/Glints2/dict_0002_0063" 8227
"/Engine/EngineMaterials/Substrate/Glints2/dict_0002_0062" 8228
"../../../Engine/Content/EngineMaterials/Substrate/Glints2/dict_0002_0076.uasset" 8229
"../../../Engine/Content/EngineMaterials/Substrate/Glints2/dict_0002_0079.uasset" 8230
"../../../Engine/Content/EngineMaterials/Substrate/Glints2/dict_0002_0077.uasset" 8231
"/Engine/EngineMaterials/Substrate/Glints2/dict_0002_0061" 8232
"../../../Engine/Content/EngineMaterials/Substrate/Glints2/dict_0002_0081.uasset" 8233
"../../../Engine/Content/EngineMaterials/Substrate/Glints2/dict_0002_0075.uasset" 8234
"/Engine/EngineMaterials/Substrate/Glints2/dict_0002_0060" 8235
"../../../Engine/Content/EngineMaterials/Substrate/Glints2/dict_0002_0074.uasset" 8236
"/Engine/EngineMaterials/Substrate/Glints2/dict_0002_0059" 8237
"../../../Engine/Content/EngineMaterials/Substrate/Glints2/dict_0002_0072.uasset" 8238
"/Engine/EngineMaterials/Substrate/Glints2/dict_0002_0058" 8239
"../../../Engine/Content/EngineMaterials/Substrate/Glints2/dict_0002_0080.uasset" 8240
"/Engine/EngineMaterials/Substrate/Glints2/dict_0002_0057" 8241
"../../../Engine/Content/EngineMaterials/Substrate/Glints2/dict_0002_0073.uasset" 8242
"../../../Engine/Content/EngineMaterials/Substrate/Glints2/dict_0002_0078.uasset" 8243
"/Engine/EngineMaterials/Substrate/Glints2/dict_0002_0056" 8244
"/Engine/EngineMaterials/Substrate/Glints2/dict_0002_0055" 8245
"/Engine/EngineMaterials/Substrate/Glints2/dict_0002_0054" 8246
"/Engine/EngineMaterials/Substrate/Glints2/dict_0002_0053" 8247
"/Engine/EngineMaterials/Substrate/Glints2/dict_0002_0052" 8248
"/Engine/EngineMaterials/Substrate/Glints2/dict_0002_0051" 8249
"/Engine/EngineMaterials/Substrate/Glints2/dict_0002_0050" 8250
"/Engine/EngineMaterials/Substrate/Glints2/dict_0002_0081" 8251
"/Engine/EngineMaterials/Substrate/Glints2/dict_0002_0080" 8252
"/Engine/EngineMaterials/Substrate/Glints2/dict_0002_0079" 8253
"/Engine/EngineMaterials/Substrate/Glints2/dict_0002_0078" 8254
"/Engine/EngineMaterials/Substrate/Glints2/dict_0002_0077" 8255
"/Engine/EngineMaterials/Substrate/Glints2/dict_0002_0076" 8256
"/Engine/EngineMaterials/Substrate/Glints2/dict_0002_0075" 8257
"/Engine/EngineMaterials/Substrate/Glints2/dict_0002_0074" 8258
"/Engine/EngineMaterials/Substrate/Glints2/dict_0002_0073" 8259
"/Engine/EngineMaterials/Substrate/Glints2/dict_0002_0072" 8260
"../../../Engine/Content/EngineMaterials/Substrate/Glints2/dict_0002_0089.uasset" 8261
"../../../Engine/Content/EngineMaterials/Substrate/Glints2/dict_0002_0096.uasset" 8262
"../../../Engine/Content/EngineMaterials/Substrate/Glints2/dict_0002_0084.uasset" 8263
"../../../Engine/Content/EngineMaterials/Substrate/Glints2/dict_0002_0082.uasset" 8264
"../../../Engine/Content/EngineMaterials/Substrate/Glints2/dict_0002_0088.uasset" 8265
"../../../Engine/Content/EngineMaterials/Substrate/Glints2/dict_0002_0101.uasset" 8266
"../../../Engine/Content/EngineMaterials/Substrate/Glints2/dict_0002_0090.uasset" 8267
"../../../Engine/Content/EngineMaterials/Substrate/Glints2/dict_0002_0094.uasset" 8268
"../../../Engine/Content/EngineMaterials/Substrate/Glints2/dict_0002_0087.uasset" 8269
"../../../Engine/Content/EngineMaterials/Substrate/Glints2/dict_0002_0102.uasset" 8270
"../../../Engine/Content/EngineMaterials/Substrate/Glints2/dict_0002_0091.uasset" 8271
"../../../Engine/Content/EngineMaterials/Substrate/Glints2/dict_0002_0092.uasset" 8272
"../../../Engine/Content/EngineMaterials/Substrate/Glints2/dict_0002_0095.uasset" 8273
"../../../Engine/Content/EngineMaterials/Substrate/Glints2/dict_0002_0083.uasset" 8274
"../../../Engine/Content/EngineMaterials/Substrate/Glints2/dict_0002_0093.uasset" 8275
"../../../Engine/Content/EngineMaterials/Substrate/Glints2/dict_0002_0098.uasset" 8276
"../../../Engine/Content/EngineMaterials/Substrate/Glints2/dict_0002_0103.uasset" 8277
"../../../Engine/Content/EngineMaterials/Substrate/Glints2/dict_0002_0085.uasset" 8278
"../../../Engine/Content/EngineMaterials/Substrate/Glints2/dict_0002_0099.uasset" 8279
"../../../Engine/Content/EngineMaterials/Substrate/Glints2/dict_0002_0086.uasset" 8280
"../../../Engine/Content/EngineMaterials/Substrate/Glints2/dict_0002_0097.uasset" 8281
"../../../Engine/Content/EngineMaterials/Substrate/Glints2/dict_0002_0100.uasset" 8282
"/Engine/EngineMaterials/Substrate/Glints2/dict_0002_0103" 8283
"/Engine/EngineMaterials/Substrate/Glints2/dict_0002_0102" 8284
"/Engine/EngineMaterials/Substrate/Glints2/dict_0002_0101" 8285
"/Engine/EngineMaterials/Substrate/Glints2/dict_0002_0100" 8286
"/Engine/EngineMaterials/Substrate/Glints2/dict_0002_0099" 8287
"/Engine/EngineMaterials/Substrate/Glints2/dict_0002_0098" 8288
"/Engine/EngineMaterials/Substrate/Glints2/dict_0002_0097" 8289
"/Engine/EngineMaterials/Substrate/Glints2/dict_0002_0096" 8290
"/Engine/EngineMaterials/Substrate/Glints2/dict_0002_0095" 8291
"/Engine/EngineMaterials/Substrate/Glints2/dict_0002_0094" 8292
"/Engine/EngineMaterials/Substrate/Glints2/dict_0002_0093" 8293
"/Engine/EngineMaterials/Substrate/Glints2/dict_0002_0092" 8294
"/Engine/EngineMaterials/Substrate/Glints2/dict_0002_0091" 8295
"/Engine/EngineMaterials/Substrate/Glints2/dict_0002_0090" 8296
"/Engine/EngineMaterials/Substrate/Glints2/dict_0002_0089" 8297
"/Engine/EngineMaterials/Substrate/Glints2/dict_0002_0088" 8298
"/Engine/EngineMaterials/Substrate/Glints2/dict_0002_0087" 8299
"/Engine/EngineMaterials/Substrate/Glints2/dict_0002_0086" 8300
"/Engine/EngineMaterials/Substrate/Glints2/dict_0002_0085" 8301
"/Engine/EngineMaterials/Substrate/Glints2/dict_0002_0084" 8302
"/Engine/EngineMaterials/Substrate/Glints2/dict_0002_0083" 8303
"/Engine/EngineMaterials/Substrate/Glints2/dict_0002_0082" 8304
"../../../Engine/Content/EngineMaterials/Substrate/Glints2/dict_0002_0109.uasset" 8305
"../../../Engine/Content/EngineMaterials/Substrate/Glints2/dict_0002_0113.uasset" 8306
"../../../Engine/Content/EngineMaterials/Substrate/Glints2/dict_0002_0105.uasset" 8307
"../../../Engine/Content/EngineMaterials/Substrate/Glints2/dict_0002_0108.uasset" 8308
"../../../Engine/Content/EngineMaterials/Substrate/Glints2/dict_0002_0110.uasset" 8309
"../../../Engine/Content/EngineMaterials/Substrate/Glints2/dict_0002_0106.uasset" 8310
"../../../Engine/Content/EngineMaterials/Substrate/Glints2/dict_0002_0104.uasset" 8311
"../../../Engine/Content/EngineMaterials/Substrate/Glints2/dict_0002_0107.uasset" 8312
"../../../Engine/Content/EngineMaterials/Substrate/Glints2/dict_0002_0112.uasset" 8313
"../../../Engine/Content/EngineMaterials/Substrate/Glints2/dict_0002_0111.uasset" 8314
"../../../Engine/Content/EngineMaterials/Substrate/Glints2/dict_0002_0115.uasset" 8315
"../../../Engine/Content/EngineMaterials/Substrate/Glints2/dict_0002_0132.uasset" 8316
"../../../Engine/Content/EngineMaterials/Substrate/Glints2/dict_0002_0121.uasset" 8317
"../../../Engine/Content/EngineMaterials/Substrate/Glints2/dict_0002_0117.uasset" 8318
"../../../Engine/Content/EngineMaterials/Substrate/Glints2/dict_0002_0125.uasset" 8319
"../../../Engine/Content/EngineMaterials/Substrate/Glints2/dict_0002_0126.uasset" 8320
"../../../Engine/Content/EngineMaterials/Substrate/Glints2/dict_0002_0119.uasset" 8321
"../../../Engine/Content/EngineMaterials/Substrate/Glints2/dict_0002_0114.uasset" 8322
"../../../Engine/Content/EngineMaterials/Substrate/Glints2/dict_0002_0131.uasset" 8323
"../../../Engine/Content/EngineMaterials/Substrate/Glints2/dict_0002_0123.uasset" 8324
"../../../Engine/Content/EngineMaterials/Substrate/Glints2/dict_0002_0127.uasset" 8325
"../../../Engine/Content/EngineMaterials/Substrate/Glints2/dict_0002_0129.uasset" 8326
"../../../Engine/Content/EngineMaterials/Substrate/Glints2/dict_0002_0135.uasset" 8327
"../../../Engine/Content/EngineMaterials/Substrate/Glints2/dict_0002_0130.uasset" 8328
"../../../Engine/Content/EngineMaterials/Substrate/Glints2/dict_0002_0120.uasset" 8329
"../../../Engine/Content/EngineMaterials/Substrate/Glints2/dict_0002_0134.uasset" 8330
"/Engine/EngineMaterials/Substrate/Glints2/dict_0002_0113" 8331
"../../../Engine/Content/EngineMaterials/Substrate/Glints2/dict_0002_0116.uasset" 8332
"../../../Engine/Content/EngineMaterials/Substrate/Glints2/dict_0002_0118.uasset" 8333
"../../../Engine/Content/EngineMaterials/Substrate/Glints2/dict_0002_0128.uasset" 8334
"../../../Engine/Content/EngineMaterials/Substrate/Glints2/dict_0002_0122.uasset" 8335
"../../../Engine/Content/EngineMaterials/Substrate/Glints2/dict_0002_0133.uasset" 8336
"../../../Engine/Content/EngineMaterials/Substrate/Glints2/dict_0002_0124.uasset" 8337
"/Engine/EngineMaterials/Substrate/Glints2/dict_0002_0112" 8338
"/Engine/EngineMaterials/Substrate/Glints2/dict_0002_0111" 8339
"/Engine/EngineMaterials/Substrate/Glints2/dict_0002_0110" 8340
"/Engine/EngineMaterials/Substrate/Glints2/dict_0002_0109" 8341
"/Engine/EngineMaterials/Substrate/Glints2/dict_0002_0108" 8342
"/Engine/EngineMaterials/Substrate/Glints2/dict_0002_0107" 8343
"/Engine/EngineMaterials/Substrate/Glints2/dict_0002_0135" 8344
"/Engine/EngineMaterials/Substrate/Glints2/dict_0002_0106" 8345
"/Engine/EngineMaterials/Substrate/Glints2/dict_0002_0105" 8346
"/Engine/EngineMaterials/Substrate/Glints2/dict_0002_0104" 8347
"/Engine/EngineMaterials/Substrate/Glints2/dict_0002_0132" 8348
"/Engine/EngineMaterials/Substrate/Glints2/dict_0002_0131" 8349
"/Engine/EngineMaterials/Substrate/Glints2/dict_0002_0130" 8350
"/Engine/EngineMaterials/Substrate/Glints2/dict_0002_0129" 8351
"/Engine/EngineMaterials/Substrate/Glints2/dict_0002_0127" 8352
"/Engine/EngineMaterials/Substrate/Glints2/dict_0002_0126" 8353
"/Engine/EngineMaterials/Substrate/Glints2/dict_0002_0125" 8354
"/Engine/EngineMaterials/Substrate/Glints2/dict_0002_0123" 8355
"/Engine/EngineMaterials/Substrate/Glints2/dict_0002_0121" 8356
"/Engine/EngineMaterials/Substrate/Glints2/dict_0002_0119" 8357
"/Engine/EngineMaterials/Substrate/Glints2/dict_0002_0117" 8358
"/Engine/EngineMaterials/Substrate/Glints2/dict_0002_0115" 8359
"/Engine/EngineMaterials/Substrate/Glints2/dict_0002_0114" 8360
"/Engine/EngineMaterials/Substrate/Glints2/dict_0002_0134" 8361
"/Engine/EngineMaterials/Substrate/Glints2/dict_0002_0133" 8362
"/Engine/EngineMaterials/Substrate/Glints2/dict_0002_0128" 8363
"/Engine/EngineMaterials/Substrate/Glints2/dict_0002_0124" 8364
"/Engine/EngineMaterials/Substrate/Glints2/dict_0002_0122" 8365
"/Engine/EngineMaterials/Substrate/Glints2/dict_0002_0120" 8366
"/Engine/EngineMaterials/Substrate/Glints2/dict_0002_0118" 8367
"/Engine/EngineMaterials/Substrate/Glints2/dict_0002_0116" 8368
"../../../Engine/Content/EngineMaterials/Substrate/Glints2/dict_0002_0141.uasset" 8369
"../../../Engine/Content/EngineMaterials/Substrate/Glints2/dict_0002_0150.uasset" 8370
"../../../Engine/Content/EngineMaterials/Substrate/Glints2/dict_0002_0151.uasset" 8371
"../../../Engine/Content/EngineMaterials/Substrate/Glints2/dict_0002_0157.uasset" 8372
"../../../Engine/Content/EngineMaterials/Substrate/Glints2/dict_0002_0144.uasset" 8373
"../../../Engine/Content/EngineMaterials/Substrate/Glints2/dict_0002_0136.uasset" 8374
"../../../Engine/Content/EngineMaterials/Substrate/Glints2/dict_0002_0140.uasset" 8375
"../../../Engine/Content/EngineMaterials/Substrate/Glints2/dict_0002_0143.uasset" 8376
"../../../Engine/Content/EngineMaterials/Substrate/Glints2/dict_0002_0138.uasset" 8377
"../../../Engine/Content/EngineMaterials/Substrate/Glints2/dict_0002_0153.uasset" 8378
"../../../Engine/Content/EngineMaterials/Substrate/Glints2/dict_0002_0137.uasset" 8379
"../../../Engine/Content/EngineMaterials/Substrate/Glints2/dict_0002_0145.uasset" 8380
"../../../Engine/Content/EngineMaterials/Substrate/Glints2/dict_0002_0155.uasset" 8381
"../../../Engine/Content/EngineMaterials/Substrate/Glints2/dict_0002_0148.uasset" 8382
"../../../Engine/Content/EngineMaterials/Substrate/Glints2/dict_0002_0154.uasset" 8383
"../../../Engine/Content/EngineMaterials/Substrate/Glints2/dict_0002_0139.uasset" 8384
"../../../Engine/Content/EngineMaterials/Substrate/Glints2/dict_0002_0142.uasset" 8385
"../../../Engine/Content/EngineMaterials/Substrate/Glints2/dict_0002_0156.uasset" 8386
"../../../Engine/Content/EngineMaterials/Substrate/Glints2/dict_0002_0152.uasset" 8387
"../../../Engine/Content/EngineMaterials/Substrate/Glints2/dict_0002_0147.uasset" 8388
"../../../Engine/Content/EngineMaterials/Substrate/Glints2/dict_0002_0149.uasset" 8389
"../../../Engine/Content/EngineMaterials/Substrate/Glints2/dict_0002_0146.uasset" 8390
"/Engine/EngineMaterials/Substrate/Glints2/dict_0002_0157" 8391
"/Engine/EngineMaterials/Substrate/Glints2/dict_0002_0156" 8392
"/Engine/EngineMaterials/Substrate/Glints2/dict_0002_0155" 8393
"/Engine/EngineMaterials/Substrate/Glints2/dict_0002_0154" 8394
"/Engine/EngineMaterials/Substrate/Glints2/dict_0002_0153" 8395
"/Engine/EngineMaterials/Substrate/Glints2/dict_0002_0152" 8396
"/Engine/EngineMaterials/Substrate/Glints2/dict_0002_0151" 8397
"/Engine/EngineMaterials/Substrate/Glints2/dict_0002_0150" 8398
"/Engine/EngineMaterials/Substrate/Glints2/dict_0002_0149" 8399
"/Engine/EngineMaterials/Substrate/Glints2/dict_0002_0148" 8400
"../../../Engine/Content/EngineMaterials/Substrate/Glints2/dict_0002_0167.uasset" 8401
"../../../Engine/Content/EngineMaterials/Substrate/Glints2/dict_0002_0160.uasset" 8402
"/Engine/EngineMaterials/Substrate/Glints2/dict_0002_0147" 8403
"/Engine/EngineMaterials/Substrate/Glints2/dict_0002_0146" 8404
"../../../Engine/Content/EngineMaterials/Substrate/Glints2/dict_0002_0161.uasset" 8405
"/Engine/EngineMaterials/Substrate/Glints2/dict_0002_0145" 8406
"../../../Engine/Content/EngineMaterials/Substrate/Glints2/dict_0002_0166.uasset" 8407
"../../../Engine/Content/EngineMaterials/Substrate/Glints2/dict_0002_0158.uasset" 8408
"/Engine/EngineMaterials/Substrate/Glints2/dict_0002_0144" 8409
"../../../Engine/Content/EngineMaterials/Substrate/Glints2/dict_0002_0159.uasset" 8410
"../../../Engine/Content/EngineMaterials/Substrate/Glints2/dict_0002_0164.uasset" 8411
"../../../Engine/Content/EngineMaterials/Substrate/Glints2/dict_0002_0165.uasset" 8412
"/Engine/EngineMaterials/Substrate/Glints2/dict_0002_0143" 8413
"../../../Engine/Content/EngineMaterials/Substrate/Glints2/dict_0002_0162.uasset" 8414
"../../../Engine/Content/EngineMaterials/Substrate/Glints2/dict_0002_0163.uasset" 8415
"/Engine/EngineMaterials/Substrate/Glints2/dict_0002_0142" 8416
"/Engine/EngineMaterials/Substrate/Glints2/dict_0002_0141" 8417
"/Engine/EngineMaterials/Substrate/Glints2/dict_0002_0140" 8418
"/Engine/EngineMaterials/Substrate/Glints2/dict_0002_0139" 8419
"/Engine/EngineMaterials/Substrate/Glints2/dict_0002_0138" 8420
"/Engine/EngineMaterials/Substrate/Glints2/dict_0002_0137" 8421
"/Engine/EngineMaterials/Substrate/Glints2/dict_0002_0136" 8422
"/Engine/EngineMaterials/Substrate/Glints2/dict_0002_0159" 8423
"/Engine/EngineMaterials/Substrate/Glints2/dict_0002_0158" 8424
"/Engine/EngineMaterials/Substrate/Glints2/dict_0002_0167" 8425
"/Engine/EngineMaterials/Substrate/Glints2/dict_0002_0166" 8426
"/Engine/EngineMaterials/Substrate/Glints2/dict_0002_0165" 8427
"/Engine/EngineMaterials/Substrate/Glints2/dict_0002_0164" 8428
"/Engine/EngineMaterials/Substrate/Glints2/dict_0002_0163" 8429
"/Engine/EngineMaterials/Substrate/Glints2/dict_0002_0162" 8430
"/Engine/EngineMaterials/Substrate/Glints2/dict_0002_0161" 8431
"/Engine/EngineMaterials/Substrate/Glints2/dict_0002_0160" 8432
"../../../Engine/Content/EngineMaterials/Substrate/Glints2/dict_0002_0177.uasset" 8433
"../../../Engine/Content/EngineMaterials/Substrate/Glints2/dict_0002_0183.uasset" 8434
"../../../Engine/Content/EngineMaterials/Substrate/Glints2/dict_0002_0168.uasset" 8435
"../../../Engine/Content/EngineMaterials/Substrate/Glints2/dict_0002_0179.uasset" 8436
"../../../Engine/Content/EngineMaterials/Substrate/Glints2/dict_0002_0172.uasset" 8437
"../../../Engine/Content/EngineMaterials/Substrate/Glints2/dict_0002_0182.uasset" 8438
"../../../Engine/Content/EngineMaterials/Substrate/Glints2/dict_0002_0187.uasset" 8439
"../../../Engine/Content/EngineMaterials/Substrate/Glints2/dict_0002_0184.uasset" 8440
"../../../Engine/Content/EngineMaterials/Substrate/Glints2/dict_0002_0170.uasset" 8441
"../../../Engine/Content/EngineMaterials/Substrate/Glints2/dict_0002_0169.uasset" 8442
"../../../Engine/Content/EngineMaterials/Substrate/Glints2/dict_0002_0178.uasset" 8443
"../../../Engine/Content/EngineMaterials/Substrate/Glints2/dict_0002_0186.uasset" 8444
"../../../Engine/Content/EngineMaterials/Substrate/Glints2/dict_0002_0176.uasset" 8445
"../../../Engine/Content/EngineMaterials/Substrate/Glints2/dict_0002_0180.uasset" 8446
"../../../Engine/Content/EngineMaterials/Substrate/Glints2/dict_0002_0189.uasset" 8447
"../../../Engine/Content/EngineMaterials/Substrate/Glints2/dict_0002_0175.uasset" 8448
"../../../Engine/Content/EngineMaterials/Substrate/Glints2/dict_0002_0174.uasset" 8449
"../../../Engine/Content/EngineMaterials/Substrate/Glints2/dict_0002_0173.uasset" 8450
"../../../Engine/Content/EngineMaterials/Substrate/Glints2/dict_0002_0188.uasset" 8451
"../../../Engine/Content/EngineMaterials/Substrate/Glints2/dict_0002_0171.uasset" 8452
"../../../Engine/Content/EngineMaterials/Substrate/Glints2/dict_0002_0185.uasset" 8453
"../../../Engine/Content/EngineMaterials/Substrate/Glints2/dict_0002_0181.uasset" 8454
"/Engine/EngineMaterials/Substrate/Glints2/dict_0002_0189" 8455
"/Engine/EngineMaterials/Substrate/Glints2/dict_0002_0188" 8456
"/Engine/EngineMaterials/Substrate/Glints2/dict_0002_0187" 8457
"/Engine/EngineMaterials/Substrate/Glints2/dict_0002_0186" 8458
"/Engine/EngineMaterials/Substrate/Glints2/dict_0002_0185" 8459
"/Engine/EngineMaterials/Substrate/Glints2/dict_0002_0184" 8460
"/Engine/EngineMaterials/Substrate/Glints2/dict_0002_0183" 8461
"/Engine/EngineMaterials/Substrate/Glints2/dict_0002_0182" 8462
"/Engine/EngineMaterials/Substrate/Glints2/dict_0002_0181" 8463
"/Engine/EngineMaterials/Substrate/Glints2/dict_0002_0180" 8464
"/Engine/EngineMaterials/Substrate/Glints2/dict_0002_0179" 8465
"/Engine/EngineMaterials/Substrate/Glints2/dict_0002_0178" 8466
"/Engine/EngineMaterials/Substrate/Glints2/dict_0002_0177" 8467
"/Engine/EngineMaterials/Substrate/Glints2/dict_0002_0176" 8468
"/Engine/EngineMaterials/Substrate/Glints2/dict_0002_0175" 8469
"/Engine/EngineMaterials/Substrate/Glints2/dict_0002_0174" 8470
"/Engine/EngineMaterials/Substrate/Glints2/dict_0002_0173" 8471
"/Engine/EngineMaterials/Substrate/Glints2/dict_0002_0172" 8472
"/Engine/EngineMaterials/Substrate/Glints2/dict_0002_0171" 8473
"/Engine/EngineMaterials/Substrate/Glints2/dict_0002_0170" 8474
"/Engine/EngineMaterials/Substrate/Glints2/dict_0002_0169" 8475
"/Engine/EngineMaterials/Substrate/Glints2/dict_0002_0168" 8476
"../../../Engine/Content/EngineMaterials/Substrate/Glints2/dict_0002_0191.uasset" 8477
"../../../Engine/Content/EngineMaterials/Substrate/Glints2/dict_0002_0199.uasset" 8478
"../../../Engine/Content/EngineMaterials/Substrate/Glints2/dict_0002_0194.uasset" 8479
"../../../Engine/Content/EngineMaterials/Substrate/Glints2/dict_0002_0197.uasset" 8480
"../../../Engine/Content/EngineMaterials/Substrate/Glints2/dict_0002_0190.uasset" 8481
"../../../Engine/Content/EngineMaterials/Substrate/Glints2/dict_0002_0198.uasset" 8482
"../../../Engine/Content/EngineMaterials/Substrate/Glints2/dict_0002_0196.uasset" 8483
"../../../Engine/Content/EngineMaterials/Substrate/Glints2/dict_0002_0192.uasset" 8484
"../../../Engine/Content/EngineMaterials/Substrate/Glints2/dict_0002_0193.uasset" 8485
"../../../Engine/Content/EngineMaterials/Substrate/Glints2/dict_0002_0195.uasset" 8486
"../../../Engine/Content/EngineMaterials/Substrate/Glints2/dict_0002_0208.uasset" 8487
"../../../Engine/Content/EngineMaterials/Substrate/Glints2/dict_0002_0201.uasset" 8488
"../../../Engine/Content/EngineMaterials/Substrate/Glints2/dict_0002_0215.uasset" 8489
"../../../Engine/Content/EngineMaterials/Substrate/Glints2/dict_0002_0212.uasset" 8490
"../../../Engine/Content/EngineMaterials/Substrate/Glints2/dict_0002_0204.uasset" 8491
"../../../Engine/Content/EngineMaterials/Substrate/Glints2/dict_0002_0213.uasset" 8492
"../../../Engine/Content/EngineMaterials/Substrate/Glints2/dict_0002_0220.uasset" 8493
"../../../Engine/Content/EngineMaterials/Substrate/Glints2/dict_0002_0216.uasset" 8494
"../../../Engine/Content/EngineMaterials/Substrate/Glints2/dict_0002_0218.uasset" 8495
"../../../Engine/Content/EngineMaterials/Substrate/Glints2/dict_0002_0221.uasset" 8496
"../../../Engine/Content/EngineMaterials/Substrate/Glints2/dict_0002_0219.uasset" 8497
"../../../Engine/Content/EngineMaterials/Substrate/Glints2/dict_0002_0214.uasset" 8498
"../../../Engine/Content/EngineMaterials/Substrate/Glints2/dict_0002_0200.uasset" 8499
"../../../Engine/Content/EngineMaterials/Substrate/Glints2/dict_0002_0210.uasset" 8500
"../../../Engine/Content/EngineMaterials/Substrate/Glints2/dict_0002_0206.uasset" 8501
"../../../Engine/Content/EngineMaterials/Substrate/Glints2/dict_0002_0217.uasset" 8502
"../../../Engine/Content/EngineMaterials/Substrate/Glints2/dict_0002_0203.uasset" 8503
"../../../Engine/Content/EngineMaterials/Substrate/Glints2/dict_0002_0202.uasset" 8504
"../../../Engine/Content/EngineMaterials/Substrate/Glints2/dict_0002_0205.uasset" 8505
"../../../Engine/Content/EngineMaterials/Substrate/Glints2/dict_0002_0209.uasset" 8506
"../../../Engine/Content/EngineMaterials/Substrate/Glints2/dict_0002_0211.uasset" 8507
"../../../Engine/Content/EngineMaterials/Substrate/Glints2/dict_0002_0207.uasset" 8508
"/Engine/EngineMaterials/Substrate/Glints2/dict_0002_0199" 8509
"/Engine/EngineMaterials/Substrate/Glints2/dict_0002_0198" 8510
"/Engine/EngineMaterials/Substrate/Glints2/dict_0002_0221" 8511
"/Engine/EngineMaterials/Substrate/Glints2/dict_0002_0220" 8512
"/Engine/EngineMaterials/Substrate/Glints2/dict_0002_0219" 8513
"/Engine/EngineMaterials/Substrate/Glints2/dict_0002_0218" 8514
"/Engine/EngineMaterials/Substrate/Glints2/dict_0002_0217" 8515
"/Engine/EngineMaterials/Substrate/Glints2/dict_0002_0216" 8516
"/Engine/EngineMaterials/Substrate/Glints2/dict_0002_0215" 8517
"/Engine/EngineMaterials/Substrate/Glints2/dict_0002_0214" 8518
"/Engine/EngineMaterials/Substrate/Glints2/dict_0002_0213" 8519
"/Engine/EngineMaterials/Substrate/Glints2/dict_0002_0197" 8520
"/Engine/EngineMaterials/Substrate/Glints2/dict_0002_0196" 8521
"/Engine/EngineMaterials/Substrate/Glints2/dict_0002_0212" 8522
"/Engine/EngineMaterials/Substrate/Glints2/dict_0002_0211" 8523
"/Engine/EngineMaterials/Substrate/Glints2/dict_0002_0210" 8524
"/Engine/EngineMaterials/Substrate/Glints2/dict_0002_0209" 8525
"/Engine/EngineMaterials/Substrate/Glints2/dict_0002_0195" 8526
"/Engine/EngineMaterials/Substrate/Glints2/dict_0002_0208" 8527
"/Engine/EngineMaterials/Substrate/Glints2/dict_0002_0207" 8528
"/Engine/EngineMaterials/Substrate/Glints2/dict_0002_0206" 8529
"/Engine/EngineMaterials/Substrate/Glints2/dict_0002_0194" 8530
"/Engine/EngineMaterials/Substrate/Glints2/dict_0002_0205" 8531
"/Engine/EngineMaterials/Substrate/Glints2/dict_0002_0193" 8532
"/Engine/EngineMaterials/Substrate/Glints2/dict_0002_0204" 8533
"/Engine/EngineMaterials/Substrate/Glints2/dict_0002_0192" 8534
"/Engine/EngineMaterials/Substrate/Glints2/dict_0002_0203" 8535
"/Engine/EngineMaterials/Substrate/Glints2/dict_0002_0191" 8536
"/Engine/EngineMaterials/Substrate/Glints2/dict_0002_0202" 8537
"/Engine/EngineMaterials/Substrate/Glints2/dict_0002_0190" 8538
"/Engine/EngineMaterials/Substrate/Glints2/dict_0002_0201" 8539
"/Engine/EngineMaterials/Substrate/Glints2/dict_0002_0200" 8540
"../../../Engine/Content/EngineMaterials/Substrate/Glints2/dict_0002_0237.uasset" 8541
"../../../Engine/Content/EngineMaterials/Substrate/Glints2/dict_0002_0234.uasset" 8542
"../../../Engine/Content/EngineMaterials/Substrate/Glints2/dict_0002_0231.uasset" 8543
"../../../Engine/Content/EngineMaterials/Substrate/Glints2/dict_0002_0240.uasset" 8544
"../../../Engine/Content/EngineMaterials/Substrate/Glints2/dict_0002_0225.uasset" 8545
"../../../Engine/Content/EngineMaterials/Substrate/Glints2/dict_0002_0227.uasset" 8546
"../../../Engine/Content/EngineMaterials/Substrate/Glints2/dict_0002_0232.uasset" 8547
"../../../Engine/Content/EngineMaterials/Substrate/Glints2/dict_0002_0241.uasset" 8548
"../../../Engine/Content/EngineMaterials/Substrate/Glints2/dict_0002_0229.uasset" 8549
"../../../Engine/Content/EngineMaterials/Substrate/Glints2/dict_0002_0243.uasset" 8550
"../../../Engine/Content/EngineMaterials/Substrate/Glints2/dict_0002_0224.uasset" 8551
"../../../Engine/Content/EngineMaterials/Substrate/Glints2/dict_0002_0222.uasset" 8552
"/Engine/EngineMaterials/Substrate/Glints2/dict_0002_0243" 8553
"../../../Engine/Content/EngineMaterials/Substrate/Glints2/dict_0002_0228.uasset" 8554
"../../../Engine/Content/EngineMaterials/Substrate/Glints2/dict_0002_0226.uasset" 8555
"../../../Engine/Content/EngineMaterials/Substrate/Glints2/dict_0002_0223.uasset" 8556
"../../../Engine/Content/EngineMaterials/Substrate/Glints2/dict_0002_0239.uasset" 8557
"../../../Engine/Content/EngineMaterials/Substrate/Glints2/dict_0002_0238.uasset" 8558
"../../../Engine/Content/EngineMaterials/Substrate/Glints2/dict_0002_0235.uasset" 8559
"../../../Engine/Content/EngineMaterials/Substrate/Glints2/dict_0002_0242.uasset" 8560
"../../../Engine/Content/EngineMaterials/Substrate/Glints2/dict_0002_0236.uasset" 8561
"../../../Engine/Content/EngineMaterials/Substrate/Glints2/dict_0002_0233.uasset" 8562
"/Engine/EngineMaterials/Substrate/Glints2/dict_0002_0241" 8563
"../../../Engine/Content/EngineMaterials/Substrate/Glints2/dict_0002_0230.uasset" 8564
"/Engine/EngineMaterials/Substrate/Glints2/dict_0002_0240" 8565
"/Engine/EngineMaterials/Substrate/Glints2/dict_0002_0237" 8566
"/Engine/EngineMaterials/Substrate/Glints2/dict_0002_0234" 8567
"/Engine/EngineMaterials/Substrate/Glints2/dict_0002_0232" 8568
"/Engine/EngineMaterials/Substrate/Glints2/dict_0002_0231" 8569
"/Engine/EngineMaterials/Substrate/Glints2/dict_0002_0229" 8570
"/Engine/EngineMaterials/Substrate/Glints2/dict_0002_0227" 8571
"/Engine/EngineMaterials/Substrate/Glints2/dict_0002_0225" 8572
"/Engine/EngineMaterials/Substrate/Glints2/dict_0002_0224" 8573
"/Engine/EngineMaterials/Substrate/Glints2/dict_0002_0242" 8574
"/Engine/EngineMaterials/Substrate/Glints2/dict_0002_0239" 8575
"/Engine/EngineMaterials/Substrate/Glints2/dict_0002_0238" 8576
"/Engine/EngineMaterials/Substrate/Glints2/dict_0002_0236" 8577
"/Engine/EngineMaterials/Substrate/Glints2/dict_0002_0235" 8578
"/Engine/EngineMaterials/Substrate/Glints2/dict_0002_0233" 8579
"/Engine/EngineMaterials/Substrate/Glints2/dict_0002_0230" 8580
"/Engine/EngineMaterials/Substrate/Glints2/dict_0002_0228" 8581
"/Engine/EngineMaterials/Substrate/Glints2/dict_0002_0226" 8582
"/Engine/EngineMaterials/Substrate/Glints2/dict_0002_0223" 8583
"/Engine/EngineMaterials/Substrate/Glints2/dict_0002_0222" 8584
"../../../Engine/Content/EngineMaterials/Substrate/Glints2/dict_0002_0245.uasset" 8585
"../../../Engine/Content/EngineMaterials/Substrate/Glints2/dict_0002_0246.uasset" 8586
"../../../Engine/Content/EngineMaterials/Substrate/Glints2/dict_0002_0252.uasset" 8587
"../../../Engine/Content/EngineMaterials/Substrate/Glints2/dict_0002_0247.uasset" 8588
"../../../Engine/Content/EngineMaterials/Substrate/Glints2/dict_0002_0251.uasset" 8589
"../../../Engine/Content/EngineMaterials/Substrate/Glints2/dict_0002_0244.uasset" 8590
"../../../Engine/Content/EngineMaterials/Substrate/Glints2/dict_0002_0250.uasset" 8591
"../../../Engine/Content/EngineMaterials/Substrate/Glints2/dict_0002_0248.uasset" 8592
"../../../Engine/Content/EngineMaterials/Substrate/Glints2/dict_0002_0253.uasset" 8593
"../../../Engine/Content/EngineMaterials/Substrate/Glints2/dict_0002_0249.uasset" 8594
"../../../Engine/Content/EngineMaterials/Substrate/Glints2/dict_0003_0003.uasset" 8595
"../../../Engine/Content/EngineMaterials/Substrate/Glints2/dict_0003_0007.uasset" 8596
"../../../Engine/Content/EngineMaterials/Substrate/Glints2/dict_0003_0002.uasset" 8597
"../../../Engine/Content/EngineMaterials/Substrate/Glints2/dict_0003_0004.uasset" 8598
"../../../Engine/Content/EngineMaterials/Substrate/Glints2/dict_0003_0001.uasset" 8599
"../../../Engine/Content/EngineMaterials/Substrate/Glints2/dict_0002_0254.uasset" 8600
"../../../Engine/Content/EngineMaterials/Substrate/Glints2/dict_0003_0006.uasset" 8601
"../../../Engine/Content/EngineMaterials/Substrate/Glints2/dict_0003_0005.uasset" 8602
"../../../Engine/Content/EngineMaterials/Substrate/Glints2/dict_0003_0000.uasset" 8603
"../../../Engine/Content/EngineMaterials/Substrate/Glints2/dict_0003_0008.uasset" 8604
"../../../Engine/Content/EngineMaterials/Substrate/Glints2/dict_0002_0255.uasset" 8605
"../../../Engine/Content/EngineMaterials/Substrate/Glints2/dict_0003_0013.uasset" 8606
"../../../Engine/Content/EngineMaterials/Substrate/Glints2/dict_0003_0019.uasset" 8607
"../../../Engine/Content/EngineMaterials/Substrate/Glints2/dict_0003_0011.uasset" 8608
"../../../Engine/Content/EngineMaterials/Substrate/Glints2/dict_0003_0016.uasset" 8609
"../../../Engine/Content/EngineMaterials/Substrate/Glints2/dict_0003_0009.uasset" 8610
"../../../Engine/Content/EngineMaterials/Substrate/Glints2/dict_0003_0012.uasset" 8611
"../../../Engine/Content/EngineMaterials/Substrate/Glints2/dict_0003_0014.uasset" 8612
"../../../Engine/Content/EngineMaterials/Substrate/Glints2/dict_0003_0010.uasset" 8613
"../../../Engine/Content/EngineMaterials/Substrate/Glints2/dict_0003_0018.uasset" 8614
"../../../Engine/Content/EngineMaterials/Substrate/Glints2/dict_0003_0015.uasset" 8615
"../../../Engine/Content/EngineMaterials/Substrate/Glints2/dict_0003_0017.uasset" 8616
"/Engine/EngineMaterials/Substrate/Glints2/dict_0002_0253" 8617
"/Engine/EngineMaterials/Substrate/Glints2/dict_0002_0252" 8618
"/Engine/EngineMaterials/Substrate/Glints2/dict_0002_0251" 8619
"/Engine/EngineMaterials/Substrate/Glints2/dict_0002_0250" 8620
"/Engine/EngineMaterials/Substrate/Glints2/dict_0002_0249" 8621
"/Engine/EngineMaterials/Substrate/Glints2/dict_0002_0248" 8622
"/Engine/EngineMaterials/Substrate/Glints2/dict_0002_0247" 8623
"/Engine/EngineMaterials/Substrate/Glints2/dict_0002_0246" 8624
"/Engine/EngineMaterials/Substrate/Glints2/dict_0002_0245" 8625
"/Engine/EngineMaterials/Substrate/Glints2/dict_0002_0244" 8626
"/Engine/EngineMaterials/Substrate/Glints2/dict_0003_0008" 8627
"/Engine/EngineMaterials/Substrate/Glints2/dict_0003_0019" 8628
"/Engine/EngineMaterials/Substrate/Glints2/dict_0003_0007" 8629
"/Engine/EngineMaterials/Substrate/Glints2/dict_0003_0006" 8630
"/Engine/EngineMaterials/Substrate/Glints2/dict_0003_0018" 8631
"/Engine/EngineMaterials/Substrate/Glints2/dict_0003_0017" 8632
"/Engine/EngineMaterials/Substrate/Glints2/dict_0003_0005" 8633
"/Engine/EngineMaterials/Substrate/Glints2/dict_0003_0016" 8634
"/Engine/EngineMaterials/Substrate/Glints2/dict_0003_0015" 8635
"/Engine/EngineMaterials/Substrate/Glints2/dict_0003_0004" 8636
"/Engine/EngineMaterials/Substrate/Glints2/dict_0003_0014" 8637
"/Engine/EngineMaterials/Substrate/Glints2/dict_0003_0003" 8638
"/Engine/EngineMaterials/Substrate/Glints2/dict_0003_0002" 8639
"/Engine/EngineMaterials/Substrate/Glints2/dict_0003_0013" 8640
"/Engine/EngineMaterials/Substrate/Glints2/dict_0003_0001" 8641
"/Engine/EngineMaterials/Substrate/Glints2/dict_0003_0012" 8642
"/Engine/EngineMaterials/Substrate/Glints2/dict_0003_0000" 8643
"/Engine/EngineMaterials/Substrate/Glints2/dict_0003_0011" 8644
"/Engine/EngineMaterials/Substrate/Glints2/dict_0002_0255" 8645
"/Engine/EngineMaterials/Substrate/Glints2/dict_0002_0254" 8646
"/Engine/EngineMaterials/Substrate/Glints2/dict_0003_0010" 8647
"/Engine/EngineMaterials/Substrate/Glints2/dict_0003_0009" 8648
"../../../Engine/Content/EngineMaterials/Substrate/Glints2/dict_0003_0039.uasset" 8649
"../../../Engine/Content/EngineMaterials/Substrate/Glints2/dict_0003_0023.uasset" 8650
"../../../Engine/Content/EngineMaterials/Substrate/Glints2/dict_0003_0027.uasset" 8651
"../../../Engine/Content/EngineMaterials/Substrate/Glints2/dict_0003_0037.uasset" 8652
"../../../Engine/Content/EngineMaterials/Substrate/Glints2/dict_0003_0028.uasset" 8653
"../../../Engine/Content/EngineMaterials/Substrate/Glints2/dict_0003_0040.uasset" 8654
"../../../Engine/Content/EngineMaterials/Substrate/Glints2/dict_0003_0022.uasset" 8655
"../../../Engine/Content/EngineMaterials/Substrate/Glints2/dict_0003_0032.uasset" 8656
"../../../Engine/Content/EngineMaterials/Substrate/Glints2/dict_0003_0026.uasset" 8657
"../../../Engine/Content/EngineMaterials/Substrate/Glints2/dict_0003_0035.uasset" 8658
"/Engine/EngineMaterials/Substrate/Glints2/dict_0003_0040" 8659
"../../../Engine/Content/EngineMaterials/Substrate/Glints2/dict_0003_0029.uasset" 8660
"../../../Engine/Content/EngineMaterials/Substrate/Glints2/dict_0003_0033.uasset" 8661
"../../../Engine/Content/EngineMaterials/Substrate/Glints2/dict_0003_0024.uasset" 8662
"../../../Engine/Content/EngineMaterials/Substrate/Glints2/dict_0003_0031.uasset" 8663
"../../../Engine/Content/EngineMaterials/Substrate/Glints2/dict_0003_0020.uasset" 8664
"../../../Engine/Content/EngineMaterials/Substrate/Glints2/dict_0003_0036.uasset" 8665
"../../../Engine/Content/EngineMaterials/Substrate/Glints2/dict_0003_0038.uasset" 8666
"../../../Engine/Content/EngineMaterials/Substrate/Glints2/dict_0003_0025.uasset" 8667
"../../../Engine/Content/EngineMaterials/Substrate/Glints2/dict_0003_0034.uasset" 8668
"../../../Engine/Content/EngineMaterials/Substrate/Glints2/dict_0003_0041.uasset" 8669
"../../../Engine/Content/EngineMaterials/Substrate/Glints2/dict_0003_0030.uasset" 8670
"../../../Engine/Content/EngineMaterials/Substrate/Glints2/dict_0003_0021.uasset" 8671
"/Engine/EngineMaterials/Substrate/Glints2/dict_0003_0039" 8672
"/Engine/EngineMaterials/Substrate/Glints2/dict_0003_0037" 8673
"/Engine/EngineMaterials/Substrate/Glints2/dict_0003_0035" 8674
"/Engine/EngineMaterials/Substrate/Glints2/dict_0003_0032" 8675
"/Engine/EngineMaterials/Substrate/Glints2/dict_0003_0028" 8676
"/Engine/EngineMaterials/Substrate/Glints2/dict_0003_0027" 8677
"/Engine/EngineMaterials/Substrate/Glints2/dict_0003_0026" 8678
"/Engine/EngineMaterials/Substrate/Glints2/dict_0003_0023" 8679
"/Engine/EngineMaterials/Substrate/Glints2/dict_0003_0022" 8680
"/Engine/EngineMaterials/Substrate/Glints2/dict_0003_0041" 8681
"/Engine/EngineMaterials/Substrate/Glints2/dict_0003_0038" 8682
"/Engine/EngineMaterials/Substrate/Glints2/dict_0003_0036" 8683
"/Engine/EngineMaterials/Substrate/Glints2/dict_0003_0034" 8684
"/Engine/EngineMaterials/Substrate/Glints2/dict_0003_0033" 8685
"/Engine/EngineMaterials/Substrate/Glints2/dict_0003_0031" 8686
"/Engine/EngineMaterials/Substrate/Glints2/dict_0003_0030" 8687
"/Engine/EngineMaterials/Substrate/Glints2/dict_0003_0029" 8688
"/Engine/EngineMaterials/Substrate/Glints2/dict_0003_0025" 8689
"/Engine/EngineMaterials/Substrate/Glints2/dict_0003_0024" 8690
"/Engine/EngineMaterials/Substrate/Glints2/dict_0003_0021" 8691
"/Engine/EngineMaterials/Substrate/Glints2/dict_0003_0020" 8692
"../../../Engine/Content/EngineMaterials/Substrate/Glints2/dict_0003_0050.uasset" 8693
"../../../Engine/Content/EngineMaterials/Substrate/Glints2/dict_0003_0051.uasset" 8694
"../../../Engine/Content/EngineMaterials/Substrate/Glints2/dict_0003_0046.uasset" 8695
"../../../Engine/Content/EngineMaterials/Substrate/Glints2/dict_0003_0048.uasset" 8696
"../../../Engine/Content/EngineMaterials/Substrate/Glints2/dict_0003_0045.uasset" 8697
"../../../Engine/Content/EngineMaterials/Substrate/Glints2/dict_0003_0049.uasset" 8698
"../../../Engine/Content/EngineMaterials/Substrate/Glints2/dict_0003_0044.uasset" 8699
"../../../Engine/Content/EngineMaterials/Substrate/Glints2/dict_0003_0047.uasset" 8700
"../../../Engine/Content/EngineMaterials/Substrate/Glints2/dict_0003_0043.uasset" 8701
"../../../Engine/Content/EngineMaterials/Substrate/Glints2/dict_0003_0042.uasset" 8702
"../../../Engine/Content/EngineMaterials/Substrate/Glints2/dict_0003_0052.uasset" 8703
"../../../Engine/Content/EngineMaterials/Substrate/Glints2/dict_0003_0057.uasset" 8704
"../../../Engine/Content/EngineMaterials/Substrate/Glints2/dict_0003_0058.uasset" 8705
"../../../Engine/Content/EngineMaterials/Substrate/Glints2/dict_0003_0056.uasset" 8706
"../../../Engine/Content/EngineMaterials/Substrate/Glints2/dict_0003_0054.uasset" 8707
"../../../Engine/Content/EngineMaterials/Substrate/Glints2/dict_0003_0059.uasset" 8708
"../../../Engine/Content/EngineMaterials/Substrate/Glints2/dict_0003_0061.uasset" 8709
"../../../Engine/Content/EngineMaterials/Substrate/Glints2/dict_0003_0053.uasset" 8710
"../../../Engine/Content/EngineMaterials/Substrate/Glints2/dict_0003_0060.uasset" 8711
"../../../Engine/Content/EngineMaterials/Substrate/Glints2/dict_0003_0055.uasset" 8712
"../../../Engine/Content/EngineMaterials/Substrate/Glints2/dict_0003_0072.uasset" 8713
"../../../Engine/Content/EngineMaterials/Substrate/Glints2/dict_0003_0065.uasset" 8714
"../../../Engine/Content/EngineMaterials/Substrate/Glints2/dict_0003_0067.uasset" 8715
"../../../Engine/Content/EngineMaterials/Substrate/Glints2/dict_0003_0062.uasset" 8716
"../../../Engine/Content/EngineMaterials/Substrate/Glints2/dict_0003_0063.uasset" 8717
"../../../Engine/Content/EngineMaterials/Substrate/Glints2/dict_0003_0070.uasset" 8718
"../../../Engine/Content/EngineMaterials/Substrate/Glints2/dict_0003_0068.uasset" 8719
"../../../Engine/Content/EngineMaterials/Substrate/Glints2/dict_0003_0064.uasset" 8720
"../../../Engine/Content/EngineMaterials/Substrate/Glints2/dict_0003_0071.uasset" 8721
"../../../Engine/Content/EngineMaterials/Substrate/Glints2/dict_0003_0066.uasset" 8722
"../../../Engine/Content/EngineMaterials/Substrate/Glints2/dict_0003_0069.uasset" 8723
"../../../Engine/Content/EngineMaterials/Substrate/Glints2/dict_0003_0073.uasset" 8724
"/Engine/EngineMaterials/Substrate/Glints2/dict_0003_0051" 8725
"/Engine/EngineMaterials/Substrate/Glints2/dict_0003_0050" 8726
"/Engine/EngineMaterials/Substrate/Glints2/dict_0003_0049" 8727
"/Engine/EngineMaterials/Substrate/Glints2/dict_0003_0048" 8728
"/Engine/EngineMaterials/Substrate/Glints2/dict_0003_0047" 8729
"/Engine/EngineMaterials/Substrate/Glints2/dict_0003_0046" 8730
"/Engine/EngineMaterials/Substrate/Glints2/dict_0003_0045" 8731
"/Engine/EngineMaterials/Substrate/Glints2/dict_0003_0044" 8732
"/Engine/EngineMaterials/Substrate/Glints2/dict_0003_0043" 8733
"/Engine/EngineMaterials/Substrate/Glints2/dict_0003_0042" 8734
"/Engine/EngineMaterials/Substrate/Glints2/dict_0003_0073" 8735
"/Engine/EngineMaterials/Substrate/Glints2/dict_0003_0061" 8736
"/Engine/EngineMaterials/Substrate/Glints2/dict_0003_0060" 8737
"/Engine/EngineMaterials/Substrate/Glints2/dict_0003_0072" 8738
"/Engine/EngineMaterials/Substrate/Glints2/dict_0003_0059" 8739
"/Engine/EngineMaterials/Substrate/Glints2/dict_0003_0071" 8740
"/Engine/EngineMaterials/Substrate/Glints2/dict_0003_0058" 8741
"/Engine/EngineMaterials/Substrate/Glints2/dict_0003_0070" 8742
"/Engine/EngineMaterials/Substrate/Glints2/dict_0003_0069" 8743
"/Engine/EngineMaterials/Substrate/Glints2/dict_0003_0057" 8744
"/Engine/EngineMaterials/Substrate/Glints2/dict_0003_0068" 8745
"/Engine/EngineMaterials/Substrate/Glints2/dict_0003_0067" 8746
"/Engine/EngineMaterials/Substrate/Glints2/dict_0003_0066" 8747
"/Engine/EngineMaterials/Substrate/Glints2/dict_0003_0056" 8748
"/Engine/EngineMaterials/Substrate/Glints2/dict_0003_0055" 8749
"/Engine/EngineMaterials/Substrate/Glints2/dict_0003_0054" 8750
"/Engine/EngineMaterials/Substrate/Glints2/dict_0003_0065" 8751
"/Engine/EngineMaterials/Substrate/Glints2/dict_0003_0064" 8752
"/Engine/EngineMaterials/Substrate/Glints2/dict_0003_0053" 8753
"/Engine/EngineMaterials/Substrate/Glints2/dict_0003_0052" 8754
"/Engine/EngineMaterials/Substrate/Glints2/dict_0003_0063" 8755
"/Engine/EngineMaterials/Substrate/Glints2/dict_0003_0062" 8756
"../../../Engine/Content/EngineMaterials/Substrate/Glints2/dict_0003_0079.uasset" 8757
"../../../Engine/Content/EngineMaterials/Substrate/Glints2/dict_0003_0088.uasset" 8758
"../../../Engine/Content/EngineMaterials/Substrate/Glints2/dict_0003_0086.uasset" 8759
"../../../Engine/Content/EngineMaterials/Substrate/Glints2/dict_0003_0074.uasset" 8760
"../../../Engine/Content/EngineMaterials/Substrate/Glints2/dict_0003_0076.uasset" 8761
"../../../Engine/Content/EngineMaterials/Substrate/Glints2/dict_0003_0093.uasset" 8762
"../../../Engine/Content/EngineMaterials/Substrate/Glints2/dict_0003_0090.uasset" 8763
"../../../Engine/Content/EngineMaterials/Substrate/Glints2/dict_0003_0083.uasset" 8764
"../../../Engine/Content/EngineMaterials/Substrate/Glints2/dict_0003_0078.uasset" 8765
"../../../Engine/Content/EngineMaterials/Substrate/Glints2/dict_0003_0092.uasset" 8766
"../../../Engine/Content/EngineMaterials/Substrate/Glints2/dict_0003_0077.uasset" 8767
"../../../Engine/Content/EngineMaterials/Substrate/Glints2/dict_0003_0075.uasset" 8768
"../../../Engine/Content/EngineMaterials/Substrate/Glints2/dict_0003_0095.uasset" 8769
"../../../Engine/Content/EngineMaterials/Substrate/Glints2/dict_0003_0080.uasset" 8770
"../../../Engine/Content/EngineMaterials/Substrate/Glints2/dict_0003_0082.uasset" 8771
"../../../Engine/Content/EngineMaterials/Substrate/Glints2/dict_0003_0085.uasset" 8772
"../../../Engine/Content/EngineMaterials/Substrate/Glints2/dict_0003_0091.uasset" 8773
"../../../Engine/Content/EngineMaterials/Substrate/Glints2/dict_0003_0084.uasset" 8774
"../../../Engine/Content/EngineMaterials/Substrate/Glints2/dict_0003_0089.uasset" 8775
"../../../Engine/Content/EngineMaterials/Substrate/Glints2/dict_0003_0094.uasset" 8776
"/Engine/EngineMaterials/Substrate/Glints2/dict_0003_0095" 8777
"../../../Engine/Content/EngineMaterials/Substrate/Glints2/dict_0003_0087.uasset" 8778
"../../../Engine/Content/EngineMaterials/Substrate/Glints2/dict_0003_0081.uasset" 8779
"/Engine/EngineMaterials/Substrate/Glints2/dict_0003_0094" 8780
"/Engine/EngineMaterials/Substrate/Glints2/dict_0003_0093" 8781
"/Engine/EngineMaterials/Substrate/Glints2/dict_0003_0092" 8782
"/Engine/EngineMaterials/Substrate/Glints2/dict_0003_0091" 8783
"/Engine/EngineMaterials/Substrate/Glints2/dict_0003_0090" 8784
"/Engine/EngineMaterials/Substrate/Glints2/dict_0003_0089" 8785
"/Engine/EngineMaterials/Substrate/Glints2/dict_0003_0088" 8786
"/Engine/EngineMaterials/Substrate/Glints2/dict_0003_0086" 8787
"/Engine/EngineMaterials/Substrate/Glints2/dict_0003_0085" 8788
"/Engine/EngineMaterials/Substrate/Glints2/dict_0003_0084" 8789
"/Engine/EngineMaterials/Substrate/Glints2/dict_0003_0083" 8790
"/Engine/EngineMaterials/Substrate/Glints2/dict_0003_0082" 8791
"/Engine/EngineMaterials/Substrate/Glints2/dict_0003_0080" 8792
"/Engine/EngineMaterials/Substrate/Glints2/dict_0003_0079" 8793
"/Engine/EngineMaterials/Substrate/Glints2/dict_0003_0078" 8794
"/Engine/EngineMaterials/Substrate/Glints2/dict_0003_0077" 8795
"/Engine/EngineMaterials/Substrate/Glints2/dict_0003_0076" 8796
"/Engine/EngineMaterials/Substrate/Glints2/dict_0003_0075" 8797
"/Engine/EngineMaterials/Substrate/Glints2/dict_0003_0074" 8798
"/Engine/EngineMaterials/Substrate/Glints2/dict_0003_0087" 8799
"/Engine/EngineMaterials/Substrate/Glints2/dict_0003_0081" 8800
"../../../Engine/Content/EngineMaterials/Substrate/Glints2/dict_0003_0105.uasset" 8801
"../../../Engine/Content/EngineMaterials/Substrate/Glints2/dict_0003_0102.uasset" 8802
"../../../Engine/Content/EngineMaterials/Substrate/Glints2/dict_0003_0100.uasset" 8803
"../../../Engine/Content/EngineMaterials/Substrate/Glints2/dict_0003_0096.uasset" 8804
"../../../Engine/Content/EngineMaterials/Substrate/Glints2/dict_0003_0097.uasset" 8805
"../../../Engine/Content/EngineMaterials/Substrate/Glints2/dict_0003_0099.uasset" 8806
"../../../Engine/Content/EngineMaterials/Substrate/Glints2/dict_0003_0098.uasset" 8807
"../../../Engine/Content/EngineMaterials/Substrate/Glints2/dict_0003_0103.uasset" 8808
"../../../Engine/Content/EngineMaterials/Substrate/Glints2/dict_0003_0104.uasset" 8809
"../../../Engine/Content/EngineMaterials/Substrate/Glints2/dict_0003_0101.uasset" 8810
"../../../Engine/Content/EngineMaterials/Substrate/Glints2/dict_0003_0116.uasset" 8811
"../../../Engine/Content/EngineMaterials/Substrate/Glints2/dict_0003_0115.uasset" 8812
"../../../Engine/Content/EngineMaterials/Substrate/Glints2/dict_0003_0109.uasset" 8813
"../../../Engine/Content/EngineMaterials/Substrate/Glints2/dict_0003_0110.uasset" 8814
"../../../Engine/Content/EngineMaterials/Substrate/Glints2/dict_0003_0124.uasset" 8815
"../../../Engine/Content/EngineMaterials/Substrate/Glints2/dict_0003_0112.uasset" 8816
"../../../Engine/Content/EngineMaterials/Substrate/Glints2/dict_0003_0108.uasset" 8817
"../../../Engine/Content/EngineMaterials/Substrate/Glints2/dict_0003_0114.uasset" 8818
"../../../Engine/Content/EngineMaterials/Substrate/Glints2/dict_0003_0125.uasset" 8819
"../../../Engine/Content/EngineMaterials/Substrate/Glints2/dict_0003_0118.uasset" 8820
"../../../Engine/Content/EngineMaterials/Substrate/Glints2/dict_0003_0123.uasset" 8821
"../../../Engine/Content/EngineMaterials/Substrate/Glints2/dict_0003_0117.uasset" 8822
"../../../Engine/Content/EngineMaterials/Substrate/Glints2/dict_0003_0126.uasset" 8823
"../../../Engine/Content/EngineMaterials/Substrate/Glints2/dict_0003_0127.uasset" 8824
"../../../Engine/Content/EngineMaterials/Substrate/Glints2/dict_0003_0122.uasset" 8825
"../../../Engine/Content/EngineMaterials/Substrate/Glints2/dict_0003_0107.uasset" 8826
"../../../Engine/Content/EngineMaterials/Substrate/Glints2/dict_0003_0121.uasset" 8827
"../../../Engine/Content/EngineMaterials/Substrate/Glints2/dict_0003_0111.uasset" 8828
"../../../Engine/Content/EngineMaterials/Substrate/Glints2/dict_0003_0119.uasset" 8829
"../../../Engine/Content/EngineMaterials/Substrate/Glints2/dict_0003_0120.uasset" 8830
"../../../Engine/Content/EngineMaterials/Substrate/Glints2/dict_0003_0106.uasset" 8831
"../../../Engine/Content/EngineMaterials/Substrate/Glints2/dict_0003_0113.uasset" 8832
"/Engine/EngineMaterials/Substrate/Glints2/dict_0003_0105" 8833
"/Engine/EngineMaterials/Substrate/Glints2/dict_0003_0104" 8834
"/Engine/EngineMaterials/Substrate/Glints2/dict_0003_0103" 8835
"/Engine/EngineMaterials/Substrate/Glints2/dict_0003_0102" 8836
"/Engine/EngineMaterials/Substrate/Glints2/dict_0003_0101" 8837
"/Engine/EngineMaterials/Substrate/Glints2/dict_0003_0100" 8838
"/Engine/EngineMaterials/Substrate/Glints2/dict_0003_0099" 8839
"/Engine/EngineMaterials/Substrate/Glints2/dict_0003_0098" 8840
"/Engine/EngineMaterials/Substrate/Glints2/dict_0003_0097" 8841
"/Engine/EngineMaterials/Substrate/Glints2/dict_0003_0096" 8842
"/Engine/EngineMaterials/Substrate/Glints2/dict_0003_0125" 8843
"/Engine/EngineMaterials/Substrate/Glints2/dict_0003_0124" 8844
"/Engine/EngineMaterials/Substrate/Glints2/dict_0003_0123" 8845
"/Engine/EngineMaterials/Substrate/Glints2/dict_0003_0122" 8846
"/Engine/EngineMaterials/Substrate/Glints2/dict_0003_0121" 8847
"/Engine/EngineMaterials/Substrate/Glints2/dict_0003_0120" 8848
"/Engine/EngineMaterials/Substrate/Glints2/dict_0003_0119" 8849
"/Engine/EngineMaterials/Substrate/Glints2/dict_0003_0118" 8850
"/Engine/EngineMaterials/Substrate/Glints2/dict_0003_0127" 8851
"/Engine/EngineMaterials/Substrate/Glints2/dict_0003_0117" 8852
"/Engine/EngineMaterials/Substrate/Glints2/dict_0003_0116" 8853
"/Engine/EngineMaterials/Substrate/Glints2/dict_0003_0115" 8854
"/Engine/EngineMaterials/Substrate/Glints2/dict_0003_0114" 8855
"/Engine/EngineMaterials/Substrate/Glints2/dict_0003_0113" 8856
"/Engine/EngineMaterials/Substrate/Glints2/dict_0003_0126" 8857
"/Engine/EngineMaterials/Substrate/Glints2/dict_0003_0112" 8858
"/Engine/EngineMaterials/Substrate/Glints2/dict_0003_0111" 8859
"/Engine/EngineMaterials/Substrate/Glints2/dict_0003_0110" 8860
"/Engine/EngineMaterials/Substrate/Glints2/dict_0003_0109" 8861
"/Engine/EngineMaterials/Substrate/Glints2/dict_0003_0108" 8862
"/Engine/EngineMaterials/Substrate/Glints2/dict_0003_0107" 8863
"/Engine/EngineMaterials/Substrate/Glints2/dict_0003_0106" 8864
"../../../Engine/Content/EngineMaterials/Substrate/Glints2/dict_0003_0141.uasset" 8865
"../../../Engine/Content/EngineMaterials/Substrate/Glints2/dict_0003_0132.uasset" 8866
"../../../Engine/Content/EngineMaterials/Substrate/Glints2/dict_0003_0149.uasset" 8867
"../../../Engine/Content/EngineMaterials/Substrate/Glints2/dict_0003_0145.uasset" 8868
"../../../Engine/Content/EngineMaterials/Substrate/Glints2/dict_0003_0137.uasset" 8869
"../../../Engine/Content/EngineMaterials/Substrate/Glints2/dict_0003_0138.uasset" 8870
"../../../Engine/Content/EngineMaterials/Substrate/Glints2/dict_0003_0140.uasset" 8871
"../../../Engine/Content/EngineMaterials/Substrate/Glints2/dict_0003_0146.uasset" 8872
"../../../Engine/Content/EngineMaterials/Substrate/Glints2/dict_0003_0135.uasset" 8873
"../../../Engine/Content/EngineMaterials/Substrate/Glints2/dict_0003_0134.uasset" 8874
"../../../Engine/Content/EngineMaterials/Substrate/Glints2/dict_0003_0142.uasset" 8875
"../../../Engine/Content/EngineMaterials/Substrate/Glints2/dict_0003_0133.uasset" 8876
"/Engine/EngineMaterials/Substrate/Glints2/dict_0003_0149" 8877
"../../../Engine/Content/EngineMaterials/Substrate/Glints2/dict_0003_0128.uasset" 8878
"../../../Engine/Content/EngineMaterials/Substrate/Glints2/dict_0003_0130.uasset" 8879
"../../../Engine/Content/EngineMaterials/Substrate/Glints2/dict_0003_0131.uasset" 8880
"../../../Engine/Content/EngineMaterials/Substrate/Glints2/dict_0003_0148.uasset" 8881
"../../../Engine/Content/EngineMaterials/Substrate/Glints2/dict_0003_0136.uasset" 8882
"../../../Engine/Content/EngineMaterials/Substrate/Glints2/dict_0003_0129.uasset" 8883
"../../../Engine/Content/EngineMaterials/Substrate/Glints2/dict_0003_0139.uasset" 8884
"../../../Engine/Content/EngineMaterials/Substrate/Glints2/dict_0003_0143.uasset" 8885
"../../../Engine/Content/EngineMaterials/Substrate/Glints2/dict_0003_0147.uasset" 8886
"../../../Engine/Content/EngineMaterials/Substrate/Glints2/dict_0003_0144.uasset" 8887
"/Engine/EngineMaterials/Substrate/Glints2/dict_0003_0146" 8888
"/Engine/EngineMaterials/Substrate/Glints2/dict_0003_0145" 8889
"/Engine/EngineMaterials/Substrate/Glints2/dict_0003_0142" 8890
"/Engine/EngineMaterials/Substrate/Glints2/dict_0003_0141" 8891
"/Engine/EngineMaterials/Substrate/Glints2/dict_0003_0140" 8892
"/Engine/EngineMaterials/Substrate/Glints2/dict_0003_0138" 8893
"/Engine/EngineMaterials/Substrate/Glints2/dict_0003_0137" 8894
"/Engine/EngineMaterials/Substrate/Glints2/dict_0003_0135" 8895
"/Engine/EngineMaterials/Substrate/Glints2/dict_0003_0134" 8896
"/Engine/EngineMaterials/Substrate/Glints2/dict_0003_0132" 8897
"/Engine/EngineMaterials/Substrate/Glints2/dict_0003_0148" 8898
"/Engine/EngineMaterials/Substrate/Glints2/dict_0003_0147" 8899
"/Engine/EngineMaterials/Substrate/Glints2/dict_0003_0144" 8900
"/Engine/EngineMaterials/Substrate/Glints2/dict_0003_0143" 8901
"/Engine/EngineMaterials/Substrate/Glints2/dict_0003_0139" 8902
"/Engine/EngineMaterials/Substrate/Glints2/dict_0003_0136" 8903
"/Engine/EngineMaterials/Substrate/Glints2/dict_0003_0133" 8904
"/Engine/EngineMaterials/Substrate/Glints2/dict_0003_0131" 8905
"/Engine/EngineMaterials/Substrate/Glints2/dict_0003_0130" 8906
"/Engine/EngineMaterials/Substrate/Glints2/dict_0003_0129" 8907
"/Engine/EngineMaterials/Substrate/Glints2/dict_0003_0128" 8908
"../../../Engine/Content/EngineMaterials/Substrate/Glints2/dict_0003_0152.uasset" 8909
"../../../Engine/Content/EngineMaterials/Substrate/Glints2/dict_0003_0155.uasset" 8910
"../../../Engine/Content/EngineMaterials/Substrate/Glints2/dict_0003_0159.uasset" 8911
"../../../Engine/Content/EngineMaterials/Substrate/Glints2/dict_0003_0157.uasset" 8912
"../../../Engine/Content/EngineMaterials/Substrate/Glints2/dict_0003_0150.uasset" 8913
"../../../Engine/Content/EngineMaterials/Substrate/Glints2/dict_0003_0158.uasset" 8914
"../../../Engine/Content/EngineMaterials/Substrate/Glints2/dict_0003_0154.uasset" 8915
"../../../Engine/Content/EngineMaterials/Substrate/Glints2/dict_0003_0151.uasset" 8916
"../../../Engine/Content/EngineMaterials/Substrate/Glints2/dict_0003_0156.uasset" 8917
"../../../Engine/Content/EngineMaterials/Substrate/Glints2/dict_0003_0153.uasset" 8918
"../../../Engine/Content/EngineMaterials/Substrate/Glints2/dict_0003_0166.uasset" 8919
"../../../Engine/Content/EngineMaterials/Substrate/Glints2/dict_0003_0160.uasset" 8920
"../../../Engine/Content/EngineMaterials/Substrate/Glints2/dict_0003_0169.uasset" 8921
"../../../Engine/Content/EngineMaterials/Substrate/Glints2/dict_0003_0161.uasset" 8922
"../../../Engine/Content/EngineMaterials/Substrate/Glints2/dict_0003_0165.uasset" 8923
"../../../Engine/Content/EngineMaterials/Substrate/Glints2/dict_0003_0164.uasset" 8924
"../../../Engine/Content/EngineMaterials/Substrate/Glints2/dict_0003_0168.uasset" 8925
"../../../Engine/Content/EngineMaterials/Substrate/Glints2/dict_0003_0163.uasset" 8926
"../../../Engine/Content/EngineMaterials/Substrate/Glints2/dict_0003_0162.uasset" 8927
"../../../Engine/Content/EngineMaterials/Substrate/Glints2/dict_0003_0170.uasset" 8928
"../../../Engine/Content/EngineMaterials/Substrate/Glints2/dict_0003_0167.uasset" 8929
"../../../Engine/Content/EngineMaterials/Substrate/Glints2/dict_0003_0181.uasset" 8930
"../../../Engine/Content/EngineMaterials/Substrate/Glints2/dict_0003_0178.uasset" 8931
"../../../Engine/Content/EngineMaterials/Substrate/Glints2/dict_0003_0171.uasset" 8932
"../../../Engine/Content/EngineMaterials/Substrate/Glints2/dict_0003_0175.uasset" 8933
"../../../Engine/Content/EngineMaterials/Substrate/Glints2/dict_0003_0177.uasset" 8934
"../../../Engine/Content/EngineMaterials/Substrate/Glints2/dict_0003_0173.uasset" 8935
"../../../Engine/Content/EngineMaterials/Substrate/Glints2/dict_0003_0180.uasset" 8936
"../../../Engine/Content/EngineMaterials/Substrate/Glints2/dict_0003_0174.uasset" 8937
"../../../Engine/Content/EngineMaterials/Substrate/Glints2/dict_0003_0179.uasset" 8938
"../../../Engine/Content/EngineMaterials/Substrate/Glints2/dict_0003_0172.uasset" 8939
"../../../Engine/Content/EngineMaterials/Substrate/Glints2/dict_0003_0176.uasset" 8940
"/Engine/EngineMaterials/Substrate/Glints2/dict_0003_0159" 8941
"/Engine/EngineMaterials/Substrate/Glints2/dict_0003_0158" 8942
"/Engine/EngineMaterials/Substrate/Glints2/dict_0003_0157" 8943
"/Engine/EngineMaterials/Substrate/Glints2/dict_0003_0156" 8944
"/Engine/EngineMaterials/Substrate/Glints2/dict_0003_0155" 8945
"/Engine/EngineMaterials/Substrate/Glints2/dict_0003_0154" 8946
"/Engine/EngineMaterials/Substrate/Glints2/dict_0003_0153" 8947
"/Engine/EngineMaterials/Substrate/Glints2/dict_0003_0152" 8948
"/Engine/EngineMaterials/Substrate/Glints2/dict_0003_0151" 8949
"/Engine/EngineMaterials/Substrate/Glints2/dict_0003_0150" 8950
"/Engine/EngineMaterials/Substrate/Glints2/dict_0003_0170" 8951
"/Engine/EngineMaterials/Substrate/Glints2/dict_0003_0181" 8952
"/Engine/EngineMaterials/Substrate/Glints2/dict_0003_0180" 8953
"/Engine/EngineMaterials/Substrate/Glints2/dict_0003_0169" 8954
"/Engine/EngineMaterials/Substrate/Glints2/dict_0003_0168" 8955
"/Engine/EngineMaterials/Substrate/Glints2/dict_0003_0179" 8956
"/Engine/EngineMaterials/Substrate/Glints2/dict_0003_0178" 8957
"/Engine/EngineMaterials/Substrate/Glints2/dict_0003_0167" 8958
"/Engine/EngineMaterials/Substrate/Glints2/dict_0003_0166" 8959
"/Engine/EngineMaterials/Substrate/Glints2/dict_0003_0165" 8960
"/Engine/EngineMaterials/Substrate/Glints2/dict_0003_0177" 8961
"/Engine/EngineMaterials/Substrate/Glints2/dict_0003_0164" 8962
"/Engine/EngineMaterials/Substrate/Glints2/dict_0003_0163" 8963
"/Engine/EngineMaterials/Substrate/Glints2/dict_0003_0176" 8964
"/Engine/EngineMaterials/Substrate/Glints2/dict_0003_0162" 8965
"/Engine/EngineMaterials/Substrate/Glints2/dict_0003_0161" 8966
"/Engine/EngineMaterials/Substrate/Glints2/dict_0003_0175" 8967
"/Engine/EngineMaterials/Substrate/Glints2/dict_0003_0160" 8968
"/Engine/EngineMaterials/Substrate/Glints2/dict_0003_0174" 8969
"/Engine/EngineMaterials/Substrate/Glints2/dict_0003_0173" 8970
"/Engine/EngineMaterials/Substrate/Glints2/dict_0003_0172" 8971
"/Engine/EngineMaterials/Substrate/Glints2/dict_0003_0171" 8972
"../../../Engine/Content/EngineMaterials/Substrate/Glints2/dict_0003_0197.uasset" 8973
"../../../Engine/Content/EngineMaterials/Substrate/Glints2/dict_0003_0182.uasset" 8974
"../../../Engine/Content/EngineMaterials/Substrate/Glints2/dict_0003_0184.uasset" 8975
"../../../Engine/Content/EngineMaterials/Substrate/Glints2/dict_0003_0191.uasset" 8976
"../../../Engine/Content/EngineMaterials/Substrate/Glints2/dict_0003_0188.uasset" 8977
"../../../Engine/Content/EngineMaterials/Substrate/Glints2/dict_0003_0194.uasset" 8978
"../../../Engine/Content/EngineMaterials/Substrate/Glints2/dict_0003_0198.uasset" 8979
"../../../Engine/Content/EngineMaterials/Substrate/Glints2/dict_0003_0201.uasset" 8980
"../../../Engine/Content/EngineMaterials/Substrate/Glints2/dict_0003_0192.uasset" 8981
"../../../Engine/Content/EngineMaterials/Substrate/Glints2/dict_0003_0202.uasset" 8982
"../../../Engine/Content/EngineMaterials/Substrate/Glints2/dict_0003_0199.uasset" 8983
"../../../Engine/Content/EngineMaterials/Substrate/Glints2/dict_0003_0190.uasset" 8984
"../../../Engine/Content/EngineMaterials/Substrate/Glints2/dict_0003_0189.uasset" 8985
"../../../Engine/Content/EngineMaterials/Substrate/Glints2/dict_0003_0200.uasset" 8986
"../../../Engine/Content/EngineMaterials/Substrate/Glints2/dict_0003_0185.uasset" 8987
"../../../Engine/Content/EngineMaterials/Substrate/Glints2/dict_0003_0186.uasset" 8988
"../../../Engine/Content/EngineMaterials/Substrate/Glints2/dict_0003_0193.uasset" 8989
"../../../Engine/Content/EngineMaterials/Substrate/Glints2/dict_0003_0203.uasset" 8990
"../../../Engine/Content/EngineMaterials/Substrate/Glints2/dict_0003_0195.uasset" 8991
"../../../Engine/Content/EngineMaterials/Substrate/Glints2/dict_0003_0183.uasset" 8992
"../../../Engine/Content/EngineMaterials/Substrate/Glints2/dict_0003_0187.uasset" 8993
"../../../Engine/Content/EngineMaterials/Substrate/Glints2/dict_0003_0196.uasset" 8994
"/Engine/EngineMaterials/Substrate/Glints2/dict_0003_0203" 8995
"/Engine/EngineMaterials/Substrate/Glints2/dict_0003_0202" 8996
"/Engine/EngineMaterials/Substrate/Glints2/dict_0003_0201" 8997
"/Engine/EngineMaterials/Substrate/Glints2/dict_0003_0200" 8998
"/Engine/EngineMaterials/Substrate/Glints2/dict_0003_0199" 8999
"/Engine/EngineMaterials/Substrate/Glints2/dict_0003_0198" 9000
"/Engine/EngineMaterials/Substrate/Glints2/dict_0003_0197" 9001
"/Engine/EngineMaterials/Substrate/Glints2/dict_0003_0196" 9002
"/Engine/EngineMaterials/Substrate/Glints2/dict_0003_0195" 9003
"/Engine/EngineMaterials/Substrate/Glints2/dict_0003_0194" 9004
"/Engine/EngineMaterials/Substrate/Glints2/dict_0003_0193" 9005
"/Engine/EngineMaterials/Substrate/Glints2/dict_0003_0192" 9006
"/Engine/EngineMaterials/Substrate/Glints2/dict_0003_0191" 9007
"/Engine/EngineMaterials/Substrate/Glints2/dict_0003_0190" 9008
"/Engine/EngineMaterials/Substrate/Glints2/dict_0003_0189" 9009
"/Engine/EngineMaterials/Substrate/Glints2/dict_0003_0188" 9010
"/Engine/EngineMaterials/Substrate/Glints2/dict_0003_0187" 9011
"/Engine/EngineMaterials/Substrate/Glints2/dict_0003_0186" 9012
"/Engine/EngineMaterials/Substrate/Glints2/dict_0003_0185" 9013
"/Engine/EngineMaterials/Substrate/Glints2/dict_0003_0184" 9014
"/Engine/EngineMaterials/Substrate/Glints2/dict_0003_0183" 9015
"/Engine/EngineMaterials/Substrate/Glints2/dict_0003_0182" 9016
"../../../Engine/Content/EngineMaterials/Substrate/Glints2/dict_0003_0213.uasset" 9017
"../../../Engine/Content/EngineMaterials/Substrate/Glints2/dict_0003_0211.uasset" 9018
"../../../Engine/Content/EngineMaterials/Substrate/Glints2/dict_0003_0207.uasset" 9019
"../../../Engine/Content/EngineMaterials/Substrate/Glints2/dict_0003_0206.uasset" 9020
"../../../Engine/Content/EngineMaterials/Substrate/Glints2/dict_0003_0204.uasset" 9021
"../../../Engine/Content/EngineMaterials/Substrate/Glints2/dict_0003_0209.uasset" 9022
"/Engine/EngineMaterials/Substrate/Glints2/dict_0003_0213" 9023
"../../../Engine/Content/EngineMaterials/Substrate/Glints2/dict_0003_0205.uasset" 9024
"../../../Engine/Content/EngineMaterials/Substrate/Glints2/dict_0003_0210.uasset" 9025
"../../../Engine/Content/EngineMaterials/Substrate/Glints2/dict_0003_0208.uasset" 9026
"/Engine/EngineMaterials/Substrate/Glints2/dict_0003_0211" 9027
"../../../Engine/Content/EngineMaterials/Substrate/Glints2/dict_0003_0212.uasset" 9028
"/Engine/EngineMaterials/Substrate/Glints2/dict_0003_0207" 9029
"/Engine/EngineMaterials/Substrate/Glints2/dict_0003_0206" 9030
"/Engine/EngineMaterials/Substrate/Glints2/dict_0003_0204" 9031
"/Engine/EngineMaterials/Substrate/Glints2/dict_0003_0212" 9032
"/Engine/EngineMaterials/Substrate/Glints2/dict_0003_0210" 9033
"/Engine/EngineMaterials/Substrate/Glints2/dict_0003_0209" 9034
"/Engine/EngineMaterials/Substrate/Glints2/dict_0003_0208" 9035
"/Engine/EngineMaterials/Substrate/Glints2/dict_0003_0205" 9036
"../../../Engine/Content/EngineMaterials/Substrate/Glints2/dict_0003_0227.uasset" 9037
"../../../Engine/Content/EngineMaterials/Substrate/Glints2/dict_0003_0224.uasset" 9038
"../../../Engine/Content/EngineMaterials/Substrate/Glints2/dict_0003_0233.uasset" 9039
"../../../Engine/Content/EngineMaterials/Substrate/Glints2/dict_0003_0219.uasset" 9040
"../../../Engine/Content/EngineMaterials/Substrate/Glints2/dict_0003_0216.uasset" 9041
"../../../Engine/Content/EngineMaterials/Substrate/Glints2/dict_0003_0220.uasset" 9042
"../../../Engine/Content/EngineMaterials/Substrate/Glints2/dict_0003_0232.uasset" 9043
"../../../Engine/Content/EngineMaterials/Substrate/Glints2/dict_0003_0226.uasset" 9044
"../../../Engine/Content/EngineMaterials/Substrate/Glints2/dict_0003_0230.uasset" 9045
"../../../Engine/Content/EngineMaterials/Substrate/Glints2/dict_0003_0214.uasset" 9046
"../../../Engine/Content/EngineMaterials/Substrate/Glints2/dict_0003_0222.uasset" 9047
"../../../Engine/Content/EngineMaterials/Substrate/Glints2/dict_0003_0217.uasset" 9048
"../../../Engine/Content/EngineMaterials/Substrate/Glints2/dict_0003_0228.uasset" 9049
"../../../Engine/Content/EngineMaterials/Substrate/Glints2/dict_0003_0223.uasset" 9050
"../../../Engine/Content/EngineMaterials/Substrate/Glints2/dict_0003_0229.uasset" 9051
"../../../Engine/Content/EngineMaterials/Substrate/Glints2/dict_0003_0221.uasset" 9052
"../../../Engine/Content/EngineMaterials/Substrate/Glints2/dict_0003_0235.uasset" 9053
"../../../Engine/Content/EngineMaterials/Substrate/Glints2/dict_0003_0218.uasset" 9054
"../../../Engine/Content/EngineMaterials/Substrate/Glints2/dict_0003_0215.uasset" 9055
"../../../Engine/Content/EngineMaterials/Substrate/Glints2/dict_0003_0231.uasset" 9056
"../../../Engine/Content/EngineMaterials/Substrate/Glints2/dict_0003_0225.uasset" 9057
"../../../Engine/Content/EngineMaterials/Substrate/Glints2/dict_0003_0234.uasset" 9058
"/Engine/EngineMaterials/Substrate/Glints2/dict_0003_0235" 9059
"/Engine/EngineMaterials/Substrate/Glints2/dict_0003_0234" 9060
"/Engine/EngineMaterials/Substrate/Glints2/dict_0003_0233" 9061
"/Engine/EngineMaterials/Substrate/Glints2/dict_0003_0232" 9062
"/Engine/EngineMaterials/Substrate/Glints2/dict_0003_0231" 9063
"/Engine/EngineMaterials/Substrate/Glints2/dict_0003_0230" 9064
"/Engine/EngineMaterials/Substrate/Glints2/dict_0003_0229" 9065
"/Engine/EngineMaterials/Substrate/Glints2/dict_0003_0228" 9066
"/Engine/EngineMaterials/Substrate/Glints2/dict_0003_0227" 9067
"/Engine/EngineMaterials/Substrate/Glints2/dict_0003_0226" 9068
"/Engine/EngineMaterials/Substrate/Glints2/dict_0003_0225" 9069
"/Engine/EngineMaterials/Substrate/Glints2/dict_0003_0224" 9070
"/Engine/EngineMaterials/Substrate/Glints2/dict_0003_0223" 9071
"/Engine/EngineMaterials/Substrate/Glints2/dict_0003_0222" 9072
"/Engine/EngineMaterials/Substrate/Glints2/dict_0003_0221" 9073
"../../../Engine/Content/EngineMaterials/Substrate/Glints2/dict_0003_0240.uasset" 9074
"../../../Engine/Content/EngineMaterials/Substrate/Glints2/dict_0003_0241.uasset" 9075
"../../../Engine/Content/EngineMaterials/Substrate/Glints2/dict_0003_0244.uasset" 9076
"../../../Engine/Content/EngineMaterials/Substrate/Glints2/dict_0003_0243.uasset" 9077
"../../../Engine/Content/EngineMaterials/Substrate/Glints2/dict_0003_0242.uasset" 9078
"../../../Engine/Content/EngineMaterials/Substrate/Glints2/dict_0003_0238.uasset" 9079
"/Engine/EngineMaterials/Substrate/Glints2/dict_0003_0220" 9080
"/Engine/EngineMaterials/Substrate/Glints2/dict_0003_0219" 9081
"/Engine/EngineMaterials/Substrate/Glints2/dict_0003_0218" 9082
"/Engine/EngineMaterials/Substrate/Glints2/dict_0003_0217" 9083
"/Engine/EngineMaterials/Substrate/Glints2/dict_0003_0216" 9084
"/Engine/EngineMaterials/Substrate/Glints2/dict_0003_0215" 9085
"../../../Engine/Content/EngineMaterials/Substrate/Glints2/dict_0003_0236.uasset" 9086
"../../../Engine/Content/EngineMaterials/Substrate/Glints2/dict_0003_0237.uasset" 9087
"../../../Engine/Content/EngineMaterials/Substrate/Glints2/dict_0003_0239.uasset" 9088
"../../../Engine/Content/EngineMaterials/Substrate/Glints2/dict_0003_0245.uasset" 9089
"/Engine/EngineMaterials/Substrate/Glints2/dict_0003_0214" 9090
"/Engine/EngineMaterials/Substrate/Glints2/dict_0003_0240" 9091
"/Engine/EngineMaterials/Substrate/Glints2/dict_0003_0245" 9092
"/Engine/EngineMaterials/Substrate/Glints2/dict_0003_0239" 9093
"/Engine/EngineMaterials/Substrate/Glints2/dict_0003_0244" 9094
"/Engine/EngineMaterials/Substrate/Glints2/dict_0003_0243" 9095
"/Engine/EngineMaterials/Substrate/Glints2/dict_0003_0242" 9096
"/Engine/EngineMaterials/Substrate/Glints2/dict_0003_0238" 9097
"/Engine/EngineMaterials/Substrate/Glints2/dict_0003_0237" 9098
"/Engine/EngineMaterials/Substrate/Glints2/dict_0003_0241" 9099
"/Engine/EngineMaterials/Substrate/Glints2/dict_0003_0236" 9100
"../../../Engine/Content/EngineMaterials/Substrate/Glints2/dict_0004_0008.uasset" 9101
"../../../Engine/Content/EngineMaterials/Substrate/Glints2/dict_0003_0249.uasset" 9102
"../../../Engine/Content/EngineMaterials/Substrate/Glints2/dict_0004_0002.uasset" 9103
"../../../Engine/Content/EngineMaterials/Substrate/Glints2/dict_0003_0253.uasset" 9104
"../../../Engine/Content/EngineMaterials/Substrate/Glints2/dict_0003_0252.uasset" 9105
"../../../Engine/Content/EngineMaterials/Substrate/Glints2/dict_0003_0247.uasset" 9106
"../../../Engine/Content/EngineMaterials/Substrate/Glints2/dict_0004_0006.uasset" 9107
"../../../Engine/Content/EngineMaterials/Substrate/Glints2/dict_0003_0251.uasset" 9108
"../../../Engine/Content/EngineMaterials/Substrate/Glints2/dict_0004_0004.uasset" 9109
"../../../Engine/Content/EngineMaterials/Substrate/Glints2/dict_0003_0248.uasset" 9110
"../../../Engine/Content/EngineMaterials/Substrate/Glints2/dict_0004_0005.uasset" 9111
"../../../Engine/Content/EngineMaterials/Substrate/Glints2/dict_0004_0007.uasset" 9112
"../../../Engine/Content/EngineMaterials/Substrate/Glints2/dict_0003_0246.uasset" 9113
"../../../Engine/Content/EngineMaterials/Substrate/Glints2/dict_0003_0254.uasset" 9114
"../../../Engine/Content/EngineMaterials/Substrate/Glints2/dict_0004_0009.uasset" 9115
"../../../Engine/Content/EngineMaterials/Substrate/Glints2/dict_0003_0255.uasset" 9116
"../../../Engine/Content/EngineMaterials/Substrate/Glints2/dict_0004_0000.uasset" 9117
"../../../Engine/Content/EngineMaterials/Substrate/Glints2/dict_0004_0011.uasset" 9118
"../../../Engine/Content/EngineMaterials/Substrate/Glints2/dict_0003_0250.uasset" 9119
"../../../Engine/Content/EngineMaterials/Substrate/Glints2/dict_0004_0003.uasset" 9120
"../../../Engine/Content/EngineMaterials/Substrate/Glints2/dict_0004_0001.uasset" 9121
"../../../Engine/Content/EngineMaterials/Substrate/Glints2/dict_0004_0010.uasset" 9122
"/Engine/EngineMaterials/Substrate/Glints2/dict_0004_0011" 9123
"/Engine/EngineMaterials/Substrate/Glints2/dict_0004_0010" 9124
"/Engine/EngineMaterials/Substrate/Glints2/dict_0004_0009" 9125
"/Engine/EngineMaterials/Substrate/Glints2/dict_0004_0008" 9126
"/Engine/EngineMaterials/Substrate/Glints2/dict_0004_0007" 9127
"/Engine/EngineMaterials/Substrate/Glints2/dict_0004_0006" 9128
"/Engine/EngineMaterials/Substrate/Glints2/dict_0004_0005" 9129
"/Engine/EngineMaterials/Substrate/Glints2/dict_0004_0004" 9130
"../../../Engine/Content/EngineMaterials/Substrate/Glints2/dict_0004_0012.uasset" 9131
"../../../Engine/Content/EngineMaterials/Substrate/Glints2/dict_0004_0018.uasset" 9132
"../../../Engine/Content/EngineMaterials/Substrate/Glints2/dict_0004_0015.uasset" 9133
"../../../Engine/Content/EngineMaterials/Substrate/Glints2/dict_0004_0021.uasset" 9134
"../../../Engine/Content/EngineMaterials/Substrate/Glints2/dict_0004_0017.uasset" 9135
"../../../Engine/Content/EngineMaterials/Substrate/Glints2/dict_0004_0014.uasset" 9136
"/Engine/EngineMaterials/Substrate/Glints2/dict_0004_0003" 9137
"../../../Engine/Content/EngineMaterials/Substrate/Glints2/dict_0004_0019.uasset" 9138
"../../../Engine/Content/EngineMaterials/Substrate/Glints2/dict_0004_0020.uasset" 9139
"/Engine/EngineMaterials/Substrate/Glints2/dict_0004_0002" 9140
"../../../Engine/Content/EngineMaterials/Substrate/Glints2/dict_0004_0016.uasset" 9141
"../../../Engine/Content/EngineMaterials/Substrate/Glints2/dict_0004_0013.uasset" 9142
"/Engine/EngineMaterials/Substrate/Glints2/dict_0004_0001" 9143
"/Engine/EngineMaterials/Substrate/Glints2/dict_0004_0000" 9144
"/Engine/EngineMaterials/Substrate/Glints2/dict_0003_0255" 9145
"/Engine/EngineMaterials/Substrate/Glints2/dict_0003_0254" 9146
"/Engine/EngineMaterials/Substrate/Glints2/dict_0003_0253" 9147
"/Engine/EngineMaterials/Substrate/Glints2/dict_0003_0252" 9148
"/Engine/EngineMaterials/Substrate/Glints2/dict_0003_0251" 9149
"/Engine/EngineMaterials/Substrate/Glints2/dict_0003_0250" 9150
"/Engine/EngineMaterials/Substrate/Glints2/dict_0003_0249" 9151
"/Engine/EngineMaterials/Substrate/Glints2/dict_0003_0248" 9152
"/Engine/EngineMaterials/Substrate/Glints2/dict_0003_0247" 9153
"/Engine/EngineMaterials/Substrate/Glints2/dict_0003_0246" 9154
"/Engine/EngineMaterials/Substrate/Glints2/dict_0004_0021" 9155
"/Engine/EngineMaterials/Substrate/Glints2/dict_0004_0020" 9156
"/Engine/EngineMaterials/Substrate/Glints2/dict_0004_0019" 9157
"/Engine/EngineMaterials/Substrate/Glints2/dict_0004_0018" 9158
"/Engine/EngineMaterials/Substrate/Glints2/dict_0004_0017" 9159
"/Engine/EngineMaterials/Substrate/Glints2/dict_0004_0016" 9160
"/Engine/EngineMaterials/Substrate/Glints2/dict_0004_0015" 9161
"/Engine/EngineMaterials/Substrate/Glints2/dict_0004_0014" 9162
"/Engine/EngineMaterials/Substrate/Glints2/dict_0004_0013" 9163
"/Engine/EngineMaterials/Substrate/Glints2/dict_0004_0012" 9164
"../../../Engine/Content/EngineMaterials/Substrate/Glints2/dict_0004_0038.uasset" 9165
"../../../Engine/Content/EngineMaterials/Substrate/Glints2/dict_0004_0035.uasset" 9166
"../../../Engine/Content/EngineMaterials/Substrate/Glints2/dict_0004_0024.uasset" 9167
"../../../Engine/Content/EngineMaterials/Substrate/Glints2/dict_0004_0027.uasset" 9168
"../../../Engine/Content/EngineMaterials/Substrate/Glints2/dict_0004_0043.uasset" 9169
"../../../Engine/Content/EngineMaterials/Substrate/Glints2/dict_0004_0031.uasset" 9170
"../../../Engine/Content/EngineMaterials/Substrate/Glints2/dict_0004_0022.uasset" 9171
"../../../Engine/Content/EngineMaterials/Substrate/Glints2/dict_0004_0040.uasset" 9172
"../../../Engine/Content/EngineMaterials/Substrate/Glints2/dict_0004_0029.uasset" 9173
"../../../Engine/Content/EngineMaterials/Substrate/Glints2/dict_0004_0023.uasset" 9174
"../../../Engine/Content/EngineMaterials/Substrate/Glints2/dict_0004_0028.uasset" 9175
"../../../Engine/Content/EngineMaterials/Substrate/Glints2/dict_0004_0030.uasset" 9176
"../../../Engine/Content/EngineMaterials/Substrate/Glints2/dict_0004_0036.uasset" 9177
"../../../Engine/Content/EngineMaterials/Substrate/Glints2/dict_0004_0033.uasset" 9178
"../../../Engine/Content/EngineMaterials/Substrate/Glints2/dict_0004_0032.uasset" 9179
"../../../Engine/Content/EngineMaterials/Substrate/Glints2/dict_0004_0041.uasset" 9180
"../../../Engine/Content/EngineMaterials/Substrate/Glints2/dict_0004_0034.uasset" 9181
"../../../Engine/Content/EngineMaterials/Substrate/Glints2/dict_0004_0042.uasset" 9182
"../../../Engine/Content/EngineMaterials/Substrate/Glints2/dict_0004_0026.uasset" 9183
"../../../Engine/Content/EngineMaterials/Substrate/Glints2/dict_0004_0025.uasset" 9184
"../../../Engine/Content/EngineMaterials/Substrate/Glints2/dict_0004_0037.uasset" 9185
"../../../Engine/Content/EngineMaterials/Substrate/Glints2/dict_0004_0039.uasset" 9186
"/Engine/EngineMaterials/Substrate/Glints2/dict_0004_0043" 9187
"/Engine/EngineMaterials/Substrate/Glints2/dict_0004_0042" 9188
"/Engine/EngineMaterials/Substrate/Glints2/dict_0004_0041" 9189
"/Engine/EngineMaterials/Substrate/Glints2/dict_0004_0040" 9190
"/Engine/EngineMaterials/Substrate/Glints2/dict_0004_0039" 9191
"/Engine/EngineMaterials/Substrate/Glints2/dict_0004_0038" 9192
"/Engine/EngineMaterials/Substrate/Glints2/dict_0004_0037" 9193
"/Engine/EngineMaterials/Substrate/Glints2/dict_0004_0036" 9194
"/Engine/EngineMaterials/Substrate/Glints2/dict_0004_0035" 9195
"/Engine/EngineMaterials/Substrate/Glints2/dict_0004_0034" 9196
"/Engine/EngineMaterials/Substrate/Glints2/dict_0004_0033" 9197
"/Engine/EngineMaterials/Substrate/Glints2/dict_0004_0032" 9198
"../../../Engine/Content/EngineMaterials/Substrate/Glints2/dict_0004_0046.uasset" 9199
"/Engine/EngineMaterials/Substrate/Glints2/dict_0004_0031" 9200
"../../../Engine/Content/EngineMaterials/Substrate/Glints2/dict_0004_0048.uasset" 9201
"/Engine/EngineMaterials/Substrate/Glints2/dict_0004_0030" 9202
"/Engine/EngineMaterials/Substrate/Glints2/dict_0004_0029" 9203
"../../../Engine/Content/EngineMaterials/Substrate/Glints2/dict_0004_0047.uasset" 9204
"../../../Engine/Content/EngineMaterials/Substrate/Glints2/dict_0004_0044.uasset" 9205
"/Engine/EngineMaterials/Substrate/Glints2/dict_0004_0028" 9206
"../../../Engine/Content/EngineMaterials/Substrate/Glints2/dict_0004_0052.uasset" 9207
"../../../Engine/Content/EngineMaterials/Substrate/Glints2/dict_0004_0049.uasset" 9208
"../../../Engine/Content/EngineMaterials/Substrate/Glints2/dict_0004_0050.uasset" 9209
"/Engine/EngineMaterials/Substrate/Glints2/dict_0004_0027" 9210
"../../../Engine/Content/EngineMaterials/Substrate/Glints2/dict_0004_0045.uasset" 9211
"/Engine/EngineMaterials/Substrate/Glints2/dict_0004_0026" 9212
"../../../Engine/Content/EngineMaterials/Substrate/Glints2/dict_0004_0053.uasset" 9213
"../../../Engine/Content/EngineMaterials/Substrate/Glints2/dict_0004_0051.uasset" 9214
"/Engine/EngineMaterials/Substrate/Glints2/dict_0004_0025" 9215
"/Engine/EngineMaterials/Substrate/Glints2/dict_0004_0024" 9216
"/Engine/EngineMaterials/Substrate/Glints2/dict_0004_0023" 9217
"/Engine/EngineMaterials/Substrate/Glints2/dict_0004_0022" 9218
"/Engine/EngineMaterials/Substrate/Glints2/dict_0004_0053" 9219
"/Engine/EngineMaterials/Substrate/Glints2/dict_0004_0052" 9220
"/Engine/EngineMaterials/Substrate/Glints2/dict_0004_0051" 9221
"/Engine/EngineMaterials/Substrate/Glints2/dict_0004_0050" 9222
"/Engine/EngineMaterials/Substrate/Glints2/dict_0004_0049" 9223
"/Engine/EngineMaterials/Substrate/Glints2/dict_0004_0048" 9224
"/Engine/EngineMaterials/Substrate/Glints2/dict_0004_0047" 9225
"/Engine/EngineMaterials/Substrate/Glints2/dict_0004_0046" 9226
"/Engine/EngineMaterials/Substrate/Glints2/dict_0004_0045" 9227
"/Engine/EngineMaterials/Substrate/Glints2/dict_0004_0044" 9228
"../../../Engine/Content/EngineMaterials/Substrate/Glints2/dict_0004_0062.uasset" 9229
"../../../Engine/Content/EngineMaterials/Substrate/Glints2/dict_0004_0061.uasset" 9230
"../../../Engine/Content/EngineMaterials/Substrate/Glints2/dict_0004_0070.uasset" 9231
"../../../Engine/Content/EngineMaterials/Substrate/Glints2/dict_0004_0059.uasset" 9232
"../../../Engine/Content/EngineMaterials/Substrate/Glints2/dict_0004_0073.uasset" 9233
"../../../Engine/Content/EngineMaterials/Substrate/Glints2/dict_0004_0066.uasset" 9234
"../../../Engine/Content/EngineMaterials/Substrate/Glints2/dict_0004_0060.uasset" 9235
"../../../Engine/Content/EngineMaterials/Substrate/Glints2/dict_0004_0063.uasset" 9236
"../../../Engine/Content/EngineMaterials/Substrate/Glints2/dict_0004_0058.uasset" 9237
"../../../Engine/Content/EngineMaterials/Substrate/Glints2/dict_0004_0056.uasset" 9238
"../../../Engine/Content/EngineMaterials/Substrate/Glints2/dict_0004_0074.uasset" 9239
"../../../Engine/Content/EngineMaterials/Substrate/Glints2/dict_0004_0075.uasset" 9240
"../../../Engine/Content/EngineMaterials/Substrate/Glints2/dict_0004_0064.uasset" 9241
"../../../Engine/Content/EngineMaterials/Substrate/Glints2/dict_0004_0065.uasset" 9242
"../../../Engine/Content/EngineMaterials/Substrate/Glints2/dict_0004_0069.uasset" 9243
"../../../Engine/Content/EngineMaterials/Substrate/Glints2/dict_0004_0072.uasset" 9244
"../../../Engine/Content/EngineMaterials/Substrate/Glints2/dict_0004_0067.uasset" 9245
"../../../Engine/Content/EngineMaterials/Substrate/Glints2/dict_0004_0054.uasset" 9246
"../../../Engine/Content/EngineMaterials/Substrate/Glints2/dict_0004_0071.uasset" 9247
"../../../Engine/Content/EngineMaterials/Substrate/Glints2/dict_0004_0068.uasset" 9248
"../../../Engine/Content/EngineMaterials/Substrate/Glints2/dict_0004_0055.uasset" 9249
"../../../Engine/Content/EngineMaterials/Substrate/Glints2/dict_0004_0057.uasset" 9250
"/Engine/EngineMaterials/Substrate/Glints2/dict_0004_0075" 9251
"/Engine/EngineMaterials/Substrate/Glints2/dict_0004_0074" 9252
"/Engine/EngineMaterials/Substrate/Glints2/dict_0004_0073" 9253
"/Engine/EngineMaterials/Substrate/Glints2/dict_0004_0072" 9254
"/Engine/EngineMaterials/Substrate/Glints2/dict_0004_0071" 9255
"/Engine/EngineMaterials/Substrate/Glints2/dict_0004_0070" 9256
"/Engine/EngineMaterials/Substrate/Glints2/dict_0004_0069" 9257
"../../../Engine/Content/EngineMaterials/Substrate/Glints2/dict_0004_0082.uasset" 9258
"../../../Engine/Content/EngineMaterials/Substrate/Glints2/dict_0004_0083.uasset" 9259
"../../../Engine/Content/EngineMaterials/Substrate/Glints2/dict_0004_0081.uasset" 9260
"/Engine/EngineMaterials/Substrate/Glints2/dict_0004_0068" 9261
"../../../Engine/Content/EngineMaterials/Substrate/Glints2/dict_0004_0078.uasset" 9262
"../../../Engine/Content/EngineMaterials/Substrate/Glints2/dict_0004_0085.uasset" 9263
"/Engine/EngineMaterials/Substrate/Glints2/dict_0004_0067" 9264
"../../../Engine/Content/EngineMaterials/Substrate/Glints2/dict_0004_0076.uasset" 9265
"../../../Engine/Content/EngineMaterials/Substrate/Glints2/dict_0004_0079.uasset" 9266
"../../../Engine/Content/EngineMaterials/Substrate/Glints2/dict_0004_0084.uasset" 9267
"../../../Engine/Content/EngineMaterials/Substrate/Glints2/dict_0004_0080.uasset" 9268
"../../../Engine/Content/EngineMaterials/Substrate/Glints2/dict_0004_0077.uasset" 9269
"/Engine/EngineMaterials/Substrate/Glints2/dict_0004_0066" 9270
"/Engine/EngineMaterials/Substrate/Glints2/dict_0004_0065" 9271
"/Engine/EngineMaterials/Substrate/Glints2/dict_0004_0064" 9272
"/Engine/EngineMaterials/Substrate/Glints2/dict_0004_0063" 9273
"/Engine/EngineMaterials/Substrate/Glints2/dict_0004_0062" 9274
"/Engine/EngineMaterials/Substrate/Glints2/dict_0004_0061" 9275
"/Engine/EngineMaterials/Substrate/Glints2/dict_0004_0060" 9276
"/Engine/EngineMaterials/Substrate/Glints2/dict_0004_0059" 9277
"/Engine/EngineMaterials/Substrate/Glints2/dict_0004_0058" 9278
"/Engine/EngineMaterials/Substrate/Glints2/dict_0004_0057" 9279
"/Engine/EngineMaterials/Substrate/Glints2/dict_0004_0056" 9280
"/Engine/EngineMaterials/Substrate/Glints2/dict_0004_0055" 9281
"/Engine/EngineMaterials/Substrate/Glints2/dict_0004_0054" 9282
"/Engine/EngineMaterials/Substrate/Glints2/dict_0004_0085" 9283
"/Engine/EngineMaterials/Substrate/Glints2/dict_0004_0084" 9284
"/Engine/EngineMaterials/Substrate/Glints2/dict_0004_0083" 9285
"/Engine/EngineMaterials/Substrate/Glints2/dict_0004_0082" 9286
"/Engine/EngineMaterials/Substrate/Glints2/dict_0004_0081" 9287
"/Engine/EngineMaterials/Substrate/Glints2/dict_0004_0080" 9288
"/Engine/EngineMaterials/Substrate/Glints2/dict_0004_0079" 9289
"/Engine/EngineMaterials/Substrate/Glints2/dict_0004_0078" 9290
"/Engine/EngineMaterials/Substrate/Glints2/dict_0004_0077" 9291
"/Engine/EngineMaterials/Substrate/Glints2/dict_0004_0076" 9292
"../../../Engine/Content/EngineMaterials/Substrate/Glints2/dict_0004_0107.uasset" 9293
"../../../Engine/Content/EngineMaterials/Substrate/Glints2/dict_0004_0086.uasset" 9294
"../../../Engine/Content/EngineMaterials/Substrate/Glints2/dict_0004_0101.uasset" 9295
"../../../Engine/Content/EngineMaterials/Substrate/Glints2/dict_0004_0098.uasset" 9296
"../../../Engine/Content/EngineMaterials/Substrate/Glints2/dict_0004_0092.uasset" 9297
"../../../Engine/Content/EngineMaterials/Substrate/Glints2/dict_0004_0094.uasset" 9298
"../../../Engine/Content/EngineMaterials/Substrate/Glints2/dict_0004_0099.uasset" 9299
"../../../Engine/Content/EngineMaterials/Substrate/Glints2/dict_0004_0093.uasset" 9300
"../../../Engine/Content/EngineMaterials/Substrate/Glints2/dict_0004_0097.uasset" 9301
"../../../Engine/Content/EngineMaterials/Substrate/Glints2/dict_0004_0105.uasset" 9302
"../../../Engine/Content/EngineMaterials/Substrate/Glints2/dict_0004_0104.uasset" 9303
"../../../Engine/Content/EngineMaterials/Substrate/Glints2/dict_0004_0090.uasset" 9304
"../../../Engine/Content/EngineMaterials/Substrate/Glints2/dict_0004_0088.uasset" 9305
"../../../Engine/Content/EngineMaterials/Substrate/Glints2/dict_0004_0087.uasset" 9306
"../../../Engine/Content/EngineMaterials/Substrate/Glints2/dict_0004_0096.uasset" 9307
"../../../Engine/Content/EngineMaterials/Substrate/Glints2/dict_0004_0102.uasset" 9308
"../../../Engine/Content/EngineMaterials/Substrate/Glints2/dict_0004_0106.uasset" 9309
"../../../Engine/Content/EngineMaterials/Substrate/Glints2/dict_0004_0089.uasset" 9310
"../../../Engine/Content/EngineMaterials/Substrate/Glints2/dict_0004_0091.uasset" 9311
"../../../Engine/Content/EngineMaterials/Substrate/Glints2/dict_0004_0100.uasset" 9312
"../../../Engine/Content/EngineMaterials/Substrate/Glints2/dict_0004_0103.uasset" 9313
"../../../Engine/Content/EngineMaterials/Substrate/Glints2/dict_0004_0095.uasset" 9314
"/Engine/EngineMaterials/Substrate/Glints2/dict_0004_0107" 9315
"/Engine/EngineMaterials/Substrate/Glints2/dict_0004_0106" 9316
"/Engine/EngineMaterials/Substrate/Glints2/dict_0004_0105" 9317
"/Engine/EngineMaterials/Substrate/Glints2/dict_0004_0104" 9318
"/Engine/EngineMaterials/Substrate/Glints2/dict_0004_0103" 9319
"/Engine/EngineMaterials/Substrate/Glints2/dict_0004_0102" 9320
"/Engine/EngineMaterials/Substrate/Glints2/dict_0004_0101" 9321
"/Engine/EngineMaterials/Substrate/Glints2/dict_0004_0100" 9322
"/Engine/EngineMaterials/Substrate/Glints2/dict_0004_0099" 9323
"/Engine/EngineMaterials/Substrate/Glints2/dict_0004_0098" 9324
"/Engine/EngineMaterials/Substrate/Glints2/dict_0004_0097" 9325
"/Engine/EngineMaterials/Substrate/Glints2/dict_0004_0096" 9326
"/Engine/EngineMaterials/Substrate/Glints2/dict_0004_0095" 9327
"/Engine/EngineMaterials/Substrate/Glints2/dict_0004_0094" 9328
"/Engine/EngineMaterials/Substrate/Glints2/dict_0004_0093" 9329
"/Engine/EngineMaterials/Substrate/Glints2/dict_0004_0092" 9330
"/Engine/EngineMaterials/Substrate/Glints2/dict_0004_0091" 9331
"/Engine/EngineMaterials/Substrate/Glints2/dict_0004_0090" 9332
"/Engine/EngineMaterials/Substrate/Glints2/dict_0004_0089" 9333
"/Engine/EngineMaterials/Substrate/Glints2/dict_0004_0088" 9334
"../../../Engine/Content/EngineMaterials/Substrate/Glints2/dict_0004_0115.uasset" 9335
"../../../Engine/Content/EngineMaterials/Substrate/Glints2/dict_0004_0112.uasset" 9336
"../../../Engine/Content/EngineMaterials/Substrate/Glints2/dict_0004_0114.uasset" 9337
"../../../Engine/Content/EngineMaterials/Substrate/Glints2/dict_0004_0113.uasset" 9338
"../../../Engine/Content/EngineMaterials/Substrate/Glints2/dict_0004_0111.uasset" 9339
"/Engine/EngineMaterials/Substrate/Glints2/dict_0004_0087" 9340
"../../../Engine/Content/EngineMaterials/Substrate/Glints2/dict_0004_0116.uasset" 9341
"/Engine/EngineMaterials/Substrate/Glints2/dict_0004_0086" 9342
"/Engine/EngineMaterials/Substrate/Glints2/dict_0004_0116" 9343
"../../../Engine/Content/EngineMaterials/Substrate/Glints2/dict_0004_0108.uasset" 9344
"../../../Engine/Content/EngineMaterials/Substrate/Glints2/dict_0004_0110.uasset" 9345
"../../../Engine/Content/EngineMaterials/Substrate/Glints2/dict_0004_0109.uasset" 9346
"/Engine/EngineMaterials/Substrate/Glints2/dict_0004_0115" 9347
"../../../Engine/Content/EngineMaterials/Substrate/Glints2/dict_0004_0117.uasset" 9348
"/Engine/EngineMaterials/Substrate/Glints2/dict_0004_0114" 9349
"/Engine/EngineMaterials/Substrate/Glints2/dict_0004_0113" 9350
"/Engine/EngineMaterials/Substrate/Glints2/dict_0004_0112" 9351
"/Engine/EngineMaterials/Substrate/Glints2/dict_0004_0111" 9352
"/Engine/EngineMaterials/Substrate/Glints2/dict_0004_0117" 9353
"/Engine/EngineMaterials/Substrate/Glints2/dict_0004_0110" 9354
"/Engine/EngineMaterials/Substrate/Glints2/dict_0004_0109" 9355
"/Engine/EngineMaterials/Substrate/Glints2/dict_0004_0108" 9356
"../../../Engine/Content/EngineMaterials/Substrate/Glints2/dict_0004_0119.uasset" 9357
"../../../Engine/Content/EngineMaterials/Substrate/Glints2/dict_0004_0125.uasset" 9358
"../../../Engine/Content/EngineMaterials/Substrate/Glints2/dict_0004_0120.uasset" 9359
"../../../Engine/Content/EngineMaterials/Substrate/Glints2/dict_0004_0130.uasset" 9360
"../../../Engine/Content/EngineMaterials/Substrate/Glints2/dict_0004_0139.uasset" 9361
"../../../Engine/Content/EngineMaterials/Substrate/Glints2/dict_0004_0135.uasset" 9362
"../../../Engine/Content/EngineMaterials/Substrate/Glints2/dict_0004_0118.uasset" 9363
"../../../Engine/Content/EngineMaterials/Substrate/Glints2/dict_0004_0134.uasset" 9364
"../../../Engine/Content/EngineMaterials/Substrate/Glints2/dict_0004_0122.uasset" 9365
"../../../Engine/Content/EngineMaterials/Substrate/Glints2/dict_0004_0136.uasset" 9366
"../../../Engine/Content/EngineMaterials/Substrate/Glints2/dict_0004_0128.uasset" 9367
"../../../Engine/Content/EngineMaterials/Substrate/Glints2/dict_0004_0132.uasset" 9368
"../../../Engine/Content/EngineMaterials/Substrate/Glints2/dict_0004_0123.uasset" 9369
"../../../Engine/Content/EngineMaterials/Substrate/Glints2/dict_0004_0131.uasset" 9370
"../../../Engine/Content/EngineMaterials/Substrate/Glints2/dict_0004_0138.uasset" 9371
"../../../Engine/Content/EngineMaterials/Substrate/Glints2/dict_0004_0129.uasset" 9372
"../../../Engine/Content/EngineMaterials/Substrate/Glints2/dict_0004_0124.uasset" 9373
"../../../Engine/Content/EngineMaterials/Substrate/Glints2/dict_0004_0126.uasset" 9374
"../../../Engine/Content/EngineMaterials/Substrate/Glints2/dict_0004_0121.uasset" 9375
"../../../Engine/Content/EngineMaterials/Substrate/Glints2/dict_0004_0127.uasset" 9376
"../../../Engine/Content/EngineMaterials/Substrate/Glints2/dict_0004_0133.uasset" 9377
"../../../Engine/Content/EngineMaterials/Substrate/Glints2/dict_0004_0137.uasset" 9378
"/Engine/EngineMaterials/Substrate/Glints2/dict_0004_0139" 9379
"/Engine/EngineMaterials/Substrate/Glints2/dict_0004_0138" 9380
"/Engine/EngineMaterials/Substrate/Glints2/dict_0004_0137" 9381
"/Engine/EngineMaterials/Substrate/Glints2/dict_0004_0136" 9382
"/Engine/EngineMaterials/Substrate/Glints2/dict_0004_0135" 9383
"/Engine/EngineMaterials/Substrate/Glints2/dict_0004_0134" 9384
"/Engine/EngineMaterials/Substrate/Glints2/dict_0004_0133" 9385
"/Engine/EngineMaterials/Substrate/Glints2/dict_0004_0132" 9386
"/Engine/EngineMaterials/Substrate/Glints2/dict_0004_0131" 9387
"../../../Engine/Content/EngineMaterials/Substrate/Glints2/dict_0004_0149.uasset" 9388
"../../../Engine/Content/EngineMaterials/Substrate/Glints2/dict_0004_0143.uasset" 9389
"../../../Engine/Content/EngineMaterials/Substrate/Glints2/dict_0004_0146.uasset" 9390
"../../../Engine/Content/EngineMaterials/Substrate/Glints2/dict_0004_0140.uasset" 9391
"/Engine/EngineMaterials/Substrate/Glints2/dict_0004_0130" 9392
"../../../Engine/Content/EngineMaterials/Substrate/Glints2/dict_0004_0144.uasset" 9393
"../../../Engine/Content/EngineMaterials/Substrate/Glints2/dict_0004_0147.uasset" 9394
"../../../Engine/Content/EngineMaterials/Substrate/Glints2/dict_0004_0145.uasset" 9395
"/Engine/EngineMaterials/Substrate/Glints2/dict_0004_0129" 9396
"../../../Engine/Content/EngineMaterials/Substrate/Glints2/dict_0004_0141.uasset" 9397
"/Engine/EngineMaterials/Substrate/Glints2/dict_0004_0128" 9398
"../../../Engine/Content/EngineMaterials/Substrate/Glints2/dict_0004_0142.uasset" 9399
"../../../Engine/Content/EngineMaterials/Substrate/Glints2/dict_0004_0148.uasset" 9400
"/Engine/EngineMaterials/Substrate/Glints2/dict_0004_0127" 9401
"/Engine/EngineMaterials/Substrate/Glints2/dict_0004_0126" 9402
"/Engine/EngineMaterials/Substrate/Glints2/dict_0004_0125" 9403
"/Engine/EngineMaterials/Substrate/Glints2/dict_0004_0124" 9404
"/Engine/EngineMaterials/Substrate/Glints2/dict_0004_0123" 9405
"/Engine/EngineMaterials/Substrate/Glints2/dict_0004_0122" 9406
"/Engine/EngineMaterials/Substrate/Glints2/dict_0004_0121" 9407
"/Engine/EngineMaterials/Substrate/Glints2/dict_0004_0120" 9408
"/Engine/EngineMaterials/Substrate/Glints2/dict_0004_0119" 9409
"/Engine/EngineMaterials/Substrate/Glints2/dict_0004_0118" 9410
"/Engine/EngineMaterials/Substrate/Glints2/dict_0004_0149" 9411
"/Engine/EngineMaterials/Substrate/Glints2/dict_0004_0145" 9412
"/Engine/EngineMaterials/Substrate/Glints2/dict_0004_0144" 9413
"/Engine/EngineMaterials/Substrate/Glints2/dict_0004_0143" 9414
"/Engine/EngineMaterials/Substrate/Glints2/dict_0004_0142" 9415
"/Engine/EngineMaterials/Substrate/Glints2/dict_0004_0141" 9416
"/Engine/EngineMaterials/Substrate/Glints2/dict_0004_0140" 9417
"/Engine/EngineMaterials/Substrate/Glints2/dict_0004_0148" 9418
"/Engine/EngineMaterials/Substrate/Glints2/dict_0004_0147" 9419
"/Engine/EngineMaterials/Substrate/Glints2/dict_0004_0146" 9420
"../../../Engine/Content/EngineMaterials/Substrate/Glints2/dict_0004_0151.uasset" 9421
"../../../Engine/Content/EngineMaterials/Substrate/Glints2/dict_0004_0152.uasset" 9422
"../../../Engine/Content/EngineMaterials/Substrate/Glints2/dict_0004_0155.uasset" 9423
"../../../Engine/Content/EngineMaterials/Substrate/Glints2/dict_0004_0157.uasset" 9424
"../../../Engine/Content/EngineMaterials/Substrate/Glints2/dict_0004_0169.uasset" 9425
"../../../Engine/Content/EngineMaterials/Substrate/Glints2/dict_0004_0154.uasset" 9426
"../../../Engine/Content/EngineMaterials/Substrate/Glints2/dict_0004_0163.uasset" 9427
"../../../Engine/Content/EngineMaterials/Substrate/Glints2/dict_0004_0171.uasset" 9428
"../../../Engine/Content/EngineMaterials/Substrate/Glints2/dict_0004_0161.uasset" 9429
"../../../Engine/Content/EngineMaterials/Substrate/Glints2/dict_0004_0160.uasset" 9430
"../../../Engine/Content/EngineMaterials/Substrate/Glints2/dict_0004_0164.uasset" 9431
"../../../Engine/Content/EngineMaterials/Substrate/Glints2/dict_0004_0165.uasset" 9432
"../../../Engine/Content/EngineMaterials/Substrate/Glints2/dict_0004_0170.uasset" 9433
"../../../Engine/Content/EngineMaterials/Substrate/Glints2/dict_0004_0150.uasset" 9434
"../../../Engine/Content/EngineMaterials/Substrate/Glints2/dict_0004_0153.uasset" 9435
"../../../Engine/Content/EngineMaterials/Substrate/Glints2/dict_0004_0166.uasset" 9436
"../../../Engine/Content/EngineMaterials/Substrate/Glints2/dict_0004_0168.uasset" 9437
"../../../Engine/Content/EngineMaterials/Substrate/Glints2/dict_0004_0159.uasset" 9438
"../../../Engine/Content/EngineMaterials/Substrate/Glints2/dict_0004_0167.uasset" 9439
"../../../Engine/Content/EngineMaterials/Substrate/Glints2/dict_0004_0156.uasset" 9440
"../../../Engine/Content/EngineMaterials/Substrate/Glints2/dict_0004_0162.uasset" 9441
"../../../Engine/Content/EngineMaterials/Substrate/Glints2/dict_0004_0158.uasset" 9442
"/Engine/EngineMaterials/Substrate/Glints2/dict_0004_0171" 9443
"/Engine/EngineMaterials/Substrate/Glints2/dict_0004_0170" 9444
"/Engine/EngineMaterials/Substrate/Glints2/dict_0004_0169" 9445
"/Engine/EngineMaterials/Substrate/Glints2/dict_0004_0168" 9446
"/Engine/EngineMaterials/Substrate/Glints2/dict_0004_0167" 9447
"/Engine/EngineMaterials/Substrate/Glints2/dict_0004_0166" 9448
"/Engine/EngineMaterials/Substrate/Glints2/dict_0004_0165" 9449
"/Engine/EngineMaterials/Substrate/Glints2/dict_0004_0164" 9450
"/Engine/EngineMaterials/Substrate/Glints2/dict_0004_0163" 9451
"/Engine/EngineMaterials/Substrate/Glints2/dict_0004_0162" 9452
"/Engine/EngineMaterials/Substrate/Glints2/dict_0004_0161" 9453
"/Engine/EngineMaterials/Substrate/Glints2/dict_0004_0160" 9454
"/Engine/EngineMaterials/Substrate/Glints2/dict_0004_0159" 9455
"/Engine/EngineMaterials/Substrate/Glints2/dict_0004_0158" 9456
"/Engine/EngineMaterials/Substrate/Glints2/dict_0004_0157" 9457
"/Engine/EngineMaterials/Substrate/Glints2/dict_0004_0156" 9458
"/Engine/EngineMaterials/Substrate/Glints2/dict_0004_0155" 9459
"../../../Engine/Content/EngineMaterials/Substrate/Glints2/dict_0004_0177.uasset" 9460
"../../../Engine/Content/EngineMaterials/Substrate/Glints2/dict_0004_0175.uasset" 9461
"../../../Engine/Content/EngineMaterials/Substrate/Glints2/dict_0004_0178.uasset" 9462
"/Engine/EngineMaterials/Substrate/Glints2/dict_0004_0154" 9463
"/Engine/EngineMaterials/Substrate/Glints2/dict_0004_0153" 9464
"/Engine/EngineMaterials/Substrate/Glints2/dict_0004_0152" 9465
"../../../Engine/Content/EngineMaterials/Substrate/Glints2/dict_0004_0180.uasset" 9466
"../../../Engine/Content/EngineMaterials/Substrate/Glints2/dict_0004_0179.uasset" 9467
"../../../Engine/Content/EngineMaterials/Substrate/Glints2/dict_0004_0173.uasset" 9468
"/Engine/EngineMaterials/Substrate/Glints2/dict_0004_0151" 9469
"../../../Engine/Content/EngineMaterials/Substrate/Glints2/dict_0004_0172.uasset" 9470
"/Engine/EngineMaterials/Substrate/Glints2/dict_0004_0150" 9471
"../../../Engine/Content/EngineMaterials/Substrate/Glints2/dict_0004_0176.uasset" 9472
"../../../Engine/Content/EngineMaterials/Substrate/Glints2/dict_0004_0174.uasset" 9473
"../../../Engine/Content/EngineMaterials/Substrate/Glints2/dict_0004_0181.uasset" 9474
"/Engine/EngineMaterials/Substrate/Glints2/dict_0004_0180" 9475
"/Engine/EngineMaterials/Substrate/Glints2/dict_0004_0179" 9476
"/Engine/EngineMaterials/Substrate/Glints2/dict_0004_0178" 9477
"/Engine/EngineMaterials/Substrate/Glints2/dict_0004_0177" 9478
"/Engine/EngineMaterials/Substrate/Glints2/dict_0004_0176" 9479
"/Engine/EngineMaterials/Substrate/Glints2/dict_0004_0175" 9480
"/Engine/EngineMaterials/Substrate/Glints2/dict_0004_0174" 9481
"/Engine/EngineMaterials/Substrate/Glints2/dict_0004_0173" 9482
"/Engine/EngineMaterials/Substrate/Glints2/dict_0004_0172" 9483
"/Engine/EngineMaterials/Substrate/Glints2/dict_0004_0181" 9484
"../../../Engine/Content/EngineMaterials/Substrate/Glints2/dict_0004_0184.uasset" 9485
"../../../Engine/Content/EngineMaterials/Substrate/Glints2/dict_0004_0199.uasset" 9486
"../../../Engine/Content/EngineMaterials/Substrate/Glints2/dict_0004_0191.uasset" 9487
"../../../Engine/Content/EngineMaterials/Substrate/Glints2/dict_0004_0185.uasset" 9488
"../../../Engine/Content/EngineMaterials/Substrate/Glints2/dict_0004_0194.uasset" 9489
"../../../Engine/Content/EngineMaterials/Substrate/Glints2/dict_0004_0201.uasset" 9490
"../../../Engine/Content/EngineMaterials/Substrate/Glints2/dict_0004_0195.uasset" 9491
"../../../Engine/Content/EngineMaterials/Substrate/Glints2/dict_0004_0190.uasset" 9492
"../../../Engine/Content/EngineMaterials/Substrate/Glints2/dict_0004_0200.uasset" 9493
"../../../Engine/Content/EngineMaterials/Substrate/Glints2/dict_0004_0189.uasset" 9494
"../../../Engine/Content/EngineMaterials/Substrate/Glints2/dict_0004_0198.uasset" 9495
"../../../Engine/Content/EngineMaterials/Substrate/Glints2/dict_0004_0197.uasset" 9496
"../../../Engine/Content/EngineMaterials/Substrate/Glints2/dict_0004_0193.uasset" 9497
"../../../Engine/Content/EngineMaterials/Substrate/Glints2/dict_0004_0192.uasset" 9498
"../../../Engine/Content/EngineMaterials/Substrate/Glints2/dict_0004_0186.uasset" 9499
"../../../Engine/Content/EngineMaterials/Substrate/Glints2/dict_0004_0202.uasset" 9500
"../../../Engine/Content/EngineMaterials/Substrate/Glints2/dict_0004_0182.uasset" 9501
"../../../Engine/Content/EngineMaterials/Substrate/Glints2/dict_0004_0183.uasset" 9502
"../../../Engine/Content/EngineMaterials/Substrate/Glints2/dict_0004_0196.uasset" 9503
"../../../Engine/Content/EngineMaterials/Substrate/Glints2/dict_0004_0187.uasset" 9504
"../../../Engine/Content/EngineMaterials/Substrate/Glints2/dict_0004_0203.uasset" 9505
"../../../Engine/Content/EngineMaterials/Substrate/Glints2/dict_0004_0188.uasset" 9506
"/Engine/EngineMaterials/Substrate/Glints2/dict_0004_0203" 9507
"/Engine/EngineMaterials/Substrate/Glints2/dict_0004_0202" 9508
"/Engine/EngineMaterials/Substrate/Glints2/dict_0004_0201" 9509
"/Engine/EngineMaterials/Substrate/Glints2/dict_0004_0200" 9510
"/Engine/EngineMaterials/Substrate/Glints2/dict_0004_0199" 9511
"/Engine/EngineMaterials/Substrate/Glints2/dict_0004_0198" 9512
"/Engine/EngineMaterials/Substrate/Glints2/dict_0004_0197" 9513
"/Engine/EngineMaterials/Substrate/Glints2/dict_0004_0196" 9514
"/Engine/EngineMaterials/Substrate/Glints2/dict_0004_0195" 9515
"../../../Engine/Content/EngineMaterials/Substrate/Glints2/dict_0004_0205.uasset" 9516
"../../../Engine/Content/EngineMaterials/Substrate/Glints2/dict_0004_0210.uasset" 9517
"../../../Engine/Content/EngineMaterials/Substrate/Glints2/dict_0004_0208.uasset" 9518
"/Engine/EngineMaterials/Substrate/Glints2/dict_0004_0194" 9519
"../../../Engine/Content/EngineMaterials/Substrate/Glints2/dict_0004_0204.uasset" 9520
"../../../Engine/Content/EngineMaterials/Substrate/Glints2/dict_0004_0213.uasset" 9521
"../../../Engine/Content/EngineMaterials/Substrate/Glints2/dict_0004_0209.uasset" 9522
"/Engine/EngineMaterials/Substrate/Glints2/dict_0004_0193" 9523
"../../../Engine/Content/EngineMaterials/Substrate/Glints2/dict_0004_0207.uasset" 9524
"../../../Engine/Content/EngineMaterials/Substrate/Glints2/dict_0004_0211.uasset" 9525
"../../../Engine/Content/EngineMaterials/Substrate/Glints2/dict_0004_0212.uasset" 9526
"../../../Engine/Content/EngineMaterials/Substrate/Glints2/dict_0004_0206.uasset" 9527
"/Engine/EngineMaterials/Substrate/Glints2/dict_0004_0192" 9528
"/Engine/EngineMaterials/Substrate/Glints2/dict_0004_0191" 9529
"/Engine/EngineMaterials/Substrate/Glints2/dict_0004_0190" 9530
"/Engine/EngineMaterials/Substrate/Glints2/dict_0004_0189" 9531
"/Engine/EngineMaterials/Substrate/Glints2/dict_0004_0188" 9532
"/Engine/EngineMaterials/Substrate/Glints2/dict_0004_0187" 9533
"/Engine/EngineMaterials/Substrate/Glints2/dict_0004_0186" 9534
"/Engine/EngineMaterials/Substrate/Glints2/dict_0004_0185" 9535
"/Engine/EngineMaterials/Substrate/Glints2/dict_0004_0184" 9536
"/Engine/EngineMaterials/Substrate/Glints2/dict_0004_0183" 9537
"/Engine/EngineMaterials/Substrate/Glints2/dict_0004_0182" 9538
"/Engine/EngineMaterials/Substrate/Glints2/dict_0004_0213" 9539
"/Engine/EngineMaterials/Substrate/Glints2/dict_0004_0212" 9540
"/Engine/EngineMaterials/Substrate/Glints2/dict_0004_0211" 9541
"/Engine/EngineMaterials/Substrate/Glints2/dict_0004_0210" 9542
"/Engine/EngineMaterials/Substrate/Glints2/dict_0004_0209" 9543
"/Engine/EngineMaterials/Substrate/Glints2/dict_0004_0208" 9544
"/Engine/EngineMaterials/Substrate/Glints2/dict_0004_0207" 9545
"/Engine/EngineMaterials/Substrate/Glints2/dict_0004_0206" 9546
"/Engine/EngineMaterials/Substrate/Glints2/dict_0004_0205" 9547
"/Engine/EngineMaterials/Substrate/Glints2/dict_0004_0204" 9548
"../../../Engine/Content/EngineMaterials/Substrate/Glints2/dict_0004_0233.uasset" 9549
"../../../Engine/Content/EngineMaterials/Substrate/Glints2/dict_0004_0226.uasset" 9550
"../../../Engine/Content/EngineMaterials/Substrate/Glints2/dict_0004_0235.uasset" 9551
"../../../Engine/Content/EngineMaterials/Substrate/Glints2/dict_0004_0227.uasset" 9552
"../../../Engine/Content/EngineMaterials/Substrate/Glints2/dict_0004_0215.uasset" 9553
"../../../Engine/Content/EngineMaterials/Substrate/Glints2/dict_0004_0229.uasset" 9554
"../../../Engine/Content/EngineMaterials/Substrate/Glints2/dict_0004_0222.uasset" 9555
"../../../Engine/Content/EngineMaterials/Substrate/Glints2/dict_0004_0219.uasset" 9556
"../../../Engine/Content/EngineMaterials/Substrate/Glints2/dict_0004_0218.uasset" 9557
"../../../Engine/Content/EngineMaterials/Substrate/Glints2/dict_0004_0223.uasset" 9558
"../../../Engine/Content/EngineMaterials/Substrate/Glints2/dict_0004_0224.uasset" 9559
"../../../Engine/Content/EngineMaterials/Substrate/Glints2/dict_0004_0231.uasset" 9560
"../../../Engine/Content/EngineMaterials/Substrate/Glints2/dict_0004_0220.uasset" 9561
"../../../Engine/Content/EngineMaterials/Substrate/Glints2/dict_0004_0214.uasset" 9562
"../../../Engine/Content/EngineMaterials/Substrate/Glints2/dict_0004_0221.uasset" 9563
"../../../Engine/Content/EngineMaterials/Substrate/Glints2/dict_0004_0230.uasset" 9564
"../../../Engine/Content/EngineMaterials/Substrate/Glints2/dict_0004_0225.uasset" 9565
"../../../Engine/Content/EngineMaterials/Substrate/Glints2/dict_0004_0217.uasset" 9566
"../../../Engine/Content/EngineMaterials/Substrate/Glints2/dict_0004_0216.uasset" 9567
"../../../Engine/Content/EngineMaterials/Substrate/Glints2/dict_0004_0232.uasset" 9568
"../../../Engine/Content/EngineMaterials/Substrate/Glints2/dict_0004_0234.uasset" 9569
"../../../Engine/Content/EngineMaterials/Substrate/Glints2/dict_0004_0228.uasset" 9570
"/Engine/EngineMaterials/Substrate/Glints2/dict_0004_0235" 9571
"/Engine/EngineMaterials/Substrate/Glints2/dict_0004_0234" 9572
"/Engine/EngineMaterials/Substrate/Glints2/dict_0004_0233" 9573
"../../../Engine/Content/EngineMaterials/Substrate/Glints2/dict_0004_0239.uasset" 9574
"../../../Engine/Content/EngineMaterials/Substrate/Glints2/dict_0004_0241.uasset" 9575
"../../../Engine/Content/EngineMaterials/Substrate/Glints2/dict_0004_0236.uasset" 9576
"/Engine/EngineMaterials/Substrate/Glints2/dict_0004_0232" 9577
"../../../Engine/Content/EngineMaterials/Substrate/Glints2/dict_0004_0243.uasset" 9578
"../../../Engine/Content/EngineMaterials/Substrate/Glints2/dict_0004_0245.uasset" 9579
"/Engine/EngineMaterials/Substrate/Glints2/dict_0004_0231" 9580
"../../../Engine/Content/EngineMaterials/Substrate/Glints2/dict_0004_0237.uasset" 9581
"../../../Engine/Content/EngineMaterials/Substrate/Glints2/dict_0004_0240.uasset" 9582
"../../../Engine/Content/EngineMaterials/Substrate/Glints2/dict_0004_0244.uasset" 9583
"../../../Engine/Content/EngineMaterials/Substrate/Glints2/dict_0004_0242.uasset" 9584
"/Engine/EngineMaterials/Substrate/Glints2/dict_0004_0230" 9585
"../../../Engine/Content/EngineMaterials/Substrate/Glints2/dict_0004_0238.uasset" 9586
"/Engine/EngineMaterials/Substrate/Glints2/dict_0004_0229" 9587
"/Engine/EngineMaterials/Substrate/Glints2/dict_0004_0228" 9588
"/Engine/EngineMaterials/Substrate/Glints2/dict_0004_0227" 9589
"/Engine/EngineMaterials/Substrate/Glints2/dict_0004_0226" 9590
"/Engine/EngineMaterials/Substrate/Glints2/dict_0004_0225" 9591
"/Engine/EngineMaterials/Substrate/Glints2/dict_0004_0224" 9592
"/Engine/EngineMaterials/Substrate/Glints2/dict_0004_0223" 9593
"/Engine/EngineMaterials/Substrate/Glints2/dict_0004_0222" 9594
"/Engine/EngineMaterials/Substrate/Glints2/dict_0004_0221" 9595
"/Engine/EngineMaterials/Substrate/Glints2/dict_0004_0220" 9596
"/Engine/EngineMaterials/Substrate/Glints2/dict_0004_0219" 9597
"/Engine/EngineMaterials/Substrate/Glints2/dict_0004_0218" 9598
"/Engine/EngineMaterials/Substrate/Glints2/dict_0004_0217" 9599
"/Engine/EngineMaterials/Substrate/Glints2/dict_0004_0216" 9600
"/Engine/EngineMaterials/Substrate/Glints2/dict_0004_0215" 9601
"/Engine/EngineMaterials/Substrate/Glints2/dict_0004_0214" 9602
"/Engine/EngineMaterials/Substrate/Glints2/dict_0004_0245" 9603
"/Engine/EngineMaterials/Substrate/Glints2/dict_0004_0244" 9604
"/Engine/EngineMaterials/Substrate/Glints2/dict_0004_0243" 9605
"/Engine/EngineMaterials/Substrate/Glints2/dict_0004_0242" 9606
"/Engine/EngineMaterials/Substrate/Glints2/dict_0004_0241" 9607
"/Engine/EngineMaterials/Substrate/Glints2/dict_0004_0240" 9608
"/Engine/EngineMaterials/Substrate/Glints2/dict_0004_0239" 9609
"/Engine/EngineMaterials/Substrate/Glints2/dict_0004_0238" 9610
"/Engine/EngineMaterials/Substrate/Glints2/dict_0004_0237" 9611
"/Engine/EngineMaterials/Substrate/Glints2/dict_0004_0236" 9612
"../../../Engine/Content/EngineMaterials/Substrate/Glints2/dict_0004_0249.uasset" 9613
"../../../Engine/Content/EngineMaterials/Substrate/Glints2/dict_0004_0251.uasset" 9614
"../../../Engine/Content/EngineMaterials/Substrate/Glints2/dict_0005_0003.uasset" 9615
"../../../Engine/Content/EngineMaterials/Substrate/Glints2/dict_0005_0006.uasset" 9616
"../../../Engine/Content/EngineMaterials/Substrate/Glints2/dict_0005_0010.uasset" 9617
"../../../Engine/Content/EngineMaterials/Substrate/Glints2/dict_0004_0248.uasset" 9618
"../../../Engine/Content/EngineMaterials/Substrate/Glints2/dict_0004_0253.uasset" 9619
"../../../Engine/Content/EngineMaterials/Substrate/Glints2/dict_0005_0000.uasset" 9620
"../../../Engine/Content/EngineMaterials/Substrate/Glints2/dict_0004_0255.uasset" 9621
"../../../Engine/Content/EngineMaterials/Substrate/Glints2/dict_0005_0008.uasset" 9622
"../../../Engine/Content/EngineMaterials/Substrate/Glints2/dict_0005_0004.uasset" 9623
"../../../Engine/Content/EngineMaterials/Substrate/Glints2/dict_0005_0007.uasset" 9624
"../../../Engine/Content/EngineMaterials/Substrate/Glints2/dict_0004_0252.uasset" 9625
"../../../Engine/Content/EngineMaterials/Substrate/Glints2/dict_0005_0011.uasset" 9626
"../../../Engine/Content/EngineMaterials/Substrate/Glints2/dict_0005_0005.uasset" 9627
"../../../Engine/Content/EngineMaterials/Substrate/Glints2/dict_0005_0001.uasset" 9628
"../../../Engine/Content/EngineMaterials/Substrate/Glints2/dict_0004_0254.uasset" 9629
"../../../Engine/Content/EngineMaterials/Substrate/Glints2/dict_0005_0009.uasset" 9630
"../../../Engine/Content/EngineMaterials/Substrate/Glints2/dict_0004_0247.uasset" 9631
"../../../Engine/Content/EngineMaterials/Substrate/Glints2/dict_0005_0002.uasset" 9632
"../../../Engine/Content/EngineMaterials/Substrate/Glints2/dict_0004_0250.uasset" 9633
"../../../Engine/Content/EngineMaterials/Substrate/Glints2/dict_0004_0246.uasset" 9634
"/Engine/EngineMaterials/Substrate/Glints2/dict_0005_0011" 9635
"/Engine/EngineMaterials/Substrate/Glints2/dict_0005_0010" 9636
"/Engine/EngineMaterials/Substrate/Glints2/dict_0005_0009" 9637
"/Engine/EngineMaterials/Substrate/Glints2/dict_0005_0008" 9638
"/Engine/EngineMaterials/Substrate/Glints2/dict_0005_0007" 9639
"/Engine/EngineMaterials/Substrate/Glints2/dict_0005_0006" 9640
"/Engine/EngineMaterials/Substrate/Glints2/dict_0005_0005" 9641
"/Engine/EngineMaterials/Substrate/Glints2/dict_0005_0004" 9642
"/Engine/EngineMaterials/Substrate/Glints2/dict_0005_0003" 9643
"/Engine/EngineMaterials/Substrate/Glints2/dict_0005_0002" 9644
"/Engine/EngineMaterials/Substrate/Glints2/dict_0005_0001" 9645
"/Engine/EngineMaterials/Substrate/Glints2/dict_0005_0000" 9646
"/Engine/EngineMaterials/Substrate/Glints2/dict_0004_0255" 9647
"/Engine/EngineMaterials/Substrate/Glints2/dict_0004_0254" 9648
"/Engine/EngineMaterials/Substrate/Glints2/dict_0004_0253" 9649
"/Engine/EngineMaterials/Substrate/Glints2/dict_0004_0252" 9650
"/Engine/EngineMaterials/Substrate/Glints2/dict_0004_0251" 9651
"/Engine/EngineMaterials/Substrate/Glints2/dict_0004_0250" 9652
"../../../Engine/Content/EngineMaterials/Substrate/Glints2/dict_0005_0012.uasset" 9653
"../../../Engine/Content/EngineMaterials/Substrate/Glints2/dict_0005_0014.uasset" 9654
"../../../Engine/Content/EngineMaterials/Substrate/Glints2/dict_0005_0013.uasset" 9655
"../../../Engine/Content/EngineMaterials/Substrate/Glints2/dict_0005_0019.uasset" 9656
"../../../Engine/Content/EngineMaterials/Substrate/Glints2/dict_0005_0018.uasset" 9657
"/Engine/EngineMaterials/Substrate/Glints2/dict_0004_0249" 9658
"../../../Engine/Content/EngineMaterials/Substrate/Glints2/dict_0005_0016.uasset" 9659
"/Engine/EngineMaterials/Substrate/Glints2/dict_0004_0248" 9660
"../../../Engine/Content/EngineMaterials/Substrate/Glints2/dict_0005_0020.uasset" 9661
"/Engine/EngineMaterials/Substrate/Glints2/dict_0004_0247" 9662
"/Engine/EngineMaterials/Substrate/Glints2/dict_0004_0246" 9663
"/Engine/EngineMaterials/Substrate/Glints2/dict_0005_0020" 9664
"../../../Engine/Content/EngineMaterials/Substrate/Glints2/dict_0005_0021.uasset" 9665
"../../../Engine/Content/EngineMaterials/Substrate/Glints2/dict_0005_0015.uasset" 9666
"../../../Engine/Content/EngineMaterials/Substrate/Glints2/dict_0005_0017.uasset" 9667
"/Engine/EngineMaterials/Substrate/Glints2/dict_0005_0019" 9668
"/Engine/EngineMaterials/Substrate/Glints2/dict_0005_0018" 9669
"/Engine/EngineMaterials/Substrate/Glints2/dict_0005_0016" 9670
"/Engine/EngineMaterials/Substrate/Glints2/dict_0005_0014" 9671
"/Engine/EngineMaterials/Substrate/Glints2/dict_0005_0013" 9672
"/Engine/EngineMaterials/Substrate/Glints2/dict_0005_0012" 9673
"/Engine/EngineMaterials/Substrate/Glints2/dict_0005_0021" 9674
"/Engine/EngineMaterials/Substrate/Glints2/dict_0005_0017" 9675
"/Engine/EngineMaterials/Substrate/Glints2/dict_0005_0015" 9676
"../../../Engine/Content/EngineMaterials/Substrate/Glints2/dict_0005_0029.uasset" 9677
"../../../Engine/Content/EngineMaterials/Substrate/Glints2/dict_0005_0027.uasset" 9678
"../../../Engine/Content/EngineMaterials/Substrate/Glints2/dict_0005_0025.uasset" 9679
"../../../Engine/Content/EngineMaterials/Substrate/Glints2/dict_0005_0034.uasset" 9680
"../../../Engine/Content/EngineMaterials/Substrate/Glints2/dict_0005_0042.uasset" 9681
"../../../Engine/Content/EngineMaterials/Substrate/Glints2/dict_0005_0039.uasset" 9682
"../../../Engine/Content/EngineMaterials/Substrate/Glints2/dict_0005_0028.uasset" 9683
"../../../Engine/Content/EngineMaterials/Substrate/Glints2/dict_0005_0026.uasset" 9684
"../../../Engine/Content/EngineMaterials/Substrate/Glints2/dict_0005_0033.uasset" 9685
"../../../Engine/Content/EngineMaterials/Substrate/Glints2/dict_0005_0043.uasset" 9686
"../../../Engine/Content/EngineMaterials/Substrate/Glints2/dict_0005_0032.uasset" 9687
"../../../Engine/Content/EngineMaterials/Substrate/Glints2/dict_0005_0024.uasset" 9688
"../../../Engine/Content/EngineMaterials/Substrate/Glints2/dict_0005_0038.uasset" 9689
"../../../Engine/Content/EngineMaterials/Substrate/Glints2/dict_0005_0040.uasset" 9690
"../../../Engine/Content/EngineMaterials/Substrate/Glints2/dict_0005_0031.uasset" 9691
"../../../Engine/Content/EngineMaterials/Substrate/Glints2/dict_0005_0030.uasset" 9692
"../../../Engine/Content/EngineMaterials/Substrate/Glints2/dict_0005_0023.uasset" 9693
"../../../Engine/Content/EngineMaterials/Substrate/Glints2/dict_0005_0036.uasset" 9694
"../../../Engine/Content/EngineMaterials/Substrate/Glints2/dict_0005_0022.uasset" 9695
"../../../Engine/Content/EngineMaterials/Substrate/Glints2/dict_0005_0035.uasset" 9696
"../../../Engine/Content/EngineMaterials/Substrate/Glints2/dict_0005_0037.uasset" 9697
"../../../Engine/Content/EngineMaterials/Substrate/Glints2/dict_0005_0041.uasset" 9698
"/Engine/EngineMaterials/Substrate/Glints2/dict_0005_0043" 9699
"/Engine/EngineMaterials/Substrate/Glints2/dict_0005_0042" 9700
"/Engine/EngineMaterials/Substrate/Glints2/dict_0005_0041" 9701
"/Engine/EngineMaterials/Substrate/Glints2/dict_0005_0040" 9702
"/Engine/EngineMaterials/Substrate/Glints2/dict_0005_0039" 9703
"/Engine/EngineMaterials/Substrate/Glints2/dict_0005_0038" 9704
"/Engine/EngineMaterials/Substrate/Glints2/dict_0005_0037" 9705
"/Engine/EngineMaterials/Substrate/Glints2/dict_0005_0036" 9706
"/Engine/EngineMaterials/Substrate/Glints2/dict_0005_0035" 9707
"../../../Engine/Content/EngineMaterials/Substrate/Glints2/dict_0005_0044.uasset" 9708
"../../../Engine/Content/EngineMaterials/Substrate/Glints2/dict_0005_0046.uasset" 9709
"../../../Engine/Content/EngineMaterials/Substrate/Glints2/dict_0005_0047.uasset" 9710
"../../../Engine/Content/EngineMaterials/Substrate/Glints2/dict_0005_0051.uasset" 9711
"/Engine/EngineMaterials/Substrate/Glints2/dict_0005_0034" 9712
"../../../Engine/Content/EngineMaterials/Substrate/Glints2/dict_0005_0045.uasset" 9713
"/Engine/EngineMaterials/Substrate/Glints2/dict_0005_0033" 9714
"../../../Engine/Content/EngineMaterials/Substrate/Glints2/dict_0005_0048.uasset" 9715
"/Engine/EngineMaterials/Substrate/Glints2/dict_0005_0032" 9716
"/Engine/EngineMaterials/Substrate/Glints2/dict_0005_0031" 9717
"/Engine/EngineMaterials/Substrate/Glints2/dict_0005_0030" 9718
"/Engine/EngineMaterials/Substrate/Glints2/dict_0005_0029" 9719
"/Engine/EngineMaterials/Substrate/Glints2/dict_0005_0028" 9720
"/Engine/EngineMaterials/Substrate/Glints2/dict_0005_0027" 9721
"/Engine/EngineMaterials/Substrate/Glints2/dict_0005_0026" 9722
"/Engine/EngineMaterials/Substrate/Glints2/dict_0005_0025" 9723
"/Engine/EngineMaterials/Substrate/Glints2/dict_0005_0024" 9724
"/Engine/EngineMaterials/Substrate/Glints2/dict_0005_0023" 9725
"/Engine/EngineMaterials/Substrate/Glints2/dict_0005_0022" 9726
"/Engine/EngineMaterials/Substrate/Glints2/dict_0005_0048" 9727
"/Engine/EngineMaterials/Substrate/Glints2/dict_0005_0047" 9728
"/Engine/EngineMaterials/Substrate/Glints2/dict_0005_0051" 9729
"../../../Engine/Content/EngineMaterials/Substrate/Glints2/dict_0005_0050.uasset" 9730
"../../../Engine/Content/EngineMaterials/Substrate/Glints2/dict_0005_0049.uasset" 9731
"../../../Engine/Content/EngineMaterials/Substrate/Glints2/dict_0005_0053.uasset" 9732
"/Engine/EngineMaterials/Substrate/Glints2/dict_0005_0046" 9733
"../../../Engine/Content/EngineMaterials/Substrate/Glints2/dict_0005_0052.uasset" 9734
"/Engine/EngineMaterials/Substrate/Glints2/dict_0005_0045" 9735
"/Engine/EngineMaterials/Substrate/Glints2/dict_0005_0044" 9736
"/Engine/EngineMaterials/Substrate/Glints2/dict_0005_0053" 9737
"/Engine/EngineMaterials/Substrate/Glints2/dict_0005_0050" 9738
"/Engine/EngineMaterials/Substrate/Glints2/dict_0005_0049" 9739
"/Engine/EngineMaterials/Substrate/Glints2/dict_0005_0052" 9740
"../../../Engine/Content/EngineMaterials/Substrate/Glints2/dict_0005_0055.uasset" 9741
"../../../Engine/Content/EngineMaterials/Substrate/Glints2/dict_0005_0070.uasset" 9742
"../../../Engine/Content/EngineMaterials/Substrate/Glints2/dict_0005_0061.uasset" 9743
"../../../Engine/Content/EngineMaterials/Substrate/Glints2/dict_0005_0062.uasset" 9744
"../../../Engine/Content/EngineMaterials/Substrate/Glints2/dict_0005_0054.uasset" 9745
"../../../Engine/Content/EngineMaterials/Substrate/Glints2/dict_0005_0065.uasset" 9746
"../../../Engine/Content/EngineMaterials/Substrate/Glints2/dict_0005_0068.uasset" 9747
"../../../Engine/Content/EngineMaterials/Substrate/Glints2/dict_0005_0073.uasset" 9748
"../../../Engine/Content/EngineMaterials/Substrate/Glints2/dict_0005_0057.uasset" 9749
"../../../Engine/Content/EngineMaterials/Substrate/Glints2/dict_0005_0067.uasset" 9750
"../../../Engine/Content/EngineMaterials/Substrate/Glints2/dict_0005_0069.uasset" 9751
"../../../Engine/Content/EngineMaterials/Substrate/Glints2/dict_0005_0063.uasset" 9752
"../../../Engine/Content/EngineMaterials/Substrate/Glints2/dict_0005_0056.uasset" 9753
"../../../Engine/Content/EngineMaterials/Substrate/Glints2/dict_0005_0064.uasset" 9754
"../../../Engine/Content/EngineMaterials/Substrate/Glints2/dict_0005_0074.uasset" 9755
"../../../Engine/Content/EngineMaterials/Substrate/Glints2/dict_0005_0071.uasset" 9756
"../../../Engine/Content/EngineMaterials/Substrate/Glints2/dict_0005_0059.uasset" 9757
"../../../Engine/Content/EngineMaterials/Substrate/Glints2/dict_0005_0072.uasset" 9758
"../../../Engine/Content/EngineMaterials/Substrate/Glints2/dict_0005_0058.uasset" 9759
"../../../Engine/Content/EngineMaterials/Substrate/Glints2/dict_0005_0075.uasset" 9760
"../../../Engine/Content/EngineMaterials/Substrate/Glints2/dict_0005_0060.uasset" 9761
"../../../Engine/Content/EngineMaterials/Substrate/Glints2/dict_0005_0066.uasset" 9762
"/Engine/EngineMaterials/Substrate/Glints2/dict_0005_0075" 9763
"/Engine/EngineMaterials/Substrate/Glints2/dict_0005_0074" 9764
"/Engine/EngineMaterials/Substrate/Glints2/dict_0005_0073" 9765
"/Engine/EngineMaterials/Substrate/Glints2/dict_0005_0072" 9766
"/Engine/EngineMaterials/Substrate/Glints2/dict_0005_0071" 9767
"/Engine/EngineMaterials/Substrate/Glints2/dict_0005_0070" 9768
"/Engine/EngineMaterials/Substrate/Glints2/dict_0005_0069" 9769
"../../../Engine/Content/EngineMaterials/Substrate/Glints2/dict_0005_0079.uasset" 9770
"../../../Engine/Content/EngineMaterials/Substrate/Glints2/dict_0005_0080.uasset" 9771
"../../../Engine/Content/EngineMaterials/Substrate/Glints2/dict_0005_0082.uasset" 9772
"../../../Engine/Content/EngineMaterials/Substrate/Glints2/dict_0005_0081.uasset" 9773
"../../../Engine/Content/EngineMaterials/Substrate/Glints2/dict_0005_0076.uasset" 9774
"/Engine/EngineMaterials/Substrate/Glints2/dict_0005_0068" 9775
"../../../Engine/Content/EngineMaterials/Substrate/Glints2/dict_0005_0084.uasset" 9776
"../../../Engine/Content/EngineMaterials/Substrate/Glints2/dict_0005_0078.uasset" 9777
"../../../Engine/Content/EngineMaterials/Substrate/Glints2/dict_0005_0077.uasset" 9778
"/Engine/EngineMaterials/Substrate/Glints2/dict_0005_0067" 9779
"../../../Engine/Content/EngineMaterials/Substrate/Glints2/dict_0005_0083.uasset" 9780
"../../../Engine/Content/EngineMaterials/Substrate/Glints2/dict_0005_0085.uasset" 9781
"/Engine/EngineMaterials/Substrate/Glints2/dict_0005_0066" 9782
"/Engine/EngineMaterials/Substrate/Glints2/dict_0005_0065" 9783
"/Engine/EngineMaterials/Substrate/Glints2/dict_0005_0064" 9784
"/Engine/EngineMaterials/Substrate/Glints2/dict_0005_0063" 9785
"/Engine/EngineMaterials/Substrate/Glints2/dict_0005_0062" 9786
"/Engine/EngineMaterials/Substrate/Glints2/dict_0005_0061" 9787
"/Engine/EngineMaterials/Substrate/Glints2/dict_0005_0060" 9788
"/Engine/EngineMaterials/Substrate/Glints2/dict_0005_0059" 9789
"/Engine/EngineMaterials/Substrate/Glints2/dict_0005_0058" 9790
"/Engine/EngineMaterials/Substrate/Glints2/dict_0005_0057" 9791
"/Engine/EngineMaterials/Substrate/Glints2/dict_0005_0056" 9792
"/Engine/EngineMaterials/Substrate/Glints2/dict_0005_0055" 9793
"/Engine/EngineMaterials/Substrate/Glints2/dict_0005_0054" 9794
"/Engine/EngineMaterials/Substrate/Glints2/dict_0005_0085" 9795
"/Engine/EngineMaterials/Substrate/Glints2/dict_0005_0084" 9796
"/Engine/EngineMaterials/Substrate/Glints2/dict_0005_0083" 9797
"/Engine/EngineMaterials/Substrate/Glints2/dict_0005_0081" 9798
"/Engine/EngineMaterials/Substrate/Glints2/dict_0005_0082" 9799
"/Engine/EngineMaterials/Substrate/Glints2/dict_0005_0080" 9800
"/Engine/EngineMaterials/Substrate/Glints2/dict_0005_0079" 9801
"/Engine/EngineMaterials/Substrate/Glints2/dict_0005_0078" 9802
"/Engine/EngineMaterials/Substrate/Glints2/dict_0005_0077" 9803
"/Engine/EngineMaterials/Substrate/Glints2/dict_0005_0076" 9804
"../../../Engine/Content/EngineMaterials/Substrate/Glints2/dict_0005_0097.uasset" 9805
"../../../Engine/Content/EngineMaterials/Substrate/Glints2/dict_0005_0092.uasset" 9806
"../../../Engine/Content/EngineMaterials/Substrate/Glints2/dict_0005_0099.uasset" 9807
"../../../Engine/Content/EngineMaterials/Substrate/Glints2/dict_0005_0104.uasset" 9808
"../../../Engine/Content/EngineMaterials/Substrate/Glints2/dict_0005_0091.uasset" 9809
"../../../Engine/Content/EngineMaterials/Substrate/Glints2/dict_0005_0098.uasset" 9810
"../../../Engine/Content/EngineMaterials/Substrate/Glints2/dict_0005_0089.uasset" 9811
"../../../Engine/Content/EngineMaterials/Substrate/Glints2/dict_0005_0103.uasset" 9812
"../../../Engine/Content/EngineMaterials/Substrate/Glints2/dict_0005_0088.uasset" 9813
"../../../Engine/Content/EngineMaterials/Substrate/Glints2/dict_0005_0101.uasset" 9814
"../../../Engine/Content/EngineMaterials/Substrate/Glints2/dict_0005_0093.uasset" 9815
"../../../Engine/Content/EngineMaterials/Substrate/Glints2/dict_0005_0094.uasset" 9816
"../../../Engine/Content/EngineMaterials/Substrate/Glints2/dict_0005_0096.uasset" 9817
"../../../Engine/Content/EngineMaterials/Substrate/Glints2/dict_0005_0090.uasset" 9818
"../../../Engine/Content/EngineMaterials/Substrate/Glints2/dict_0005_0107.uasset" 9819
"../../../Engine/Content/EngineMaterials/Substrate/Glints2/dict_0005_0105.uasset" 9820
"../../../Engine/Content/EngineMaterials/Substrate/Glints2/dict_0005_0106.uasset" 9821
"../../../Engine/Content/EngineMaterials/Substrate/Glints2/dict_0005_0086.uasset" 9822
"../../../Engine/Content/EngineMaterials/Substrate/Glints2/dict_0005_0087.uasset" 9823
"../../../Engine/Content/EngineMaterials/Substrate/Glints2/dict_0005_0100.uasset" 9824
"../../../Engine/Content/EngineMaterials/Substrate/Glints2/dict_0005_0095.uasset" 9825
"../../../Engine/Content/EngineMaterials/Substrate/Glints2/dict_0005_0102.uasset" 9826
"/Engine/EngineMaterials/Substrate/Glints2/dict_0005_0107" 9827
"/Engine/EngineMaterials/Substrate/Glints2/dict_0005_0106" 9828
"/Engine/EngineMaterials/Substrate/Glints2/dict_0005_0105" 9829
"/Engine/EngineMaterials/Substrate/Glints2/dict_0005_0104" 9830
"/Engine/EngineMaterials/Substrate/Glints2/dict_0005_0103" 9831
"/Engine/EngineMaterials/Substrate/Glints2/dict_0005_0102" 9832
"/Engine/EngineMaterials/Substrate/Glints2/dict_0005_0101" 9833
"../../../Engine/Content/EngineMaterials/Substrate/Glints2/dict_0005_0114.uasset" 9834
"/Engine/EngineMaterials/Substrate/Glints2/dict_0005_0100" 9835
"../../../Engine/Content/EngineMaterials/Substrate/Glints2/dict_0005_0112.uasset" 9836
"../../../Engine/Content/EngineMaterials/Substrate/Glints2/dict_0005_0108.uasset" 9837
"../../../Engine/Content/EngineMaterials/Substrate/Glints2/dict_0005_0111.uasset" 9838
"../../../Engine/Content/EngineMaterials/Substrate/Glints2/dict_0005_0116.uasset" 9839
"/Engine/EngineMaterials/Substrate/Glints2/dict_0005_0099" 9840
"../../../Engine/Content/EngineMaterials/Substrate/Glints2/dict_0005_0113.uasset" 9841
"../../../Engine/Content/EngineMaterials/Substrate/Glints2/dict_0005_0110.uasset" 9842
"../../../Engine/Content/EngineMaterials/Substrate/Glints2/dict_0005_0115.uasset" 9843
"../../../Engine/Content/EngineMaterials/Substrate/Glints2/dict_0005_0109.uasset" 9844
"../../../Engine/Content/EngineMaterials/Substrate/Glints2/dict_0005_0117.uasset" 9845
"/Engine/EngineMaterials/Substrate/Glints2/dict_0005_0098" 9846
"/Engine/EngineMaterials/Substrate/Glints2/dict_0005_0097" 9847
"/Engine/EngineMaterials/Substrate/Glints2/dict_0005_0096" 9848
"/Engine/EngineMaterials/Substrate/Glints2/dict_0005_0095" 9849
"/Engine/EngineMaterials/Substrate/Glints2/dict_0005_0094" 9850
"/Engine/EngineMaterials/Substrate/Glints2/dict_0005_0093" 9851
"/Engine/EngineMaterials/Substrate/Glints2/dict_0005_0092" 9852
"/Engine/EngineMaterials/Substrate/Glints2/dict_0005_0091" 9853
"/Engine/EngineMaterials/Substrate/Glints2/dict_0005_0090" 9854
"/Engine/EngineMaterials/Substrate/Glints2/dict_0005_0089" 9855
"/Engine/EngineMaterials/Substrate/Glints2/dict_0005_0088" 9856
"/Engine/EngineMaterials/Substrate/Glints2/dict_0005_0087" 9857
"/Engine/EngineMaterials/Substrate/Glints2/dict_0005_0086" 9858
"/Engine/EngineMaterials/Substrate/Glints2/dict_0005_0117" 9859
"/Engine/EngineMaterials/Substrate/Glints2/dict_0005_0116" 9860
"/Engine/EngineMaterials/Substrate/Glints2/dict_0005_0115" 9861
"/Engine/EngineMaterials/Substrate/Glints2/dict_0005_0114" 9862
"/Engine/EngineMaterials/Substrate/Glints2/dict_0005_0113" 9863
"/Engine/EngineMaterials/Substrate/Glints2/dict_0005_0112" 9864
"/Engine/EngineMaterials/Substrate/Glints2/dict_0005_0111" 9865
"/Engine/EngineMaterials/Substrate/Glints2/dict_0005_0110" 9866
"/Engine/EngineMaterials/Substrate/Glints2/dict_0005_0109" 9867
"/Engine/EngineMaterials/Substrate/Glints2/dict_0005_0108" 9868
"../../../Engine/Content/EngineMaterials/Substrate/Glints2/dict_0005_0121.uasset" 9869
"../../../Engine/Content/EngineMaterials/Substrate/Glints2/dict_0005_0124.uasset" 9870
"../../../Engine/Content/EngineMaterials/Substrate/Glints2/dict_0005_0131.uasset" 9871
"../../../Engine/Content/EngineMaterials/Substrate/Glints2/dict_0005_0119.uasset" 9872
"../../../Engine/Content/EngineMaterials/Substrate/Glints2/dict_0005_0128.uasset" 9873
"../../../Engine/Content/EngineMaterials/Substrate/Glints2/dict_0005_0120.uasset" 9874
"../../../Engine/Content/EngineMaterials/Substrate/Glints2/dict_0005_0133.uasset" 9875
"../../../Engine/Content/EngineMaterials/Substrate/Glints2/dict_0005_0137.uasset" 9876
"../../../Engine/Content/EngineMaterials/Substrate/Glints2/dict_0005_0127.uasset" 9877
"../../../Engine/Content/EngineMaterials/Substrate/Glints2/dict_0005_0139.uasset" 9878
"../../../Engine/Content/EngineMaterials/Substrate/Glints2/dict_0005_0129.uasset" 9879
"../../../Engine/Content/EngineMaterials/Substrate/Glints2/dict_0005_0118.uasset" 9880
"../../../Engine/Content/EngineMaterials/Substrate/Glints2/dict_0005_0134.uasset" 9881
"../../../Engine/Content/EngineMaterials/Substrate/Glints2/dict_0005_0126.uasset" 9882
"../../../Engine/Content/EngineMaterials/Substrate/Glints2/dict_0005_0130.uasset" 9883
"../../../Engine/Content/EngineMaterials/Substrate/Glints2/dict_0005_0132.uasset" 9884
"../../../Engine/Content/EngineMaterials/Substrate/Glints2/dict_0005_0123.uasset" 9885
"../../../Engine/Content/EngineMaterials/Substrate/Glints2/dict_0005_0136.uasset" 9886
"../../../Engine/Content/EngineMaterials/Substrate/Glints2/dict_0005_0122.uasset" 9887
"../../../Engine/Content/EngineMaterials/Substrate/Glints2/dict_0005_0138.uasset" 9888
"../../../Engine/Content/EngineMaterials/Substrate/Glints2/dict_0005_0135.uasset" 9889
"../../../Engine/Content/EngineMaterials/Substrate/Glints2/dict_0005_0125.uasset" 9890
"/Engine/EngineMaterials/Substrate/Glints2/dict_0005_0139" 9891
"/Engine/EngineMaterials/Substrate/Glints2/dict_0005_0138" 9892
"/Engine/EngineMaterials/Substrate/Glints2/dict_0005_0137" 9893
"../../../Engine/Content/EngineMaterials/Substrate/Glints2/dict_0005_0145.uasset" 9894
"../../../Engine/Content/EngineMaterials/Substrate/Glints2/dict_0005_0143.uasset" 9895
"../../../Engine/Content/EngineMaterials/Substrate/Glints2/dict_0005_0141.uasset" 9896
"../../../Engine/Content/EngineMaterials/Substrate/Glints2/dict_0005_0142.uasset" 9897
"/Engine/EngineMaterials/Substrate/Glints2/dict_0005_0136" 9898
"../../../Engine/Content/EngineMaterials/Substrate/Glints2/dict_0005_0146.uasset" 9899
"/Engine/EngineMaterials/Substrate/Glints2/dict_0005_0135" 9900
"/Engine/EngineMaterials/Substrate/Glints2/dict_0005_0134" 9901
"/Engine/EngineMaterials/Substrate/Glints2/dict_0005_0133" 9902
"/Engine/EngineMaterials/Substrate/Glints2/dict_0005_0132" 9903
"../../../Engine/Content/EngineMaterials/Substrate/Glints2/dict_0005_0144.uasset" 9904
"../../../Engine/Content/EngineMaterials/Substrate/Glints2/dict_0005_0147.uasset" 9905
"../../../Engine/Content/EngineMaterials/Substrate/Glints2/dict_0005_0140.uasset" 9906
"/Engine/EngineMaterials/Substrate/Glints2/dict_0005_0131" 9907
"../../../Engine/Content/EngineMaterials/Substrate/Glints2/dict_0005_0148.uasset" 9908
"../../../Engine/Content/EngineMaterials/Substrate/Glints2/dict_0005_0149.uasset" 9909
"/Engine/EngineMaterials/Substrate/Glints2/dict_0005_0130" 9910
"/Engine/EngineMaterials/Substrate/Glints2/dict_0005_0129" 9911
"/Engine/EngineMaterials/Substrate/Glints2/dict_0005_0128" 9912
"/Engine/EngineMaterials/Substrate/Glints2/dict_0005_0127" 9913
"/Engine/EngineMaterials/Substrate/Glints2/dict_0005_0126" 9914
"/Engine/EngineMaterials/Substrate/Glints2/dict_0005_0125" 9915
"/Engine/EngineMaterials/Substrate/Glints2/dict_0005_0124" 9916
"/Engine/EngineMaterials/Substrate/Glints2/dict_0005_0123" 9917
"/Engine/EngineMaterials/Substrate/Glints2/dict_0005_0122" 9918
"/Engine/EngineMaterials/Substrate/Glints2/dict_0005_0121" 9919
"/Engine/EngineMaterials/Substrate/Glints2/dict_0005_0120" 9920
"/Engine/EngineMaterials/Substrate/Glints2/dict_0005_0119" 9921
"/Engine/EngineMaterials/Substrate/Glints2/dict_0005_0118" 9922
"/Engine/EngineMaterials/Substrate/Glints2/dict_0005_0149" 9923
"/Engine/EngineMaterials/Substrate/Glints2/dict_0005_0148" 9924
"/Engine/EngineMaterials/Substrate/Glints2/dict_0005_0147" 9925
"/Engine/EngineMaterials/Substrate/Glints2/dict_0005_0146" 9926
"/Engine/EngineMaterials/Substrate/Glints2/dict_0005_0145" 9927
"/Engine/EngineMaterials/Substrate/Glints2/dict_0005_0144" 9928
"/Engine/EngineMaterials/Substrate/Glints2/dict_0005_0143" 9929
"/Engine/EngineMaterials/Substrate/Glints2/dict_0005_0142" 9930
"/Engine/EngineMaterials/Substrate/Glints2/dict_0005_0141" 9931
"/Engine/EngineMaterials/Substrate/Glints2/dict_0005_0140" 9932
"../../../Engine/Content/EngineMaterials/Substrate/Glints2/dict_0005_0165.uasset" 9933
"../../../Engine/Content/EngineMaterials/Substrate/Glints2/dict_0005_0171.uasset" 9934
"../../../Engine/Content/EngineMaterials/Substrate/Glints2/dict_0005_0162.uasset" 9935
"../../../Engine/Content/EngineMaterials/Substrate/Glints2/dict_0005_0151.uasset" 9936
"../../../Engine/Content/EngineMaterials/Substrate/Glints2/dict_0005_0167.uasset" 9937
"../../../Engine/Content/EngineMaterials/Substrate/Glints2/dict_0005_0155.uasset" 9938
"../../../Engine/Content/EngineMaterials/Substrate/Glints2/dict_0005_0159.uasset" 9939
"../../../Engine/Content/EngineMaterials/Substrate/Glints2/dict_0005_0158.uasset" 9940
"../../../Engine/Content/EngineMaterials/Substrate/Glints2/dict_0005_0170.uasset" 9941
"../../../Engine/Content/EngineMaterials/Substrate/Glints2/dict_0005_0154.uasset" 9942
"../../../Engine/Content/EngineMaterials/Substrate/Glints2/dict_0005_0164.uasset" 9943
"../../../Engine/Content/EngineMaterials/Substrate/Glints2/dict_0005_0169.uasset" 9944
"../../../Engine/Content/EngineMaterials/Substrate/Glints2/dict_0005_0166.uasset" 9945
"../../../Engine/Content/EngineMaterials/Substrate/Glints2/dict_0005_0150.uasset" 9946
"../../../Engine/Content/EngineMaterials/Substrate/Glints2/dict_0005_0157.uasset" 9947
"../../../Engine/Content/EngineMaterials/Substrate/Glints2/dict_0005_0160.uasset" 9948
"../../../Engine/Content/EngineMaterials/Substrate/Glints2/dict_0005_0152.uasset" 9949
"../../../Engine/Content/EngineMaterials/Substrate/Glints2/dict_0005_0168.uasset" 9950
"../../../Engine/Content/EngineMaterials/Substrate/Glints2/dict_0005_0163.uasset" 9951
"../../../Engine/Content/EngineMaterials/Substrate/Glints2/dict_0005_0153.uasset" 9952
"../../../Engine/Content/EngineMaterials/Substrate/Glints2/dict_0005_0156.uasset" 9953
"../../../Engine/Content/EngineMaterials/Substrate/Glints2/dict_0005_0161.uasset" 9954
"/Engine/EngineMaterials/Substrate/Glints2/dict_0005_0171" 9955
"../../../Engine/Content/EngineMaterials/Substrate/Glints2/dict_0005_0174.uasset" 9956
"../../../Engine/Content/EngineMaterials/Substrate/Glints2/dict_0005_0173.uasset" 9957
"../../../Engine/Content/EngineMaterials/Substrate/Glints2/dict_0005_0177.uasset" 9958
"/Engine/EngineMaterials/Substrate/Glints2/dict_0005_0170" 9959
"/Engine/EngineMaterials/Substrate/Glints2/dict_0005_0169" 9960
"../../../Engine/Content/EngineMaterials/Substrate/Glints2/dict_0005_0181.uasset" 9961
"../../../Engine/Content/EngineMaterials/Substrate/Glints2/dict_0005_0178.uasset" 9962
"/Engine/EngineMaterials/Substrate/Glints2/dict_0005_0168" 9963
"../../../Engine/Content/EngineMaterials/Substrate/Glints2/dict_0005_0175.uasset" 9964
"/Engine/EngineMaterials/Substrate/Glints2/dict_0005_0167" 9965
"/Engine/EngineMaterials/Substrate/Glints2/dict_0005_0166" 9966
"../../../Engine/Content/EngineMaterials/Substrate/Glints2/dict_0005_0176.uasset" 9967
"/Engine/EngineMaterials/Substrate/Glints2/dict_0005_0165" 9968
"/Engine/EngineMaterials/Substrate/Glints2/dict_0005_0164" 9969
"../../../Engine/Content/EngineMaterials/Substrate/Glints2/dict_0005_0172.uasset" 9970
"/Engine/EngineMaterials/Substrate/Glints2/dict_0005_0163" 9971
"../../../Engine/Content/EngineMaterials/Substrate/Glints2/dict_0005_0179.uasset" 9972
"../../../Engine/Content/EngineMaterials/Substrate/Glints2/dict_0005_0180.uasset" 9973
"/Engine/EngineMaterials/Substrate/Glints2/dict_0005_0162" 9974
"/Engine/EngineMaterials/Substrate/Glints2/dict_0005_0161" 9975
"/Engine/EngineMaterials/Substrate/Glints2/dict_0005_0160" 9976
"/Engine/EngineMaterials/Substrate/Glints2/dict_0005_0159" 9977
"/Engine/EngineMaterials/Substrate/Glints2/dict_0005_0158" 9978
"/Engine/EngineMaterials/Substrate/Glints2/dict_0005_0157" 9979
"/Engine/EngineMaterials/Substrate/Glints2/dict_0005_0156" 9980
"/Engine/EngineMaterials/Substrate/Glints2/dict_0005_0155" 9981
"/Engine/EngineMaterials/Substrate/Glints2/dict_0005_0154" 9982
"/Engine/EngineMaterials/Substrate/Glints2/dict_0005_0153" 9983
"/Engine/EngineMaterials/Substrate/Glints2/dict_0005_0152" 9984
"/Engine/EngineMaterials/Substrate/Glints2/dict_0005_0151" 9985
"/Engine/EngineMaterials/Substrate/Glints2/dict_0005_0150" 9986
"/Engine/EngineMaterials/Substrate/Glints2/dict_0005_0181" 9987
"/Engine/EngineMaterials/Substrate/Glints2/dict_0005_0180" 9988
"/Engine/EngineMaterials/Substrate/Glints2/dict_0005_0179" 9989
"/Engine/EngineMaterials/Substrate/Glints2/dict_0005_0178" 9990
"/Engine/EngineMaterials/Substrate/Glints2/dict_0005_0177" 9991
"/Engine/EngineMaterials/Substrate/Glints2/dict_0005_0176" 9992
"/Engine/EngineMaterials/Substrate/Glints2/dict_0005_0175" 9993
"/Engine/EngineMaterials/Substrate/Glints2/dict_0005_0174" 9994
"/Engine/EngineMaterials/Substrate/Glints2/dict_0005_0173" 9995
"/Engine/EngineMaterials/Substrate/Glints2/dict_0005_0172" 9996
"../../../Engine/Content/EngineMaterials/Substrate/Glints2/dict_0005_0182.uasset" 9997
"../../../Engine/Content/EngineMaterials/Substrate/Glints2/dict_0005_0189.uasset" 9998
"../../../Engine/Content/EngineMaterials/Substrate/Glints2/dict_0005_0200.uasset" 9999
"../../../Engine/Content/EngineMaterials/Substrate/Glints2/dict_0005_0197.uasset" 10000
"../../../Engine/Content/EngineMaterials/Substrate/Glints2/dict_0005_0183.uasset" 10001
"../../../Engine/Content/EngineMaterials/Substrate/Glints2/dict_0005_0191.uasset" 10002
"../../../Engine/Content/EngineMaterials/Substrate/Glints2/dict_0005_0193.uasset" 10003
"../../../Engine/Content/EngineMaterials/Substrate/Glints2/dict_0005_0201.uasset" 10004
"../../../Engine/Content/EngineMaterials/Substrate/Glints2/dict_0005_0187.uasset" 10005
"../../../Engine/Content/EngineMaterials/Substrate/Glints2/dict_0005_0184.uasset" 10006
"../../../Engine/Content/EngineMaterials/Substrate/Glints2/dict_0005_0199.uasset" 10007
"../../../Engine/Content/EngineMaterials/Substrate/Glints2/dict_0005_0203.uasset" 10008
"../../../Engine/Content/EngineMaterials/Substrate/Glints2/dict_0005_0195.uasset" 10009
"../../../Engine/Content/EngineMaterials/Substrate/Glints2/dict_0005_0196.uasset" 10010
"../../../Engine/Content/EngineMaterials/Substrate/Glints2/dict_0005_0185.uasset" 10011
"../../../Engine/Content/EngineMaterials/Substrate/Glints2/dict_0005_0190.uasset" 10012
"../../../Engine/Content/EngineMaterials/Substrate/Glints2/dict_0005_0198.uasset" 10013
"../../../Engine/Content/EngineMaterials/Substrate/Glints2/dict_0005_0194.uasset" 10014
"../../../Engine/Content/EngineMaterials/Substrate/Glints2/dict_0005_0188.uasset" 10015
"../../../Engine/Content/EngineMaterials/Substrate/Glints2/dict_0005_0192.uasset" 10016
"../../../Engine/Content/EngineMaterials/Substrate/Glints2/dict_0005_0202.uasset" 10017
"../../../Engine/Content/EngineMaterials/Substrate/Glints2/dict_0005_0186.uasset" 10018
"/Engine/EngineMaterials/Substrate/Glints2/dict_0005_0203" 10019
"/Engine/EngineMaterials/Substrate/Glints2/dict_0005_0202" 10020
"/Engine/EngineMaterials/Substrate/Glints2/dict_0005_0201" 10021
"/Engine/EngineMaterials/Substrate/Glints2/dict_0005_0200" 10022
"/Engine/EngineMaterials/Substrate/Glints2/dict_0005_0199" 10023
"/Engine/EngineMaterials/Substrate/Glints2/dict_0005_0198" 10024
"/Engine/EngineMaterials/Substrate/Glints2/dict_0005_0197" 10025
"/Engine/EngineMaterials/Substrate/Glints2/dict_0005_0196" 10026
"/Engine/EngineMaterials/Substrate/Glints2/dict_0005_0195" 10027
"/Engine/EngineMaterials/Substrate/Glints2/dict_0005_0194" 10028
"/Engine/EngineMaterials/Substrate/Glints2/dict_0005_0193" 10029
"/Engine/EngineMaterials/Substrate/Glints2/dict_0005_0192" 10030
"/Engine/EngineMaterials/Substrate/Glints2/dict_0005_0191" 10031
"/Engine/EngineMaterials/Substrate/Glints2/dict_0005_0190" 10032
"/Engine/EngineMaterials/Substrate/Glints2/dict_0005_0189" 10033
"/Engine/EngineMaterials/Substrate/Glints2/dict_0005_0188" 10034
"/Engine/EngineMaterials/Substrate/Glints2/dict_0005_0187" 10035
"/Engine/EngineMaterials/Substrate/Glints2/dict_0005_0186" 10036
"/Engine/EngineMaterials/Substrate/Glints2/dict_0005_0185" 10037
"/Engine/EngineMaterials/Substrate/Glints2/dict_0005_0184" 10038
"/Engine/EngineMaterials/Substrate/Glints2/dict_0005_0183" 10039
"/Engine/EngineMaterials/Substrate/Glints2/dict_0005_0182" 10040
"../../../Engine/Content/EngineMaterials/Substrate/Glints2/dict_0005_0205.uasset" 10041
"../../../Engine/Content/EngineMaterials/Substrate/Glints2/dict_0005_0204.uasset" 10042
"../../../Engine/Content/EngineMaterials/Substrate/Glints2/dict_0005_0211.uasset" 10043
"../../../Engine/Content/EngineMaterials/Substrate/Glints2/dict_0005_0212.uasset" 10044
"../../../Engine/Content/EngineMaterials/Substrate/Glints2/dict_0005_0213.uasset" 10045
"../../../Engine/Content/EngineMaterials/Substrate/Glints2/dict_0005_0207.uasset" 10046
"../../../Engine/Content/EngineMaterials/Substrate/Glints2/dict_0005_0208.uasset" 10047
"../../../Engine/Content/EngineMaterials/Substrate/Glints2/dict_0005_0210.uasset" 10048
"../../../Engine/Content/EngineMaterials/Substrate/Glints2/dict_0005_0209.uasset" 10049
"../../../Engine/Content/EngineMaterials/Substrate/Glints2/dict_0005_0206.uasset" 10050
"../../../Engine/Content/EngineMaterials/Substrate/Glints2/dict_0005_0228.uasset" 10051
"../../../Engine/Content/EngineMaterials/Substrate/Glints2/dict_0005_0218.uasset" 10052
"../../../Engine/Content/EngineMaterials/Substrate/Glints2/dict_0005_0222.uasset" 10053
"../../../Engine/Content/EngineMaterials/Substrate/Glints2/dict_0005_0215.uasset" 10054
"../../../Engine/Content/EngineMaterials/Substrate/Glints2/dict_0005_0221.uasset" 10055
"../../../Engine/Content/EngineMaterials/Substrate/Glints2/dict_0005_0232.uasset" 10056
"../../../Engine/Content/EngineMaterials/Substrate/Glints2/dict_0005_0216.uasset" 10057
"../../../Engine/Content/EngineMaterials/Substrate/Glints2/dict_0005_0226.uasset" 10058
"../../../Engine/Content/EngineMaterials/Substrate/Glints2/dict_0005_0229.uasset" 10059
"../../../Engine/Content/EngineMaterials/Substrate/Glints2/dict_0005_0231.uasset" 10060
"../../../Engine/Content/EngineMaterials/Substrate/Glints2/dict_0005_0234.uasset" 10061
"../../../Engine/Content/EngineMaterials/Substrate/Glints2/dict_0005_0217.uasset" 10062
"../../../Engine/Content/EngineMaterials/Substrate/Glints2/dict_0005_0225.uasset" 10063
"../../../Engine/Content/EngineMaterials/Substrate/Glints2/dict_0005_0220.uasset" 10064
"../../../Engine/Content/EngineMaterials/Substrate/Glints2/dict_0005_0223.uasset" 10065
"../../../Engine/Content/EngineMaterials/Substrate/Glints2/dict_0005_0227.uasset" 10066
"../../../Engine/Content/EngineMaterials/Substrate/Glints2/dict_0005_0214.uasset" 10067
"../../../Engine/Content/EngineMaterials/Substrate/Glints2/dict_0005_0233.uasset" 10068
"../../../Engine/Content/EngineMaterials/Substrate/Glints2/dict_0005_0224.uasset" 10069
"../../../Engine/Content/EngineMaterials/Substrate/Glints2/dict_0005_0230.uasset" 10070
"../../../Engine/Content/EngineMaterials/Substrate/Glints2/dict_0005_0235.uasset" 10071
"../../../Engine/Content/EngineMaterials/Substrate/Glints2/dict_0005_0219.uasset" 10072
"/Engine/EngineMaterials/Substrate/Glints2/dict_0005_0213" 10073
"/Engine/EngineMaterials/Substrate/Glints2/dict_0005_0212" 10074
"/Engine/EngineMaterials/Substrate/Glints2/dict_0005_0211" 10075
"/Engine/EngineMaterials/Substrate/Glints2/dict_0005_0210" 10076
"/Engine/EngineMaterials/Substrate/Glints2/dict_0005_0209" 10077
"/Engine/EngineMaterials/Substrate/Glints2/dict_0005_0208" 10078
"/Engine/EngineMaterials/Substrate/Glints2/dict_0005_0207" 10079
"/Engine/EngineMaterials/Substrate/Glints2/dict_0005_0206" 10080
"/Engine/EngineMaterials/Substrate/Glints2/dict_0005_0205" 10081
"/Engine/EngineMaterials/Substrate/Glints2/dict_0005_0204" 10082
"/Engine/EngineMaterials/Substrate/Glints2/dict_0005_0235" 10083
"/Engine/EngineMaterials/Substrate/Glints2/dict_0005_0234" 10084
"/Engine/EngineMaterials/Substrate/Glints2/dict_0005_0233" 10085
"/Engine/EngineMaterials/Substrate/Glints2/dict_0005_0232" 10086
"/Engine/EngineMaterials/Substrate/Glints2/dict_0005_0231" 10087
"/Engine/EngineMaterials/Substrate/Glints2/dict_0005_0230" 10088
"/Engine/EngineMaterials/Substrate/Glints2/dict_0005_0229" 10089
"/Engine/EngineMaterials/Substrate/Glints2/dict_0005_0228" 10090
"/Engine/EngineMaterials/Substrate/Glints2/dict_0005_0227" 10091
"/Engine/EngineMaterials/Substrate/Glints2/dict_0005_0226" 10092
"/Engine/EngineMaterials/Substrate/Glints2/dict_0005_0225" 10093
"/Engine/EngineMaterials/Substrate/Glints2/dict_0005_0224" 10094
"/Engine/EngineMaterials/Substrate/Glints2/dict_0005_0223" 10095
"/Engine/EngineMaterials/Substrate/Glints2/dict_0005_0222" 10096
"/Engine/EngineMaterials/Substrate/Glints2/dict_0005_0221" 10097
"/Engine/EngineMaterials/Substrate/Glints2/dict_0005_0220" 10098
"/Engine/EngineMaterials/Substrate/Glints2/dict_0005_0219" 10099
"/Engine/EngineMaterials/Substrate/Glints2/dict_0005_0218" 10100
"/Engine/EngineMaterials/Substrate/Glints2/dict_0005_0217" 10101
"/Engine/EngineMaterials/Substrate/Glints2/dict_0005_0216" 10102
"/Engine/EngineMaterials/Substrate/Glints2/dict_0005_0215" 10103
"/Engine/EngineMaterials/Substrate/Glints2/dict_0005_0214" 10104
"../../../Engine/Content/EngineMaterials/Substrate/Glints2/dict_0005_0246.uasset" 10105
"../../../Engine/Content/EngineMaterials/Substrate/Glints2/dict_0005_0252.uasset" 10106
"../../../Engine/Content/EngineMaterials/Substrate/Glints2/dict_0005_0254.uasset" 10107
"../../../Engine/Content/EngineMaterials/Substrate/Glints2/dict_0005_0242.uasset" 10108
"../../../Engine/Content/EngineMaterials/Substrate/Glints2/dict_0006_0000.uasset" 10109
"../../../Engine/Content/EngineMaterials/Substrate/Glints2/dict_0005_0240.uasset" 10110
"../../../Engine/Content/EngineMaterials/Substrate/Glints2/dict_0005_0253.uasset" 10111
"../../../Engine/Content/EngineMaterials/Substrate/Glints2/dict_0005_0245.uasset" 10112
"../../../Engine/Content/EngineMaterials/Substrate/Glints2/dict_0005_0255.uasset" 10113
"../../../Engine/Content/EngineMaterials/Substrate/Glints2/dict_0005_0237.uasset" 10114
"../../../Engine/Content/EngineMaterials/Substrate/Glints2/dict_0005_0236.uasset" 10115
"../../../Engine/Content/EngineMaterials/Substrate/Glints2/dict_0006_0001.uasset" 10116
"../../../Engine/Content/EngineMaterials/Substrate/Glints2/dict_0005_0247.uasset" 10117
"../../../Engine/Content/EngineMaterials/Substrate/Glints2/dict_0005_0251.uasset" 10118
"../../../Engine/Content/EngineMaterials/Substrate/Glints2/dict_0005_0248.uasset" 10119
"../../../Engine/Content/EngineMaterials/Substrate/Glints2/dict_0005_0243.uasset" 10120
"../../../Engine/Content/EngineMaterials/Substrate/Glints2/dict_0005_0241.uasset" 10121
"../../../Engine/Content/EngineMaterials/Substrate/Glints2/dict_0005_0250.uasset" 10122
"../../../Engine/Content/EngineMaterials/Substrate/Glints2/dict_0005_0249.uasset" 10123
"../../../Engine/Content/EngineMaterials/Substrate/Glints2/dict_0005_0239.uasset" 10124
"../../../Engine/Content/EngineMaterials/Substrate/Glints2/dict_0005_0238.uasset" 10125
"../../../Engine/Content/EngineMaterials/Substrate/Glints2/dict_0005_0244.uasset" 10126
"/Engine/EngineMaterials/Substrate/Glints2/dict_0006_0001" 10127
"/Engine/EngineMaterials/Substrate/Glints2/dict_0006_0000" 10128
"/Engine/EngineMaterials/Substrate/Glints2/dict_0005_0255" 10129
"/Engine/EngineMaterials/Substrate/Glints2/dict_0005_0254" 10130
"/Engine/EngineMaterials/Substrate/Glints2/dict_0005_0253" 10131
"/Engine/EngineMaterials/Substrate/Glints2/dict_0005_0252" 10132
"/Engine/EngineMaterials/Substrate/Glints2/dict_0005_0251" 10133
"/Engine/EngineMaterials/Substrate/Glints2/dict_0005_0250" 10134
"/Engine/EngineMaterials/Substrate/Glints2/dict_0005_0249" 10135
"/Engine/EngineMaterials/Substrate/Glints2/dict_0005_0248" 10136
"/Engine/EngineMaterials/Substrate/Glints2/dict_0005_0247" 10137
"/Engine/EngineMaterials/Substrate/Glints2/dict_0005_0246" 10138
"/Engine/EngineMaterials/Substrate/Glints2/dict_0005_0245" 10139
"/Engine/EngineMaterials/Substrate/Glints2/dict_0005_0244" 10140
"/Engine/EngineMaterials/Substrate/Glints2/dict_0005_0243" 10141
"/Engine/EngineMaterials/Substrate/Glints2/dict_0005_0242" 10142
"/Engine/EngineMaterials/Substrate/Glints2/dict_0005_0241" 10143
"/Engine/EngineMaterials/Substrate/Glints2/dict_0005_0240" 10144
"/Engine/EngineMaterials/Substrate/Glints2/dict_0005_0239" 10145
"/Engine/EngineMaterials/Substrate/Glints2/dict_0005_0238" 10146
"/Engine/EngineMaterials/Substrate/Glints2/dict_0005_0237" 10147
"/Engine/EngineMaterials/Substrate/Glints2/dict_0005_0236" 10148
"../../../Engine/Content/EngineMaterials/Substrate/Glints2/dict_0006_0007.uasset" 10149
"../../../Engine/Content/EngineMaterials/Substrate/Glints2/dict_0006_0009.uasset" 10150
"../../../Engine/Content/EngineMaterials/Substrate/Glints2/dict_0006_0011.uasset" 10151
"/Engine/EngineMaterials/Substrate/Glints2/dict_0006_0011" 10152
"../../../Engine/Content/EngineMaterials/Substrate/Glints2/dict_0006_0005.uasset" 10153
"../../../Engine/Content/EngineMaterials/Substrate/Glints2/dict_0006_0010.uasset" 10154
"/Engine/EngineMaterials/Substrate/Glints2/dict_0006_0009" 10155
"../../../Engine/Content/EngineMaterials/Substrate/Glints2/dict_0006_0006.uasset" 10156
"../../../Engine/Content/EngineMaterials/Substrate/Glints2/dict_0006_0008.uasset" 10157
"../../../Engine/Content/EngineMaterials/Substrate/Glints2/dict_0006_0003.uasset" 10158
"../../../Engine/Content/EngineMaterials/Substrate/Glints2/dict_0006_0004.uasset" 10159
"/Engine/EngineMaterials/Substrate/Glints2/dict_0006_0007" 10160
"../../../Engine/Content/EngineMaterials/Substrate/Glints2/dict_0006_0002.uasset" 10161
"/Engine/EngineMaterials/Substrate/Glints2/dict_0006_0010" 10162
"/Engine/EngineMaterials/Substrate/Glints2/dict_0006_0008" 10163
"/Engine/EngineMaterials/Substrate/Glints2/dict_0006_0006" 10164
"/Engine/EngineMaterials/Substrate/Glints2/dict_0006_0005" 10165
"/Engine/EngineMaterials/Substrate/Glints2/dict_0006_0004" 10166
"/Engine/EngineMaterials/Substrate/Glints2/dict_0006_0003" 10167
"/Engine/EngineMaterials/Substrate/Glints2/dict_0006_0002" 10168
"../../../Engine/Content/EngineMaterials/Substrate/Glints2/dict_0006_0014.uasset" 10169
"../../../Engine/Content/EngineMaterials/Substrate/Glints2/dict_0006_0020.uasset" 10170
"../../../Engine/Content/EngineMaterials/Substrate/Glints2/dict_0006_0022.uasset" 10171
"../../../Engine/Content/EngineMaterials/Substrate/Glints2/dict_0006_0030.uasset" 10172
"../../../Engine/Content/EngineMaterials/Substrate/Glints2/dict_0006_0018.uasset" 10173
"../../../Engine/Content/EngineMaterials/Substrate/Glints2/dict_0006_0015.uasset" 10174
"../../../Engine/Content/EngineMaterials/Substrate/Glints2/dict_0006_0017.uasset" 10175
"../../../Engine/Content/EngineMaterials/Substrate/Glints2/dict_0006_0024.uasset" 10176
"../../../Engine/Content/EngineMaterials/Substrate/Glints2/dict_0006_0027.uasset" 10177
"../../../Engine/Content/EngineMaterials/Substrate/Glints2/dict_0006_0028.uasset" 10178
"../../../Engine/Content/EngineMaterials/Substrate/Glints2/dict_0006_0026.uasset" 10179
"../../../Engine/Content/EngineMaterials/Substrate/Glints2/dict_0006_0031.uasset" 10180
"../../../Engine/Content/EngineMaterials/Substrate/Glints2/dict_0006_0012.uasset" 10181
"../../../Engine/Content/EngineMaterials/Substrate/Glints2/dict_0006_0019.uasset" 10182
"../../../Engine/Content/EngineMaterials/Substrate/Glints2/dict_0006_0013.uasset" 10183
"../../../Engine/Content/EngineMaterials/Substrate/Glints2/dict_0006_0033.uasset" 10184
"../../../Engine/Content/EngineMaterials/Substrate/Glints2/dict_0006_0032.uasset" 10185
"../../../Engine/Content/EngineMaterials/Substrate/Glints2/dict_0006_0016.uasset" 10186
"../../../Engine/Content/EngineMaterials/Substrate/Glints2/dict_0006_0029.uasset" 10187
"../../../Engine/Content/EngineMaterials/Substrate/Glints2/dict_0006_0023.uasset" 10188
"../../../Engine/Content/EngineMaterials/Substrate/Glints2/dict_0006_0025.uasset" 10189
"../../../Engine/Content/EngineMaterials/Substrate/Glints2/dict_0006_0021.uasset" 10190
"/Engine/EngineMaterials/Substrate/Glints2/dict_0006_0033" 10191
"../../../Engine/Content/EngineMaterials/Substrate/Glints2/dict_0006_0041.uasset" 10192
"../../../Engine/Content/EngineMaterials/Substrate/Glints2/dict_0006_0039.uasset" 10193
"../../../Engine/Content/EngineMaterials/Substrate/Glints2/dict_0006_0034.uasset" 10194
"../../../Engine/Content/EngineMaterials/Substrate/Glints2/dict_0006_0036.uasset" 10195
"../../../Engine/Content/EngineMaterials/Substrate/Glints2/dict_0006_0043.uasset" 10196
"../../../Engine/Content/EngineMaterials/Substrate/Glints2/dict_0006_0042.uasset" 10197
"../../../Engine/Content/EngineMaterials/Substrate/Glints2/dict_0006_0040.uasset" 10198
"/Engine/EngineMaterials/Substrate/Glints2/dict_0006_0032" 10199
"../../../Engine/Content/EngineMaterials/Substrate/Glints2/dict_0006_0038.uasset" 10200
"../../../Engine/Content/EngineMaterials/Substrate/Glints2/dict_0006_0037.uasset" 10201
"/Engine/EngineMaterials/Substrate/Glints2/dict_0006_0031" 10202
"../../../Engine/Content/EngineMaterials/Substrate/Glints2/dict_0006_0035.uasset" 10203
"/Engine/EngineMaterials/Substrate/Glints2/dict_0006_0030" 10204
"/Engine/EngineMaterials/Substrate/Glints2/dict_0006_0029" 10205
"/Engine/EngineMaterials/Substrate/Glints2/dict_0006_0028" 10206
"/Engine/EngineMaterials/Substrate/Glints2/dict_0006_0027" 10207
"/Engine/EngineMaterials/Substrate/Glints2/dict_0006_0026" 10208
"/Engine/EngineMaterials/Substrate/Glints2/dict_0006_0025" 10209
"/Engine/EngineMaterials/Substrate/Glints2/dict_0006_0024" 10210
"/Engine/EngineMaterials/Substrate/Glints2/dict_0006_0023" 10211
"/Engine/EngineMaterials/Substrate/Glints2/dict_0006_0022" 10212
"/Engine/EngineMaterials/Substrate/Glints2/dict_0006_0021" 10213
"/Engine/EngineMaterials/Substrate/Glints2/dict_0006_0020" 10214
"/Engine/EngineMaterials/Substrate/Glints2/dict_0006_0019" 10215
"/Engine/EngineMaterials/Substrate/Glints2/dict_0006_0018" 10216
"/Engine/EngineMaterials/Substrate/Glints2/dict_0006_0017" 10217
"/Engine/EngineMaterials/Substrate/Glints2/dict_0006_0016" 10218
"/Engine/EngineMaterials/Substrate/Glints2/dict_0006_0015" 10219
"/Engine/EngineMaterials/Substrate/Glints2/dict_0006_0014" 10220
"/Engine/EngineMaterials/Substrate/Glints2/dict_0006_0013" 10221
"/Engine/EngineMaterials/Substrate/Glints2/dict_0006_0012" 10222
"/Engine/EngineMaterials/Substrate/Glints2/dict_0006_0036" 10223
"/Engine/EngineMaterials/Substrate/Glints2/dict_0006_0043" 10224
"/Engine/EngineMaterials/Substrate/Glints2/dict_0006_0035" 10225
"/Engine/EngineMaterials/Substrate/Glints2/dict_0006_0042" 10226
"/Engine/EngineMaterials/Substrate/Glints2/dict_0006_0034" 10227
"/Engine/EngineMaterials/Substrate/Glints2/dict_0006_0041" 10228
"/Engine/EngineMaterials/Substrate/Glints2/dict_0006_0040" 10229
"/Engine/EngineMaterials/Substrate/Glints2/dict_0006_0039" 10230
"/Engine/EngineMaterials/Substrate/Glints2/dict_0006_0038" 10231
"/Engine/EngineMaterials/Substrate/Glints2/dict_0006_0037" 10232
"../../../Engine/Content/EngineMaterials/Substrate/Glints2/dict_0006_0064.uasset" 10233
"../../../Engine/Content/EngineMaterials/Substrate/Glints2/dict_0006_0056.uasset" 10234
"../../../Engine/Content/EngineMaterials/Substrate/Glints2/dict_0006_0046.uasset" 10235
"../../../Engine/Content/EngineMaterials/Substrate/Glints2/dict_0006_0048.uasset" 10236
"../../../Engine/Content/EngineMaterials/Substrate/Glints2/dict_0006_0062.uasset" 10237
"../../../Engine/Content/EngineMaterials/Substrate/Glints2/dict_0006_0059.uasset" 10238
"../../../Engine/Content/EngineMaterials/Substrate/Glints2/dict_0006_0058.uasset" 10239
"../../../Engine/Content/EngineMaterials/Substrate/Glints2/dict_0006_0052.uasset" 10240
"../../../Engine/Content/EngineMaterials/Substrate/Glints2/dict_0006_0049.uasset" 10241
"../../../Engine/Content/EngineMaterials/Substrate/Glints2/dict_0006_0047.uasset" 10242
"../../../Engine/Content/EngineMaterials/Substrate/Glints2/dict_0006_0061.uasset" 10243
"../../../Engine/Content/EngineMaterials/Substrate/Glints2/dict_0006_0065.uasset" 10244
"../../../Engine/Content/EngineMaterials/Substrate/Glints2/dict_0006_0053.uasset" 10245
"../../../Engine/Content/EngineMaterials/Substrate/Glints2/dict_0006_0055.uasset" 10246
"../../../Engine/Content/EngineMaterials/Substrate/Glints2/dict_0006_0045.uasset" 10247
"../../../Engine/Content/EngineMaterials/Substrate/Glints2/dict_0006_0051.uasset" 10248
"../../../Engine/Content/EngineMaterials/Substrate/Glints2/dict_0006_0060.uasset" 10249
"../../../Engine/Content/EngineMaterials/Substrate/Glints2/dict_0006_0063.uasset" 10250
"../../../Engine/Content/EngineMaterials/Substrate/Glints2/dict_0006_0054.uasset" 10251
"../../../Engine/Content/EngineMaterials/Substrate/Glints2/dict_0006_0044.uasset" 10252
"../../../Engine/Content/EngineMaterials/Substrate/Glints2/dict_0006_0050.uasset" 10253
"../../../Engine/Content/EngineMaterials/Substrate/Glints2/dict_0006_0057.uasset" 10254
"/Engine/EngineMaterials/Substrate/Glints2/dict_0006_0065" 10255
"/Engine/EngineMaterials/Substrate/Glints2/dict_0006_0064" 10256
"/Engine/EngineMaterials/Substrate/Glints2/dict_0006_0063" 10257
"/Engine/EngineMaterials/Substrate/Glints2/dict_0006_0062" 10258
"/Engine/EngineMaterials/Substrate/Glints2/dict_0006_0061" 10259
"../../../Engine/Content/EngineMaterials/Substrate/Glints2/dict_0006_0068.uasset" 10260
"../../../Engine/Content/EngineMaterials/Substrate/Glints2/dict_0006_0067.uasset" 10261
"../../../Engine/Content/EngineMaterials/Substrate/Glints2/dict_0006_0070.uasset" 10262
"../../../Engine/Content/EngineMaterials/Substrate/Glints2/dict_0006_0073.uasset" 10263
"/Engine/EngineMaterials/Substrate/Glints2/dict_0006_0060" 10264
"../../../Engine/Content/EngineMaterials/Substrate/Glints2/dict_0006_0075.uasset" 10265
"/Engine/EngineMaterials/Substrate/Glints2/dict_0006_0059" 10266
"../../../Engine/Content/EngineMaterials/Substrate/Glints2/dict_0006_0069.uasset" 10267
"../../../Engine/Content/EngineMaterials/Substrate/Glints2/dict_0006_0066.uasset" 10268
"/Engine/EngineMaterials/Substrate/Glints2/dict_0006_0058" 10269
"../../../Engine/Content/EngineMaterials/Substrate/Glints2/dict_0006_0071.uasset" 10270
"../../../Engine/Content/EngineMaterials/Substrate/Glints2/dict_0006_0072.uasset" 10271
"/Engine/EngineMaterials/Substrate/Glints2/dict_0006_0057" 10272
"../../../Engine/Content/EngineMaterials/Substrate/Glints2/dict_0006_0074.uasset" 10273
"/Engine/EngineMaterials/Substrate/Glints2/dict_0006_0056" 10274
"/Engine/EngineMaterials/Substrate/Glints2/dict_0006_0055" 10275
"/Engine/EngineMaterials/Substrate/Glints2/dict_0006_0054" 10276
"/Engine/EngineMaterials/Substrate/Glints2/dict_0006_0053" 10277
"/Engine/EngineMaterials/Substrate/Glints2/dict_0006_0052" 10278
"/Engine/EngineMaterials/Substrate/Glints2/dict_0006_0051" 10279
"/Engine/EngineMaterials/Substrate/Glints2/dict_0006_0050" 10280
"/Engine/EngineMaterials/Substrate/Glints2/dict_0006_0049" 10281
"/Engine/EngineMaterials/Substrate/Glints2/dict_0006_0048" 10282
"/Engine/EngineMaterials/Substrate/Glints2/dict_0006_0047" 10283
"/Engine/EngineMaterials/Substrate/Glints2/dict_0006_0046" 10284
"/Engine/EngineMaterials/Substrate/Glints2/dict_0006_0045" 10285
"/Engine/EngineMaterials/Substrate/Glints2/dict_0006_0044" 10286
"/Engine/EngineMaterials/Substrate/Glints2/dict_0006_0075" 10287
"/Engine/EngineMaterials/Substrate/Glints2/dict_0006_0074" 10288
"/Engine/EngineMaterials/Substrate/Glints2/dict_0006_0073" 10289
"/Engine/EngineMaterials/Substrate/Glints2/dict_0006_0072" 10290
"/Engine/EngineMaterials/Substrate/Glints2/dict_0006_0071" 10291
"/Engine/EngineMaterials/Substrate/Glints2/dict_0006_0070" 10292
"/Engine/EngineMaterials/Substrate/Glints2/dict_0006_0069" 10293
"/Engine/EngineMaterials/Substrate/Glints2/dict_0006_0068" 10294
"/Engine/EngineMaterials/Substrate/Glints2/dict_0006_0067" 10295
"/Engine/EngineMaterials/Substrate/Glints2/dict_0006_0066" 10296
"../../../Engine/Content/EngineMaterials/Substrate/Glints2/dict_0006_0082.uasset" 10297
"../../../Engine/Content/EngineMaterials/Substrate/Glints2/dict_0006_0080.uasset" 10298
"../../../Engine/Content/EngineMaterials/Substrate/Glints2/dict_0006_0094.uasset" 10299
"../../../Engine/Content/EngineMaterials/Substrate/Glints2/dict_0006_0087.uasset" 10300
"../../../Engine/Content/EngineMaterials/Substrate/Glints2/dict_0006_0086.uasset" 10301
"../../../Engine/Content/EngineMaterials/Substrate/Glints2/dict_0006_0090.uasset" 10302
"../../../Engine/Content/EngineMaterials/Substrate/Glints2/dict_0006_0092.uasset" 10303
"../../../Engine/Content/EngineMaterials/Substrate/Glints2/dict_0006_0078.uasset" 10304
"../../../Engine/Content/EngineMaterials/Substrate/Glints2/dict_0006_0088.uasset" 10305
"../../../Engine/Content/EngineMaterials/Substrate/Glints2/dict_0006_0076.uasset" 10306
"../../../Engine/Content/EngineMaterials/Substrate/Glints2/dict_0006_0081.uasset" 10307
"../../../Engine/Content/EngineMaterials/Substrate/Glints2/dict_0006_0079.uasset" 10308
"../../../Engine/Content/EngineMaterials/Substrate/Glints2/dict_0006_0085.uasset" 10309
"../../../Engine/Content/EngineMaterials/Substrate/Glints2/dict_0006_0097.uasset" 10310
"../../../Engine/Content/EngineMaterials/Substrate/Glints2/dict_0006_0089.uasset" 10311
"../../../Engine/Content/EngineMaterials/Substrate/Glints2/dict_0006_0093.uasset" 10312
"../../../Engine/Content/EngineMaterials/Substrate/Glints2/dict_0006_0083.uasset" 10313
"../../../Engine/Content/EngineMaterials/Substrate/Glints2/dict_0006_0095.uasset" 10314
"../../../Engine/Content/EngineMaterials/Substrate/Glints2/dict_0006_0091.uasset" 10315
"../../../Engine/Content/EngineMaterials/Substrate/Glints2/dict_0006_0084.uasset" 10316
"../../../Engine/Content/EngineMaterials/Substrate/Glints2/dict_0006_0096.uasset" 10317
"../../../Engine/Content/EngineMaterials/Substrate/Glints2/dict_0006_0077.uasset" 10318
"/Engine/EngineMaterials/Substrate/Glints2/dict_0006_0097" 10319
"/Engine/EngineMaterials/Substrate/Glints2/dict_0006_0096" 10320
"/Engine/EngineMaterials/Substrate/Glints2/dict_0006_0095" 10321
"/Engine/EngineMaterials/Substrate/Glints2/dict_0006_0094" 10322
"/Engine/EngineMaterials/Substrate/Glints2/dict_0006_0093" 10323
"/Engine/EngineMaterials/Substrate/Glints2/dict_0006_0092" 10324
"/Engine/EngineMaterials/Substrate/Glints2/dict_0006_0091" 10325
"/Engine/EngineMaterials/Substrate/Glints2/dict_0006_0090" 10326
"../../../Engine/Content/EngineMaterials/Substrate/Glints2/dict_0006_0099.uasset" 10327
"../../../Engine/Content/EngineMaterials/Substrate/Glints2/dict_0006_0105.uasset" 10328
"../../../Engine/Content/EngineMaterials/Substrate/Glints2/dict_0006_0104.uasset" 10329
"../../../Engine/Content/EngineMaterials/Substrate/Glints2/dict_0006_0103.uasset" 10330
"/Engine/EngineMaterials/Substrate/Glints2/dict_0006_0089" 10331
"../../../Engine/Content/EngineMaterials/Substrate/Glints2/dict_0006_0101.uasset" 10332
"../../../Engine/Content/EngineMaterials/Substrate/Glints2/dict_0006_0107.uasset" 10333
"/Engine/EngineMaterials/Substrate/Glints2/dict_0006_0088" 10334
"../../../Engine/Content/EngineMaterials/Substrate/Glints2/dict_0006_0106.uasset" 10335
"../../../Engine/Content/EngineMaterials/Substrate/Glints2/dict_0006_0102.uasset" 10336
"../../../Engine/Content/EngineMaterials/Substrate/Glints2/dict_0006_0098.uasset" 10337
"../../../Engine/Content/EngineMaterials/Substrate/Glints2/dict_0006_0100.uasset" 10338
"/Engine/EngineMaterials/Substrate/Glints2/dict_0006_0087" 10339
"/Engine/EngineMaterials/Substrate/Glints2/dict_0006_0086" 10340
"/Engine/EngineMaterials/Substrate/Glints2/dict_0006_0085" 10341
"/Engine/EngineMaterials/Substrate/Glints2/dict_0006_0084" 10342
"/Engine/EngineMaterials/Substrate/Glints2/dict_0006_0083" 10343
"/Engine/EngineMaterials/Substrate/Glints2/dict_0006_0082" 10344
"/Engine/EngineMaterials/Substrate/Glints2/dict_0006_0081" 10345
"/Engine/EngineMaterials/Substrate/Glints2/dict_0006_0080" 10346
"/Engine/EngineMaterials/Substrate/Glints2/dict_0006_0079" 10347
"/Engine/EngineMaterials/Substrate/Glints2/dict_0006_0078" 10348
"/Engine/EngineMaterials/Substrate/Glints2/dict_0006_0077" 10349
"/Engine/EngineMaterials/Substrate/Glints2/dict_0006_0076" 10350
"/Engine/EngineMaterials/Substrate/Glints2/dict_0006_0107" 10351
"/Engine/EngineMaterials/Substrate/Glints2/dict_0006_0106" 10352
"/Engine/EngineMaterials/Substrate/Glints2/dict_0006_0105" 10353
"/Engine/EngineMaterials/Substrate/Glints2/dict_0006_0104" 10354
"/Engine/EngineMaterials/Substrate/Glints2/dict_0006_0103" 10355
"/Engine/EngineMaterials/Substrate/Glints2/dict_0006_0102" 10356
"/Engine/EngineMaterials/Substrate/Glints2/dict_0006_0101" 10357
"/Engine/EngineMaterials/Substrate/Glints2/dict_0006_0100" 10358
"/Engine/EngineMaterials/Substrate/Glints2/dict_0006_0099" 10359
"/Engine/EngineMaterials/Substrate/Glints2/dict_0006_0098" 10360
"../../../Engine/Content/EngineMaterials/Substrate/Glints2/dict_0006_0113.uasset" 10361
"../../../Engine/Content/EngineMaterials/Substrate/Glints2/dict_0006_0116.uasset" 10362
"../../../Engine/Content/EngineMaterials/Substrate/Glints2/dict_0006_0119.uasset" 10363
"../../../Engine/Content/EngineMaterials/Substrate/Glints2/dict_0006_0128.uasset" 10364
"../../../Engine/Content/EngineMaterials/Substrate/Glints2/dict_0006_0123.uasset" 10365
"../../../Engine/Content/EngineMaterials/Substrate/Glints2/dict_0006_0117.uasset" 10366
"../../../Engine/Content/EngineMaterials/Substrate/Glints2/dict_0006_0108.uasset" 10367
"../../../Engine/Content/EngineMaterials/Substrate/Glints2/dict_0006_0120.uasset" 10368
"../../../Engine/Content/EngineMaterials/Substrate/Glints2/dict_0006_0118.uasset" 10369
"../../../Engine/Content/EngineMaterials/Substrate/Glints2/dict_0006_0114.uasset" 10370
"../../../Engine/Content/EngineMaterials/Substrate/Glints2/dict_0006_0124.uasset" 10371
"../../../Engine/Content/EngineMaterials/Substrate/Glints2/dict_0006_0112.uasset" 10372
"../../../Engine/Content/EngineMaterials/Substrate/Glints2/dict_0006_0129.uasset" 10373
"../../../Engine/Content/EngineMaterials/Substrate/Glints2/dict_0006_0122.uasset" 10374
"../../../Engine/Content/EngineMaterials/Substrate/Glints2/dict_0006_0127.uasset" 10375
"../../../Engine/Content/EngineMaterials/Substrate/Glints2/dict_0006_0111.uasset" 10376
"../../../Engine/Content/EngineMaterials/Substrate/Glints2/dict_0006_0109.uasset" 10377
"../../../Engine/Content/EngineMaterials/Substrate/Glints2/dict_0006_0126.uasset" 10378
"../../../Engine/Content/EngineMaterials/Substrate/Glints2/dict_0006_0121.uasset" 10379
"../../../Engine/Content/EngineMaterials/Substrate/Glints2/dict_0006_0125.uasset" 10380
"../../../Engine/Content/EngineMaterials/Substrate/Glints2/dict_0006_0115.uasset" 10381
"../../../Engine/Content/EngineMaterials/Substrate/Glints2/dict_0006_0110.uasset" 10382
"/Engine/EngineMaterials/Substrate/Glints2/dict_0006_0129" 10383
"/Engine/EngineMaterials/Substrate/Glints2/dict_0006_0128" 10384
"/Engine/EngineMaterials/Substrate/Glints2/dict_0006_0127" 10385
"/Engine/EngineMaterials/Substrate/Glints2/dict_0006_0126" 10386
"/Engine/EngineMaterials/Substrate/Glints2/dict_0006_0125" 10387
"../../../Engine/Content/EngineMaterials/Substrate/Glints2/dict_0006_0130.uasset" 10388
"../../../Engine/Content/EngineMaterials/Substrate/Glints2/dict_0006_0137.uasset" 10389
"../../../Engine/Content/EngineMaterials/Substrate/Glints2/dict_0006_0133.uasset" 10390
"/Engine/EngineMaterials/Substrate/Glints2/dict_0006_0124" 10391
"../../../Engine/Content/EngineMaterials/Substrate/Glints2/dict_0006_0134.uasset" 10392
"../../../Engine/Content/EngineMaterials/Substrate/Glints2/dict_0006_0135.uasset" 10393
"../../../Engine/Content/EngineMaterials/Substrate/Glints2/dict_0006_0136.uasset" 10394
"../../../Engine/Content/EngineMaterials/Substrate/Glints2/dict_0006_0138.uasset" 10395
"/Engine/EngineMaterials/Substrate/Glints2/dict_0006_0123" 10396
"../../../Engine/Content/EngineMaterials/Substrate/Glints2/dict_0006_0132.uasset" 10397
"../../../Engine/Content/EngineMaterials/Substrate/Glints2/dict_0006_0139.uasset" 10398
"../../../Engine/Content/EngineMaterials/Substrate/Glints2/dict_0006_0131.uasset" 10399
"/Engine/EngineMaterials/Substrate/Glints2/dict_0006_0122" 10400
"/Engine/EngineMaterials/Substrate/Glints2/dict_0006_0121" 10401
"/Engine/EngineMaterials/Substrate/Glints2/dict_0006_0120" 10402
"/Engine/EngineMaterials/Substrate/Glints2/dict_0006_0119" 10403
"/Engine/EngineMaterials/Substrate/Glints2/dict_0006_0118" 10404
"/Engine/EngineMaterials/Substrate/Glints2/dict_0006_0117" 10405
"/Engine/EngineMaterials/Substrate/Glints2/dict_0006_0116" 10406
"/Engine/EngineMaterials/Substrate/Glints2/dict_0006_0115" 10407
"/Engine/EngineMaterials/Substrate/Glints2/dict_0006_0114" 10408
"/Engine/EngineMaterials/Substrate/Glints2/dict_0006_0113" 10409
"/Engine/EngineMaterials/Substrate/Glints2/dict_0006_0112" 10410
"/Engine/EngineMaterials/Substrate/Glints2/dict_0006_0111" 10411
"/Engine/EngineMaterials/Substrate/Glints2/dict_0006_0110" 10412
"/Engine/EngineMaterials/Substrate/Glints2/dict_0006_0109" 10413
"/Engine/EngineMaterials/Substrate/Glints2/dict_0006_0108" 10414
"/Engine/EngineMaterials/Substrate/Glints2/dict_0006_0139" 10415
"/Engine/EngineMaterials/Substrate/Glints2/dict_0006_0138" 10416
"/Engine/EngineMaterials/Substrate/Glints2/dict_0006_0137" 10417
"/Engine/EngineMaterials/Substrate/Glints2/dict_0006_0136" 10418
"/Engine/EngineMaterials/Substrate/Glints2/dict_0006_0135" 10419
"/Engine/EngineMaterials/Substrate/Glints2/dict_0006_0134" 10420
"/Engine/EngineMaterials/Substrate/Glints2/dict_0006_0133" 10421
"/Engine/EngineMaterials/Substrate/Glints2/dict_0006_0132" 10422
"/Engine/EngineMaterials/Substrate/Glints2/dict_0006_0131" 10423
"/Engine/EngineMaterials/Substrate/Glints2/dict_0006_0130" 10424
"../../../Engine/Content/EngineMaterials/Substrate/Glints2/dict_0006_0152.uasset" 10425
"../../../Engine/Content/EngineMaterials/Substrate/Glints2/dict_0006_0150.uasset" 10426
"../../../Engine/Content/EngineMaterials/Substrate/Glints2/dict_0006_0143.uasset" 10427
"../../../Engine/Content/EngineMaterials/Substrate/Glints2/dict_0006_0146.uasset" 10428
"../../../Engine/Content/EngineMaterials/Substrate/Glints2/dict_0006_0148.uasset" 10429
"../../../Engine/Content/EngineMaterials/Substrate/Glints2/dict_0006_0141.uasset" 10430
"../../../Engine/Content/EngineMaterials/Substrate/Glints2/dict_0006_0151.uasset" 10431
"../../../Engine/Content/EngineMaterials/Substrate/Glints2/dict_0006_0140.uasset" 10432
"../../../Engine/Content/EngineMaterials/Substrate/Glints2/dict_0006_0155.uasset" 10433
"../../../Engine/Content/EngineMaterials/Substrate/Glints2/dict_0006_0159.uasset" 10434
"../../../Engine/Content/EngineMaterials/Substrate/Glints2/dict_0006_0154.uasset" 10435
"../../../Engine/Content/EngineMaterials/Substrate/Glints2/dict_0006_0149.uasset" 10436
"../../../Engine/Content/EngineMaterials/Substrate/Glints2/dict_0006_0161.uasset" 10437
"../../../Engine/Content/EngineMaterials/Substrate/Glints2/dict_0006_0160.uasset" 10438
"../../../Engine/Content/EngineMaterials/Substrate/Glints2/dict_0006_0157.uasset" 10439
"../../../Engine/Content/EngineMaterials/Substrate/Glints2/dict_0006_0145.uasset" 10440
"../../../Engine/Content/EngineMaterials/Substrate/Glints2/dict_0006_0153.uasset" 10441
"../../../Engine/Content/EngineMaterials/Substrate/Glints2/dict_0006_0147.uasset" 10442
"../../../Engine/Content/EngineMaterials/Substrate/Glints2/dict_0006_0156.uasset" 10443
"../../../Engine/Content/EngineMaterials/Substrate/Glints2/dict_0006_0158.uasset" 10444
"../../../Engine/Content/EngineMaterials/Substrate/Glints2/dict_0006_0144.uasset" 10445
"../../../Engine/Content/EngineMaterials/Substrate/Glints2/dict_0006_0142.uasset" 10446
"/Engine/EngineMaterials/Substrate/Glints2/dict_0006_0161" 10447
"/Engine/EngineMaterials/Substrate/Glints2/dict_0006_0160" 10448
"/Engine/EngineMaterials/Substrate/Glints2/dict_0006_0159" 10449
"/Engine/EngineMaterials/Substrate/Glints2/dict_0006_0158" 10450
"/Engine/EngineMaterials/Substrate/Glints2/dict_0006_0157" 10451
"/Engine/EngineMaterials/Substrate/Glints2/dict_0006_0156" 10452
"/Engine/EngineMaterials/Substrate/Glints2/dict_0006_0155" 10453
"../../../Engine/Content/EngineMaterials/Substrate/Glints2/dict_0006_0168.uasset" 10454
"../../../Engine/Content/EngineMaterials/Substrate/Glints2/dict_0006_0165.uasset" 10455
"../../../Engine/Content/EngineMaterials/Substrate/Glints2/dict_0006_0171.uasset" 10456
"../../../Engine/Content/EngineMaterials/Substrate/Glints2/dict_0006_0167.uasset" 10457
"/Engine/EngineMaterials/Substrate/Glints2/dict_0006_0154" 10458
"../../../Engine/Content/EngineMaterials/Substrate/Glints2/dict_0006_0170.uasset" 10459
"/Engine/EngineMaterials/Substrate/Glints2/dict_0006_0153" 10460
"../../../Engine/Content/EngineMaterials/Substrate/Glints2/dict_0006_0164.uasset" 10461
"../../../Engine/Content/EngineMaterials/Substrate/Glints2/dict_0006_0162.uasset" 10462
"../../../Engine/Content/EngineMaterials/Substrate/Glints2/dict_0006_0163.uasset" 10463
"../../../Engine/Content/EngineMaterials/Substrate/Glints2/dict_0006_0166.uasset" 10464
"/Engine/EngineMaterials/Substrate/Glints2/dict_0006_0152" 10465
"../../../Engine/Content/EngineMaterials/Substrate/Glints2/dict_0006_0169.uasset" 10466
"/Engine/EngineMaterials/Substrate/Glints2/dict_0006_0151" 10467
"/Engine/EngineMaterials/Substrate/Glints2/dict_0006_0150" 10468
"/Engine/EngineMaterials/Substrate/Glints2/dict_0006_0149" 10469
"/Engine/EngineMaterials/Substrate/Glints2/dict_0006_0148" 10470
"/Engine/EngineMaterials/Substrate/Glints2/dict_0006_0147" 10471
"/Engine/EngineMaterials/Substrate/Glints2/dict_0006_0146" 10472
"/Engine/EngineMaterials/Substrate/Glints2/dict_0006_0145" 10473
"/Engine/EngineMaterials/Substrate/Glints2/dict_0006_0144" 10474
"/Engine/EngineMaterials/Substrate/Glints2/dict_0006_0143" 10475
"/Engine/EngineMaterials/Substrate/Glints2/dict_0006_0142" 10476
"/Engine/EngineMaterials/Substrate/Glints2/dict_0006_0141" 10477
"/Engine/EngineMaterials/Substrate/Glints2/dict_0006_0140" 10478
"/Engine/EngineMaterials/Substrate/Glints2/dict_0006_0171" 10479
"/Engine/EngineMaterials/Substrate/Glints2/dict_0006_0170" 10480
"/Engine/EngineMaterials/Substrate/Glints2/dict_0006_0169" 10481
"/Engine/EngineMaterials/Substrate/Glints2/dict_0006_0168" 10482
"/Engine/EngineMaterials/Substrate/Glints2/dict_0006_0167" 10483
"/Engine/EngineMaterials/Substrate/Glints2/dict_0006_0166" 10484
"/Engine/EngineMaterials/Substrate/Glints2/dict_0006_0165" 10485
"/Engine/EngineMaterials/Substrate/Glints2/dict_0006_0164" 10486
"/Engine/EngineMaterials/Substrate/Glints2/dict_0006_0163" 10487
"/Engine/EngineMaterials/Substrate/Glints2/dict_0006_0162" 10488
"../../../Engine/Content/EngineMaterials/Substrate/Glints2/dict_0006_0176.uasset" 10489
"../../../Engine/Content/EngineMaterials/Substrate/Glints2/dict_0006_0178.uasset" 10490
"../../../Engine/Content/EngineMaterials/Substrate/Glints2/dict_0006_0189.uasset" 10491
"../../../Engine/Content/EngineMaterials/Substrate/Glints2/dict_0006_0186.uasset" 10492
"../../../Engine/Content/EngineMaterials/Substrate/Glints2/dict_0006_0173.uasset" 10493
"../../../Engine/Content/EngineMaterials/Substrate/Glints2/dict_0006_0192.uasset" 10494
"../../../Engine/Content/EngineMaterials/Substrate/Glints2/dict_0006_0193.uasset" 10495
"../../../Engine/Content/EngineMaterials/Substrate/Glints2/dict_0006_0185.uasset" 10496
"../../../Engine/Content/EngineMaterials/Substrate/Glints2/dict_0006_0190.uasset" 10497
"../../../Engine/Content/EngineMaterials/Substrate/Glints2/dict_0006_0187.uasset" 10498
"../../../Engine/Content/EngineMaterials/Substrate/Glints2/dict_0006_0184.uasset" 10499
"../../../Engine/Content/EngineMaterials/Substrate/Glints2/dict_0006_0175.uasset" 10500
"../../../Engine/Content/EngineMaterials/Substrate/Glints2/dict_0006_0191.uasset" 10501
"../../../Engine/Content/EngineMaterials/Substrate/Glints2/dict_0006_0172.uasset" 10502
"../../../Engine/Content/EngineMaterials/Substrate/Glints2/dict_0006_0179.uasset" 10503
"../../../Engine/Content/EngineMaterials/Substrate/Glints2/dict_0006_0174.uasset" 10504
"../../../Engine/Content/EngineMaterials/Substrate/Glints2/dict_0006_0183.uasset" 10505
"../../../Engine/Content/EngineMaterials/Substrate/Glints2/dict_0006_0180.uasset" 10506
"../../../Engine/Content/EngineMaterials/Substrate/Glints2/dict_0006_0177.uasset" 10507
"../../../Engine/Content/EngineMaterials/Substrate/Glints2/dict_0006_0188.uasset" 10508
"../../../Engine/Content/EngineMaterials/Substrate/Glints2/dict_0006_0181.uasset" 10509
"../../../Engine/Content/EngineMaterials/Substrate/Glints2/dict_0006_0182.uasset" 10510
"/Engine/EngineMaterials/Substrate/Glints2/dict_0006_0193" 10511
"/Engine/EngineMaterials/Substrate/Glints2/dict_0006_0192" 10512
"/Engine/EngineMaterials/Substrate/Glints2/dict_0006_0191" 10513
"/Engine/EngineMaterials/Substrate/Glints2/dict_0006_0190" 10514
"/Engine/EngineMaterials/Substrate/Glints2/dict_0006_0189" 10515
"/Engine/EngineMaterials/Substrate/Glints2/dict_0006_0188" 10516
"../../../Engine/Content/EngineMaterials/Substrate/Glints2/dict_0006_0197.uasset" 10517
"../../../Engine/Content/EngineMaterials/Substrate/Glints2/dict_0006_0202.uasset" 10518
"../../../Engine/Content/EngineMaterials/Substrate/Glints2/dict_0006_0201.uasset" 10519
"../../../Engine/Content/EngineMaterials/Substrate/Glints2/dict_0006_0194.uasset" 10520
"../../../Engine/Content/EngineMaterials/Substrate/Glints2/dict_0006_0198.uasset" 10521
"../../../Engine/Content/EngineMaterials/Substrate/Glints2/dict_0006_0196.uasset" 10522
"/Engine/EngineMaterials/Substrate/Glints2/dict_0006_0187" 10523
"/Engine/EngineMaterials/Substrate/Glints2/dict_0006_0186" 10524
"/Engine/EngineMaterials/Substrate/Glints2/dict_0006_0185" 10525
"../../../Engine/Content/EngineMaterials/Substrate/Glints2/dict_0006_0199.uasset" 10526
"../../../Engine/Content/EngineMaterials/Substrate/Glints2/dict_0006_0200.uasset" 10527
"/Engine/EngineMaterials/Substrate/Glints2/dict_0006_0184" 10528
"../../../Engine/Content/EngineMaterials/Substrate/Glints2/dict_0006_0203.uasset" 10529
"../../../Engine/Content/EngineMaterials/Substrate/Glints2/dict_0006_0195.uasset" 10530
"/Engine/EngineMaterials/Substrate/Glints2/dict_0006_0183" 10531
"/Engine/EngineMaterials/Substrate/Glints2/dict_0006_0182" 10532
"/Engine/EngineMaterials/Substrate/Glints2/dict_0006_0181" 10533
"/Engine/EngineMaterials/Substrate/Glints2/dict_0006_0180" 10534
"/Engine/EngineMaterials/Substrate/Glints2/dict_0006_0179" 10535
"/Engine/EngineMaterials/Substrate/Glints2/dict_0006_0178" 10536
"/Engine/EngineMaterials/Substrate/Glints2/dict_0006_0177" 10537
"/Engine/EngineMaterials/Substrate/Glints2/dict_0006_0176" 10538
"/Engine/EngineMaterials/Substrate/Glints2/dict_0006_0175" 10539
"/Engine/EngineMaterials/Substrate/Glints2/dict_0006_0174" 10540
"/Engine/EngineMaterials/Substrate/Glints2/dict_0006_0173" 10541
"/Engine/EngineMaterials/Substrate/Glints2/dict_0006_0172" 10542
"/Engine/EngineMaterials/Substrate/Glints2/dict_0006_0203" 10543
"/Engine/EngineMaterials/Substrate/Glints2/dict_0006_0202" 10544
"/Engine/EngineMaterials/Substrate/Glints2/dict_0006_0201" 10545
"/Engine/EngineMaterials/Substrate/Glints2/dict_0006_0200" 10546
"/Engine/EngineMaterials/Substrate/Glints2/dict_0006_0199" 10547
"/Engine/EngineMaterials/Substrate/Glints2/dict_0006_0198" 10548
"/Engine/EngineMaterials/Substrate/Glints2/dict_0006_0197" 10549
"/Engine/EngineMaterials/Substrate/Glints2/dict_0006_0196" 10550
"/Engine/EngineMaterials/Substrate/Glints2/dict_0006_0195" 10551
"/Engine/EngineMaterials/Substrate/Glints2/dict_0006_0194" 10552
"../../../Engine/Content/EngineMaterials/Substrate/Glints2/dict_0006_0206.uasset" 10553
"../../../Engine/Content/EngineMaterials/Substrate/Glints2/dict_0006_0210.uasset" 10554
"../../../Engine/Content/EngineMaterials/Substrate/Glints2/dict_0006_0221.uasset" 10555
"../../../Engine/Content/EngineMaterials/Substrate/Glints2/dict_0006_0224.uasset" 10556
"../../../Engine/Content/EngineMaterials/Substrate/Glints2/dict_0006_0223.uasset" 10557
"../../../Engine/Content/EngineMaterials/Substrate/Glints2/dict_0006_0209.uasset" 10558
"../../../Engine/Content/EngineMaterials/Substrate/Glints2/dict_0006_0211.uasset" 10559
"../../../Engine/Content/EngineMaterials/Substrate/Glints2/dict_0006_0212.uasset" 10560
"../../../Engine/Content/EngineMaterials/Substrate/Glints2/dict_0006_0215.uasset" 10561
"../../../Engine/Content/EngineMaterials/Substrate/Glints2/dict_0006_0217.uasset" 10562
"../../../Engine/Content/EngineMaterials/Substrate/Glints2/dict_0006_0214.uasset" 10563
"../../../Engine/Content/EngineMaterials/Substrate/Glints2/dict_0006_0216.uasset" 10564
"../../../Engine/Content/EngineMaterials/Substrate/Glints2/dict_0006_0222.uasset" 10565
"../../../Engine/Content/EngineMaterials/Substrate/Glints2/dict_0006_0204.uasset" 10566
"../../../Engine/Content/EngineMaterials/Substrate/Glints2/dict_0006_0225.uasset" 10567
"../../../Engine/Content/EngineMaterials/Substrate/Glints2/dict_0006_0218.uasset" 10568
"../../../Engine/Content/EngineMaterials/Substrate/Glints2/dict_0006_0205.uasset" 10569
"../../../Engine/Content/EngineMaterials/Substrate/Glints2/dict_0006_0219.uasset" 10570
"../../../Engine/Content/EngineMaterials/Substrate/Glints2/dict_0006_0208.uasset" 10571
"../../../Engine/Content/EngineMaterials/Substrate/Glints2/dict_0006_0207.uasset" 10572
"../../../Engine/Content/EngineMaterials/Substrate/Glints2/dict_0006_0220.uasset" 10573
"../../../Engine/Content/EngineMaterials/Substrate/Glints2/dict_0006_0213.uasset" 10574
"/Engine/EngineMaterials/Substrate/Glints2/dict_0006_0225" 10575
"/Engine/EngineMaterials/Substrate/Glints2/dict_0006_0224" 10576
"/Engine/EngineMaterials/Substrate/Glints2/dict_0006_0223" 10577
"/Engine/EngineMaterials/Substrate/Glints2/dict_0006_0222" 10578
"/Engine/EngineMaterials/Substrate/Glints2/dict_0006_0221" 10579
"/Engine/EngineMaterials/Substrate/Glints2/dict_0006_0220" 10580
"/Engine/EngineMaterials/Substrate/Glints2/dict_0006_0219" 10581
"../../../Engine/Content/EngineMaterials/Substrate/Glints2/dict_0006_0231.uasset" 10582
"../../../Engine/Content/EngineMaterials/Substrate/Glints2/dict_0006_0233.uasset" 10583
"../../../Engine/Content/EngineMaterials/Substrate/Glints2/dict_0006_0235.uasset" 10584
"../../../Engine/Content/EngineMaterials/Substrate/Glints2/dict_0006_0234.uasset" 10585
"/Engine/EngineMaterials/Substrate/Glints2/dict_0006_0218" 10586
"../../../Engine/Content/EngineMaterials/Substrate/Glints2/dict_0006_0232.uasset" 10587
"../../../Engine/Content/EngineMaterials/Substrate/Glints2/dict_0006_0226.uasset" 10588
"/Engine/EngineMaterials/Substrate/Glints2/dict_0006_0217" 10589
"../../../Engine/Content/EngineMaterials/Substrate/Glints2/dict_0006_0228.uasset" 10590
"../../../Engine/Content/EngineMaterials/Substrate/Glints2/dict_0006_0229.uasset" 10591
"../../../Engine/Content/EngineMaterials/Substrate/Glints2/dict_0006_0227.uasset" 10592
"../../../Engine/Content/EngineMaterials/Substrate/Glints2/dict_0006_0230.uasset" 10593
"/Engine/EngineMaterials/Substrate/Glints2/dict_0006_0216" 10594
"/Engine/EngineMaterials/Substrate/Glints2/dict_0006_0215" 10595
"/Engine/EngineMaterials/Substrate/Glints2/dict_0006_0214" 10596
"/Engine/EngineMaterials/Substrate/Glints2/dict_0006_0213" 10597
"/Engine/EngineMaterials/Substrate/Glints2/dict_0006_0212" 10598
"/Engine/EngineMaterials/Substrate/Glints2/dict_0006_0211" 10599
"/Engine/EngineMaterials/Substrate/Glints2/dict_0006_0210" 10600
"/Engine/EngineMaterials/Substrate/Glints2/dict_0006_0209" 10601
"/Engine/EngineMaterials/Substrate/Glints2/dict_0006_0208" 10602
"/Engine/EngineMaterials/Substrate/Glints2/dict_0006_0207" 10603
"/Engine/EngineMaterials/Substrate/Glints2/dict_0006_0206" 10604
"/Engine/EngineMaterials/Substrate/Glints2/dict_0006_0205" 10605
"/Engine/EngineMaterials/Substrate/Glints2/dict_0006_0204" 10606
"/Engine/EngineMaterials/Substrate/Glints2/dict_0006_0235" 10607
"/Engine/EngineMaterials/Substrate/Glints2/dict_0006_0234" 10608
"/Engine/EngineMaterials/Substrate/Glints2/dict_0006_0233" 10609
"/Engine/EngineMaterials/Substrate/Glints2/dict_0006_0232" 10610
"/Engine/EngineMaterials/Substrate/Glints2/dict_0006_0231" 10611
"/Engine/EngineMaterials/Substrate/Glints2/dict_0006_0230" 10612
"/Engine/EngineMaterials/Substrate/Glints2/dict_0006_0229" 10613
"/Engine/EngineMaterials/Substrate/Glints2/dict_0006_0228" 10614
"/Engine/EngineMaterials/Substrate/Glints2/dict_0006_0227" 10615
"/Engine/EngineMaterials/Substrate/Glints2/dict_0006_0226" 10616
"../../../Engine/Content/EngineMaterials/Substrate/Glints2/dict_0006_0243.uasset" 10617
"../../../Engine/Content/EngineMaterials/Substrate/Glints2/dict_0006_0249.uasset" 10618
"../../../Engine/Content/EngineMaterials/Substrate/Glints2/dict_0006_0236.uasset" 10619
"../../../Engine/Content/EngineMaterials/Substrate/Glints2/dict_0006_0252.uasset" 10620
"../../../Engine/Content/EngineMaterials/Substrate/Glints2/dict_0006_0237.uasset" 10621
"../../../Engine/Content/EngineMaterials/Substrate/Glints2/dict_0007_0000.uasset" 10622
"../../../Engine/Content/EngineMaterials/Substrate/Glints2/dict_0006_0241.uasset" 10623
"../../../Engine/Content/EngineMaterials/Substrate/Glints2/dict_0006_0240.uasset" 10624
"../../../Engine/Content/EngineMaterials/Substrate/Glints2/dict_0006_0255.uasset" 10625
"../../../Engine/Content/EngineMaterials/Substrate/Glints2/dict_0006_0244.uasset" 10626
"../../../Engine/Content/EngineMaterials/Substrate/Glints2/dict_0006_0242.uasset" 10627
"../../../Engine/Content/EngineMaterials/Substrate/Glints2/dict_0006_0248.uasset" 10628
"../../../Engine/Content/EngineMaterials/Substrate/Glints2/dict_0006_0247.uasset" 10629
"../../../Engine/Content/EngineMaterials/Substrate/Glints2/dict_0006_0246.uasset" 10630
"../../../Engine/Content/EngineMaterials/Substrate/Glints2/dict_0006_0254.uasset" 10631
"../../../Engine/Content/EngineMaterials/Substrate/Glints2/dict_0006_0245.uasset" 10632
"../../../Engine/Content/EngineMaterials/Substrate/Glints2/dict_0007_0001.uasset" 10633
"../../../Engine/Content/EngineMaterials/Substrate/Glints2/dict_0006_0239.uasset" 10634
"../../../Engine/Content/EngineMaterials/Substrate/Glints2/dict_0006_0251.uasset" 10635
"../../../Engine/Content/EngineMaterials/Substrate/Glints2/dict_0006_0238.uasset" 10636
"../../../Engine/Content/EngineMaterials/Substrate/Glints2/dict_0006_0250.uasset" 10637
"../../../Engine/Content/EngineMaterials/Substrate/Glints2/dict_0006_0253.uasset" 10638
"/Engine/EngineMaterials/Substrate/Glints2/dict_0007_0001" 10639
"/Engine/EngineMaterials/Substrate/Glints2/dict_0007_0000" 10640
"/Engine/EngineMaterials/Substrate/Glints2/dict_0006_0255" 10641
"/Engine/EngineMaterials/Substrate/Glints2/dict_0006_0254" 10642
"/Engine/EngineMaterials/Substrate/Glints2/dict_0006_0253" 10643
"/Engine/EngineMaterials/Substrate/Glints2/dict_0006_0252" 10644
"/Engine/EngineMaterials/Substrate/Glints2/dict_0006_0251" 10645
"/Engine/EngineMaterials/Substrate/Glints2/dict_0006_0250" 10646
"/Engine/EngineMaterials/Substrate/Glints2/dict_0006_0249" 10647
"/Engine/EngineMaterials/Substrate/Glints2/dict_0006_0248" 10648
"/Engine/EngineMaterials/Substrate/Glints2/dict_0006_0247" 10649
"/Engine/EngineMaterials/Substrate/Glints2/dict_0006_0246" 10650
"../../../Engine/Content/EngineMaterials/Substrate/Glints2/dict_0007_0002.uasset" 10651
"/Engine/EngineMaterials/Substrate/Glints2/dict_0006_0245" 10652
"../../../Engine/Content/EngineMaterials/Substrate/Glints2/dict_0007_0008.uasset" 10653
"../../../Engine/Content/EngineMaterials/Substrate/Glints2/dict_0007_0005.uasset" 10654
"../../../Engine/Content/EngineMaterials/Substrate/Glints2/dict_0007_0009.uasset" 10655
"../../../Engine/Content/EngineMaterials/Substrate/Glints2/dict_0007_0007.uasset" 10656
"/Engine/EngineMaterials/Substrate/Glints2/dict_0006_0244" 10657
"../../../Engine/Content/EngineMaterials/Substrate/Glints2/dict_0007_0010.uasset" 10658
"../../../Engine/Content/EngineMaterials/Substrate/Glints2/dict_0007_0004.uasset" 10659
"/Engine/EngineMaterials/Substrate/Glints2/dict_0006_0243" 10660
"/Engine/EngineMaterials/Substrate/Glints2/dict_0006_0242" 10661
"../../../Engine/Content/EngineMaterials/Substrate/Glints2/dict_0007_0006.uasset" 10662
"../../../Engine/Content/EngineMaterials/Substrate/Glints2/dict_0007_0011.uasset" 10663
"/Engine/EngineMaterials/Substrate/Glints2/dict_0006_0241" 10664
"../../../Engine/Content/EngineMaterials/Substrate/Glints2/dict_0007_0003.uasset" 10665
"/Engine/EngineMaterials/Substrate/Glints2/dict_0006_0240" 10666
"/Engine/EngineMaterials/Substrate/Glints2/dict_0006_0239" 10667
"/Engine/EngineMaterials/Substrate/Glints2/dict_0006_0238" 10668
"/Engine/EngineMaterials/Substrate/Glints2/dict_0006_0237" 10669
"/Engine/EngineMaterials/Substrate/Glints2/dict_0006_0236" 10670
"/Engine/EngineMaterials/Substrate/Glints2/dict_0007_0011" 10671
"/Engine/EngineMaterials/Substrate/Glints2/dict_0007_0010" 10672
"/Engine/EngineMaterials/Substrate/Glints2/dict_0007_0009" 10673
"/Engine/EngineMaterials/Substrate/Glints2/dict_0007_0008" 10674
"/Engine/EngineMaterials/Substrate/Glints2/dict_0007_0007" 10675
"/Engine/EngineMaterials/Substrate/Glints2/dict_0007_0006" 10676
"/Engine/EngineMaterials/Substrate/Glints2/dict_0007_0005" 10677
"/Engine/EngineMaterials/Substrate/Glints2/dict_0007_0004" 10678
"/Engine/EngineMaterials/Substrate/Glints2/dict_0007_0003" 10679
"/Engine/EngineMaterials/Substrate/Glints2/dict_0007_0002" 10680
"../../../Engine/Content/EngineMaterials/Substrate/Glints2/dict_0007_0024.uasset" 10681
"../../../Engine/Content/EngineMaterials/Substrate/Glints2/dict_0007_0030.uasset" 10682
"../../../Engine/Content/EngineMaterials/Substrate/Glints2/dict_0007_0020.uasset" 10683
"../../../Engine/Content/EngineMaterials/Substrate/Glints2/dict_0007_0028.uasset" 10684
"../../../Engine/Content/EngineMaterials/Substrate/Glints2/dict_0007_0027.uasset" 10685
"../../../Engine/Content/EngineMaterials/Substrate/Glints2/dict_0007_0012.uasset" 10686
"../../../Engine/Content/EngineMaterials/Substrate/Glints2/dict_0007_0029.uasset" 10687
"../../../Engine/Content/EngineMaterials/Substrate/Glints2/dict_0007_0033.uasset" 10688
"../../../Engine/Content/EngineMaterials/Substrate/Glints2/dict_0007_0032.uasset" 10689
"../../../Engine/Content/EngineMaterials/Substrate/Glints2/dict_0007_0026.uasset" 10690
"../../../Engine/Content/EngineMaterials/Substrate/Glints2/dict_0007_0031.uasset" 10691
"../../../Engine/Content/EngineMaterials/Substrate/Glints2/dict_0007_0018.uasset" 10692
"../../../Engine/Content/EngineMaterials/Substrate/Glints2/dict_0007_0019.uasset" 10693
"../../../Engine/Content/EngineMaterials/Substrate/Glints2/dict_0007_0016.uasset" 10694
"../../../Engine/Content/EngineMaterials/Substrate/Glints2/dict_0007_0025.uasset" 10695
"../../../Engine/Content/EngineMaterials/Substrate/Glints2/dict_0007_0017.uasset" 10696
"../../../Engine/Content/EngineMaterials/Substrate/Glints2/dict_0007_0023.uasset" 10697
"../../../Engine/Content/EngineMaterials/Substrate/Glints2/dict_0007_0015.uasset" 10698
"../../../Engine/Content/EngineMaterials/Substrate/Glints2/dict_0007_0014.uasset" 10699
"../../../Engine/Content/EngineMaterials/Substrate/Glints2/dict_0007_0021.uasset" 10700
"../../../Engine/Content/EngineMaterials/Substrate/Glints2/dict_0007_0022.uasset" 10701
"../../../Engine/Content/EngineMaterials/Substrate/Glints2/dict_0007_0013.uasset" 10702
"/Engine/EngineMaterials/Substrate/Glints2/dict_0007_0033" 10703
"/Engine/EngineMaterials/Substrate/Glints2/dict_0007_0032" 10704
"/Engine/EngineMaterials/Substrate/Glints2/dict_0007_0031" 10705
"/Engine/EngineMaterials/Substrate/Glints2/dict_0007_0030" 10706
"/Engine/EngineMaterials/Substrate/Glints2/dict_0007_0029" 10707
"/Engine/EngineMaterials/Substrate/Glints2/dict_0007_0028" 10708
"/Engine/EngineMaterials/Substrate/Glints2/dict_0007_0027" 10709
"/Engine/EngineMaterials/Substrate/Glints2/dict_0007_0026" 10710
"/Engine/EngineMaterials/Substrate/Glints2/dict_0007_0025" 10711
"../../../Engine/Content/EngineMaterials/Substrate/Glints2/dict_0007_0039.uasset" 10712
"../../../Engine/Content/EngineMaterials/Substrate/Glints2/dict_0007_0034.uasset" 10713
"../../../Engine/Content/EngineMaterials/Substrate/Glints2/dict_0007_0035.uasset" 10714
"../../../Engine/Content/EngineMaterials/Substrate/Glints2/dict_0007_0043.uasset" 10715
"../../../Engine/Content/EngineMaterials/Substrate/Glints2/dict_0007_0038.uasset" 10716
"/Engine/EngineMaterials/Substrate/Glints2/dict_0007_0024" 10717
"../../../Engine/Content/EngineMaterials/Substrate/Glints2/dict_0007_0036.uasset" 10718
"../../../Engine/Content/EngineMaterials/Substrate/Glints2/dict_0007_0042.uasset" 10719
"../../../Engine/Content/EngineMaterials/Substrate/Glints2/dict_0007_0037.uasset" 10720
"../../../Engine/Content/EngineMaterials/Substrate/Glints2/dict_0007_0041.uasset" 10721
"/Engine/EngineMaterials/Substrate/Glints2/dict_0007_0023" 10722
"../../../Engine/Content/EngineMaterials/Substrate/Glints2/dict_0007_0040.uasset" 10723
"/Engine/EngineMaterials/Substrate/Glints2/dict_0007_0022" 10724
"/Engine/EngineMaterials/Substrate/Glints2/dict_0007_0021" 10725
"/Engine/EngineMaterials/Substrate/Glints2/dict_0007_0020" 10726
"/Engine/EngineMaterials/Substrate/Glints2/dict_0007_0019" 10727
"/Engine/EngineMaterials/Substrate/Glints2/dict_0007_0018" 10728
"/Engine/EngineMaterials/Substrate/Glints2/dict_0007_0017" 10729
"/Engine/EngineMaterials/Substrate/Glints2/dict_0007_0016" 10730
"/Engine/EngineMaterials/Substrate/Glints2/dict_0007_0015" 10731
"/Engine/EngineMaterials/Substrate/Glints2/dict_0007_0014" 10732
"/Engine/EngineMaterials/Substrate/Glints2/dict_0007_0013" 10733
"/Engine/EngineMaterials/Substrate/Glints2/dict_0007_0012" 10734
"/Engine/EngineMaterials/Substrate/Glints2/dict_0007_0043" 10735
"/Engine/EngineMaterials/Substrate/Glints2/dict_0007_0042" 10736
"/Engine/EngineMaterials/Substrate/Glints2/dict_0007_0041" 10737
"/Engine/EngineMaterials/Substrate/Glints2/dict_0007_0040" 10738
"/Engine/EngineMaterials/Substrate/Glints2/dict_0007_0039" 10739
"/Engine/EngineMaterials/Substrate/Glints2/dict_0007_0038" 10740
"/Engine/EngineMaterials/Substrate/Glints2/dict_0007_0037" 10741
"/Engine/EngineMaterials/Substrate/Glints2/dict_0007_0036" 10742
"/Engine/EngineMaterials/Substrate/Glints2/dict_0007_0035" 10743
"/Engine/EngineMaterials/Substrate/Glints2/dict_0007_0034" 10744
"../../../Engine/Content/EngineMaterials/Substrate/Glints2/dict_0007_0053.uasset" 10745
"../../../Engine/Content/EngineMaterials/Substrate/Glints2/dict_0007_0047.uasset" 10746
"../../../Engine/Content/EngineMaterials/Substrate/Glints2/dict_0007_0044.uasset" 10747
"../../../Engine/Content/EngineMaterials/Substrate/Glints2/dict_0007_0055.uasset" 10748
"../../../Engine/Content/EngineMaterials/Substrate/Glints2/dict_0007_0052.uasset" 10749
"../../../Engine/Content/EngineMaterials/Substrate/Glints2/dict_0007_0057.uasset" 10750
"../../../Engine/Content/EngineMaterials/Substrate/Glints2/dict_0007_0048.uasset" 10751
"../../../Engine/Content/EngineMaterials/Substrate/Glints2/dict_0007_0049.uasset" 10752
"../../../Engine/Content/EngineMaterials/Substrate/Glints2/dict_0007_0061.uasset" 10753
"../../../Engine/Content/EngineMaterials/Substrate/Glints2/dict_0007_0045.uasset" 10754
"../../../Engine/Content/EngineMaterials/Substrate/Glints2/dict_0007_0056.uasset" 10755
"../../../Engine/Content/EngineMaterials/Substrate/Glints2/dict_0007_0060.uasset" 10756
"../../../Engine/Content/EngineMaterials/Substrate/Glints2/dict_0007_0063.uasset" 10757
"../../../Engine/Content/EngineMaterials/Substrate/Glints2/dict_0007_0059.uasset" 10758
"../../../Engine/Content/EngineMaterials/Substrate/Glints2/dict_0007_0064.uasset" 10759
"../../../Engine/Content/EngineMaterials/Substrate/Glints2/dict_0007_0051.uasset" 10760
"../../../Engine/Content/EngineMaterials/Substrate/Glints2/dict_0007_0058.uasset" 10761
"../../../Engine/Content/EngineMaterials/Substrate/Glints2/dict_0007_0054.uasset" 10762
"../../../Engine/Content/EngineMaterials/Substrate/Glints2/dict_0007_0065.uasset" 10763
"../../../Engine/Content/EngineMaterials/Substrate/Glints2/dict_0007_0062.uasset" 10764
"../../../Engine/Content/EngineMaterials/Substrate/Glints2/dict_0007_0046.uasset" 10765
"../../../Engine/Content/EngineMaterials/Substrate/Glints2/dict_0007_0050.uasset" 10766
"/Engine/EngineMaterials/Substrate/Glints2/dict_0007_0065" 10767
"/Engine/EngineMaterials/Substrate/Glints2/dict_0007_0064" 10768
"/Engine/EngineMaterials/Substrate/Glints2/dict_0007_0063" 10769
"/Engine/EngineMaterials/Substrate/Glints2/dict_0007_0062" 10770
"/Engine/EngineMaterials/Substrate/Glints2/dict_0007_0061" 10771
"/Engine/EngineMaterials/Substrate/Glints2/dict_0007_0060" 10772
"/Engine/EngineMaterials/Substrate/Glints2/dict_0007_0059" 10773
"../../../Engine/Content/EngineMaterials/Substrate/Glints2/dict_0007_0072.uasset" 10774
"../../../Engine/Content/EngineMaterials/Substrate/Glints2/dict_0007_0070.uasset" 10775
"../../../Engine/Content/EngineMaterials/Substrate/Glints2/dict_0007_0067.uasset" 10776
"../../../Engine/Content/EngineMaterials/Substrate/Glints2/dict_0007_0075.uasset" 10777
"../../../Engine/Content/EngineMaterials/Substrate/Glints2/dict_0007_0068.uasset" 10778
"../../../Engine/Content/EngineMaterials/Substrate/Glints2/dict_0007_0073.uasset" 10779
"/Engine/EngineMaterials/Substrate/Glints2/dict_0007_0058" 10780
"../../../Engine/Content/EngineMaterials/Substrate/Glints2/dict_0007_0069.uasset" 10781
"../../../Engine/Content/EngineMaterials/Substrate/Glints2/dict_0007_0074.uasset" 10782
"/Engine/EngineMaterials/Substrate/Glints2/dict_0007_0057" 10783
"/Engine/EngineMaterials/Substrate/Glints2/dict_0007_0056" 10784
"../../../Engine/Content/EngineMaterials/Substrate/Glints2/dict_0007_0066.uasset" 10785
"../../../Engine/Content/EngineMaterials/Substrate/Glints2/dict_0007_0071.uasset" 10786
"/Engine/EngineMaterials/Substrate/Glints2/dict_0007_0055" 10787
"/Engine/EngineMaterials/Substrate/Glints2/dict_0007_0054" 10788
"/Engine/EngineMaterials/Substrate/Glints2/dict_0007_0053" 10789
"/Engine/EngineMaterials/Substrate/Glints2/dict_0007_0052" 10790
"/Engine/EngineMaterials/Substrate/Glints2/dict_0007_0051" 10791
"/Engine/EngineMaterials/Substrate/Glints2/dict_0007_0050" 10792
"/Engine/EngineMaterials/Substrate/Glints2/dict_0007_0049" 10793
"/Engine/EngineMaterials/Substrate/Glints2/dict_0007_0048" 10794
"/Engine/EngineMaterials/Substrate/Glints2/dict_0007_0047" 10795
"/Engine/EngineMaterials/Substrate/Glints2/dict_0007_0046" 10796
"/Engine/EngineMaterials/Substrate/Glints2/dict_0007_0045" 10797
"/Engine/EngineMaterials/Substrate/Glints2/dict_0007_0044" 10798
"/Engine/EngineMaterials/Substrate/Glints2/dict_0007_0075" 10799
"/Engine/EngineMaterials/Substrate/Glints2/dict_0007_0074" 10800
"/Engine/EngineMaterials/Substrate/Glints2/dict_0007_0073" 10801
"/Engine/EngineMaterials/Substrate/Glints2/dict_0007_0072" 10802
"/Engine/EngineMaterials/Substrate/Glints2/dict_0007_0071" 10803
"/Engine/EngineMaterials/Substrate/Glints2/dict_0007_0070" 10804
"/Engine/EngineMaterials/Substrate/Glints2/dict_0007_0069" 10805
"/Engine/EngineMaterials/Substrate/Glints2/dict_0007_0068" 10806
"/Engine/EngineMaterials/Substrate/Glints2/dict_0007_0067" 10807
"/Engine/EngineMaterials/Substrate/Glints2/dict_0007_0066" 10808
"../../../Engine/Content/EngineMaterials/Substrate/Glints2/dict_0007_0089.uasset" 10809
"../../../Engine/Content/EngineMaterials/Substrate/Glints2/dict_0007_0093.uasset" 10810
"../../../Engine/Content/EngineMaterials/Substrate/Glints2/dict_0007_0080.uasset" 10811
"../../../Engine/Content/EngineMaterials/Substrate/Glints2/dict_0007_0094.uasset" 10812
"../../../Engine/Content/EngineMaterials/Substrate/Glints2/dict_0007_0087.uasset" 10813
"../../../Engine/Content/EngineMaterials/Substrate/Glints2/dict_0007_0091.uasset" 10814
"../../../Engine/Content/EngineMaterials/Substrate/Glints2/dict_0007_0081.uasset" 10815
"../../../Engine/Content/EngineMaterials/Substrate/Glints2/dict_0007_0096.uasset" 10816
"../../../Engine/Content/EngineMaterials/Substrate/Glints2/dict_0007_0082.uasset" 10817
"../../../Engine/Content/EngineMaterials/Substrate/Glints2/dict_0007_0079.uasset" 10818
"../../../Engine/Content/EngineMaterials/Substrate/Glints2/dict_0007_0077.uasset" 10819
"../../../Engine/Content/EngineMaterials/Substrate/Glints2/dict_0007_0083.uasset" 10820
"../../../Engine/Content/EngineMaterials/Substrate/Glints2/dict_0007_0085.uasset" 10821
"../../../Engine/Content/EngineMaterials/Substrate/Glints2/dict_0007_0084.uasset" 10822
"../../../Engine/Content/EngineMaterials/Substrate/Glints2/dict_0007_0086.uasset" 10823
"../../../Engine/Content/EngineMaterials/Substrate/Glints2/dict_0007_0097.uasset" 10824
"../../../Engine/Content/EngineMaterials/Substrate/Glints2/dict_0007_0078.uasset" 10825
"../../../Engine/Content/EngineMaterials/Substrate/Glints2/dict_0007_0090.uasset" 10826
"../../../Engine/Content/EngineMaterials/Substrate/Glints2/dict_0007_0095.uasset" 10827
"../../../Engine/Content/EngineMaterials/Substrate/Glints2/dict_0007_0088.uasset" 10828
"../../../Engine/Content/EngineMaterials/Substrate/Glints2/dict_0007_0076.uasset" 10829
"../../../Engine/Content/EngineMaterials/Substrate/Glints2/dict_0007_0092.uasset" 10830
"/Engine/EngineMaterials/Substrate/Glints2/dict_0007_0097" 10831
"/Engine/EngineMaterials/Substrate/Glints2/dict_0007_0096" 10832
"/Engine/EngineMaterials/Substrate/Glints2/dict_0007_0095" 10833
"/Engine/EngineMaterials/Substrate/Glints2/dict_0007_0094" 10834
"/Engine/EngineMaterials/Substrate/Glints2/dict_0007_0093" 10835
"/Engine/EngineMaterials/Substrate/Glints2/dict_0007_0092" 10836
"/Engine/EngineMaterials/Substrate/Glints2/dict_0007_0091" 10837
"/Engine/EngineMaterials/Substrate/Glints2/dict_0007_0090" 10838
"/Engine/EngineMaterials/Substrate/Glints2/dict_0007_0089" 10839
"/Engine/EngineMaterials/Substrate/Glints2/dict_0007_0088" 10840
"/Engine/EngineMaterials/Substrate/Glints2/dict_0007_0087" 10841
"/Engine/EngineMaterials/Substrate/Glints2/dict_0007_0086" 10842
"/Engine/EngineMaterials/Substrate/Glints2/dict_0007_0085" 10843
"/Engine/EngineMaterials/Substrate/Glints2/dict_0007_0084" 10844
"/Engine/EngineMaterials/Substrate/Glints2/dict_0007_0083" 10845
"/Engine/EngineMaterials/Substrate/Glints2/dict_0007_0082" 10846
"/Engine/EngineMaterials/Substrate/Glints2/dict_0007_0081" 10847
"../../../Engine/Content/EngineMaterials/Substrate/Glints2/dict_0007_0102.uasset" 10848
"../../../Engine/Content/EngineMaterials/Substrate/Glints2/dict_0007_0098.uasset" 10849
"../../../Engine/Content/EngineMaterials/Substrate/Glints2/dict_0007_0101.uasset" 10850
"/Engine/EngineMaterials/Substrate/Glints2/dict_0007_0080" 10851
"/Engine/EngineMaterials/Substrate/Glints2/dict_0007_0079" 10852
"../../../Engine/Content/EngineMaterials/Substrate/Glints2/dict_0007_0107.uasset" 10853
"../../../Engine/Content/EngineMaterials/Substrate/Glints2/dict_0007_0100.uasset" 10854
"../../../Engine/Content/EngineMaterials/Substrate/Glints2/dict_0007_0105.uasset" 10855
"../../../Engine/Content/EngineMaterials/Substrate/Glints2/dict_0007_0106.uasset" 10856
"../../../Engine/Content/EngineMaterials/Substrate/Glints2/dict_0007_0099.uasset" 10857
"/Engine/EngineMaterials/Substrate/Glints2/dict_0007_0078" 10858
"../../../Engine/Content/EngineMaterials/Substrate/Glints2/dict_0007_0103.uasset" 10859
"../../../Engine/Content/EngineMaterials/Substrate/Glints2/dict_0007_0104.uasset" 10860
"/Engine/EngineMaterials/Substrate/Glints2/dict_0007_0077" 10861
"/Engine/EngineMaterials/Substrate/Glints2/dict_0007_0076" 10862
"/Engine/EngineMaterials/Substrate/Glints2/dict_0007_0107" 10863
"/Engine/EngineMaterials/Substrate/Glints2/dict_0007_0106" 10864
"/Engine/EngineMaterials/Substrate/Glints2/dict_0007_0105" 10865
"/Engine/EngineMaterials/Substrate/Glints2/dict_0007_0104" 10866
"/Engine/EngineMaterials/Substrate/Glints2/dict_0007_0103" 10867
"/Engine/EngineMaterials/Substrate/Glints2/dict_0007_0102" 10868
"/Engine/EngineMaterials/Substrate/Glints2/dict_0007_0101" 10869
"/Engine/EngineMaterials/Substrate/Glints2/dict_0007_0100" 10870
"/Engine/EngineMaterials/Substrate/Glints2/dict_0007_0099" 10871
"/Engine/EngineMaterials/Substrate/Glints2/dict_0007_0098" 10872
"../../../Engine/Content/EngineMaterials/Substrate/Glints2/dict_0007_0114.uasset" 10873
"../../../Engine/Content/EngineMaterials/Substrate/Glints2/dict_0007_0119.uasset" 10874
"../../../Engine/Content/EngineMaterials/Substrate/Glints2/dict_0007_0122.uasset" 10875
"../../../Engine/Content/EngineMaterials/Substrate/Glints2/dict_0007_0124.uasset" 10876
"../../../Engine/Content/EngineMaterials/Substrate/Glints2/dict_0007_0123.uasset" 10877
"../../../Engine/Content/EngineMaterials/Substrate/Glints2/dict_0007_0116.uasset" 10878
"../../../Engine/Content/EngineMaterials/Substrate/Glints2/dict_0007_0118.uasset" 10879
"../../../Engine/Content/EngineMaterials/Substrate/Glints2/dict_0007_0115.uasset" 10880
"../../../Engine/Content/EngineMaterials/Substrate/Glints2/dict_0007_0108.uasset" 10881
"../../../Engine/Content/EngineMaterials/Substrate/Glints2/dict_0007_0110.uasset" 10882
"../../../Engine/Content/EngineMaterials/Substrate/Glints2/dict_0007_0125.uasset" 10883
"../../../Engine/Content/EngineMaterials/Substrate/Glints2/dict_0007_0129.uasset" 10884
"../../../Engine/Content/EngineMaterials/Substrate/Glints2/dict_0007_0113.uasset" 10885
"../../../Engine/Content/EngineMaterials/Substrate/Glints2/dict_0007_0111.uasset" 10886
"../../../Engine/Content/EngineMaterials/Substrate/Glints2/dict_0007_0127.uasset" 10887
"../../../Engine/Content/EngineMaterials/Substrate/Glints2/dict_0007_0112.uasset" 10888
"../../../Engine/Content/EngineMaterials/Substrate/Glints2/dict_0007_0117.uasset" 10889
"../../../Engine/Content/EngineMaterials/Substrate/Glints2/dict_0007_0128.uasset" 10890
"../../../Engine/Content/EngineMaterials/Substrate/Glints2/dict_0007_0109.uasset" 10891
"../../../Engine/Content/EngineMaterials/Substrate/Glints2/dict_0007_0126.uasset" 10892
"../../../Engine/Content/EngineMaterials/Substrate/Glints2/dict_0007_0120.uasset" 10893
"../../../Engine/Content/EngineMaterials/Substrate/Glints2/dict_0007_0121.uasset" 10894
"/Engine/EngineMaterials/Substrate/Glints2/dict_0007_0129" 10895
"/Engine/EngineMaterials/Substrate/Glints2/dict_0007_0128" 10896
"/Engine/EngineMaterials/Substrate/Glints2/dict_0007_0127" 10897
"/Engine/EngineMaterials/Substrate/Glints2/dict_0007_0126" 10898
"/Engine/EngineMaterials/Substrate/Glints2/dict_0007_0125" 10899
"/Engine/EngineMaterials/Substrate/Glints2/dict_0007_0124" 10900
"/Engine/EngineMaterials/Substrate/Glints2/dict_0007_0123" 10901
"/Engine/EngineMaterials/Substrate/Glints2/dict_0007_0122" 10902
"/Engine/EngineMaterials/Substrate/Glints2/dict_0007_0121" 10903
"../../../Engine/Content/EngineMaterials/Substrate/Glints2/dict_0007_0138.uasset" 10904
"../../../Engine/Content/EngineMaterials/Substrate/Glints2/dict_0007_0139.uasset" 10905
"/Engine/EngineMaterials/Substrate/Glints2/dict_0007_0120" 10906
"/Engine/EngineMaterials/Substrate/Glints2/dict_0007_0119" 10907
"../../../Engine/Content/EngineMaterials/Substrate/Glints2/dict_0007_0132.uasset" 10908
"../../../Engine/Content/EngineMaterials/Substrate/Glints2/dict_0007_0136.uasset" 10909
"../../../Engine/Content/EngineMaterials/Substrate/Glints2/dict_0007_0130.uasset" 10910
"../../../Engine/Content/EngineMaterials/Substrate/Glints2/dict_0007_0133.uasset" 10911
"../../../Engine/Content/EngineMaterials/Substrate/Glints2/dict_0007_0137.uasset" 10912
"../../../Engine/Content/EngineMaterials/Substrate/Glints2/dict_0007_0134.uasset" 10913
"/Engine/EngineMaterials/Substrate/Glints2/dict_0007_0118" 10914
"../../../Engine/Content/EngineMaterials/Substrate/Glints2/dict_0007_0135.uasset" 10915
"../../../Engine/Content/EngineMaterials/Substrate/Glints2/dict_0007_0131.uasset" 10916
"/Engine/EngineMaterials/Substrate/Glints2/dict_0007_0117" 10917
"/Engine/EngineMaterials/Substrate/Glints2/dict_0007_0116" 10918
"/Engine/EngineMaterials/Substrate/Glints2/dict_0007_0115" 10919
"/Engine/EngineMaterials/Substrate/Glints2/dict_0007_0114" 10920
"/Engine/EngineMaterials/Substrate/Glints2/dict_0007_0113" 10921
"/Engine/EngineMaterials/Substrate/Glints2/dict_0007_0112" 10922
"/Engine/EngineMaterials/Substrate/Glints2/dict_0007_0111" 10923
"/Engine/EngineMaterials/Substrate/Glints2/dict_0007_0110" 10924
"/Engine/EngineMaterials/Substrate/Glints2/dict_0007_0109" 10925
"/Engine/EngineMaterials/Substrate/Glints2/dict_0007_0108" 10926
"/Engine/EngineMaterials/Substrate/Glints2/dict_0007_0139" 10927
"/Engine/EngineMaterials/Substrate/Glints2/dict_0007_0138" 10928
"/Engine/EngineMaterials/Substrate/Glints2/dict_0007_0137" 10929
"/Engine/EngineMaterials/Substrate/Glints2/dict_0007_0136" 10930
"/Engine/EngineMaterials/Substrate/Glints2/dict_0007_0135" 10931
"/Engine/EngineMaterials/Substrate/Glints2/dict_0007_0134" 10932
"/Engine/EngineMaterials/Substrate/Glints2/dict_0007_0133" 10933
"/Engine/EngineMaterials/Substrate/Glints2/dict_0007_0132" 10934
"/Engine/EngineMaterials/Substrate/Glints2/dict_0007_0131" 10935
"/Engine/EngineMaterials/Substrate/Glints2/dict_0007_0130" 10936
"../../../Engine/Content/EngineMaterials/Substrate/Glints2/dict_0007_0161.uasset" 10937
"../../../Engine/Content/EngineMaterials/Substrate/Glints2/dict_0007_0152.uasset" 10938
"../../../Engine/Content/EngineMaterials/Substrate/Glints2/dict_0007_0142.uasset" 10939
"../../../Engine/Content/EngineMaterials/Substrate/Glints2/dict_0007_0160.uasset" 10940
"../../../Engine/Content/EngineMaterials/Substrate/Glints2/dict_0007_0151.uasset" 10941
"../../../Engine/Content/EngineMaterials/Substrate/Glints2/dict_0007_0150.uasset" 10942
"../../../Engine/Content/EngineMaterials/Substrate/Glints2/dict_0007_0140.uasset" 10943
"../../../Engine/Content/EngineMaterials/Substrate/Glints2/dict_0007_0149.uasset" 10944
"../../../Engine/Content/EngineMaterials/Substrate/Glints2/dict_0007_0148.uasset" 10945
"../../../Engine/Content/EngineMaterials/Substrate/Glints2/dict_0007_0145.uasset" 10946
"../../../Engine/Content/EngineMaterials/Substrate/Glints2/dict_0007_0155.uasset" 10947
"../../../Engine/Content/EngineMaterials/Substrate/Glints2/dict_0007_0158.uasset" 10948
"../../../Engine/Content/EngineMaterials/Substrate/Glints2/dict_0007_0143.uasset" 10949
"../../../Engine/Content/EngineMaterials/Substrate/Glints2/dict_0007_0146.uasset" 10950
"../../../Engine/Content/EngineMaterials/Substrate/Glints2/dict_0007_0144.uasset" 10951
"../../../Engine/Content/EngineMaterials/Substrate/Glints2/dict_0007_0141.uasset" 10952
"../../../Engine/Content/EngineMaterials/Substrate/Glints2/dict_0007_0147.uasset" 10953
"../../../Engine/Content/EngineMaterials/Substrate/Glints2/dict_0007_0154.uasset" 10954
"../../../Engine/Content/EngineMaterials/Substrate/Glints2/dict_0007_0156.uasset" 10955
"../../../Engine/Content/EngineMaterials/Substrate/Glints2/dict_0007_0157.uasset" 10956
"../../../Engine/Content/EngineMaterials/Substrate/Glints2/dict_0007_0159.uasset" 10957
"../../../Engine/Content/EngineMaterials/Substrate/Glints2/dict_0007_0153.uasset" 10958
"/Engine/EngineMaterials/Substrate/Glints2/dict_0007_0161" 10959
"/Engine/EngineMaterials/Substrate/Glints2/dict_0007_0160" 10960
"/Engine/EngineMaterials/Substrate/Glints2/dict_0007_0159" 10961
"/Engine/EngineMaterials/Substrate/Glints2/dict_0007_0158" 10962
"/Engine/EngineMaterials/Substrate/Glints2/dict_0007_0157" 10963
"/Engine/EngineMaterials/Substrate/Glints2/dict_0007_0156" 10964
"/Engine/EngineMaterials/Substrate/Glints2/dict_0007_0155" 10965
"/Engine/EngineMaterials/Substrate/Glints2/dict_0007_0154" 10966
"/Engine/EngineMaterials/Substrate/Glints2/dict_0007_0153" 10967
"/Engine/EngineMaterials/Substrate/Glints2/dict_0007_0152" 10968
"/Engine/EngineMaterials/Substrate/Glints2/dict_0007_0151" 10969
"/Engine/EngineMaterials/Substrate/Glints2/dict_0007_0150" 10970
"/Engine/EngineMaterials/Substrate/Glints2/dict_0007_0149" 10971
"/Engine/EngineMaterials/Substrate/Glints2/dict_0007_0148" 10972
"/Engine/EngineMaterials/Substrate/Glints2/dict_0007_0147" 10973
"/Engine/EngineMaterials/Substrate/Glints2/dict_0007_0146" 10974
"../../../Engine/Content/EngineMaterials/Substrate/Glints2/dict_0007_0169.uasset" 10975
"../../../Engine/Content/EngineMaterials/Substrate/Glints2/dict_0007_0168.uasset" 10976
"/Engine/EngineMaterials/Substrate/Glints2/dict_0007_0145" 10977
"../../../Engine/Content/EngineMaterials/Substrate/Glints2/dict_0007_0170.uasset" 10978
"../../../Engine/Content/EngineMaterials/Substrate/Glints2/dict_0007_0171.uasset" 10979
"/Engine/EngineMaterials/Substrate/Glints2/dict_0007_0144" 10980
"../../../Engine/Content/EngineMaterials/Substrate/Glints2/dict_0007_0165.uasset" 10981
"../../../Engine/Content/EngineMaterials/Substrate/Glints2/dict_0007_0167.uasset" 10982
"../../../Engine/Content/EngineMaterials/Substrate/Glints2/dict_0007_0166.uasset" 10983
"/Engine/EngineMaterials/Substrate/Glints2/dict_0007_0143" 10984
"../../../Engine/Content/EngineMaterials/Substrate/Glints2/dict_0007_0163.uasset" 10985
"../../../Engine/Content/EngineMaterials/Substrate/Glints2/dict_0007_0162.uasset" 10986
"../../../Engine/Content/EngineMaterials/Substrate/Glints2/dict_0007_0164.uasset" 10987
"/Engine/EngineMaterials/Substrate/Glints2/dict_0007_0142" 10988
"/Engine/EngineMaterials/Substrate/Glints2/dict_0007_0141" 10989
"/Engine/EngineMaterials/Substrate/Glints2/dict_0007_0140" 10990
"/Engine/EngineMaterials/Substrate/Glints2/dict_0007_0171" 10991
"/Engine/EngineMaterials/Substrate/Glints2/dict_0007_0170" 10992
"/Engine/EngineMaterials/Substrate/Glints2/dict_0007_0169" 10993
"/Engine/EngineMaterials/Substrate/Glints2/dict_0007_0168" 10994
"/Engine/EngineMaterials/Substrate/Glints2/dict_0007_0167" 10995
"/Engine/EngineMaterials/Substrate/Glints2/dict_0007_0166" 10996
"/Engine/EngineMaterials/Substrate/Glints2/dict_0007_0165" 10997
"/Engine/EngineMaterials/Substrate/Glints2/dict_0007_0164" 10998
"/Engine/EngineMaterials/Substrate/Glints2/dict_0007_0163" 10999
"/Engine/EngineMaterials/Substrate/Glints2/dict_0007_0162" 11000
"../../../Engine/Content/EngineMaterials/Substrate/Glints2/dict_0007_0192.uasset" 11001
"../../../Engine/Content/EngineMaterials/Substrate/Glints2/dict_0007_0176.uasset" 11002
"../../../Engine/Content/EngineMaterials/Substrate/Glints2/dict_0007_0182.uasset" 11003
"../../../Engine/Content/EngineMaterials/Substrate/Glints2/dict_0007_0175.uasset" 11004
"../../../Engine/Content/EngineMaterials/Substrate/Glints2/dict_0007_0177.uasset" 11005
"../../../Engine/Content/EngineMaterials/Substrate/Glints2/dict_0007_0188.uasset" 11006
"../../../Engine/Content/EngineMaterials/Substrate/Glints2/dict_0007_0186.uasset" 11007
"../../../Engine/Content/EngineMaterials/Substrate/Glints2/dict_0007_0184.uasset" 11008
"../../../Engine/Content/EngineMaterials/Substrate/Glints2/dict_0007_0185.uasset" 11009
"../../../Engine/Content/EngineMaterials/Substrate/Glints2/dict_0007_0178.uasset" 11010
"../../../Engine/Content/EngineMaterials/Substrate/Glints2/dict_0007_0187.uasset" 11011
"../../../Engine/Content/EngineMaterials/Substrate/Glints2/dict_0007_0183.uasset" 11012
"../../../Engine/Content/EngineMaterials/Substrate/Glints2/dict_0007_0181.uasset" 11013
"../../../Engine/Content/EngineMaterials/Substrate/Glints2/dict_0007_0179.uasset" 11014
"../../../Engine/Content/EngineMaterials/Substrate/Glints2/dict_0007_0172.uasset" 11015
"../../../Engine/Content/EngineMaterials/Substrate/Glints2/dict_0007_0174.uasset" 11016
"../../../Engine/Content/EngineMaterials/Substrate/Glints2/dict_0007_0180.uasset" 11017
"../../../Engine/Content/EngineMaterials/Substrate/Glints2/dict_0007_0193.uasset" 11018
"../../../Engine/Content/EngineMaterials/Substrate/Glints2/dict_0007_0190.uasset" 11019
"../../../Engine/Content/EngineMaterials/Substrate/Glints2/dict_0007_0189.uasset" 11020
"../../../Engine/Content/EngineMaterials/Substrate/Glints2/dict_0007_0173.uasset" 11021
"../../../Engine/Content/EngineMaterials/Substrate/Glints2/dict_0007_0191.uasset" 11022
"/Engine/EngineMaterials/Substrate/Glints2/dict_0007_0193" 11023
"/Engine/EngineMaterials/Substrate/Glints2/dict_0007_0192" 11024
"/Engine/EngineMaterials/Substrate/Glints2/dict_0007_0191" 11025
"/Engine/EngineMaterials/Substrate/Glints2/dict_0007_0190" 11026
"/Engine/EngineMaterials/Substrate/Glints2/dict_0007_0189" 11027
"/Engine/EngineMaterials/Substrate/Glints2/dict_0007_0188" 11028
"/Engine/EngineMaterials/Substrate/Glints2/dict_0007_0187" 11029
"/Engine/EngineMaterials/Substrate/Glints2/dict_0007_0186" 11030
"../../../Engine/Content/EngineMaterials/Substrate/Glints2/dict_0007_0201.uasset" 11031
"/Engine/EngineMaterials/Substrate/Glints2/dict_0007_0185" 11032
"../../../Engine/Content/EngineMaterials/Substrate/Glints2/dict_0007_0194.uasset" 11033
"../../../Engine/Content/EngineMaterials/Substrate/Glints2/dict_0007_0197.uasset" 11034
"/Engine/EngineMaterials/Substrate/Glints2/dict_0007_0184" 11035
"../../../Engine/Content/EngineMaterials/Substrate/Glints2/dict_0007_0195.uasset" 11036
"../../../Engine/Content/EngineMaterials/Substrate/Glints2/dict_0007_0202.uasset" 11037
"../../../Engine/Content/EngineMaterials/Substrate/Glints2/dict_0007_0196.uasset" 11038
"../../../Engine/Content/EngineMaterials/Substrate/Glints2/dict_0007_0200.uasset" 11039
"/Engine/EngineMaterials/Substrate/Glints2/dict_0007_0183" 11040
"../../../Engine/Content/EngineMaterials/Substrate/Glints2/dict_0007_0203.uasset" 11041
"../../../Engine/Content/EngineMaterials/Substrate/Glints2/dict_0007_0199.uasset" 11042
"/Engine/EngineMaterials/Substrate/Glints2/dict_0007_0182" 11043
"../../../Engine/Content/EngineMaterials/Substrate/Glints2/dict_0007_0198.uasset" 11044
"/Engine/EngineMaterials/Substrate/Glints2/dict_0007_0181" 11045
"/Engine/EngineMaterials/Substrate/Glints2/dict_0007_0180" 11046
"/Engine/EngineMaterials/Substrate/Glints2/dict_0007_0179" 11047
"/Engine/EngineMaterials/Substrate/Glints2/dict_0007_0178" 11048
"/Engine/EngineMaterials/Substrate/Glints2/dict_0007_0177" 11049
"/Engine/EngineMaterials/Substrate/Glints2/dict_0007_0176" 11050
"/Engine/EngineMaterials/Substrate/Glints2/dict_0007_0175" 11051
"/Engine/EngineMaterials/Substrate/Glints2/dict_0007_0174" 11052
"/Engine/EngineMaterials/Substrate/Glints2/dict_0007_0173" 11053
"/Engine/EngineMaterials/Substrate/Glints2/dict_0007_0172" 11054
"/Engine/EngineMaterials/Substrate/Glints2/dict_0007_0203" 11055
"/Engine/EngineMaterials/Substrate/Glints2/dict_0007_0202" 11056
"/Engine/EngineMaterials/Substrate/Glints2/dict_0007_0201" 11057
"/Engine/EngineMaterials/Substrate/Glints2/dict_0007_0200" 11058
"/Engine/EngineMaterials/Substrate/Glints2/dict_0007_0199" 11059
"/Engine/EngineMaterials/Substrate/Glints2/dict_0007_0198" 11060
"/Engine/EngineMaterials/Substrate/Glints2/dict_0007_0197" 11061
"/Engine/EngineMaterials/Substrate/Glints2/dict_0007_0196" 11062
"/Engine/EngineMaterials/Substrate/Glints2/dict_0007_0195" 11063
"/Engine/EngineMaterials/Substrate/Glints2/dict_0007_0194" 11064
"../../../Engine/Content/EngineMaterials/Substrate/Glints2/dict_0007_0210.uasset" 11065
"../../../Engine/Content/EngineMaterials/Substrate/Glints2/dict_0007_0216.uasset" 11066
"../../../Engine/Content/EngineMaterials/Substrate/Glints2/dict_0007_0214.uasset" 11067
"../../../Engine/Content/EngineMaterials/Substrate/Glints2/dict_0007_0219.uasset" 11068
"../../../Engine/Content/EngineMaterials/Substrate/Glints2/dict_0007_0215.uasset" 11069
"../../../Engine/Content/EngineMaterials/Substrate/Glints2/dict_0007_0205.uasset" 11070
"../../../Engine/Content/EngineMaterials/Substrate/Glints2/dict_0007_0224.uasset" 11071
"../../../Engine/Content/EngineMaterials/Substrate/Glints2/dict_0007_0221.uasset" 11072
"../../../Engine/Content/EngineMaterials/Substrate/Glints2/dict_0007_0222.uasset" 11073
"../../../Engine/Content/EngineMaterials/Substrate/Glints2/dict_0007_0225.uasset" 11074
"../../../Engine/Content/EngineMaterials/Substrate/Glints2/dict_0007_0211.uasset" 11075
"../../../Engine/Content/EngineMaterials/Substrate/Glints2/dict_0007_0220.uasset" 11076
"../../../Engine/Content/EngineMaterials/Substrate/Glints2/dict_0007_0218.uasset" 11077
"../../../Engine/Content/EngineMaterials/Substrate/Glints2/dict_0007_0207.uasset" 11078
"../../../Engine/Content/EngineMaterials/Substrate/Glints2/dict_0007_0213.uasset" 11079
"../../../Engine/Content/EngineMaterials/Substrate/Glints2/dict_0007_0204.uasset" 11080
"../../../Engine/Content/EngineMaterials/Substrate/Glints2/dict_0007_0217.uasset" 11081
"../../../Engine/Content/EngineMaterials/Substrate/Glints2/dict_0007_0223.uasset" 11082
"../../../Engine/Content/EngineMaterials/Substrate/Glints2/dict_0007_0208.uasset" 11083
"../../../Engine/Content/EngineMaterials/Substrate/Glints2/dict_0007_0212.uasset" 11084
"../../../Engine/Content/EngineMaterials/Substrate/Glints2/dict_0007_0209.uasset" 11085
"../../../Engine/Content/EngineMaterials/Substrate/Glints2/dict_0007_0206.uasset" 11086
"/Engine/EngineMaterials/Substrate/Glints2/dict_0007_0225" 11087
"/Engine/EngineMaterials/Substrate/Glints2/dict_0007_0224" 11088
"/Engine/EngineMaterials/Substrate/Glints2/dict_0007_0223" 11089
"/Engine/EngineMaterials/Substrate/Glints2/dict_0007_0222" 11090
"/Engine/EngineMaterials/Substrate/Glints2/dict_0007_0221" 11091
"/Engine/EngineMaterials/Substrate/Glints2/dict_0007_0220" 11092
"/Engine/EngineMaterials/Substrate/Glints2/dict_0007_0219" 11093
"../../../Engine/Content/EngineMaterials/Substrate/Glints2/dict_0007_0230.uasset" 11094
"../../../Engine/Content/EngineMaterials/Substrate/Glints2/dict_0007_0229.uasset" 11095
"../../../Engine/Content/EngineMaterials/Substrate/Glints2/dict_0007_0226.uasset" 11096
"../../../Engine/Content/EngineMaterials/Substrate/Glints2/dict_0007_0232.uasset" 11097
"../../../Engine/Content/EngineMaterials/Substrate/Glints2/dict_0007_0233.uasset" 11098
"/Engine/EngineMaterials/Substrate/Glints2/dict_0007_0218" 11099
"../../../Engine/Content/EngineMaterials/Substrate/Glints2/dict_0007_0227.uasset" 11100
"../../../Engine/Content/EngineMaterials/Substrate/Glints2/dict_0007_0231.uasset" 11101
"../../../Engine/Content/EngineMaterials/Substrate/Glints2/dict_0007_0235.uasset" 11102
"/Engine/EngineMaterials/Substrate/Glints2/dict_0007_0217" 11103
"../../../Engine/Content/EngineMaterials/Substrate/Glints2/dict_0007_0234.uasset" 11104
"../../../Engine/Content/EngineMaterials/Substrate/Glints2/dict_0007_0228.uasset" 11105
"/Engine/EngineMaterials/Substrate/Glints2/dict_0007_0216" 11106
"/Engine/EngineMaterials/Substrate/Glints2/dict_0007_0215" 11107
"/Engine/EngineMaterials/Substrate/Glints2/dict_0007_0214" 11108
"/Engine/EngineMaterials/Substrate/Glints2/dict_0007_0213" 11109
"/Engine/EngineMaterials/Substrate/Glints2/dict_0007_0212" 11110
"/Engine/EngineMaterials/Substrate/Glints2/dict_0007_0211" 11111
"/Engine/EngineMaterials/Substrate/Glints2/dict_0007_0210" 11112
"/Engine/EngineMaterials/Substrate/Glints2/dict_0007_0209" 11113
"/Engine/EngineMaterials/Substrate/Glints2/dict_0007_0208" 11114
"/Engine/EngineMaterials/Substrate/Glints2/dict_0007_0207" 11115
"/Engine/EngineMaterials/Substrate/Glints2/dict_0007_0206" 11116
"/Engine/EngineMaterials/Substrate/Glints2/dict_0007_0205" 11117
"/Engine/EngineMaterials/Substrate/Glints2/dict_0007_0204" 11118
"/Engine/EngineMaterials/Substrate/Glints2/dict_0007_0235" 11119
"/Engine/EngineMaterials/Substrate/Glints2/dict_0007_0234" 11120
"/Engine/EngineMaterials/Substrate/Glints2/dict_0007_0233" 11121
"/Engine/EngineMaterials/Substrate/Glints2/dict_0007_0232" 11122
"/Engine/EngineMaterials/Substrate/Glints2/dict_0007_0231" 11123
"/Engine/EngineMaterials/Substrate/Glints2/dict_0007_0230" 11124
"/Engine/EngineMaterials/Substrate/Glints2/dict_0007_0229" 11125
"/Engine/EngineMaterials/Substrate/Glints2/dict_0007_0228" 11126
"/Engine/EngineMaterials/Substrate/Glints2/dict_0007_0227" 11127
"/Engine/EngineMaterials/Substrate/Glints2/dict_0007_0226" 11128
"../../../Engine/Content/EngineMaterials/Substrate/Glints2/dict_0007_0251.uasset" 11129
"../../../Engine/Content/EngineMaterials/Substrate/Glints2/dict_0007_0242.uasset" 11130
"../../../Engine/Content/EngineMaterials/Substrate/Glints2/dict_0007_0247.uasset" 11131
"../../../Engine/Content/EngineMaterials/Substrate/Glints2/dict_0007_0239.uasset" 11132
"../../../Engine/Content/EngineMaterials/Substrate/Glints2/dict_0007_0250.uasset" 11133
"../../../Engine/Content/EngineMaterials/Substrate/Glints2/dict_0007_0238.uasset" 11134
"../../../Engine/Content/EngineMaterials/Substrate/Glints2/dict_0007_0240.uasset" 11135
"../../../Engine/Content/EngineMaterials/Substrate/Volume/SubstrateSimpleVolumeLUT2D.uasset" 11136
"../../../Engine/Content/EngineMaterials/Substrate/Glints2/dict_0007_0249.uasset" 11137
"../../../Engine/Content/EngineMaterials/Substrate/Glints2/dict_0007_0237.uasset" 11138
"../../../Engine/Content/EngineMaterials/Substrate/Glints2/AGlintTex2dArray2.uasset" 11139
"../../../Engine/Content/EngineMaterials/Substrate/Glints2/dict_0007_0246.uasset" 11140
"../../../Engine/Content/EngineMaterials/Substrate/Glints2/dict_0007_0236.uasset" 11141
"../../../Engine/Content/EngineMaterials/Substrate/Glints2/dict_0007_0255.uasset" 11142
"../../../Engine/Content/EngineMaterials/Substrate/Glints2/dict_0007_0241.uasset" 11143
"../../../Engine/Content/EngineMaterials/Substrate/Glints2/dict_0007_0244.uasset" 11144
"../../../Engine/Content/EngineMaterials/Substrate/Glints2/dict_0007_0254.uasset" 11145
"../../../Engine/Content/EngineMaterials/Substrate/Glints2/dict_0007_0243.uasset" 11146
"../../../Engine/Content/EngineMaterials/Substrate/Glints2/dict_0007_0252.uasset" 11147
"../../../Engine/Content/EngineMaterials/Substrate/Glints2/dict_0007_0253.uasset" 11148
"../../../Engine/Content/EngineMaterials/Substrate/Glints2/dict_0007_0248.uasset" 11149
"../../../Engine/Content/EngineMaterials/Substrate/Glints2/dict_0007_0245.uasset" 11150
"/Engine/EngineMaterials/Substrate/Volume/SubstrateSimpleVolumeLUT2D" 11151
"/Engine/EngineMaterials/Substrate/Glints2/AGlintTex2dArray2" 11152
"../../../Engine/Content/EngineMaterials/PPM_DefaultCalibrationColor.uasset" 11153
"../../../Engine/Content/EngineMaterials/Substrate/Volume/SubstrateSimpleVolumeEnvLUT2D.uasset" 11154
"../../../Engine/Content/EngineMaterials/DefaultCalibrationGrayscale.uasset" 11155
"../../../Engine/Content/Functions/Engine_MaterialFunctions03/Procedurals/HeightToNormalSmooth.uasset" 11156
"../../../Engine/Content/EngineMaterials/PPM_DefaultCalibrationGrayscale.uasset" 11157
"../../../Engine/Content/EngineMaterials/DefaultCalibrationColor.uasset" 11158
"../../../Engine/Content/EngineMaterials/Substrate/Volume/SubstrateSimpleVolumeEnvLUT3D.uasset" 11159
"../../../Engine/Content/EngineMaterials/Substrate/Volume/SubstrateSimpleVolumeLUT3D.uasset" 11160
"../../../Engine/Content/Functions/MaterialLayerFunctions/MatLayerBlend_OverrideOpacity.uasset" 11161
"../../../Engine/Plugins/Interchange/Assets/Content/Functions/MX_Surface.uasset" 11162
"/Engine/Functions/Engine_MaterialFunctions03/Procedurals/HeightToNormalSmooth" 11163
"/InterchangeAssets/Functions/MX_Surface" 11164
"/Engine/EngineMaterials/PPM_DefaultCalibrationGrayscale" 11165
"/Engine/EngineMaterials/PPM_DefaultCalibrationColor" 11166
"/Engine/EngineMaterials/Substrate/Volume/SubstrateSimpleVolumeEnvLUT3D" 11167
"/Engine/EngineMaterials/Substrate/Volume/SubstrateSimpleVolumeLUT3D" 11168
"../../../Engine/Plugins/NNE/NNEDenoiser/Content/NNEDTIM_ColorAlbedoNormal_Default.uasset" 11169
"../../../Engine/Plugins/NNE/NNEDenoiser/Content/NNED_Oidn2-3_HighQuality.uasset" 11170
"../../../Engine/Plugins/NNE/NNEDenoiser/Content/NNEDTOM_Output_Alpha.uasset" 11171
"../../../Engine/Plugins/NNE/NNEDenoiser/Content/NNE_oidn2-3-0_rt_hdr_alb_nrm_small__dyn__fp16_opset11_ForwardAlpha.uasset" 11172
"../../../Engine/Plugins/NNE/NNEDenoiser/Content/NNEDT_Oidn2-3_Balanced_Alpha.uasset" 11173
"../../../Engine/Content/EditorResources/BSPVertex.uasset" 11174
"../../../Engine/Plugins/Interchange/Assets/Content/Functions/MX_Displacement.uasset" 11175
"../../../Engine/Content/EngineMaterials/DefaultBloomKernel.uasset" 11176
"../../../Engine/Content/EngineDebugMaterials/DebugEditorMaterial.uasset" 11177
"../../../Engine/Content/EngineMaterials/FastBlueNoise_scalar_128x128x64.uasset" 11178
"../../../Engine/Plugins/NNE/NNEDenoiser/Content/NNEDOM_Output_Default.uasset" 11179
"../../../Engine/Plugins/NNE/NNEDenoiser/Content/NNE_oidn2-3-0_rt_hdr_alb_nrm_small__dyn__fp16_opset11_DenoiseAlpha.uasset" 11180
"../../../Engine/Plugins/NNE/NNEDenoiser/Content/NNEDIM_ColorAlbedoNormal_Alpha.uasset" 11181
"../../../Engine/Plugins/NNE/NNEDenoiser/Content/NNEDTOM_Output_Default.uasset" 11182
"../../../Engine/Plugins/NNE/NNEDenoiser/Content/NNEDIM_ColorAlbedoNormal_Default.uasset" 11183
"../../../Engine/Plugins/NNE/NNEDenoiser/Content/NNED_Oidn2-3_Fast_Alpha.uasset" 11184
"../../../Engine/Plugins/NNE/NNEDenoiser/Content/NNEDIM_HighQuality_Alpha.uasset" 11185
"../../../Engine/Plugins/NNE/NNEDenoiser/Content/NNEDTIM_ColorAlbedoNormal_Alpha.uasset" 11186
"../../../Engine/Plugins/NNE/NNEDenoiser/Content/NNED_Oidn2-3_Fast.uasset" 11187
"../../../Engine/Plugins/NNE/NNEDenoiser/Content/NNEDT_Oidn2-3_Balanced.uasset" 11188
"../../../Engine/Plugins/NNE/NNEDenoiser/Content/NNED_Oidn2-3_HighQuality_Alpha.uasset" 11189
"../../../Engine/Plugins/NNE/NNEDenoiser/Content/NNED_Oidn2-3_Balanced.uasset" 11190
"../../../Engine/Plugins/NNE/NNEDenoiser/Content/NNEDOM_Output_Alpha.uasset" 11191
"../../../Engine/Plugins/NNE/NNEDenoiser/Content/NNEDIM_HighQuality_Default.uasset" 11192
"../../../Engine/Plugins/NNE/NNEDenoiser/Content/NNE_oidn2-3-0_rt_hdr_alb_nrm__dyn__fp16_opset11_DenoiseAlpha.uasset" 11193
"../../../Engine/Plugins/NNE/NNEDenoiser/Content/NNED_Oidn2-3_Balanced_Alpha.uasset" 11194
"../../../Engine/Content/EngineResources/Development/ZenLogo_64.uasset" 11195
"../../../Engine/Plugins/NNE/NNEDenoiser/Content/NNE_oidn2-3-0_rt_hdr_alb_nrm__dyn__fp16_opset11_ForwardAlpha.uasset" 11196
"../../../Engine/Content/EngineResources/FilmGrains/Marcie_Grain_v3_128_M2_000.uasset" 11197
"../../../Engine/Plugins/NNE/NNEDenoiser/Content/NNE_oidn2-3-0_rt_hdr_calb_cnrm_large__dyn__fp16_opset11_ForwardAlpha.uasset" 11198
"/Engine/EngineMaterials/FastBlueNoise_scalar_128x128x64" 11199
"../../../Engine/Plugins/NNE/NNEDenoiser/Content/NNE_oidn2-3-0_rt_hdr_calb_cnrm_large__dyn__fp16_opset11_DenoiseAlpha.uasset" 11200
"../../../Engine/Content/EngineMaterials/FastBlueNoise_scalar_128x128x8.uasset" 11201
"/Engine/EngineDebugMaterials/DebugEditorMaterial" 11202
"/Engine/EngineResources/Development/ZenLogo_64" 11203
"/Engine/EngineResources/FilmGrains/Marcie_Grain_v3_128_M2_000" 11204
"/Engine/EngineMaterials/DefaultBloomKernel" 11205
"/Engine/EditorResources/BSPVertex" 11206
"/NNEDenoiser/NNE_oidn2-3-0_rt_hdr_alb_nrm__dyn__fp16_opset11_ForwardAlpha" 11207
"/NNEDenoiser/NNE_oidn2-3-0_rt_hdr_alb_nrm__dyn__fp16_opset11_DenoiseAlpha" 11208
"/NNEDenoiser/NNE_oidn2-3-0_rt_hdr_alb_nrm_small__dyn__fp16_opset11_ForwardAlpha" 11209
"/NNEDenoiser/NNE_oidn2-3-0_rt_hdr_alb_nrm_small__dyn__fp16_opset11_DenoiseAlpha" 11210
"/NNEDenoiser/NNED_Oidn2-3_HighQuality_Alpha" 11211
"/NNEDenoiser/NNED_Oidn2-3_HighQuality" 11212
"/NNEDenoiser/NNED_Oidn2-3_Fast_Alpha" 11213
"/NNEDenoiser/NNED_Oidn2-3_Fast" 11214
"/NNEDenoiser/NNED_Oidn2-3_Balanced_Alpha" 11215
"/NNEDenoiser/NNED_Oidn2-3_Balanced" 11216
"D:/CodingProjects/Game Project/WeLeftTheLightsOn/Intermediate/ORTOptimizerPass_OptimizedEBE44E3C44D3859E2AF5B288093A601D.onnx" 11217
"D:/CodingProjects/Game Project/WeLeftTheLightsOn/Intermediate/ORTOptimizerPass_Optimized1EEE263E4F0D7F63ED1708A105A60D81.onnx" 11218
"D:/CodingProjects/Game Project/WeLeftTheLightsOn/Intermediate/ORTOptimizerPass_Optimized98A7A3714F27BF37401759AF753146EE.onnx" 11219
"D:/CodingProjects/Game Project/WeLeftTheLightsOn/Intermediate/ORTOptimizerPass_Optimized566F22D54EB073BF5DE322A904BE8086.onnx" 11220
"D:/CodingProjects/Game Project/WeLeftTheLightsOn/Intermediate/ORTOptimizerPass_Optimized49802DC04E3209B9DBA4FE83C2345E1F.onnx" 11221
"D:/CodingProjects/Game Project/WeLeftTheLightsOn/Intermediate/ORTOptimizerPass_Optimized2955E25B4E907FC8AD8117A53B8587E6.onnx" 11222
"D:/CodingProjects/Game Project/WeLeftTheLightsOn/Intermediate/ORTOptimizerPass_OptimizedFBAD93264E50CC077F777C8B819A0F13.onnx" 11223
"D:/CodingProjects/Game Project/WeLeftTheLightsOn/Intermediate/ORTOptimizerPass_OptimizedACA5E52B4DE365EE4930EA98012BFF2B.onnx" 11224
"/NNEDenoiser/NNEDT_Oidn2-3_Balanced_Alpha" 11225
"/NNEDenoiser/NNEDT_Oidn2-3_Balanced" 11226
"/NNEDenoiser/NNEDTOM_Output_Default" 11227
"/NNEDenoiser/NNEDTOM_Output_Alpha" 11228
"/NNEDenoiser/NNEDTIM_ColorAlbedoNormal_Default" 11229
"/NNEDenoiser/NNEDTIM_ColorAlbedoNormal_Alpha" 11230
"/NNEDenoiser/NNEDOM_Output_Default" 11231
"/NNEDenoiser/NNEDOM_Output_Alpha" 11232
"/NNEDenoiser/NNEDIM_HighQuality_Default" 11233
"/NNEDenoiser/NNEDIM_HighQuality_Alpha" 11234
"/NNEDenoiser/NNEDIM_ColorAlbedoNormal_Default" 11235
"/NNEDenoiser/NNEDIM_ColorAlbedoNormal_Alpha" 11236
"/InterchangeAssets/Functions/MX_Displacement" 11237
"../../../Engine/Content/EngineMaterials/FastBlueNoise_vec2_128x128x64.uasset" 11238
"/Engine/EngineMaterials/FastBlueNoise_scalar_128x128x8" 11239
"../../../Engine/Content/EngineSounds/Master.uasset" 11240
"/NNEDenoiser/NNE_oidn2-3-0_rt_hdr_calb_cnrm_large__dyn__fp16_opset11_ForwardAlpha" 11241
"../../../Engine/Content/EngineMaterials/EnergyConservation/Diffuse_Energy.uasset" 11242
"../../../Engine/Plugins/Interchange/Assets/Content/Functions/MX_ConductorBSDF.uasset" 11243
"../../../Engine/Plugins/Interchange/Assets/Content/Functions/MX_UsdPreviewSurface.uasset" 11244
"../../../Engine/Plugins/Interchange/Assets/Content/Functions/MX_SurfaceUnlit.uasset" 11245
"../../../Engine/Plugins/Interchange/Runtime/Content/Pipelines/DefaultGLTFAssetsPipeline.uasset" 11246
"../../../Engine/Plugins/Interchange/Assets/Content/Functions/MX_DielectricBSDF.uasset" 11247
"../../../Engine/Plugins/Interchange/Assets/Content/Functions/MX_TranslucentBSDF.uasset" 11248
"../../../Engine/Content/EngineMaterials/LTC/Sheen_LTC.uasset" 11249
"../../../Engine/Plugins/Interchange/Runtime/Content/Pipelines/DefaultGLTFSceneAssetsPipeline.uasset" 11250
"../../../Engine/Plugins/Interchange/Assets/Content/Functions/MX_SubsurfaceBSDF.uasset" 11251
"../../../Engine/Plugins/Interchange/Assets/Content/Functions/MX_GeneralizedSchlickBSDF.uasset" 11252
"../../../Engine/Plugins/Interchange/Runtime/Content/Pipelines/DefaultTexturePipeline.uasset" 11253
"../../../Engine/Plugins/Interchange/Assets/Content/Functions/MX_OrenNayarBSDF.uasset" 11254
"../../../Engine/Content/EngineMaterials/EnergyConservation/Sheen_Energy.uasset" 11255
"../../../Engine/Plugins/Interchange/Assets/Content/Functions/MX_BurleyDiffuseBSDF.uasset" 11256
"../../../Engine/Plugins/Interchange/Runtime/Content/Pipelines/DefaultMaterialXPipeline.uasset" 11257
"../../../Engine/Plugins/Interchange/Runtime/Content/Pipelines/DefaultMaterialPipeline.uasset" 11258
"../../../Engine/Plugins/Interchange/Runtime/Content/Pipelines/DefaultSceneLevelPipeline.uasset" 11259
"../../../Engine/Plugins/Interchange/Runtime/Content/Pipelines/DefaultGLTFPipeline.uasset" 11260
"../../../Engine/Plugins/Interchange/Runtime/Content/Pipelines/DefaultAssetsPipeline.uasset" 11261
"../../../Engine/Plugins/Interchange/Runtime/Content/Pipelines/DefaultSceneAssetsPipeline.uasset" 11262
"../../../Engine/Plugins/Interchange/Assets/Content/Functions/MX_SheenBSDF.uasset" 11263
"../../../Engine/Plugins/Interchange/Assets/Content/Functions/MX_AbsorptionVDF.uasset" 11264
"../../../Engine/Plugins/Interchange/Assets/Content/Functions/MX_UniformEDF.uasset" 11265
"../../../Engine/Plugins/Interchange/Assets/Content/Functions/MX_MeasuredEDF.uasset" 11266
"../../../Engine/Plugins/Interchange/Assets/Content/Functions/MX_ConicalEDF.uasset" 11267
"../../../Engine/Plugins/Interchange/Assets/Content/Functions/MX_ThinFilmBSDF.uasset" 11268
"/NNEDenoiser/NNE_oidn2-3-0_rt_hdr_calb_cnrm_large__dyn__fp16_opset11_DenoiseAlpha" 11269
"/InterchangeAssets/Functions/MX_AbsorptionVDF" 11270
"/InterchangeAssets/Functions/MX_MeasuredEDF" 11271
"/InterchangeAssets/Functions/MX_ConicalEDF" 11272
"/InterchangeAssets/Functions/MX_UniformEDF" 11273
"/InterchangeAssets/Functions/MX_ThinFilmBSDF" 11274
"/InterchangeAssets/Functions/MX_SheenBSDF" 11275
"/InterchangeAssets/Functions/MX_SubsurfaceBSDF" 11276
"/InterchangeAssets/Functions/MX_GeneralizedSchlickBSDF" 11277
"/InterchangeAssets/Functions/MX_ConductorBSDF" 11278
"/InterchangeAssets/Functions/MX_DielectricBSDF" 11279
"/InterchangeAssets/Functions/MX_TranslucentBSDF" 11280
"/InterchangeAssets/Functions/MX_BurleyDiffuseBSDF" 11281
"/InterchangeAssets/Functions/MX_OrenNayarBSDF" 11282
"../../../Engine/Plugins/Interchange/Assets/Content/Functions/MX_AnisotropicVDF.uasset" 11283
"/InterchangeAssets/Functions/MX_UsdPreviewSurface" 11284
"../../../Engine/Plugins/Animation/ControlRig/Content/Controls/ControlRigGizmoMaterial.uasset" 11285
"/InterchangeAssets/Functions/MX_SurfaceUnlit" 11286
"/Interchange/Pipelines/DefaultGLTFSceneAssetsPipeline" 11287
"D:/CodingProjects/Game Project/WeLeftTheLightsOn/Intermediate/ORTOptimizerPass_OptimizedE8CABE0D4BAB96B8112CCC916A8E802D.onnx" 11288
"D:/CodingProjects/Game Project/WeLeftTheLightsOn/Intermediate/ORTOptimizerPass_Optimized8466983644DAFA6AC3077ABECB463FC9.onnx" 11289
"D:/CodingProjects/Game Project/WeLeftTheLightsOn/Intermediate/ORTOptimizerPass_Optimized42F6B10649F72CD3D55CCFB651A654BE.onnx" 11290
"D:/CodingProjects/Game Project/WeLeftTheLightsOn/Intermediate/ORTOptimizerPass_OptimizedE180300A41F51D4F231182AA2BFCD793.onnx" 11291
"/Interchange/Pipelines/DefaultSceneLevelPipeline" 11292
"/Interchange/Pipelines/DefaultSceneAssetsPipeline" 11293
"/Interchange/Pipelines/DefaultTexturePipeline" 11294
"/Interchange/Pipelines/DefaultMaterialPipeline" 11295
"/Interchange/Pipelines/DefaultGLTFPipeline" 11296
"/Interchange/Pipelines/DefaultGLTFAssetsPipeline" 11297
"/Interchange/Pipelines/DefaultMaterialXPipeline" 11298
"/Interchange/Pipelines/DefaultAssetsPipeline" 11299
"/Engine/EngineSounds/Master" 11300
"/Engine/EngineMaterials/EnergyConservation/Diffuse_Energy" 11301
"/Engine/EngineMaterials/EnergyConservation/Sheen_Energy" 11302
"/Engine/EngineMaterials/LTC/Sheen_LTC" 11303
"/Engine/EngineMaterials/FastBlueNoise_vec2_128x128x64" 11304
"/ControlRig/Controls/ControlRigGizmoMaterial" 11305
"/InterchangeAssets/Functions/MX_AnisotropicVDF" 11306
"D:/CodingProjects/Game Project/WeLeftTheLightsOn/Saved/Cooked/Windows/WeLeftTheLightsOn/Metadata/CookedSettings.txt" 11307
